basin,Gage_ID_norm,CPID,Type,ID,Gage_ID,LAT,LONG,Station_Name,Year,JAN,FEB,MAR,APR,MAY,JUN,JUL,AUG,SEP,OCT,NOV,DEC,DA_sqmi
Brazos,8079600.0,DMJU08,USGS GAGE,8079600.0,08079600,33.03898567,-101.1984048,"DMF Brazos Rv at Justiceburg, TX",2010,5.698064516,46.98464286,63.2416129,249.244,3.053225806,72.47666667,875.7206452,6.628064516,35.077,1.002903226,0.120333333,1.037741935,1466.0
Brazos,8079600.0,DMJU08,USGS GAGE,8079600.0,08079600,33.03898567,-101.1984048,"DMF Brazos Rv at Justiceburg, TX",2011,1.201612903,2.087142857,0.257741935,0.036,0.0,0.0,0.0,0.0,0.0,1.527741935,0.255333333,0.399032258,1466.0
Brazos,8079600.0,DMJU08,USGS GAGE,8079600.0,08079600,33.03898567,-101.1984048,"DMF Brazos Rv at Justiceburg, TX",2012,0.328064516,0.41137931,0.485806452,12.078,34.56967742,26.078,4.54483871,0.0,6.264333333,0.0,0.0,0.0,1466.0
Brazos,8079600.0,DMJU08,USGS GAGE,8079600.0,08079600,33.03898567,-101.1984048,"DMF Brazos Rv at Justiceburg, TX",2013,5.140322581,0.040357143,0.0,0.0,0.0,16.32433333,20.92967742,20.80741935,22.03033333,27.44225806,0.025,17.07064516,1466.0
Brazos,8079600.0,DMJU08,USGS GAGE,8079600.0,08079600,33.03898567,-101.1984048,"DMF Brazos Rv at Justiceburg, TX",2014,0.32516129,0.924642857,0.022903226,0.0,2.347741935,29.454,7.279032258,2.525806452,310.526,1.677741935,6.676666667,0.323225806,1466.0
Brazos,8079600.0,DMJU08,USGS GAGE,8079600.0,08079600,33.03898567,-101.1984048,"DMF Brazos Rv at Justiceburg, TX",2015,25.74645161,4.026428571,1.596129032,13.26833333,465.2093548,32.28,163.0312903,0.060645161,0.003333333,17.14580645,17.25433333,8.987419355,1466.0
Brazos,8079600.0,DMJU08,USGS GAGE,8079600.0,08079600,33.03898567,-101.1984048,"DMF Brazos Rv at Justiceburg, TX",2016,5.742903226,0.230344828,0.575483871,23.39033333,53.47645161,26.50466667,0.008709677,14.03935484,45.499,0.0,70.65966667,14.3083871,1466.0
Brazos,8079600.0,DMJU08,USGS GAGE,8079600.0,08079600,33.03898567,-101.1984048,"DMF Brazos Rv at Justiceburg, TX",2017,15.96516129,26.95821429,5.44483871,8.567,0.001290323,10.76366667,4.597419355,14.67935484,55.33366667,0.597419355,0.004,0.068709677,1466.0
Brazos,8079600.0,DMJU08,USGS GAGE,8079600.0,08079600,33.03898567,-101.1984048,"DMF Brazos Rv at Justiceburg, TX",2018,0.03516129,0.002857143,0.001290323,0.0,10.75354839,5.258,4.896774194,6.441935484,44.46566667,134.7206452,3.966666667,2.368064516,1466.0
Brazos,8079600.0,DMJU08,USGS GAGE,8079600.0,08079600,33.03898567,-101.1984048,"DMF Brazos Rv at Justiceburg, TX",2019,0.570322581,0.345357143,9.377096774,165.5853333,63.18774194,34.765,0.012258065,10.45322581,12.24666667,0.022580645,129.588,0.338709677,1466.0
Brazos,8079600.0,DMJU08,USGS GAGE,8079600.0,08079600,33.03898567,-101.1984048,"DMF Brazos Rv at Justiceburg, TX",2020,2.971612903,3.524482759,59.69741935,2.756666667,236.6258065,41.453,3.017096774,1.174193548,0.174666667,0.199677419,0.0,0.073225806,1466.0
Brazos,8079600.0,DMJU08,USGS GAGE,8079600.0,08079600,33.03898567,-101.1984048,"DMF Brazos Rv at Justiceburg, TX",2021,6.937096774,2.065,0.0,4.794,267.4077419,236.7273333,80.84258065,9.761290323,0.073666667,0.391290323,0.0,0.0,1466.0
Brazos,8079600.0,DMJU08,USGS GAGE,8079600.0,08079600,33.03898567,-101.1984048,"DMF Brazos Rv at Justiceburg, TX",2022,0.0,0.0,0.0,0.0,0.017096774,10.84733333,0.300322581,4.40483871,9.434666667,5.543870968,15.36133333,4.044193548,1466.0
Brazos,8079600.0,DMJU08,USGS GAGE,8079600.0,08079600,33.03898567,-101.1984048,"DMF Brazos Rv at Justiceburg, TX",2023,0.802258065,0.805714286,0.170645161,0.054,121.6506452,168.412,46.95354839,0.0,33.51633333,46.0616129,0.0,11.32612903,1466.0
Brazos,8079600.0,DMJU08,USGS GAGE,8079600.0,08079600,33.03898567,-101.1984048,"DMF Brazos Rv at Justiceburg, TX",2024,1.926451613,1.734827586,6.687096774,15.20233333,65.89580645,274.1983333,4.800967742,0.0,84.681,0.028387097,113.265,0.198387097,1466.0
Brazos,8080500.0,DMAS09,USGS GAGE,8080500.0,08080500,33.00851794,-100.1804278,"DMF Brazos Rv nr Aspermont, TX",2010,13.35483871,51.0,58.42258065,339.2466667,167.3903226,115.26,1268.0,205.6129032,160.26,43.6,37.70666667,26.35483871,8796.0
Brazos,8080500.0,DMAS09,USGS GAGE,8080500.0,08080500,33.00851794,-100.1804278,"DMF Brazos Rv nr Aspermont, TX",2011,24.3,23.81428571,15.1516129,7.817,2.685806452,0.283,0.000322581,0.225483871,0.0,14.72774194,5.142,4.410322581,8796.0
Brazos,8080500.0,DMAS09,USGS GAGE,8080500.0,08080500,33.00851794,-100.1804278,"DMF Brazos Rv nr Aspermont, TX",2012,3.66,1.93137931,1.580967742,0.241,25.29322581,19.54966667,0.329032258,0.045806452,2.751,0.297096774,0.0,0.0,8796.0
Brazos,8080500.0,DMAS09,USGS GAGE,8080500.0,08080500,33.00851794,-100.1804278,"DMF Brazos Rv nr Aspermont, TX",2013,2.698387097,1.083571429,0.302580645,0.960333333,45.68967742,20.887,66.81096774,125.3645161,27.19733333,4.155806452,1.696333333,4.038387097,8796.0
Brazos,8080500.0,DMAS09,USGS GAGE,8080500.0,08080500,33.00851794,-100.1804278,"DMF Brazos Rv nr Aspermont, TX",2014,8.351290323,10.70892857,4.310645161,1.395666667,33.2016129,52.71,17.25,2.320645161,154.9576667,88.90645161,73.33666667,32.45806452,8796.0
Brazos,8080500.0,DMAS09,USGS GAGE,8080500.0,08080500,33.00851794,-100.1804278,"DMF Brazos Rv nr Aspermont, TX",2015,32.66451613,29.53571429,23.93548387,37.46333333,589.3419355,274.2,631.483871,71.92258065,17.16666667,30.72451613,33.40666667,43.98709677,8796.0
Brazos,8080500.0,DMAS09,USGS GAGE,8080500.0,08080500,33.00851794,-100.1804278,"DMF Brazos Rv nr Aspermont, TX",2016,39.73548387,25.64137931,20.44193548,22.15333333,122.8325806,113.7733333,15.41096774,10.70290323,64.985,16.48870968,97.851,26.6,8796.0
Brazos,8080500.0,DMAS09,USGS GAGE,8080500.0,08080500,33.00851794,-100.1804278,"DMF Brazos Rv nr Aspermont, TX",2017,30.71935484,29.96428571,24.08709677,27.42333333,25.75451613,12.064,60.60967742,63.73516129,33.67833333,37.15806452,16.84,13.02580645,8796.0
Brazos,8080500.0,DMAS09,USGS GAGE,8080500.0,08080500,33.00851794,-100.1804278,"DMF Brazos Rv nr Aspermont, TX",2018,15.51612903,12.66071429,11.87483871,10.881,39.97516129,37.74766667,1.728064516,0.170322581,57.99766667,363.2612903,85.26333333,45.5,8796.0
Brazos,8080500.0,DMAS09,USGS GAGE,8080500.0,08080500,33.00851794,-100.1804278,"DMF Brazos Rv nr Aspermont, TX",2019,32.2483871,29.36428571,27.67741935,196.51,310.4677419,345.9166667,60.97096774,11.98483871,55.39166667,22.66645161,97.0,26.92580645,8796.0
Brazos,8080500.0,DMAS09,USGS GAGE,8080500.0,08080500,33.00851794,-100.1804278,"DMF Brazos Rv nr Aspermont, TX",2020,30.27419355,40.07586207,175.5354839,47.30666667,95.45806452,206.7533333,28.61,5.459677419,47.255,1.877741935,3.144333333,4.611201496,8796.0
Brazos,8080500.0,DMAS09,USGS GAGE,8080500.0,08080500,33.00851794,-100.1804278,"DMF Brazos Rv nr Aspermont, TX",2021,4.365533961,4.819585921,3.536791558,3.756857143,6.231310225,9.72958109,4.958078274,1.751092366,3.971957212,3.919678354,4.437783299,4.768846591,8796.0
Brazos,8080500.0,DMAS09,USGS GAGE,8080500.0,08080500,33.00851794,-100.1804278,"DMF Brazos Rv nr Aspermont, TX",2022,4.365533961,4.819585921,3.536791558,3.756857143,6.231310225,9.72958109,4.958078274,1.751092366,3.971957212,3.919678354,4.437783299,4.768846591,8796.0
Brazos,8080500.0,DMAS09,USGS GAGE,8080500.0,08080500,33.00851794,-100.1804278,"DMF Brazos Rv nr Aspermont, TX",2023,4.365533961,4.819585921,3.536791558,3.756857143,6.231310225,9.72958109,4.958078274,1.751092366,3.971957212,3.919678354,4.437783299,4.768846591,8796.0
Brazos,8080500.0,DMAS09,USGS GAGE,8080500.0,08080500,33.00851794,-100.1804278,"DMF Brazos Rv nr Aspermont, TX",2024,4.365533961,4.793857357,3.525082482,3.740724638,6.292457624,9.810915804,4.82862793,1.688969211,4.135634921,3.776567421,4.506346446,4.694038603,8796.0
Brazos,8080700.0,RWPL01,USGS GAGE,8080700.0,08080700,34.17881671,-101.7021589,"Running Water Draw at Plainview, TX",2010,0.376774194,0.4425,0.656451613,1.834333333,0.450322581,0.364333333,2.74,0.441935484,0.003333333,0.42483871,0.131,0.0,1291.0
Brazos,8080700.0,RWPL01,USGS GAGE,8080700.0,08080700,34.17881671,-101.7021589,"Running Water Draw at Plainview, TX",2011,0.0,0.0,0.083870968,0.0,0.0,0.0,0.0,0.0,0.0,0.345806452,0.0,0.191612903,1291.0
Brazos,8080700.0,RWPL01,USGS GAGE,8080700.0,08080700,34.17881671,-101.7021589,"Running Water Draw at Plainview, TX",2012,0.0,0.063793103,0.10483871,0.059666667,0.123870968,1.536,0.27483871,0.081290323,0.199,0.000645161,0.0,0.014516129,1291.0
Brazos,8080700.0,RWPL01,USGS GAGE,8080700.0,08080700,34.17881671,-101.7021589,"Running Water Draw at Plainview, TX",2013,0.128387097,0.28,0.028387097,0.0,0.0,0.231333333,4.928387097,0.504193548,0.053,0.32483871,0.044666667,0.0,1291.0
Brazos,8080700.0,RWPL01,USGS GAGE,8080700.0,08080700,34.17881671,-101.7021589,"Running Water Draw at Plainview, TX",2014,0.0,0.0,0.000967742,0.017333333,1.764193548,8.082,1.40483871,0.016774194,1.622666667,0.011612903,0.754666667,0.0,1291.0
Brazos,8080700.0,RWPL01,USGS GAGE,8080700.0,08080700,34.17881671,-101.7021589,"Running Water Draw at Plainview, TX",2015,0.221290323,0.019285714,0.023870968,0.802333333,18.87419355,7.527,2.479032258,0.081612903,0.0,1.506129032,0.160666667,0.136129032,1291.0
Brazos,8080700.0,RWPL01,USGS GAGE,8080700.0,08080700,34.17881671,-101.7021589,"Running Water Draw at Plainview, TX",2016,0.042903226,0.0,0.000322581,0.102333333,0.510967742,1.657666667,0.002580645,1.730322581,1.072,0.004193548,0.073333333,0.00483871,1291.0
Brazos,8080700.0,RWPL01,USGS GAGE,8080700.0,08080700,34.17881671,-101.7021589,"Running Water Draw at Plainview, TX",2017,0.33483871,0.0075,0.04516129,0.173,0.0,0.655333333,1.070645161,1.009677419,0.597666667,0.072258065,0.0,0.0,1291.0
Brazos,8080700.0,RWPL01,USGS GAGE,8080700.0,08080700,34.17881671,-101.7021589,"Running Water Draw at Plainview, TX",2018,0.0,0.003214286,0.000645161,0.0,0.01,0.081,0.007741935,0.206129032,0.725333333,0.658064516,0.011666667,0.041290323,1291.0
Brazos,8080700.0,RWPL01,USGS GAGE,8080700.0,08080700,34.17881671,-101.7021589,"Running Water Draw at Plainview, TX",2019,0.0,0.0,0.292580645,0.196666667,4.584516129,0.817,4.447096774,0.009032258,0.153,0.151612903,0.019,0.236774194,1291.0
Brazos,8080700.0,RWPL01,USGS GAGE,8080700.0,08080700,34.17881671,-101.7021589,"Running Water Draw at Plainview, TX",2020,0.003870968,0.014137931,1.924516129,0.0,0.088709677,0.314666667,0.125806452,0.44483871,0.002,0.397741935,0.025,0.0,1291.0
Brazos,8080700.0,RWPL01,USGS GAGE,8080700.0,08080700,34.17881671,-101.7021589,"Running Water Draw at Plainview, TX",2021,0.580322581,0.0575,0.631612903,0.002,2.691612903,6.384,3.246129032,4.583225806,0.668,0.958709677,0.004666667,0.0,1291.0
Brazos,8080700.0,RWPL01,USGS GAGE,8080700.0,08080700,34.17881671,-101.7021589,"Running Water Draw at Plainview, TX",2022,0.0,0.0,0.0,0.0,2.456451613,1.030666667,0.076451613,2.923548387,0.668,0.0,0.0,0.0,1291.0
Brazos,8080700.0,RWPL01,USGS GAGE,8080700.0,08080700,34.17881671,-101.7021589,"Running Water Draw at Plainview, TX",2023,0.0,0.0,0.0,0.0,16.25129032,1.560666667,2.262903226,0.190967742,0.692666667,0.090645161,0.0,0.14516129,1291.0
Brazos,8080700.0,RWPL01,USGS GAGE,8080700.0,08080700,34.17881671,-101.7021589,"Running Water Draw at Plainview, TX",2024,0.056129032,0.157931034,0.0,1.103,1.34,2.68,0.080967742,0.0,1.139,0.0,9.993,0.0,1291.0
Brazos,8082000.0,SFAS06,USGS GAGE,8082000.0,08082000,33.33405016,-100.2376528,"Salt Fk Brazos Rv nr Aspermont, TX",2010,9.024193548,26.15,27.85774194,224.679,106.1193548,21.999,745.4129032,32.98387097,34.10766667,17.05677419,18.22333333,8.93483871,5130.0
Brazos,8082000.0,SFAS06,USGS GAGE,8082000.0,08082000,33.33405016,-100.2376528,"Salt Fk Brazos Rv nr Aspermont, TX",2011,5.891290323,5.222857143,4.143225806,1.660333333,1.08483871,0.101,0.091290323,0.109677419,0.056,0.650322581,1.220333333,0.857419355,5130.0
Brazos,8082000.0,SFAS06,USGS GAGE,8082000.0,08082000,33.33405016,-100.2376528,"Salt Fk Brazos Rv nr Aspermont, TX",2012,0.223225806,0.568275862,0.628064516,0.817,1.275483871,95.03966667,1.544516129,77.65967742,30.63433333,7.296774194,0.097,0.158387097,5130.0
Brazos,8082000.0,SFAS06,USGS GAGE,8082000.0,08082000,33.33405016,-100.2376528,"Salt Fk Brazos Rv nr Aspermont, TX",2013,6.079677419,4.300357143,0.530322581,0.625,73.63,131.577,21.2,39.73516129,0.369666667,0.530645161,0.206333333,2.234516129,5130.0
Brazos,8082000.0,SFAS06,USGS GAGE,8082000.0,08082000,33.33405016,-100.2376528,"Salt Fk Brazos Rv nr Aspermont, TX",2014,0.115806452,0.965714286,0.164516129,0.101,1.244193548,18.08566667,30.09677419,42.29677419,171.6183333,36.50806452,18.94466667,5.479032258,5130.0
Brazos,8082000.0,SFAS06,USGS GAGE,8082000.0,08082000,33.33405016,-100.2376528,"Salt Fk Brazos Rv nr Aspermont, TX",2015,14.39709677,13.95928571,11.27580645,25.03,282.013871,45.11733333,42.73322581,3.364516129,0.052666667,7.311935484,6.313666667,13.72064516,5130.0
Brazos,8082000.0,SFAS06,USGS GAGE,8082000.0,08082000,33.33405016,-100.2376528,"Salt Fk Brazos Rv nr Aspermont, TX",2016,22.97419355,9.656206897,5.721612903,21.09666667,21.75741935,14.96866667,10.13516129,13.82548387,38.02,3.655806452,42.956,18.18129032,5130.0
Brazos,8082000.0,SFAS06,USGS GAGE,8082000.0,08082000,33.33405016,-100.2376528,"Salt Fk Brazos Rv nr Aspermont, TX",2017,9.726451613,15.48857143,17.8216129,22.001,4.452258065,1.989333333,33.60516129,6.419677419,4.775666667,0.583225806,0.088666667,0.05483871,5130.0
Brazos,8082000.0,SFAS06,USGS GAGE,8082000.0,08082000,33.33405016,-100.2376528,"Salt Fk Brazos Rv nr Aspermont, TX",2018,0.033548387,0.224285714,0.561935484,0.068333333,50.32580645,21.06,4.969032258,1.769032258,52.6,67.12677419,2.533333333,12.51548387,5130.0
Brazos,8082000.0,SFAS06,USGS GAGE,8082000.0,08082000,33.33405016,-100.2376528,"Salt Fk Brazos Rv nr Aspermont, TX",2019,11.19516129,6.037857143,10.00806452,152.4916667,58.1,83.66566667,2.429354839,0.309354839,42.12433333,1.530645161,14.12166667,2.121290323,5130.0
Brazos,8082000.0,SFAS06,USGS GAGE,8082000.0,08082000,33.33405016,-100.2376528,"Salt Fk Brazos Rv nr Aspermont, TX",2020,34.22806452,34.3137931,94.4,19.48,100.426129,69.3,9.930967742,0.056774194,4.603333333,0.435806452,0.114,0.040967742,5130.0
Brazos,8082000.0,SFAS06,USGS GAGE,8082000.0,08082000,33.33405016,-100.2376528,"Salt Fk Brazos Rv nr Aspermont, TX",2021,0.608709677,0.681071429,0.996451613,5.002,34.20774194,108.4133333,172.7774194,45.62258065,1.676666667,1.539032258,0.226,0.152580645,5130.0
Brazos,8082000.0,SFAS06,USGS GAGE,8082000.0,08082000,33.33405016,-100.2376528,"Salt Fk Brazos Rv nr Aspermont, TX",2022,0.050645161,0.181071429,0.283548387,0.566666667,4.926774194,19.06233333,0.0,32.14774194,14.38566667,0.016451613,0.013,6.077096774,5130.0
Brazos,8082000.0,SFAS06,USGS GAGE,8082000.0,08082000,33.33405016,-100.2376528,"Salt Fk Brazos Rv nr Aspermont, TX",2023,0.886774194,0.631071429,17.07451613,1.766,92.07032258,224.82,42.53225806,0.660430108,0.607638889,0.559139785,0.379861111,0.72311828,5130.0
Brazos,8082000.0,SFAS06,USGS GAGE,8082000.0,08082000,33.33405016,-100.2376528,"Salt Fk Brazos Rv nr Aspermont, TX",2024,0.75,0.75,0.75,0.75,0.75,0.75,0.75,0.550403226,0.607638889,0.541666667,0.389583333,0.717741935,5130.0
Brazos,8082500.0,BRSE11,USGS GAGE,8082500.0,08082500,33.58093693,-99.26778048,"Brazos Rv at Seymour, TX",2010,85.54032258,343.2857143,143.7096774,866.6833333,455.7096774,188.89,2352.980645,261.8387097,480.78,132.3967742,73.24,56.61290323,15538.0
Brazos,8082500.0,BRSE11,USGS GAGE,8082500.0,08082500,33.58093693,-99.26778048,"Brazos Rv at Seymour, TX",2011,54.92903226,57.425,33.94193548,21.64,8.192903226,0.127666667,0.134193548,0.00483871,0.015333333,8.891612903,0.548,8.442258065,15538.0
Brazos,8082500.0,BRSE11,USGS GAGE,8082500.0,08082500,33.58093693,-99.26778048,"Brazos Rv at Seymour, TX",2012,4.832903226,5.39862069,12.40870968,1.189666667,48.25,166.2946667,9.116129032,95.32774194,48.78366667,29.08870968,0.104,0.590967742,15538.0
Brazos,8082500.0,BRSE11,USGS GAGE,8082500.0,08082500,33.58093693,-99.26778048,"Brazos Rv at Seymour, TX",2013,9.632903226,7.671428571,6.372903226,16.07433333,102.653871,178.27,93.28774194,166.6935484,34.49233333,16.85967742,0.253,2.856774194,15538.0
Brazos,8082500.0,BRSE11,USGS GAGE,8082500.0,08082500,33.58093693,-99.26778048,"Brazos Rv at Seymour, TX",2014,5.167741935,10.00142857,3.032258065,1.112,26.91870968,137.6206667,90.99387097,38.69322581,322.06,137.2870968,95.89,48.0516129,15538.0
Brazos,8082500.0,BRSE11,USGS GAGE,8082500.0,08082500,33.58093693,-99.26778048,"Brazos Rv at Seymour, TX",2015,45.8,41.07857143,46.14193548,92.21666667,1310.332258,802.8333333,904.5483871,105.8354839,22.52666667,46.94516129,89.59,238.4096774,15538.0
Brazos,8082500.0,BRSE11,USGS GAGE,8082500.0,08082500,33.58093693,-99.26778048,"Brazos Rv at Seymour, TX",2016,157.2419355,67.72413793,52.47096774,73.38,157.4451613,189.92,37.78,34.72612903,139.47,74.70967742,264.5533333,91.92258065,15538.0
Brazos,8082500.0,BRSE11,USGS GAGE,8082500.0,08082500,33.58093693,-99.26778048,"Brazos Rv at Seymour, TX",2017,78.40967742,76.20357143,81.79677419,72.94333333,47.31612903,59.811,90.85322581,96.00322581,47.932,46.85806452,17.19,14.36774194,15538.0
Brazos,8082500.0,BRSE11,USGS GAGE,8082500.0,08082500,33.58093693,-99.26778048,"Brazos Rv at Seymour, TX",2018,17.68064516,17.8,14.82580645,9.476666667,143.1483871,93.08033333,2.553548387,0.918387097,575.76,1806.319355,273.5333333,125.8290323,15538.0
Brazos,8082500.0,BRSE11,USGS GAGE,8082500.0,08082500,33.58093693,-99.26778048,"Brazos Rv at Seymour, TX",2019,98.28387097,70.02142857,74.36129032,663.5433333,1089.741935,1117.933333,97.47741935,28.96129032,115.1966667,53.05806452,126.5933333,58.6,15538.0
Brazos,8082500.0,BRSE11,USGS GAGE,8082500.0,08082500,33.58093693,-99.26778048,"Brazos Rv at Seymour, TX",2020,108.1870968,158.4137931,682.9354839,167.3566667,184.9129032,188.6,47.08387097,12.03129032,248.5186667,27.20967742,21.62333333,24.24193548,15538.0
Brazos,8082500.0,BRSE11,USGS GAGE,8082500.0,08082500,33.58093693,-99.26778048,"Brazos Rv at Seymour, TX",2021,36.41935484,61.08928571,78.2483871,94.49333333,416.5032258,989.4333333,803.483871,159.3225806,62.20666667,23.22258065,11.68233333,10.15129032,15538.0
Brazos,8082500.0,BRSE11,USGS GAGE,8082500.0,08082500,33.58093693,-99.26778048,"Brazos Rv at Seymour, TX",2022,19.9,34.84285714,29.38064516,22.92333333,24.40935484,69.48233333,8.79,86.08258065,123.79,20.48774194,36.88,49.8516129,15538.0
Brazos,8082500.0,BRSE11,USGS GAGE,8082500.0,08082500,33.58093693,-99.26778048,"Brazos Rv at Seymour, TX",2023,30.07096774,28.66785714,70.22258065,27.71333333,253.8587097,1000.6,295.5935484,31.75806452,134.5966667,373.9451613,194.76,145.9258065,15538.0
Brazos,8082500.0,BRSE11,USGS GAGE,8082500.0,08082500,33.58093693,-99.26778048,"Brazos Rv at Seymour, TX",2024,68.04193548,60.3,40.75483871,388.3566667,580.5935484,1145.24,39.82258065,7.993870968,82.526,20.37677419,341.0486667,121.4677419,15538.0
Brazos,8082700.0,MSMN12,USGS GAGE,8082700.0,08082700,33.32932127,-99.46475605,"Millers Ck nr Munday, TX",2010,12.69516129,14.21464286,10.41,24.29033333,16.76677419,3.059,4.811290323,0.127741935,10.00666667,0.059032258,0.0,0.0,104.0
Brazos,8082700.0,MSMN12,USGS GAGE,8082700.0,08082700,33.32932127,-99.46475605,"Millers Ck nr Munday, TX",2011,0.0,0.0,0.0,0.0,0.0,0.0,0.0,0.0,0.0,0.60516129,0.0,0.090967742,104.0
Brazos,8082700.0,MSMN12,USGS GAGE,8082700.0,08082700,33.32932127,-99.46475605,"Millers Ck nr Munday, TX",2012,0.0,0.0,0.0,0.0,0.0,0.782,0.96516129,0.000967742,7.682666667,0.491935484,0.0,0.0,104.0
Brazos,8082700.0,MSMN12,USGS GAGE,8082700.0,08082700,33.32932127,-99.46475605,"Millers Ck nr Munday, TX",2013,0.0,0.0,0.0,0.002666667,0.0,7.364333333,0.071612903,0.0,1.090333333,0.561612903,0.0,0.0,104.0
Brazos,8082700.0,MSMN12,USGS GAGE,8082700.0,08082700,33.32932127,-99.46475605,"Millers Ck nr Munday, TX",2014,0.0,0.0,0.0,0.0,0.0,0.649,1.347741935,0.0,0.671333333,0.418064516,1.405333333,0.009354839,104.0
Brazos,8082700.0,MSMN12,USGS GAGE,8082700.0,08082700,33.32932127,-99.46475605,"Millers Ck nr Munday, TX",2015,0.340967742,0.0275,0.392258065,1.993666667,183.293871,89.05466667,0.724516129,0.003548387,0.0,0.042580645,13.44733333,58.86709677,104.0
Brazos,8082700.0,MSMN12,USGS GAGE,8082700.0,08082700,33.32932127,-99.46475605,"Millers Ck nr Munday, TX",2016,3.371612903,0.257241379,0.160645161,0.185,1.330967742,0.989,0.0,0.210322581,50.696,0.777096774,3.627333333,0.26483871,104.0
Brazos,8082700.0,MSMN12,USGS GAGE,8082700.0,08082700,33.32932127,-99.46475605,"Millers Ck nr Munday, TX",2017,0.293870968,0.449285714,0.886129032,0.658,0.217419355,90.069,10.15967742,0.110967742,1.727666667,0.526129032,0.013,0.060645161,104.0
Brazos,8082700.0,MSMN12,USGS GAGE,8082700.0,08082700,33.32932127,-99.46475605,"Millers Ck nr Munday, TX",2018,0.031935484,0.108571429,0.15483871,0.009,0.0,0.184333333,0.0,0.048709677,194.9523333,429.8632258,56.51966667,5.17483871,104.0
Brazos,8082700.0,MSMN12,USGS GAGE,8082700.0,08082700,33.32932127,-99.46475605,"Millers Ck nr Munday, TX",2019,2.537096774,0.566785714,9.291612903,87.61366667,70.48741935,148.6736667,4.878709677,0.387096774,0.596,0.011290323,0.242333333,0.0,104.0
Brazos,8082700.0,MSMN12,USGS GAGE,8082700.0,08082700,33.32932127,-99.46475605,"Millers Ck nr Munday, TX",2020,1.052903226,1.406551724,69.00709677,12.756,0.239677419,19.47766667,0.005483871,0.0,170.7926667,0.19,0.109333333,0.056451613,104.0
Brazos,8082700.0,MSMN12,USGS GAGE,8082700.0,08082700,33.32932127,-99.46475605,"Millers Ck nr Munday, TX",2021,0.171612903,0.058571429,0.049032258,53.31466667,68.30645161,76.26,35.8916129,0.274193548,0.0,0.0,0.0,0.0,104.0
Brazos,8082700.0,MSMN12,USGS GAGE,8082700.0,08082700,33.32932127,-99.46475605,"Millers Ck nr Munday, TX",2022,0.0,0.0,0.0,0.0,0.0,0.0,0.0,0.0,0.0,0.0,0.0,0.0,104.0
Brazos,8082700.0,MSMN12,USGS GAGE,8082700.0,08082700,33.32932127,-99.46475605,"Millers Ck nr Munday, TX",2023,0.0,0.0,7.925483871,0.0,0.024516129,0.010333333,0.0,0.0,0.024333333,2.607096774,0.273333333,0.006451613,104.0
Brazos,8082700.0,MSMN12,USGS GAGE,8082700.0,08082700,33.32932127,-99.46475605,"Millers Ck nr Munday, TX",2024,0.002258065,15.56137931,0.0,38.82166667,57.11064516,70.65533333,0.129354839,0.0,0.962,0.0,3.975333333,0.0,104.0
Brazos,8083100.0,CFRO13,USGS GAGE,8083100.0,08083100,32.78775167,-100.3885371,"Clear Fk Brazos Rv nr Roby, TX",2010,0.362580645,0.690714286,0.659677419,5.815666667,2.845483871,23.54433333,20.8183871,3.564516129,7.635666667,7.620967742,3.506,2.82516129,228.0
Brazos,8083100.0,CFRO13,USGS GAGE,8083100.0,08083100,32.78775167,-100.3885371,"Clear Fk Brazos Rv nr Roby, TX",2011,1.159354839,1.145714286,1.322580645,0.782666667,1.018387097,0.308666667,0.062580645,0.0,0.001666667,0.266774194,0.344333333,0.399677419,228.0
Brazos,8083100.0,CFRO13,USGS GAGE,8083100.0,08083100,32.78775167,-100.3885371,"Clear Fk Brazos Rv nr Roby, TX",2012,0.388064516,0.347931034,0.295483871,0.021333333,0.526451613,0.112333333,0.026451613,0.007096774,0.493,0.013870968,0.0,0.01516129,228.0
Brazos,8083100.0,CFRO13,USGS GAGE,8083100.0,08083100,32.78775167,-100.3885371,"Clear Fk Brazos Rv nr Roby, TX",2013,0.041612903,0.0,0.0,0.0,26.46774194,0.660666667,0.213225806,0.0,0.084,0.0,0.0,0.0,228.0
Brazos,8083100.0,CFRO13,USGS GAGE,8083100.0,08083100,32.78775167,-100.3885371,"Clear Fk Brazos Rv nr Roby, TX",2014,0.0,0.0,0.0,0.0,7.820645161,4.932666667,0.0,0.0,2.648,0.0,0.135666667,0.0,228.0
Brazos,8083100.0,CFRO13,USGS GAGE,8083100.0,08083100,32.78775167,-100.3885371,"Clear Fk Brazos Rv nr Roby, TX",2015,0.0,0.0,0.147096774,0.322,12.56870968,1.917,20.05645161,0.513225806,0.053,1.640967742,0.659666667,1.486129032,228.0
Brazos,8083100.0,CFRO13,USGS GAGE,8083100.0,08083100,32.78775167,-100.3885371,"Clear Fk Brazos Rv nr Roby, TX",2016,0.757096774,0.847931034,0.757419355,0.305333333,7.028387097,25.72,0.890322581,0.58516129,0.564,0.696451613,10.51633333,1.192258065,228.0
Brazos,8083100.0,CFRO13,USGS GAGE,8083100.0,08083100,32.78775167,-100.3885371,"Clear Fk Brazos Rv nr Roby, TX",2017,1.262580645,1.325714286,1.298387097,1.164666667,0.857419355,0.560666667,1.127419355,0.043548387,0.087666667,0.036129032,0.227666667,0.422258065,228.0
Brazos,8083100.0,CFRO13,USGS GAGE,8083100.0,08083100,32.78775167,-100.3885371,"Clear Fk Brazos Rv nr Roby, TX",2018,0.394193548,0.356785714,0.433870968,0.258333333,0.230322581,1.259,0.049354839,0.386774194,0.475666667,36.47709677,4.334666667,1.745806452,228.0
Brazos,8083100.0,CFRO13,USGS GAGE,8083100.0,08083100,32.78775167,-100.3885371,"Clear Fk Brazos Rv nr Roby, TX",2019,1.914516129,1.761785714,2.026129032,1.446,35.13096774,33.62666667,2.957096774,1.151935484,3.302,0.636129032,2.320666667,1.183870968,228.0
Brazos,8083100.0,CFRO13,USGS GAGE,8083100.0,08083100,32.78775167,-100.3885371,"Clear Fk Brazos Rv nr Roby, TX",2020,1.13516129,1.315862069,2.396774194,1.547,0.96516129,0.588,0.206129032,0.061935484,10.14033333,0.217096774,0.504333333,0.678064516,228.0
Brazos,8083100.0,CFRO13,USGS GAGE,8083100.0,08083100,32.78775167,-100.3885371,"Clear Fk Brazos Rv nr Roby, TX",2021,0.729032258,0.811785714,0.788709677,5.699,39.27483871,53.044,44.81677419,1.776451613,0.749333333,0.620645161,0.741333333,0.936774194,228.0
Brazos,8083100.0,CFRO13,USGS GAGE,8083100.0,08083100,32.78775167,-100.3885371,"Clear Fk Brazos Rv nr Roby, TX",2022,1.284193548,1.168214286,1.037096774,0.849333333,1.531935484,0.574333333,0.239677419,0.403870968,0.391333333,0.352580645,0.522,0.673225806,228.0
Brazos,8083100.0,CFRO13,USGS GAGE,8083100.0,08083100,32.78775167,-100.3885371,"Clear Fk Brazos Rv nr Roby, TX",2023,0.667741935,0.720357143,0.863548387,0.875333333,3.746451613,4.751,2.337741935,0.490967742,2.923666667,0.893225806,0.565666667,0.886774194,228.0
Brazos,8083100.0,CFRO13,USGS GAGE,8083100.0,08083100,32.78775167,-100.3885371,"Clear Fk Brazos Rv nr Roby, TX",2024,1.023548387,1.182758621,1.007419355,2.443333333,0.625806452,0.528333333,0.272903226,0.051935484,0.232666667,0.189032258,32.01833333,0.688064516,228.0
Brazos,8083240.0,CFHA14,USGS GAGE,8083240.0,08083240,32.59851725,-99.81467513,"Clear Fk Brazos Rv at Hwy 83 nr Hawley, TX",2010,18.25923415,17.64625788,17.8977674,26.34358336,16.22995236,24.29348307,47.66116322,15.16701653,40.83768457,19.18056445,11.35936801,13.38368118,1416.0
Brazos,8083240.0,CFHA14,USGS GAGE,8083240.0,08083240,32.59851725,-99.81467513,"Clear Fk Brazos Rv at Hwy 83 nr Hawley, TX",2011,12.08240088,12.44338852,12.40436714,9.923681699,7.282271494,5.664525189,5.587029699,5.593886388,5.618471095,7.018438031,6.494114982,7.278246916,1416.0
Brazos,8083240.0,CFHA14,USGS GAGE,8083240.0,08083240,32.59851725,-99.81467513,"Clear Fk Brazos Rv at Hwy 83 nr Hawley, TX",2012,7.298667924,6.598391308,6.396417103,7.356974623,7.966002622,5.806076065,5.587476874,5.586433465,13.19074986,12.6822121,5.668991974,5.762620557,1416.0
Brazos,8083240.0,CFHA14,USGS GAGE,8083240.0,08083240,32.59851725,-99.81467513,"Clear Fk Brazos Rv at Hwy 83 nr Hawley, TX",2013,5.838640369,5.920452166,5.941341644,5.993372981,8.557019391,9.760258979,21.07718422,5.85294998,5.731835018,5.799437996,5.702569875,5.700612241,1416.0
Brazos,8083240.0,CFHA14,USGS GAGE,8083240.0,08083240,32.59851725,-99.81467513,"Clear Fk Brazos Rv at Hwy 83 nr Hawley, TX",2014,5.691221558,5.668122821,5.723120067,5.783280059,5.976966614,11.81590424,6.880409903,5.589563693,8.407131179,5.604618596,5.634335883,5.688389447,1416.0
Brazos,8083240.0,CFHA14,USGS GAGE,8083240.0,08083240,32.59851725,-99.81467513,"Clear Fk Brazos Rv at Hwy 83 nr Hawley, TX",2015,5.694500844,5.722417363,5.739516497,5.770033731,34.04005266,24.08107974,24.2021947,5.587029699,5.586433465,30.53076948,20.05773867,35.94263476,1416.0
Brazos,8083240.0,CFHA14,USGS GAGE,8083240.0,08083240,32.59851725,-99.81467513,"Clear Fk Brazos Rv at Hwy 83 nr Hawley, TX",2016,8.776582494,7.143487794,9.98678808,136.7930059,482.6882607,411.4724045,13.45090655,8.612171019,19.07221067,18.60483871,41.27833333,12.22903226,1416.0
Brazos,8083240.0,CFHA14,USGS GAGE,8083240.0,08083240,32.59851725,-99.81467513,"Clear Fk Brazos Rv at Hwy 83 nr Hawley, TX",2017,14.19064516,14.47857143,9.870645161,8.172,89.61129032,68.652,14.91709677,5.671612903,5.664666667,3.231612903,3.731,4.267419355,1416.0
Brazos,8083240.0,CFHA14,USGS GAGE,8083240.0,08083240,32.59851725,-99.81467513,"Clear Fk Brazos Rv at Hwy 83 nr Hawley, TX",2018,4.318064516,4.843571429,4.717419355,2.909666667,1.348387097,2.181,0.955806452,3.760322581,121.796,728.816129,307.44,103.5548387,1416.0
Brazos,8083240.0,CFHA14,USGS GAGE,8083240.0,08083240,32.59851725,-99.81467513,"Clear Fk Brazos Rv at Hwy 83 nr Hawley, TX",2019,74.05806452,57.35,45.67419355,68.83666667,487.4129032,297.6266667,52.57419355,21.43870968,15.25333333,10.51129032,16.51333333,14.98064516,1416.0
Brazos,8083240.0,CFHA14,USGS GAGE,8083240.0,08083240,32.59851725,-99.81467513,"Clear Fk Brazos Rv at Hwy 83 nr Hawley, TX",2020,13.78064516,19.75862069,79.79677419,24.77,15.32903226,13.959,8.731290323,2.527096774,114.0803333,6.762903226,7.786333333,7.953225806,1416.0
Brazos,8083240.0,CFHA14,USGS GAGE,8083240.0,08083240,32.59851725,-99.81467513,"Clear Fk Brazos Rv at Hwy 83 nr Hawley, TX",2021,9.744193548,9.083571429,9.186774194,38.08533333,123.8677419,456.9733333,114.6129032,19.01290323,15.52,8.614193548,10.733,7.984516129,1416.0
Brazos,8083240.0,CFHA14,USGS GAGE,8083240.0,08083240,32.59851725,-99.81467513,"Clear Fk Brazos Rv at Hwy 83 nr Hawley, TX",2022,8.418709677,10.7675,11.40483871,8.359666667,2.171612903,1.520333333,0.057096774,0.126129032,0.702333333,1.582903226,0.494333333,2.613548387,1416.0
Brazos,8083240.0,CFHA14,USGS GAGE,8083240.0,08083240,32.59851725,-99.81467513,"Clear Fk Brazos Rv at Hwy 83 nr Hawley, TX",2023,2.309677419,2.160357143,3.087741935,1.625,65.76225806,75.56333333,13.89451613,0.022258065,12.93,39.99612903,3.174333333,3.822258065,1416.0
Brazos,8083240.0,CFHA14,USGS GAGE,8083240.0,08083240,32.59851725,-99.81467513,"Clear Fk Brazos Rv at Hwy 83 nr Hawley, TX",2024,3.759032258,5.28862069,4.68516129,5.747333333,33.38290323,8.641333333,0.219032258,0.0,18.37466667,0.341290323,52.088,2.183870968,1416.0
Brazos,8084000.0,CFNU16,USGS GAGE,8084000.0,08084000,32.69010956,-99.66940423,"Clear Fk Brazos Rv at Nugent, TX",2010,27.42548387,26.09892857,26.64322581,44.921,23.03387097,40.48433333,91.05483871,20.73354839,76.288,29.41935484,12.49333333,16.87419355,2199.0
Brazos,8084000.0,CFNU16,USGS GAGE,8084000.0,08084000,32.69010956,-99.66940423,"Clear Fk Brazos Rv at Nugent, TX",2011,14.05806452,14.83928571,14.75483871,9.386333333,3.67,0.169,0.001290323,0.016129032,0.069333333,3.099032258,1.964333333,3.661290323,2199.0
Brazos,8084000.0,CFNU16,USGS GAGE,8084000.0,08084000,32.69010956,-99.66940423,"Clear Fk Brazos Rv at Nugent, TX",2012,3.705483871,2.19,1.752903226,3.831666667,5.149677419,0.475333333,0.002258065,0.0,16.45666667,15.35612903,0.178666667,0.381290323,2199.0
Brazos,8084000.0,CFNU16,USGS GAGE,8084000.0,08084000,32.69010956,-99.66940423,"Clear Fk Brazos Rv at Nugent, TX",2013,0.545806452,0.722857143,0.768064516,0.880666667,6.428709677,9.032666667,33.52387097,0.576774194,0.314666667,0.460967742,0.251333333,0.247096774,2199.0
Brazos,8084000.0,CFNU16,USGS GAGE,8084000.0,08084000,32.69010956,-99.66940423,"Clear Fk Brazos Rv at Nugent, TX",2014,0.226774194,0.176785714,0.295806452,0.426,0.84516129,13.48133333,2.800322581,0.006774194,6.104333333,0.039354839,0.103666667,0.220645161,2199.0
Brazos,8084000.0,CFNU16,USGS GAGE,8084000.0,08084000,32.69010956,-99.66940423,"Clear Fk Brazos Rv at Nugent, TX",2015,0.233870968,0.294285714,0.331290323,0.397333333,61.57709677,40.02466667,40.28677419,0.001290323,0.0,53.98258065,31.31766667,65.69451613,2199.0
Brazos,8084000.0,CFNU16,USGS GAGE,8084000.0,08084000,32.69010956,-99.66940423,"Clear Fk Brazos Rv at Nugent, TX",2016,6.903870968,3.369655172,9.522903226,283.947,1032.506452,878.3866667,17.01967742,6.548064516,29.374,24.65612903,49.99366667,16.38064516,2199.0
Brazos,8084000.0,CFNU16,USGS GAGE,8084000.0,08084000,32.69010956,-99.66940423,"Clear Fk Brazos Rv at Nugent, TX",2017,19.3516129,21.26785714,12.14741935,10.21766667,95.85,94.20666667,20.90419355,6.635483871,13.97666667,6.270645161,7.079666667,5.540322581,2199.0
Brazos,8084000.0,CFNU16,USGS GAGE,8084000.0,08084000,32.69010956,-99.66940423,"Clear Fk Brazos Rv at Nugent, TX",2018,5.969032258,6.799285714,6.587419355,5.146666667,2.221290323,7.990666667,1.033870968,3.025483871,89.33066667,1553.219355,538.3333333,269.9354839,2199.0
Brazos,8084000.0,CFNU16,USGS GAGE,8084000.0,08084000,32.69010956,-99.66940423,"Clear Fk Brazos Rv at Nugent, TX",2019,192.7096774,101.6464286,96.81290323,182.4866667,1171.645161,754.8333333,72.90967742,27.6483871,21.25,13.98387097,20.54666667,18.09032258,2199.0
Brazos,8084000.0,CFNU16,USGS GAGE,8084000.0,08084000,32.69010956,-99.66940423,"Clear Fk Brazos Rv at Nugent, TX",2020,20.48064516,31.00689655,180.7870968,45.5,18.11290323,14.49966667,8.524516129,3.108387097,169.411,10.27354839,11.229,14.14193548,2199.0
Brazos,8084000.0,CFNU16,USGS GAGE,8084000.0,08084000,32.69010956,-99.66940423,"Clear Fk Brazos Rv at Nugent, TX",2021,15.81612903,13.425,13.22580645,46.20766667,201.5032258,896.15,213.1870968,24.85806452,10.98666667,11.42225806,9.054,12.60741935,2199.0
Brazos,8084000.0,CFNU16,USGS GAGE,8084000.0,08084000,32.69010956,-99.66940423,"Clear Fk Brazos Rv at Nugent, TX",2022,14.81612903,12.60142857,11.78645161,14.01566667,7.944516129,1.688333333,0.258387097,0.866774194,3.595666667,11.12870968,3.134333333,4.116451613,2199.0
Brazos,8084000.0,CFNU16,USGS GAGE,8084000.0,08084000,32.69010956,-99.66940423,"Clear Fk Brazos Rv at Nugent, TX",2023,3.758709677,3.9075,7.992903226,4.277,101.2387097,81.881,26.02451613,0.010645161,19.57866667,25.81741935,6.233666667,7.25516129,2199.0
Brazos,8084000.0,CFNU16,USGS GAGE,8084000.0,08084000,32.69010956,-99.66940423,"Clear Fk Brazos Rv at Nugent, TX",2024,5.389354839,10.42310345,12.02193548,12.01166667,34.01032258,14.23266667,0.117096774,0.064516129,17.03066667,2.822580645,71.56433333,3.509677419,2199.0
Brazos,8084800.0,CAST17,USGS GAGE,8084800.0,08084800,32.93119966,-99.64282502,"California Ck nr Stamford, TX",2010,41.72741935,37.41857143,17.60967742,396.037,19.79064516,51.302,53.6416129,7.371290323,101.2676667,7.934516129,2.732666667,3.872903226,478.0
Brazos,8084800.0,CAST17,USGS GAGE,8084800.0,08084800,32.93119966,-99.64282502,"California Ck nr Stamford, TX",2011,3.45516129,3.716428571,2.596774194,2.297666667,0.578387097,0.045666667,0.0,0.680322581,0.244333333,9.124193548,1.252666667,10.18451613,478.0
Brazos,8084800.0,CAST17,USGS GAGE,8084800.0,08084800,32.93119966,-99.64282502,"California Ck nr Stamford, TX",2012,2.86483871,2.82862069,1.448064516,0.403666667,0.005483871,0.933666667,0.0,0.0,1.606666667,0.439354839,0.0,0.0,478.0
Brazos,8084800.0,CAST17,USGS GAGE,8084800.0,08084800,32.93119966,-99.64282502,"California Ck nr Stamford, TX",2013,0.0,0.0,0.0,0.010333333,0.01516129,26.56666667,37.80967742,3.992258065,1.964333333,1.054193548,0.026333333,0.048064516,478.0
Brazos,8084800.0,CAST17,USGS GAGE,8084800.0,08084800,32.93119966,-99.64282502,"California Ck nr Stamford, TX",2014,0.094193548,0.147142857,0.120322581,0.024666667,5.800645161,37.12933333,0.67,0.0,22.911,0.749677419,9.887333333,1.671612903,478.0
Brazos,8084800.0,CAST17,USGS GAGE,8084800.0,08084800,32.93119966,-99.64282502,"California Ck nr Stamford, TX",2015,1.553870968,1.218571429,3.131612903,116.9183333,373.473871,193.2266667,62.78967742,1.485483871,0.265,83.11580645,68.15333333,172.1006452,478.0
Brazos,8084800.0,CAST17,USGS GAGE,8084800.0,08084800,32.93119966,-99.64282502,"California Ck nr Stamford, TX",2016,27.72322581,6.934827586,6.006129032,141.7196667,440.3183871,191.63,8.913870968,4.440322581,17.657,5.938387097,13.26966667,4.538387097,478.0
Brazos,8084800.0,CAST17,USGS GAGE,8084800.0,08084800,32.93119966,-99.64282502,"California Ck nr Stamford, TX",2017,6.844516129,8.797142857,5.004516129,3.372666667,130.4470968,122.5563333,27.54193548,1.74483871,22.28566667,4.936129032,1.196666667,0.764516129,478.0
Brazos,8084800.0,CAST17,USGS GAGE,8084800.0,08084800,32.93119966,-99.64282502,"California Ck nr Stamford, TX",2018,1.246129032,1.692142857,1.848387097,1.106333333,15.03290323,13.221,0.372580645,0.323548387,522.6633333,1369.983871,251.1766667,85.73870968,478.0
Brazos,8084800.0,CAST17,USGS GAGE,8084800.0,08084800,32.93119966,-99.64282502,"California Ck nr Stamford, TX",2019,25.85806452,12.9325,11.67580645,103.236,625.0129032,529.5933333,13.63677419,3.15483871,11.32233333,1.903548387,41.96933333,4.781290323,478.0
Brazos,8084800.0,CAST17,USGS GAGE,8084800.0,08084800,32.93119966,-99.64282502,"California Ck nr Stamford, TX",2020,15.88645161,28.55,275.8264516,18.034,10.22032258,45.82466667,2.090322581,0.489354839,476.6486667,6.639354839,5.12,4.752580645,478.0
Brazos,8084800.0,CAST17,USGS GAGE,8084800.0,08084800,32.93119966,-99.64282502,"California Ck nr Stamford, TX",2021,5.499354839,4.277142857,3.539032258,20.515,256.1051613,795.9133333,133.1487097,6.355483871,2.561666667,1.783548387,2.392,2.339032258,478.0
Brazos,8084800.0,CAST17,USGS GAGE,8084800.0,08084800,32.93119966,-99.64282502,"California Ck nr Stamford, TX",2022,2.476774194,2.846428571,2.135483871,25.76866667,36.92516129,12.882,0.456129032,20.00677419,70.55066667,4.620645161,3.288333333,4.067419355,478.0
Brazos,8084800.0,CAST17,USGS GAGE,8084800.0,08084800,32.93119966,-99.64282502,"California Ck nr Stamford, TX",2023,1.98516129,2.183928571,3.077419355,1.389666667,76.71967742,337.8366667,222.0483871,2.902580645,5.905,55.12,9.012333333,8.553870968,478.0
Brazos,8084800.0,CAST17,USGS GAGE,8084800.0,08084800,32.93119966,-99.64282502,"California Ck nr Stamford, TX",2024,5.25483871,11.16,3.050322581,12.301,161.4267742,31.32366667,0.648387097,0.0,31.124,0.000322581,77.41233333,5.156451613,478.0
Brazos,8085500.0,CFFG18,USGS GAGE,8085500.0,08085500,32.93455264,-99.22446763,"Clear Fk Brazos Rv at Ft Griffin, TX",2010,110.083871,180.4107143,108.8483871,693.98,140.7322581,115.4766667,194.9032258,48.50967742,286.7,77.09677419,22.87666667,37.35806452,4026.0
Brazos,8085500.0,CFFG18,USGS GAGE,8085500.0,08085500,32.93455264,-99.22446763,"Clear Fk Brazos Rv at Ft Griffin, TX",2011,33.97419355,38.11428571,20.52258065,9.732666667,5.671935484,0.099666667,0.0,0.040645161,0.0,0.071612903,0.002333333,8.838064516,4026.0
Brazos,8085500.0,CFFG18,USGS GAGE,8085500.0,08085500,32.93455264,-99.22446763,"Clear Fk Brazos Rv at Ft Griffin, TX",2012,11.13806452,11.16413793,10.56290323,4.484666667,1.482258065,0.001666667,0.0,0.0,0.074,29.27935484,1.078333333,4.334516129,4026.0
Brazos,8085500.0,CFFG18,USGS GAGE,8085500.0,08085500,32.93455264,-99.22446763,"Clear Fk Brazos Rv at Ft Griffin, TX",2013,8.598387097,8.316428571,7.221612903,8.771333333,0.710967742,66.71833333,102.15,8.210322581,0.048,0.001612903,1.131333333,14.18032258,4026.0
Brazos,8085500.0,CFFG18,USGS GAGE,8085500.0,08085500,32.93455264,-99.22446763,"Clear Fk Brazos Rv at Ft Griffin, TX",2014,11.56677419,10.89892857,4.035806452,2.338333333,7.684193548,73.428,11.08709677,0.109677419,22.31066667,3.511935484,24.53333333,13.11129032,4026.0
Brazos,8085500.0,CFFG18,USGS GAGE,8085500.0,08085500,32.93455264,-99.22446763,"Clear Fk Brazos Rv at Ft Griffin, TX",2015,9.348387097,8.625,18.18064516,209.6666667,1408.270968,746.1233333,212.8516129,4.804193548,0.149666667,175.6264516,132.84,464.2580645,4026.0
Brazos,8085500.0,CFFG18,USGS GAGE,8085500.0,08085500,32.93455264,-99.22446763,"Clear Fk Brazos Rv at Ft Griffin, TX",2016,204.2096774,40.22068966,59.40967742,573.66,1577.383871,1744.133333,67.42258065,54.09677419,268.13,121.9096774,166.7366667,63.41612903,4026.0
Brazos,8085500.0,CFFG18,USGS GAGE,8085500.0,08085500,32.93455264,-99.22446763,"Clear Fk Brazos Rv at Ft Griffin, TX",2017,75.07419355,192.025,54.43225806,38.39666667,255.0935484,575.0766667,116.1096774,12.71677419,53.689,53.27096774,20.63666667,20.9516129,4026.0
Brazos,8085500.0,CFFG18,USGS GAGE,8085500.0,08085500,32.93455264,-99.22446763,"Clear Fk Brazos Rv at Ft Griffin, TX",2018,23.59677419,21.74285714,34.23548387,9.679,48.92677419,45.95433333,0.179677419,0.013548387,781.2,4975.109677,1384.4,834.1935484,4026.0
Brazos,8085500.0,CFFG18,USGS GAGE,8085500.0,08085500,32.93455264,-99.22446763,"Clear Fk Brazos Rv at Ft Griffin, TX",2019,704.1935484,275.2857143,191.6451613,609.2,3295.677419,2519.133333,186.3032258,50.20967742,40.05,30.64193548,94.42,36.09032258,4026.0
Brazos,8085500.0,CFFG18,USGS GAGE,8085500.0,08085500,32.93455264,-99.22446763,"Clear Fk Brazos Rv at Ft Griffin, TX",2020,58.94193548,91.69310345,1204.745161,264.5,79.49354839,136.9233333,31.11548387,2.66,1192.09,56.37741935,33.58666667,35.66129032,4026.0
Brazos,8085500.0,CFFG18,USGS GAGE,8085500.0,08085500,32.93455264,-99.22446763,"Clear Fk Brazos Rv at Ft Griffin, TX",2021,45.53548387,34.30714286,33.63870968,106.4066667,954.3290323,2940.266667,670.6451613,77.52580645,28.35666667,24.46451613,23.90333333,34.65806452,4026.0
Brazos,8085500.0,CFFG18,USGS GAGE,8085500.0,08085500,32.93455264,-99.22446763,"Clear Fk Brazos Rv at Ft Griffin, TX",2022,33.2,34.70357143,19.56451613,46.345,58.12225806,29.91766667,0.05,0.012903226,82.23,0.995483871,18.29733333,12.68741935,4026.0
Brazos,8085500.0,CFFG18,USGS GAGE,8085500.0,08085500,32.93455264,-99.22446763,"Clear Fk Brazos Rv at Ft Griffin, TX",2023,6.97516129,13.81964286,47.4216129,3.084333333,202.3322581,510.7366667,260.0074194,0.249354839,4.354333333,61.55096774,31.098,21.78903226,4026.0
Brazos,8085500.0,CFFG18,USGS GAGE,8085500.0,08085500,32.93455264,-99.22446763,"Clear Fk Brazos Rv at Ft Griffin, TX",2024,25.26451613,50.03103448,29.57419355,41.22333333,265.7129032,112.388,1.710322581,0.019354839,37.743,0.526774194,301.8833333,17.29677419,4026.0
Brazos,8086212.0,HCAL19,USGS GAGE,8086212.0,08086212,32.73301542,-99.14026687,"Hubbard Ck bl Albany, TX",2010,32.67419355,20.64,10.32645161,1.301333333,49.84193548,17.27566667,2.593548387,0.030322581,13.84466667,0.28,0.0,0.0,613.0
Brazos,8086212.0,HCAL19,USGS GAGE,8086212.0,08086212,32.73301542,-99.14026687,"Hubbard Ck bl Albany, TX",2011,0.0,0.0,0.0,17.869,1.818064516,0.065666667,0.0,0.0,0.0,44.78516129,0.0,0.0,613.0
Brazos,8086212.0,HCAL19,USGS GAGE,8086212.0,08086212,32.73301542,-99.14026687,"Hubbard Ck bl Albany, TX",2012,7.182903226,1.867931034,0.152903226,0.17,0.016451613,0.101,0.0,0.0,29.76666667,4.625806452,0.0,0.0,613.0
Brazos,8086212.0,HCAL19,USGS GAGE,8086212.0,08086212,32.73301542,-99.14026687,"Hubbard Ck bl Albany, TX",2013,0.0,0.0,0.0,0.0,0.0,0.0,97.69483871,0.227419355,0.0,0.0,0.0,0.0,613.0
Brazos,8086212.0,HCAL19,USGS GAGE,8086212.0,08086212,32.73301542,-99.14026687,"Hubbard Ck bl Albany, TX",2014,0.0,0.0,0.0,0.0,0.000967742,0.635,13.02,0.000645161,0.0,0.0,4.579666667,0.033225806,613.0
Brazos,8086212.0,HCAL19,USGS GAGE,8086212.0,08086212,32.73301542,-99.14026687,"Hubbard Ck bl Albany, TX",2015,0.002903226,0.0,0.0,0.0,270.0180645,14.35466667,68.42774194,0.052903226,0.0,158.8058065,149.027,94.72967742,613.0
Brazos,8086212.0,HCAL19,USGS GAGE,8086212.0,08086212,32.73301542,-99.14026687,"Hubbard Ck bl Albany, TX",2016,27.07612903,2.673448276,12.44387097,383.7276667,1373.751613,1270.086667,19.1816129,14.76354839,50.444,75.47580645,282.2566667,33.26451613,613.0
Brazos,8086212.0,HCAL19,USGS GAGE,8086212.0,08086212,32.73301542,-99.14026687,"Hubbard Ck bl Albany, TX",2017,56.46129032,366.2857143,67.17419355,25.91666667,29.22580645,35.23833333,1.23516129,2.928064516,0.723666667,0.520645161,0.517333333,1.740322581,613.0
Brazos,8086212.0,HCAL19,USGS GAGE,8086212.0,08086212,32.73301542,-99.14026687,"Hubbard Ck bl Albany, TX",2018,0.329354839,2.587857143,4.405806452,0.578333333,0.265806452,11.076,0.226129032,0.000645161,11.09533333,677.9632258,138.08,291.3967742,613.0
Brazos,8086212.0,HCAL19,USGS GAGE,8086212.0,08086212,32.73301542,-99.14026687,"Hubbard Ck bl Albany, TX",2019,176.5806452,47.3,68.03548387,108.3266667,578.2258065,543.0666667,41.83935484,2.164516129,0.522,0.284516129,1.439,2.326129032,613.0
Brazos,8086212.0,HCAL19,USGS GAGE,8086212.0,08086212,32.73301542,-99.14026687,"Hubbard Ck bl Albany, TX",2020,4.257096774,5.745172414,293.3645161,38.76,8.227741935,6.455,0.922258065,0.033548387,243.5776667,0.632258065,0.979333333,1.994193548,613.0
Brazos,8086212.0,HCAL19,USGS GAGE,8086212.0,08086212,32.73301542,-99.14026687,"Hubbard Ck bl Albany, TX",2021,3.156451613,1.714285714,3.001612903,35.98566667,421.13,742.6266667,28.15677419,132.4880645,3.254,2.861612903,1.181333333,1.491935484,613.0
Brazos,8086212.0,HCAL19,USGS GAGE,8086212.0,08086212,32.73301542,-99.14026687,"Hubbard Ck bl Albany, TX",2022,1.174193548,2.2775,0.716774194,0.574333333,0.273225806,32.124,0.072258065,0.0,0.0,0.0,0.0,0.0,613.0
Brazos,8086212.0,HCAL19,USGS GAGE,8086212.0,08086212,32.73301542,-99.14026687,"Hubbard Ck bl Albany, TX",2023,0.0,0.0,0.0,0.0,0.0,15.555,2.429677419,0.0,0.0,0.0,0.0,0.0,613.0
Brazos,8086212.0,HCAL19,USGS GAGE,8086212.0,08086212,32.73301542,-99.14026687,"Hubbard Ck bl Albany, TX",2024,0.0,0.437586207,1.83516129,1.332666667,4.475483871,0.723,0.039032258,0.0,30.41566667,0.265806452,100.7403333,0.266774194,613.0
Brazos,8086290.0,BSBR20,USGS GAGE,8086290.0,08086290,32.64866626,-99.00395066,"Big Sandy Ck abv Breckenridge, TX",2010,9.387419355,16.74642857,2.170645161,3.239333333,28.83,54.50433333,0.298709677,0.0,30.91933333,0.029032258,0.032666667,0.011290323,280.0
Brazos,8086290.0,BSBR20,USGS GAGE,8086290.0,08086290,32.64866626,-99.00395066,"Big Sandy Ck abv Breckenridge, TX",2011,0.000645161,0.004642857,0.003548387,3.004,0.486129032,0.0,0.0,0.0,0.035333333,59.75387097,0.0,0.0,280.0
Brazos,8086290.0,BSBR20,USGS GAGE,8086290.0,08086290,32.64866626,-99.00395066,"Big Sandy Ck abv Breckenridge, TX",2012,63.34516129,10.62137931,4.930967742,0.013,0.181290323,5.729333333,0.0,0.0,14.02566667,0.869032258,0.0,0.0,280.0
Brazos,8086290.0,BSBR20,USGS GAGE,8086290.0,08086290,32.64866626,-99.00395066,"Big Sandy Ck abv Breckenridge, TX",2013,0.0,0.0,0.0,3.388,0.0,0.0,258.0858065,0.014516129,0.001,0.0,0.0,0.0,280.0
Brazos,8086290.0,BSBR20,USGS GAGE,8086290.0,08086290,32.64866626,-99.00395066,"Big Sandy Ck abv Breckenridge, TX",2014,0.0,0.0,0.0,0.0,0.0,0.0,19.27774194,0.0,0.0,0.0,16.86466667,0.0,280.0
Brazos,8086290.0,BSBR20,USGS GAGE,8086290.0,08086290,32.64866626,-99.00395066,"Big Sandy Ck abv Breckenridge, TX",2015,0.0,0.631428571,0.0,0.0,420.8448387,26.16666667,238.2332258,0.010967742,0.0,37.33096774,141.977,50.13580645,280.0
Brazos,8086290.0,BSBR20,USGS GAGE,8086290.0,08086290,32.64866626,-99.00395066,"Big Sandy Ck abv Breckenridge, TX",2016,2.538387097,0.082068966,3.310967742,373.9276667,558.01,1251.325,3.575483871,9.168709677,54.31,46.41451613,123.6396667,1.382258065,280.0
Brazos,8086290.0,BSBR20,USGS GAGE,8086290.0,08086290,32.64866626,-99.00395066,"Big Sandy Ck abv Breckenridge, TX",2017,10.39741935,76.84571429,2.504516129,55.52566667,14.23935484,103.473,0.579354839,4.498387097,0.003666667,0.009354839,0.024666667,0.025806452,280.0
Brazos,8086290.0,BSBR20,USGS GAGE,8086290.0,08086290,32.64866626,-99.00395066,"Big Sandy Ck abv Breckenridge, TX",2018,0.036774194,1.258571429,11.1783871,0.030333333,0.006129032,0.0,0.0,0.0,0.195,382.5993548,34.291,118.6345161,280.0
Brazos,8086290.0,BSBR20,USGS GAGE,8086290.0,08086290,32.64866626,-99.00395066,"Big Sandy Ck abv Breckenridge, TX",2019,19.20129032,3.8025,7.827096774,65.38266667,405.6012903,137.6436667,3.548064516,0.082903226,0.032333333,0.006774194,0.027,0.018387097,280.0
Brazos,8086290.0,BSBR20,USGS GAGE,8086290.0,08086290,32.64866626,-99.00395066,"Big Sandy Ck abv Breckenridge, TX",2020,0.092903226,0.733103448,84.54,0.966333333,1.229032258,0.038666667,0.016451613,0.0,53.56966667,0.096774194,0.039,0.029354839,280.0
Brazos,8086290.0,BSBR20,USGS GAGE,8086290.0,08086290,32.64866626,-99.00395066,"Big Sandy Ck abv Breckenridge, TX",2021,0.037741935,0.045,0.062258065,62.42266667,254.343871,535.6793333,4.940967742,27.23096774,0.249,0.331612903,0.167333333,0.232580645,280.0
Brazos,8086290.0,BSBR20,USGS GAGE,8086290.0,08086290,32.64866626,-99.00395066,"Big Sandy Ck abv Breckenridge, TX",2022,0.443225806,0.4875,0.334193548,0.172,0.054516129,0.002,0.0,0.0,0.176666667,0.008064516,0.027333333,0.490967742,280.0
Brazos,8086290.0,BSBR20,USGS GAGE,8086290.0,08086290,32.64866626,-99.00395066,"Big Sandy Ck abv Breckenridge, TX",2023,0.039354839,0.1775,0.042903226,0.007,0.184193548,9.114666667,0.381612903,0.0,4.338333333,0.373870968,0.003666667,0.0,280.0
Brazos,8086290.0,BSBR20,USGS GAGE,8086290.0,08086290,32.64866626,-99.00395066,"Big Sandy Ck abv Breckenridge, TX",2024,0.020967742,2.373793103,16.41935484,1.574666667,10.37290323,0.710666667,0.0,0.0,12.81433333,0.0,83.273,0.209032258,280.0
Brazos,8088000.0,BRSB23,USGS GAGE,8088000.0,08088000,33.02382547,-98.64463263,"Brazos Rv nr South Bend, TX",2010,212.216129,647.4642857,360.2580645,3189.053333,1026.064516,360.9666667,2443.387097,401.0322581,853.2,286.8258065,119.1666667,111.7096774,22673.0
Brazos,8088000.0,BRSB23,USGS GAGE,8088000.0,08088000,33.02382547,-98.64463263,"Brazos Rv nr South Bend, TX",2011,100.5419355,104.0964286,63.37419355,34.40666667,12.94451613,1.03,0.0,8.636129032,0.0,193.0164516,53.28333333,11.58483871,22673.0
Brazos,8088000.0,BRSB23,USGS GAGE,8088000.0,08088000,33.02382547,-98.64463263,"Brazos Rv nr South Bend, TX",2012,290.7209677,31.66896552,40.12516129,10.31433333,25.36129032,178.1766667,6.840645161,32.34258065,63.56533333,66.13580645,1.538,0.485806452,22673.0
Brazos,8088000.0,BRSB23,USGS GAGE,8088000.0,08088000,33.02382547,-98.64463263,"Brazos Rv nr South Bend, TX",2013,2.575806452,3.932857143,6.196129032,40.71733333,66.09258065,287.8266667,438.2341935,246.0870968,45.56333333,16.94580645,2.917,3.47483871,22673.0
Brazos,8088000.0,BRSB23,USGS GAGE,8088000.0,08088000,33.02382547,-98.64463263,"Brazos Rv nr South Bend, TX",2014,5.979032258,11.3875,6.202903226,1.496,3.389354839,171.77,127.7,4.401612903,262.1266667,184.6903226,116.2033333,70.60322581,22673.0
Brazos,8088000.0,BRSB23,USGS GAGE,8088000.0,08088000,33.02382547,-98.64463263,"Brazos Rv nr South Bend, TX",2015,55.22580645,45.32142857,63.89677419,296.5466667,4822.290323,3451.7,1299.451613,164.6096774,39.22333333,378.683871,711.4166667,1093.322581,22673.0
Brazos,8088000.0,BRSB23,USGS GAGE,8088000.0,08088000,33.02382547,-98.64463263,"Brazos Rv nr South Bend, TX",2016,663.2580645,149.5172414,129.7516129,1544.403333,1995.0,6335.533333,200.6322581,749.6548387,1028.566667,396.4516129,628.7933333,163.6129032,22673.0
Brazos,8088000.0,BRSB23,USGS GAGE,8088000.0,08088000,33.02382547,-98.64463263,"Brazos Rv nr South Bend, TX",2017,171.1193548,992.5,123.1064516,175.2933333,248.0580645,1537.176667,182.4322581,75.59032258,191.6333333,132.4741935,31.61333333,36.49032258,22673.0
Brazos,8088000.0,BRSB23,USGS GAGE,8088000.0,08088000,33.02382547,-98.64463263,"Brazos Rv nr South Bend, TX",2018,34.92903226,39.74642857,117.0967742,36.60666667,235.9541935,121.658,1.639032258,0.0,1949.452,9862.967742,3302.533333,2720.83871,22673.0
Brazos,8088000.0,BRSB23,USGS GAGE,8088000.0,08088000,33.02382547,-98.64463263,"Brazos Rv nr South Bend, TX",2019,1763.645161,506.1785714,526.516129,2159.233333,8309.354839,6697.666667,651.1290323,140.1258065,170.73,122.3806452,270.1866667,114.7096774,22673.0
Brazos,8088000.0,BRSB23,USGS GAGE,8088000.0,08088000,33.02382547,-98.64463263,"Brazos Rv nr South Bend, TX",2020,179.3032258,243.9310345,3062.119355,711.7333333,446.0322581,608.6,132.5290323,12.38935484,2025.98,106.8419355,67.87666667,72.53870968,22673.0
Brazos,8088000.0,BRSB23,USGS GAGE,8088000.0,08088000,33.02382547,-98.64463263,"Brazos Rv nr South Bend, TX",2021,104.6225806,85.04642857,78.00967742,440.04,1778.129032,7524.0,1979.258065,338.9677419,96.57333333,72.97741935,55.18333333,57.02258065,22673.0
Brazos,8088000.0,BRSB23,USGS GAGE,8088000.0,08088000,33.02382547,-98.64463263,"Brazos Rv nr South Bend, TX",2022,47.49677419,55.12142857,38.11935484,91.72,172.7129032,380.698,0.508387097,84.38193548,136.289,10.97225806,34.61,47.59032258,22673.0
Brazos,8088000.0,BRSB23,USGS GAGE,8088000.0,08088000,33.02382547,-98.64463263,"Brazos Rv nr South Bend, TX",2023,27.95483871,40.76785714,226.3193548,52.4,666.3064516,1638.6,686.9645161,35.35806452,132.3996667,446.8709677,343.0333333,200.8451613,22673.0
Brazos,8088000.0,BRSB23,USGS GAGE,8088000.0,08088000,33.02382547,-98.64463263,"Brazos Rv nr South Bend, TX",2024,223.2129032,211.9655172,109.5516129,445.4466667,1825.516129,1742.0,143.2709677,26.3516129,117.9033333,31.0,1473.5,217.8387097,22673.0
Brazos,8089000.0,BRPP27,USGS GAGE,8089000.0,08089000,32.86284894,-98.30236414,"Brazos Rv nr Palo Pinto, TX",2010,115.1580645,212.7,670.6774194,4338.633333,2026.935484,191.8666667,2308.870968,311.2258065,821.6,170.0967742,94.52,47.20322581,23811.0
Brazos,8089000.0,BRPP27,USGS GAGE,8089000.0,08089000,32.86284894,-98.30236414,"Brazos Rv nr Palo Pinto, TX",2011,100.4709677,138.9285714,107.4516129,103.6566667,91.67419355,178.7433333,275.6129032,260.8225806,339.8033333,270.1483871,81.92,64.82580645,23811.0
Brazos,8089000.0,BRPP27,USGS GAGE,8089000.0,08089000,32.86284894,-98.30236414,"Brazos Rv nr Palo Pinto, TX",2012,343.3806452,114.3275862,351.3322581,115.8866667,69.13870968,71.72333333,42.10645161,45.03225806,131.23,101.8096774,80.78333333,62.93548387,23811.0
Brazos,8089000.0,BRPP27,USGS GAGE,8089000.0,08089000,32.86284894,-98.30236414,"Brazos Rv nr Palo Pinto, TX",2013,31.81290323,28.87857143,25.74516129,35.85,51.61290323,136.3,174.2580645,155.7096774,112.8233333,56.07419355,70.62333333,33.47419355,23811.0
Brazos,8089000.0,BRPP27,USGS GAGE,8089000.0,08089000,32.86284894,-98.30236414,"Brazos Rv nr Palo Pinto, TX",2014,21.40967742,29.41071429,24.20645161,89.18666667,68.78387097,36.09,15.1483871,29.0,34.3,38.21935484,41.34333333,41.78064516,23811.0
Brazos,8089000.0,BRPP27,USGS GAGE,8089000.0,08089000,32.86284894,-98.30236414,"Brazos Rv nr Palo Pinto, TX",2015,45.19677419,47.07857143,50.77096774,50.52,3511.66129,4148.2,1681.258065,185.9129032,114.0966667,273.4870968,2313.433333,1914.354839,23811.0
Brazos,8089000.0,BRPP27,USGS GAGE,8089000.0,08089000,32.86284894,-98.30236414,"Brazos Rv nr Palo Pinto, TX",2016,890.483871,249.8827586,341.3870968,4300.2,3164.677419,7342.433333,185.0645161,867.0709677,938.8233333,222.3870968,669.2466667,131.1935484,23811.0
Brazos,8089000.0,BRPP27,USGS GAGE,8089000.0,08089000,32.86284894,-98.30236414,"Brazos Rv nr Palo Pinto, TX",2017,186.8580645,1264.342857,188.4193548,274.4333333,157.5516129,1490.733333,207.5806452,104.6032258,117.7566667,120.6935484,85.86333333,67.55483871,23811.0
Brazos,8089000.0,BRPP27,USGS GAGE,8089000.0,08089000,32.86284894,-98.30236414,"Brazos Rv nr Palo Pinto, TX",2018,60.33225806,81.09285714,111.4612903,79.02333333,105.5774194,209.6666667,169.0,145.7129032,719.2433333,11007.48387,3070.2,2791.76129,23811.0
Brazos,8089000.0,BRPP27,USGS GAGE,8089000.0,08089000,32.86284894,-98.30236414,"Brazos Rv nr Palo Pinto, TX",2019,1674.612903,495.2107143,598.7064516,2343.133333,10771.29032,7285.166667,475.0,165.4516129,87.97333333,100.4387097,56.91333333,66.72580645,23811.0
Brazos,8089000.0,BRPP27,USGS GAGE,8089000.0,08089000,32.86284894,-98.30236414,"Brazos Rv nr Palo Pinto, TX",2020,110.4032258,236.1517241,4597.548387,663.4,620.0645161,387.9666667,224.6387097,155.3870968,1665.7,104.216129,78.71666667,75.00322581,23811.0
Brazos,8089000.0,BRPP27,USGS GAGE,8089000.0,08089000,32.86284894,-98.30236414,"Brazos Rv nr Palo Pinto, TX",2021,77.11290323,73.37857143,110.6225806,644.3666667,2550.741935,8812.533333,1849.354839,392.516129,168.0,155.383871,101.9266667,74.12903226,23811.0
Brazos,8089000.0,BRPP27,USGS GAGE,8089000.0,08089000,32.86284894,-98.30236414,"Brazos Rv nr Palo Pinto, TX",2022,91.03225806,79.61428571,153.3548387,109.6933333,115.3806452,153.0666667,215.6451613,175.1258065,86.42,345.4516129,73.44,36.91290323,23811.0
Brazos,8089000.0,BRPP27,USGS GAGE,8089000.0,08089000,32.86284894,-98.30236414,"Brazos Rv nr Palo Pinto, TX",2023,45.3,49.24285714,79.37741935,68.33333333,78.61935484,308.2,607.7741935,251.6129032,370.4666667,164.7096774,55.52666667,54.60322581,23811.0
Brazos,8089000.0,BRPP27,USGS GAGE,8089000.0,08089000,32.86284894,-98.30236414,"Brazos Rv nr Palo Pinto, TX",2024,63.27096774,73.55517241,160.483871,353.3,1998.290323,1494.666667,148.2419355,143.1741935,122.8866667,107.2516129,869.2666667,188.0322581,23811.0
Brazos,8090800.0,BRDE29,USGS GAGE,8090800.0,08090800,32.6157522,-97.92558922,"Brazos Rv nr Dennis, TX",2010,390.7967742,1075.821429,1151.064516,5477.133333,2534.225806,242.5,2263.903226,333.6451613,831.9666667,209.7741935,105.8166667,56.89032258,25237.0
Brazos,8090800.0,BRDE29,USGS GAGE,8090800.0,08090800,32.6157522,-97.92558922,"Brazos Rv nr Dennis, TX",2011,90.24516129,128.7142857,135.5483871,190.0,161.8193548,97.54,183.8064516,204.2548387,273.1533333,557.9193548,82.17666667,98.64193548,25237.0
Brazos,8090800.0,BRDE29,USGS GAGE,8090800.0,08090800,32.6157522,-97.92558922,"Brazos Rv nr Dennis, TX",2012,1625.987097,480.2413793,1551.096774,226.2666667,79.09677419,167.4366667,31.64193548,37.79096774,104.6866667,113.3,97.35333333,48.47096774,25237.0
Brazos,8090800.0,BRDE29,USGS GAGE,8090800.0,08090800,32.6157522,-97.92558922,"Brazos Rv nr Dennis, TX",2013,67.86451613,45.39642857,32.09354839,99.18333333,58.2516129,125.3433333,171.5483871,143.7612903,101.9,53.80322581,70.62666667,77.81612903,25237.0
Brazos,8090800.0,BRDE29,USGS GAGE,8090800.0,08090800,32.6157522,-97.92558922,"Brazos Rv nr Dennis, TX",2014,28.70645161,37.38214286,22.83548387,65.50333333,62.43225806,256.3466667,25.31645161,1.047741935,10.34033333,33.12387097,63.3,51.56774194,25237.0
Brazos,8090800.0,BRDE29,USGS GAGE,8090800.0,08090800,32.6157522,-97.92558922,"Brazos Rv nr Dennis, TX",2015,71.42580645,73.82142857,101.9903226,736.2666667,7606.887097,7036.3,2573.806452,228.3870968,116.4033333,231.0322581,4860.566667,2669.967742,25237.0
Brazos,8090800.0,BRDE29,USGS GAGE,8090800.0,08090800,32.6157522,-97.92558922,"Brazos Rv nr Dennis, TX",2016,1416.225806,391.2758621,2802.322581,8037.833333,4173.0,10338.63333,291.6774194,1076.964516,989.7,390.0645161,768.1,203.6774194,25237.0
Brazos,8090800.0,BRDE29,USGS GAGE,8090800.0,08090800,32.6157522,-97.92558922,"Brazos Rv nr Dennis, TX",2017,217.4,1194.392857,257.2580645,321.8333333,155.9354839,1664.1,258.4193548,154.7451613,114.2266667,139.7290323,92.38333333,75.51935484,25237.0
Brazos,8090800.0,BRDE29,USGS GAGE,8090800.0,08090800,32.6157522,-97.92558922,"Brazos Rv nr Dennis, TX",2018,66.42258065,226.7321429,217.2064516,101.26,96.40322581,206.4333333,150.1612903,151.2354839,676.47,12040.74194,3859.766667,2656.451613,25237.0
Brazos,8090800.0,BRDE29,USGS GAGE,8090800.0,08090800,32.6157522,-97.92558922,"Brazos Rv nr Dennis, TX",2019,2114.322581,625.5,700.4193548,2770.466667,13030.0,9162.0,824.2903226,231.8064516,180.4333333,208.0645161,148.1966667,79.63548387,25237.0
Brazos,8090800.0,BRDE29,USGS GAGE,8090800.0,08090800,32.6157522,-97.92558922,"Brazos Rv nr Dennis, TX",2020,224.0806452,396.0,6268.645161,1109.033333,872.0645161,536.2333333,335.9677419,181.516129,2066.8,176.0064516,82.98,82.42903226,25237.0
Brazos,8090800.0,BRDE29,USGS GAGE,8090800.0,08090800,32.6157522,-97.92558922,"Brazos Rv nr Dennis, TX",2021,119.0096774,81.98928571,95.47096774,507.8833333,4450.709677,10327.23333,2104.870968,874.8064516,160.3,446.4516129,106.84,92.52258065,25237.0
Brazos,8090800.0,BRDE29,USGS GAGE,8090800.0,08090800,32.6157522,-97.92558922,"Brazos Rv nr Dennis, TX",2022,90.2,97.77857143,125.9645161,117.8766667,209.9193548,121.74,176.0322581,176.1806452,78.55,297.8935484,144.2566667,76.29032258,25237.0
Brazos,8090800.0,BRDE29,USGS GAGE,8090800.0,08090800,32.6157522,-97.92558922,"Brazos Rv nr Dennis, TX",2023,37.06774194,61.93571429,69.07096774,55.51,184.1870968,262.0366667,607.9354839,171.7419355,284.0333333,362.5612903,106.0366667,72.93870968,25237.0
Brazos,8090800.0,BRDE29,USGS GAGE,8090800.0,08090800,32.6157522,-97.92558922,"Brazos Rv nr Dennis, TX",2024,104.0419355,124.8655172,480.3258065,453.3333333,2653.967742,1659.1,217.6129032,167.483871,336.8366667,71.34516129,1035.666667,272.9677419,25237.0
Brazos,8091000.0,BRGR30,USGS GAGE,8091000.0,08091000,32.27158287,-97.66341308,"Brazos Rv nr Glen Rose, TX",2010,384.0290323,1448.214286,1333.709677,5816.996667,2654.096774,97.68666667,2097.929032,136.7225806,988.1866667,156.5032258,52.42666667,36.66129032,25818.0
Brazos,8091000.0,BRGR30,USGS GAGE,8091000.0,08091000,32.27158287,-97.66341308,"Brazos Rv nr Glen Rose, TX",2011,38.67741935,50.61785714,60.21612903,35.74666667,154.7387097,60.19333333,60.26774194,80.69354839,345.61,283.783871,201.4566667,74.75483871,25818.0
Brazos,8091000.0,BRGR30,USGS GAGE,8091000.0,08091000,32.27158287,-97.66341308,"Brazos Rv nr Glen Rose, TX",2012,1709.154839,832.8,2058.558065,343.9766667,42.5,37.06666667,28.54193548,31.31290323,19.84333333,22.37741935,24.68333333,27.31935484,25818.0
Brazos,8091000.0,BRGR30,USGS GAGE,8091000.0,08091000,32.27158287,-97.66341308,"Brazos Rv nr Glen Rose, TX",2013,42.86451613,28.88571429,30.38387097,33.62666667,27.6483871,18.81666667,26.08064516,17.2483871,24.33666667,23.46129032,25.32666667,37.13548387,25818.0
Brazos,8091000.0,BRGR30,USGS GAGE,8091000.0,08091000,32.27158287,-97.66341308,"Brazos Rv nr Glen Rose, TX",2014,26.71290323,23.05357143,19.77419355,18.43,29.63225806,227.4233333,17.06129032,9.493225806,8.855333333,11.42064516,18.54333333,19.08387097,25818.0
Brazos,8091000.0,BRGR30,USGS GAGE,8091000.0,08091000,32.27158287,-97.66341308,"Brazos Rv nr Glen Rose, TX",2015,21.22580645,19.58928571,23.00967742,121.2666667,8085.358065,7549.333333,2331.96129,74.8516129,18.23666667,229.3096774,5911.866667,3012.129032,25818.0
Brazos,8091000.0,BRGR30,USGS GAGE,8091000.0,08091000,32.27158287,-97.66341308,"Brazos Rv nr Glen Rose, TX",2016,1675.16129,555.9068966,2960.677419,8578.64,4937.483871,12885.76667,220.6,877.9419355,708.3633333,430.9064516,719.6233333,93.58467742,25818.0
Brazos,8091000.0,BRGR30,USGS GAGE,8091000.0,08091000,32.27158287,-97.66341308,"Brazos Rv nr Glen Rose, TX",2017,172.0645161,1324.139286,234.8258065,314.3193333,45.8583871,1739.926667,195.0209677,139.9603226,13.884,21.15483871,23.64433333,20.32483871,25818.0
Brazos,8091000.0,BRGR30,USGS GAGE,8091000.0,08091000,32.27158287,-97.66341308,"Brazos Rv nr Glen Rose, TX",2018,25.4,468.4178571,409.4935484,49.77666667,36.05483871,13.96533333,11.91967742,17.44322581,580.4093333,13008.48387,4088.766667,2446.709677,25818.0
Brazos,8091000.0,BRGR30,USGS GAGE,8091000.0,08091000,32.27158287,-97.66341308,"Brazos Rv nr Glen Rose, TX",2019,2542.967742,670.8214286,832.3354839,3165.263333,13187.41935,8577.0,715.3967742,29.44516129,26.42666667,27.24193548,28.36333333,28.51935484,25818.0
Brazos,8091000.0,BRGR30,USGS GAGE,8091000.0,08091000,32.27158287,-97.66341308,"Brazos Rv nr Glen Rose, TX",2020,148.716129,386.5551724,6883.148387,854.6,693.3967742,307.2266667,175.9419355,11.43225806,1675.103333,53.2483871,28.73333333,31.80645161,25818.0
Brazos,8091000.0,BRGR30,USGS GAGE,8091000.0,08091000,32.27158287,-97.66341308,"Brazos Rv nr Glen Rose, TX",2021,78.99032258,116.4321429,76.21935484,410.62,6132.129032,11508.0,2669.870968,833.6419355,34.79666667,369.3064516,30.64333333,26.7,25818.0
Brazos,8091000.0,BRGR30,USGS GAGE,8091000.0,08091000,32.27158287,-97.66341308,"Brazos Rv nr Glen Rose, TX",2022,22.95483871,23.52142857,87.50645161,60.46333333,78.31612903,10.80666667,11.11612903,28.92580645,32.46,160.0354839,110.6866667,36.01612903,25818.0
Brazos,8091000.0,BRGR30,USGS GAGE,8091000.0,08091000,32.27158287,-97.66341308,"Brazos Rv nr Glen Rose, TX",2023,20.53870968,70.35357143,51.7516129,24.68333333,67.49354839,23.25,242.5774194,8.934516129,155.6893333,1008.196774,128.9666667,92.28064516,25818.0
Brazos,8091000.0,BRGR30,USGS GAGE,8091000.0,08091000,32.27158287,-97.66341308,"Brazos Rv nr Glen Rose, TX",2024,133.5516129,295.2413793,867.6612903,789.2633333,3943.258065,1950.463333,36.31612903,18.3,168.6366667,18.62903226,732.02,195.6580645,25818.0
Brazos,8091500.0,PAGR31,USGS GAGE,8091500.0,08091500,32.23134997,-97.77720688,"Paluxy Rv at Glen Rose, TX",2010,107.2225806,259.2142857,209.3225806,193.0133333,88.57741935,35.18666667,32.56774194,5.488064516,102.636,15.45677419,12.87333333,14.60322581,410.0
Brazos,8091500.0,PAGR31,USGS GAGE,8091500.0,08091500,32.23134997,-97.77720688,"Paluxy Rv at Glen Rose, TX",2011,15.27741935,13.35357143,11.90322581,10.43566667,12.60548387,0.642,0.0,1.088709677,0.0,37.46225806,2.740333333,9.558709677,410.0
Brazos,8091500.0,PAGR31,USGS GAGE,8091500.0,08091500,32.23134997,-97.77720688,"Paluxy Rv at Glen Rose, TX",2012,444.3103226,210.7310345,385.9258065,70.17333333,25.81612903,30.74233333,3.967741935,2.383225806,0.073,0.204516129,0.206333333,0.837419355,410.0
Brazos,8091500.0,PAGR31,USGS GAGE,8091500.0,08091500,32.23134997,-97.77720688,"Paluxy Rv at Glen Rose, TX",2013,10.00774194,8.494642857,8.943870968,9.932333333,4.397741935,0.601666667,0.007419355,0.0,13.878,0.899354839,0.399666667,4.824516129,410.0
Brazos,8091500.0,PAGR31,USGS GAGE,8091500.0,08091500,32.23134997,-97.77720688,"Paluxy Rv at Glen Rose, TX",2014,4.18483871,4.633928571,5.399354839,4.557333333,39.04,93.98933333,5.927096774,0.431290323,0.080333333,0.028709677,0.341,0.362580645,410.0
Brazos,8091500.0,PAGR31,USGS GAGE,8091500.0,08091500,32.23134997,-97.77720688,"Paluxy Rv at Glen Rose, TX",2015,0.841612903,0.446428571,0.812258065,303.155,2314.280645,405.1133333,65.67096774,21.50967742,10.26466667,84.02935484,603.4133333,343.4258065,410.0
Brazos,8091500.0,PAGR31,USGS GAGE,8091500.0,08091500,32.23134997,-97.77720688,"Paluxy Rv at Glen Rose, TX",2016,138.3677419,68.05517241,193.4935484,786.9666667,976.483871,1645.333333,61.58709677,26.70967742,22.97,21.30322581,38.37333333,21.60322581,410.0
Brazos,8091500.0,PAGR31,USGS GAGE,8091500.0,08091500,32.23134997,-97.77720688,"Paluxy Rv at Glen Rose, TX",2017,25.0483871,24.60714286,20.46129032,30.78,11.68225806,64.34933333,36.70322581,18.29967742,5.444333333,4.755806452,6.297666667,10.65225806,410.0
Brazos,8091500.0,PAGR31,USGS GAGE,8091500.0,08091500,32.23134997,-97.77720688,"Paluxy Rv at Glen Rose, TX",2018,12.19354839,89.18571429,33.88387097,22.34333333,17.56709677,2.561666667,0.226451613,0.032580645,24.21433333,816.1883871,148.5966667,111.2903226,410.0
Brazos,8091500.0,PAGR31,USGS GAGE,8091500.0,08091500,32.23134997,-97.77720688,"Paluxy Rv at Glen Rose, TX",2019,123.8419355,68.41785714,79.85806452,388.7933333,1115.741935,436.9266667,63.8483871,22.54516129,13.81166667,11.01903226,15.02666667,16.26129032,410.0
Brazos,8091500.0,PAGR31,USGS GAGE,8091500.0,08091500,32.23134997,-97.77720688,"Paluxy Rv at Glen Rose, TX",2020,21.59354839,22.94137931,148.0870968,50.73333333,35.29677419,17.85166667,6.734193548,0.502258065,79.92366667,9.227741935,11.92333333,13.55483871,410.0
Brazos,8091500.0,PAGR31,USGS GAGE,8091500.0,08091500,32.23134997,-97.77720688,"Paluxy Rv at Glen Rose, TX",2021,16.1516129,15.62142857,18.82258065,32.67333333,621.5419355,507.9766667,45.61935484,27.84516129,10.27966667,12.44709677,12.39566667,15.1516129,410.0
Brazos,8091500.0,PAGR31,USGS GAGE,8091500.0,08091500,32.23134997,-97.77720688,"Paluxy Rv at Glen Rose, TX",2022,14.68709677,15.7,13.62258065,14.75,6.546451613,1.421333333,0.0,0.406451613,6.416333333,1.26,8.098666667,14.78032258,410.0
Brazos,8091500.0,PAGR31,USGS GAGE,8091500.0,08091500,32.23134997,-97.77720688,"Paluxy Rv at Glen Rose, TX",2023,8.608064516,21.04285714,17.22580645,11.37166667,37.44548387,8.143333333,0.114516129,0.0,0.0,355.4516129,67.99,35.0483871,410.0
Brazos,8091500.0,PAGR31,USGS GAGE,8091500.0,08091500,32.23134997,-97.77720688,"Paluxy Rv at Glen Rose, TX",2024,49.75483871,91.63103448,207.5032258,148.8866667,587.7096774,335.5533333,59.40322581,15.43645161,20.58566667,8.477096774,11.53566667,15.39032258,410.0
Brazos,8092000.0,NRBL32,USGS GAGE,8092000.0,08092000,32.15032337,-97.40244965,"Nolan Rv at Blum, TX",2010,334.1774194,357.5714286,258.7419355,84.04333333,25.96129032,4.688,4.067419355,7.174193548,531.616,10.05612903,6.357,9.433870968,282.0
Brazos,8092000.0,NRBL32,USGS GAGE,8092000.0,08092000,32.15032337,-97.40244965,"Nolan Rv at Blum, TX",2011,14.85935484,11.18428571,6.677741935,16.06833333,16.12096774,5.170333333,2.137419355,1.801612903,2.749666667,19.23677419,5.902333333,32.35096774,282.0
Brazos,8092000.0,NRBL32,USGS GAGE,8092000.0,08092000,32.15032337,-97.40244965,"Nolan Rv at Blum, TX",2012,272.323871,168.2172414,419.9870968,39.90333333,28.05806452,20.23333333,5.143870968,5.13483871,11.54633333,2.871290323,3.477666667,3.691612903,282.0
Brazos,8092000.0,NRBL32,USGS GAGE,8092000.0,08092000,32.15032337,-97.40244965,"Nolan Rv at Blum, TX",2013,11.87741935,6.090714286,9.332580645,22.02033333,75.82,6.667333333,5.566129032,0.741935484,10.96133333,16.28032258,8.919333333,24.20129032,282.0
Brazos,8092000.0,NRBL32,USGS GAGE,8092000.0,08092000,32.15032337,-97.40244965,"Nolan Rv at Blum, TX",2014,6.985483871,5.774642857,6.137096774,7.939,48.30903226,122.342,5.153870968,3.748064516,4.344,4.502903226,2.357666667,3.062903226,282.0
Brazos,8092000.0,NRBL32,USGS GAGE,8092000.0,08092000,32.15032337,-97.40244965,"Nolan Rv at Blum, TX",2015,12.70967742,11.525,60.25806452,376.0133333,2210.2,339.2133333,19.10290323,6.500645161,7.984,387.483871,998.8633333,351.6741935,282.0
Brazos,8092000.0,NRBL32,USGS GAGE,8092000.0,08092000,32.15032337,-97.40244965,"Nolan Rv at Blum, TX",2016,130.7903226,99.81034483,370.8096774,607.94,264.1258065,957.91,33.77419355,16.48870968,8.787,8.961290323,14.19233333,7.205483871,282.0
Brazos,8092000.0,NRBL32,USGS GAGE,8092000.0,08092000,32.15032337,-97.40244965,"Nolan Rv at Blum, TX",2017,86.91903226,31.96071429,20.15806452,68.24666667,14.98032258,62.16233333,87.86322581,10.05967742,7.637333333,9.34,8.442333333,12.71516129,282.0
Brazos,8092000.0,NRBL32,USGS GAGE,8092000.0,08092000,32.15032337,-97.40244965,"Nolan Rv at Blum, TX",2018,7.066129032,131.1089286,120.7225806,46.14,55.01483871,5.215,7.224193548,25.80580645,290.672,1532.777419,264.4366667,291.8870968,282.0
Brazos,8092000.0,NRBL32,USGS GAGE,8092000.0,08092000,32.15032337,-97.40244965,"Nolan Rv at Blum, TX",2019,299.0967742,53.14642857,106.0774194,283.38,1087.593548,154.5166667,11.81935484,4.693225806,2.275666667,9.487741935,5.802333333,8.490967742,282.0
Brazos,8092000.0,NRBL32,USGS GAGE,8092000.0,08092000,32.15032337,-97.40244965,"Nolan Rv at Blum, TX",2020,24.63741935,92.21758621,350.2645161,85.22333333,71.46774194,28.82033333,6.052903226,1.45483871,26.84066667,4.589677419,3.94,7.257096774,282.0
Brazos,8092000.0,NRBL32,USGS GAGE,8092000.0,08092000,32.15032337,-97.40244965,"Nolan Rv at Blum, TX",2021,15.74451613,10.65571429,22.64290323,113.6713333,719.5806452,327.1433333,37.59,7.809354839,5.403,8.734193548,6.365,5.785806452,282.0
Brazos,8092000.0,NRBL32,USGS GAGE,8092000.0,08092000,32.15032337,-97.40244965,"Nolan Rv at Blum, TX",2022,4.888387097,8.469642857,10.72516129,13.89566667,5.779677419,0.898666667,0.425806452,73.8016129,27.267,10.53064516,40.012,25.65483871,282.0
Brazos,8092000.0,NRBL32,USGS GAGE,8092000.0,08092000,32.15032337,-97.40244965,"Nolan Rv at Blum, TX",2023,15.66451613,54.59642857,30.82258065,15.67666667,58.80645161,13.12633333,1.304516129,1.122258065,3.192333333,262.4577419,20.24766667,227.993871,282.0
Brazos,8092000.0,NRBL32,USGS GAGE,8092000.0,08092000,32.15032337,-97.40244965,"Nolan Rv at Blum, TX",2024,117.2903226,228.5310345,152.7806452,376.9066667,970.1741935,220.8866667,29.44193548,7.301290323,10.92466667,6.863548387,7.513,13.23322581,282.0
Brazos,8093100.0,BRAQ33,USGS GAGE,8093100.0,08093100,31.81175371,-97.2967503,"Brazos Rv nr Aquilla, TX",2010,631.6419355,4351.071429,2466.129032,5698.0,3112.903226,984.8,842.6451613,473.5,2796.266667,1417.419355,1421.113333,111.8225806,27244.0
Brazos,8093100.0,BRAQ33,USGS GAGE,8093100.0,08093100,31.81175371,-97.2967503,"Brazos Rv nr Aquilla, TX",2011,91.42580645,104.5571429,42.45806452,214.78,349.4709677,429.5566667,236.4032258,177.5709677,531.8666667,446.5483871,339.8733333,74.45483871,27244.0
Brazos,8093100.0,BRAQ33,USGS GAGE,8093100.0,08093100,31.81175371,-97.2967503,"Brazos Rv nr Aquilla, TX",2012,97.26129032,96.86206897,2429.451613,1234.3,144.8354839,317.8133333,430.3225806,886.1612903,1680.333333,269.4258065,46.05666667,79.05483871,27244.0
Brazos,8093100.0,BRAQ33,USGS GAGE,8093100.0,08093100,31.81175371,-97.2967503,"Brazos Rv nr Aquilla, TX",2013,93.3,20.51428571,87.0516129,89.78666667,134.9419355,260.0666667,306.5322581,94.43870968,51.04666667,87.95806452,35.59333333,54.68064516,27244.0
Brazos,8093100.0,BRAQ33,USGS GAGE,8093100.0,08093100,31.81175371,-97.2967503,"Brazos Rv nr Aquilla, TX",2014,40.30967742,71.48214286,223.3096774,46.55666667,71.72903226,91.04666667,223.3709677,221.0612903,320.7766667,86.02903226,83.43333333,32.18709677,27244.0
Brazos,8093100.0,BRAQ33,USGS GAGE,8093100.0,08093100,31.81175371,-97.2967503,"Brazos Rv nr Aquilla, TX",2015,40.57741935,17.11071429,41.47419355,24.61,3384.387097,17152.33333,5788.096774,467.1612903,373.98,228.5903226,4672.996667,9929.032258,27244.0
Brazos,8093100.0,BRAQ33,USGS GAGE,8093100.0,08093100,31.81175371,-97.2967503,"Brazos Rv nr Aquilla, TX",2016,3989.316129,1611.758621,4472.329032,4840.733333,11024.06452,16900.0,4436.535484,1162.048387,847.6233333,393.9645161,762.6233333,556.3193548,27244.0
Brazos,8093100.0,BRAQ33,USGS GAGE,8093100.0,08093100,31.81175371,-97.2967503,"Brazos Rv nr Aquilla, TX",2017,564.8935484,825.9142857,1039.516129,792.4266667,192.2677419,1226.27,1076.567742,322.5580645,33.69666667,166.3645161,31.66666667,35.8,27244.0
Brazos,8093100.0,BRAQ33,USGS GAGE,8093100.0,08093100,31.81175371,-97.2967503,"Brazos Rv nr Aquilla, TX",2018,35.10645161,150.3607143,574.583871,81.22333333,130.8387097,159.73,583.4451613,543.1935484,37.29333333,11289.86774,11660.1,2792.451613,27244.0
Brazos,8093100.0,BRAQ33,USGS GAGE,8093100.0,08093100,31.81175371,-97.2967503,"Brazos Rv nr Aquilla, TX",2019,5620.741935,1333.567857,2082.767742,2245.186667,14836.54839,14823.33333,1409.483871,843.5709677,113.32,65.01612903,125.6,46.95806452,27244.0
Brazos,8093100.0,BRAQ33,USGS GAGE,8093100.0,08093100,31.81175371,-97.2967503,"Brazos Rv nr Aquilla, TX",2020,57.23870968,297.8137931,5712.629032,2336.666667,583.3774194,168.2366667,174.1935484,263.9612903,1339.776667,707.2129032,179.97,62.54193548,27244.0
Brazos,8093100.0,BRAQ33,USGS GAGE,8093100.0,08093100,31.81175371,-97.2967503,"Brazos Rv nr Aquilla, TX",2021,73.3516129,464.3678571,65.47096774,55.95666667,7189.919355,13526.33333,3202.1,658.2935484,285.0566667,409.5387097,54.76333333,42.26451613,27244.0
Brazos,8093100.0,BRAQ33,USGS GAGE,8093100.0,08093100,31.81175371,-97.2967503,"Brazos Rv nr Aquilla, TX",2022,22.9,23.975,93.90322581,32.29333333,75.65806452,505.8433333,483.516129,52.08709677,38.81666667,264.116129,60.68,37.55483871,27244.0
Brazos,8093100.0,BRAQ33,USGS GAGE,8093100.0,08093100,31.81175371,-97.2967503,"Brazos Rv nr Aquilla, TX",2023,36.82903226,42.91428571,34.86129032,33.68,30.4,27.21,316.2419355,213.7290323,244.23,65.33225806,64.44,73.20645161,27244.0
Brazos,8093100.0,BRAQ33,USGS GAGE,8093100.0,08093100,31.81175371,-97.2967503,"Brazos Rv nr Aquilla, TX",2024,285.5258065,1614.931034,1630.370968,1473.266667,6106.516129,6046.7,299.7419355,87.88387097,79.90333333,263.8,124.1533333,201.4774194,27244.0
Brazos,8094800.0,NBHI35,USGS GAGE,8094800.0,08094800,31.97731813,-98.03454975,"N Bosque Rv at Hico, TX",2010,1.828877764,2.467623896,3.872881479,4.094821629,6.800683219,6.330433521,2.296758789,1.137781805,1.34288015,1.416902863,1.724942884,1.57898967,359.0
Brazos,8094800.0,NBHI35,USGS GAGE,8094800.0,08094800,31.97731813,-98.03454975,"N Bosque Rv at Hico, TX",2011,1.828877764,2.467623896,3.872881479,4.094821629,6.800683219,6.330433521,2.296758789,1.137781805,1.34288015,1.416902863,1.724942884,1.57898967,359.0
Brazos,8094800.0,NBHI35,USGS GAGE,8094800.0,08094800,31.97731813,-98.03454975,"N Bosque Rv at Hico, TX",2012,1.828877764,2.465937137,3.905339797,4.183803839,6.727984777,6.349478464,2.198257521,1.130409569,1.356846442,1.410759333,1.727376404,1.594450888,359.0
Brazos,8094800.0,NBHI35,USGS GAGE,8094800.0,08094800,31.97731813,-98.03454975,"N Bosque Rv at Hico, TX",2013,1.828877764,2.467623896,3.872881479,4.094821629,6.800683219,6.330433521,2.296758789,1.137781805,1.34288015,1.416902863,1.724942884,1.57898967,359.0
Brazos,8094800.0,NBHI35,USGS GAGE,8094800.0,08094800,31.97731813,-98.03454975,"N Bosque Rv at Hico, TX",2014,1.828877764,2.467623896,3.872881479,3.479758895,9.775806452,2.627,0.681290323,0.08516129,0.036333333,3.191612903,4.591,0.41516129,359.0
Brazos,8094800.0,NBHI35,USGS GAGE,8094800.0,08094800,31.97731813,-98.03454975,"N Bosque Rv at Hico, TX",2015,2.805483871,0.301428571,3.545806452,94.83166667,1416.490323,202.7533333,37.13032258,4.283548387,2.837,70.71580645,363.36,129.5096774,359.0
Brazos,8094800.0,NBHI35,USGS GAGE,8094800.0,08094800,31.97731813,-98.03454975,"N Bosque Rv at Hico, TX",2016,50.90967742,38.50689655,93.74516129,478.3666667,930.1225806,1019.09,29.04516129,10.23193548,7.031666667,3.779032258,11.57866667,5.700322581,359.0
Brazos,8094800.0,NBHI35,USGS GAGE,8094800.0,08094800,31.97731813,-98.03454975,"N Bosque Rv at Hico, TX",2017,9.369032258,10.02035714,8.326774194,23.444,9.386774194,223.4226667,44.40967742,13.73645161,2.016666667,2.142903226,12.87966667,8.485806452,359.0
Brazos,8094800.0,NBHI35,USGS GAGE,8094800.0,08094800,31.97731813,-98.03454975,"N Bosque Rv at Hico, TX",2018,4.084193548,63.01,15.31096774,8.291333333,10.22935484,1.627,0.030322581,0.30516129,21.83233333,629.7719355,103.7233333,106.8322581,359.0
Brazos,8094800.0,NBHI35,USGS GAGE,8094800.0,08094800,31.97731813,-98.03454975,"N Bosque Rv at Hico, TX",2019,91.70322581,46.87857143,59.06129032,421.7233333,1104.645161,203.3033333,20.38709677,11.77354839,6.123666667,5.673870968,5.553,4.421290323,359.0
Brazos,8094800.0,NBHI35,USGS GAGE,8094800.0,08094800,31.97731813,-98.03454975,"N Bosque Rv at Hico, TX",2020,6.434516129,9.403103448,177.9290323,36.05666667,20.13548387,11.43466667,5.479354839,0.527741935,224.325,4.682903226,4.021,5.250322581,359.0
Brazos,8094800.0,NBHI35,USGS GAGE,8094800.0,08094800,31.97731813,-98.03454975,"N Bosque Rv at Hico, TX",2021,8.710322581,5.736785714,12.57387097,29.22033333,342.5225806,531.3233333,47.00645161,14.05193548,5.321,11.30548387,5.808333333,4.815806452,359.0
Brazos,8094800.0,NBHI35,USGS GAGE,8094800.0,08094800,31.97731813,-98.03454975,"N Bosque Rv at Hico, TX",2022,4.945806452,7.659285714,5.014193548,6.341666667,2.091935484,0.182333333,0.0,0.0,0.003666667,0.204193548,3.648,7.08483871,359.0
Brazos,8094800.0,NBHI35,USGS GAGE,8094800.0,08094800,31.97731813,-98.03454975,"N Bosque Rv at Hico, TX",2023,1.581290323,5.389642857,6.463870968,6.951,9.033548387,2.429666667,0.0,0.0,6.977,209.326129,15.025,6.492258065,359.0
Brazos,8094800.0,NBHI35,USGS GAGE,8094800.0,08094800,31.97731813,-98.03454975,"N Bosque Rv at Hico, TX",2024,16.63709677,56.6,138.5451613,35.63,279.3483871,220.4833333,11.1383871,4.522580645,16.66033333,7.381290323,6.242333333,5.046451613,359.0
Brazos,8095000.0,NBCL36,USGS GAGE,8095000.0,08095000,31.78593767,-97.56741375,"N Bosque Rv nr Clifton, TX",2010,1143.790323,1114.607143,743.1935484,356.3666667,112.4129032,49.57333333,86.38387097,18.93516129,412.3966667,22.79354839,20.42333333,22.73225806,968.0
Brazos,8095000.0,NBCL36,USGS GAGE,8095000.0,08095000,31.78593767,-97.56741375,"N Bosque Rv nr Clifton, TX",2011,32.43225806,24.07142857,16.32903226,12.14,13.90967742,5.029,0.960967742,0.045483871,1.140333333,134.5574194,4.529333333,10.90258065,968.0
Brazos,8095000.0,NBCL36,USGS GAGE,8095000.0,08095000,31.78593767,-97.56741375,"N Bosque Rv nr Clifton, TX",2012,705.17,425.8206897,895.2290323,98.78333333,96.54193548,32.98533333,2.067096774,0.08,0.122,0.624516129,0.646333333,0.393870968,968.0
Brazos,8095000.0,NBCL36,USGS GAGE,8095000.0,08095000,31.78593767,-97.56741375,"N Bosque Rv nr Clifton, TX",2013,16.25709677,7.243571429,4.22516129,8.324,2.726451613,3.369333333,3.445483871,1.228709677,10.78766667,19.94419355,2.691333333,17.53129032,968.0
Brazos,8095000.0,NBCL36,USGS GAGE,8095000.0,08095000,31.78593767,-97.56741375,"N Bosque Rv nr Clifton, TX",2014,8.037741935,5.979642857,4.073225806,2.783666667,49.45548387,102.496,6.347096774,0.731935484,0.207333333,1.052580645,1.627333333,3.001612903,968.0
Brazos,8095000.0,NBCL36,USGS GAGE,8095000.0,08095000,31.78593767,-97.56741375,"N Bosque Rv nr Clifton, TX",2015,15.14,17.43321429,55.4,147.39,3406.664516,832.8333333,132.1516129,15.28290323,7.360666667,819.1580645,1629.666667,909.3870968,968.0
Brazos,8095000.0,NBCL36,USGS GAGE,8095000.0,08095000,31.78593767,-97.56741375,"N Bosque Rv nr Clifton, TX",2016,417.0645161,286.7241379,1154.870968,2216.2,1978.870968,2572.6,126.5,269.3645161,61.04333333,30.40645161,205.0866667,70.47096774,968.0
Brazos,8095000.0,NBCL36,USGS GAGE,8095000.0,08095000,31.78593767,-97.56741375,"N Bosque Rv nr Clifton, TX",2017,137.0193548,240.2642857,120.2548387,468.7333333,65.32903226,478.7066667,111.4290323,45.47096774,11.352,12.17774194,13.27533333,18.12677419,968.0
Brazos,8095000.0,NBCL36,USGS GAGE,8095000.0,08095000,31.78593767,-97.56741375,"N Bosque Rv nr Clifton, TX",2018,13.92903226,243.9492857,118.4580645,56.05,98.00322581,6.219333333,0.770645161,1.706129032,165.0876667,3530.693548,693.5666667,728.1612903,968.0
Brazos,8095000.0,NBCL36,USGS GAGE,8095000.0,08095000,31.78593767,-97.56741375,"N Bosque Rv nr Clifton, TX",2019,801.8064516,263.5,294.3548387,884.9666667,2777.548387,453.1,83.79032258,29.50645161,14.27433333,16.78774194,18.58733333,17.69032258,968.0
Brazos,8095000.0,NBCL36,USGS GAGE,8095000.0,08095000,31.78593767,-97.56741375,"N Bosque Rv nr Clifton, TX",2020,23.23225806,95.96896552,581.983871,127.2233333,85.68709677,26.96333333,58.62483871,6.638709677,378.3866667,20.3,29.285,25.60322581,968.0
Brazos,8095000.0,NBCL36,USGS GAGE,8095000.0,08095000,31.78593767,-97.56741375,"N Bosque Rv nr Clifton, TX",2021,32.67419355,19.52142857,78.89032258,85.52,671.2258065,1220.3,136.1870968,67.9,15.56333333,22.21290323,13.56433333,13.58645161,968.0
Brazos,8095000.0,NBCL36,USGS GAGE,8095000.0,08095000,31.78593767,-97.56741375,"N Bosque Rv nr Clifton, TX",2022,11.40290323,15.42857143,11.01290323,8.001333333,4.625806452,0.634333333,0.12516129,0.429032258,0.251,0.829677419,3.939,5.991612903,968.0
Brazos,8095000.0,NBCL36,USGS GAGE,8095000.0,08095000,31.78593767,-97.56741375,"N Bosque Rv nr Clifton, TX",2023,1.6,8.94,5.468387097,18.12933333,34.64419355,2.833333333,0.14483871,0.174516129,10.02833333,2026.200323,127.8066667,124.4129032,968.0
Brazos,8095000.0,NBCL36,USGS GAGE,8095000.0,08095000,31.78593767,-97.56741375,"N Bosque Rv nr Clifton, TX",2024,184.7096774,569.7931034,439.2258065,344.7366667,3088.0,741.8,93.2483871,27.8516129,51.50666667,14.25258065,17.86666667,21.84516129,968.0
Brazos,8095200.0,NBVM37,USGS GAGE,8095200.0,08095200,31.66978462,-97.46915837,"N Bosque Rv at Valley Mills, TX",2010,1592.967742,1778.892857,944.9354839,455.6666667,161.5290323,83.76333333,136.2419355,40.78709677,617.79,43.73225806,30.01333333,40.99354839,1146.0
Brazos,8095200.0,NBVM37,USGS GAGE,8095200.0,08095200,31.66978462,-97.46915837,"N Bosque Rv at Valley Mills, TX",2011,53.19677419,37.82857143,28.41935484,25.14,16.97290323,5.337,1.853548387,0.605483871,1.142,197.1019355,10.316,20.6283871,1146.0
Brazos,8095200.0,NBVM37,USGS GAGE,8095200.0,08095200,31.66978462,-97.46915837,"N Bosque Rv at Valley Mills, TX",2012,770.5958065,474.6206897,1074.464516,127.92,108.5129032,36.003,6.568064516,2.716451613,2.452,2.935806452,4.312333333,3.240645161,1146.0
Brazos,8095200.0,NBVM37,USGS GAGE,8095200.0,08095200,31.66978462,-97.46915837,"N Bosque Rv at Valley Mills, TX",2013,26.32870968,6.991785714,7.59516129,59.20266667,5.809354839,3.019333333,4.73483871,0.193870968,39.22,79.81129032,9.221666667,56.03903226,1146.0
Brazos,8095200.0,NBVM37,USGS GAGE,8095200.0,08095200,31.66978462,-97.46915837,"N Bosque Rv at Valley Mills, TX",2014,14.40967742,10.5975,10.45290323,7.251666667,71.99419355,141.1726667,11.60193548,2.424516129,1.586666667,2.984516129,3.978333333,3.979354839,1146.0
Brazos,8095200.0,NBVM37,USGS GAGE,8095200.0,08095200,31.66978462,-97.46915837,"N Bosque Rv at Valley Mills, TX",2015,14.19451613,8.220357143,44.78580645,227.5166667,3949.464516,1283.366667,189.1258065,25.02903226,18.18,1038.63871,1799.5,1226.451613,1146.0
Brazos,8095200.0,NBVM37,USGS GAGE,8095200.0,08095200,31.66978462,-97.46915837,"N Bosque Rv at Valley Mills, TX",2016,485.6774194,306.2068966,1390.677419,2767.333333,2229.548387,2824.466667,136.616129,389.0612903,94.59333333,57.75483871,246.7433333,93.09677419,1146.0
Brazos,8095200.0,NBVM37,USGS GAGE,8095200.0,08095200,31.66978462,-97.46915837,"N Bosque Rv at Valley Mills, TX",2017,187.7290323,284.0214286,138.483871,531.0666667,88.31290323,481.3466667,101.3322581,50.36129032,20.10333333,18.87741935,18.24,20.52258065,1146.0
Brazos,8095200.0,NBVM37,USGS GAGE,8095200.0,08095200,31.66978462,-97.46915837,"N Bosque Rv at Valley Mills, TX",2018,17.61935484,268.0964286,130.8193548,64.07666667,110.4806452,8.018,3.096774194,5.059354839,193.0256667,3735.170968,833.2666667,905.8709677,1146.0
Brazos,8095200.0,NBVM37,USGS GAGE,8095200.0,08095200,31.66978462,-97.46915837,"N Bosque Rv at Valley Mills, TX",2019,1015.354839,328.3214286,321.2903226,875.6,2963.225806,469.7333333,135.4096774,55.33870968,28.48,27.61290323,24.76,22.92903226,1146.0
Brazos,8095200.0,NBVM37,USGS GAGE,8095200.0,08095200,31.66978462,-97.46915837,"N Bosque Rv at Valley Mills, TX",2020,29.39032258,164.5689655,665.6612903,203.8333333,117.816129,44.10333333,77.44193548,16.2516129,362.0266667,27.7483871,24.86666667,28.11290323,1146.0
Brazos,8095200.0,NBVM37,USGS GAGE,8095200.0,08095200,31.66978462,-97.46915837,"N Bosque Rv at Valley Mills, TX",2021,47.83870968,32.44285714,77.59677419,88.77333333,637.0967742,1273.4,192.0806452,92.5,30.10333333,24.65483871,19.34333333,18.07096774,1146.0
Brazos,8095200.0,NBVM37,USGS GAGE,8095200.0,08095200,31.66978462,-97.46915837,"N Bosque Rv at Valley Mills, TX",2022,19.2483871,23.42142857,16.60967742,10.809,5.022903226,2.203333333,1.003870968,0.598064516,0.694666667,0.966451613,4.747,13.33225806,1146.0
Brazos,8095200.0,NBVM37,USGS GAGE,8095200.0,08095200,31.66978462,-97.46915837,"N Bosque Rv at Valley Mills, TX",2023,9.606451613,8.852142857,6.715483871,7.271333333,24.4,5.007333333,0.171612903,0.076129032,4.187666667,1857.643548,153.9066667,123.3064516,1146.0
Brazos,8095200.0,NBVM37,USGS GAGE,8095200.0,08095200,31.66978462,-97.46915837,"N Bosque Rv at Valley Mills, TX",2024,105.9225806,492.6758621,421.4580645,401.9,3952.967742,908.8333333,125.6580645,63.91290323,75.71,28.61290323,29.18,32.49032258,1146.0
Brazos,8095300.0,MBMG38,USGS GAGE,8095300.0,08095300,31.50916793,-97.36543796,"Middle Bosque Rv nr McGregor, TX",2010,360.0516129,412.3571429,293.3548387,107.25,33.33548387,6.467,5.652903226,0.161290323,327.1283333,15.07741935,6.176,4.897096774,182.0
Brazos,8095300.0,MBMG38,USGS GAGE,8095300.0,08095300,31.50916793,-97.36543796,"Middle Bosque Rv nr McGregor, TX",2011,31.26387097,37.95,20.05806452,6.009,0.405806452,0.0,0.0,0.0,0.0,0.248064516,0.018,8.491290323,182.0
Brazos,8095300.0,MBMG38,USGS GAGE,8095300.0,08095300,31.50916793,-97.36543796,"Middle Bosque Rv nr McGregor, TX",2012,57.97903226,108.7103448,345.7483871,66.87,14.1083871,3.189666667,0.381612903,0.057419355,0.093333333,0.028064516,0.177333333,0.100322581,182.0
Brazos,8095300.0,MBMG38,USGS GAGE,8095300.0,08095300,31.50916793,-97.36543796,"Middle Bosque Rv nr McGregor, TX",2013,7.018064516,4.741785714,5.191612903,4.138333333,2.509032258,0.483666667,0.13,0.0,5.186333333,214.8096774,90.21333333,84.33870968,182.0
Brazos,8095300.0,MBMG38,USGS GAGE,8095300.0,08095300,31.50916793,-97.36543796,"Middle Bosque Rv nr McGregor, TX",2014,40.87741935,19.50714286,10.46903226,6.243333333,21.61322581,242.87,24.71612903,1.522580645,0.362333333,42.39354839,31.23866667,18.03870968,182.0
Brazos,8095300.0,MBMG38,USGS GAGE,8095300.0,08095300,31.50916793,-97.36543796,"Middle Bosque Rv nr McGregor, TX",2015,44.93225806,37.6,107.7129032,108.6133333,539.5,143.3766667,20.69354839,1.009354839,0.134666667,161.1732258,342.7066667,271.9354839,182.0
Brazos,8095300.0,MBMG38,USGS GAGE,8095300.0,08095300,31.50916793,-97.36543796,"Middle Bosque Rv nr McGregor, TX",2016,117.3258065,65.64482759,215.4935484,325.1566667,227.1935484,262.4933333,27.22032258,66.03709677,31.24366667,14.62741935,247.6806667,133.1612903,182.0
Brazos,8095300.0,MBMG38,USGS GAGE,8095300.0,08095300,31.50916793,-97.36543796,"Middle Bosque Rv nr McGregor, TX",2017,231.5935484,224.5678571,92.17741935,78.22,17.4083871,21.681,2.74516129,0.71483871,0.098,0.053548387,0.054666667,0.595806452,182.0
Brazos,8095300.0,MBMG38,USGS GAGE,8095300.0,08095300,31.50916793,-97.36543796,"Middle Bosque Rv nr McGregor, TX",2018,0.357096774,7.837142857,11.90677419,12.86866667,21.44387097,0.159,0.0,0.0,0.0,755.6096774,248.7666667,334.883871,182.0
Brazos,8095300.0,MBMG38,USGS GAGE,8095300.0,08095300,31.50916793,-97.36543796,"Middle Bosque Rv nr McGregor, TX",2019,421.1612903,79.12142857,50.89354839,47.23333333,219.9774194,100.0266667,54.19451613,4.069354839,0.260333333,0.191612903,0.321,0.21,182.0
Brazos,8095300.0,MBMG38,USGS GAGE,8095300.0,08095300,31.50916793,-97.36543796,"Middle Bosque Rv nr McGregor, TX",2020,0.022903226,157.6175862,384.3645161,312.0733333,61.02903226,15.829,20.03451613,0.371935484,21.05233333,3.495483871,2.271666667,3.203548387,182.0
Brazos,8095300.0,MBMG38,USGS GAGE,8095300.0,08095300,31.50916793,-97.36543796,"Middle Bosque Rv nr McGregor, TX",2021,17.20967742,11.33428571,8.186774194,5.933333333,94.31225806,138.2466667,103.3193548,55.18258065,7.219666667,4.316129032,3.171333333,2.101290323,182.0
Brazos,8095300.0,MBMG38,USGS GAGE,8095300.0,08095300,31.50916793,-97.36543796,"Middle Bosque Rv nr McGregor, TX",2022,1.077419355,1.824285714,1.081935484,1.019333333,15.42967742,0.174666667,0.0,0.016451613,0.0,0.0,1.933666667,0.910645161,182.0
Brazos,8095300.0,MBMG38,USGS GAGE,8095300.0,08095300,31.50916793,-97.36543796,"Middle Bosque Rv nr McGregor, TX",2023,0.672903226,7.479285714,13.41354839,21.553,159.7193548,19.594,0.636774194,0.057419355,0.035,14.02483871,5.392333333,34.05193548,182.0
Brazos,8095300.0,MBMG38,USGS GAGE,8095300.0,08095300,31.50916793,-97.36543796,"Middle Bosque Rv nr McGregor, TX",2024,123.4,142.5931034,57.54516129,128.4133333,1552.83871,240.2,32.9483871,6.258387097,0.616666667,0.190322581,0.133333333,0.190967742,182.0
Brazos,8095400.0,HGCR39,USGS GAGE,8095400.0,08095400,31.55557221,-97.35629581,"Hog Ck nr Crawford, TX",2010,137.7193548,179.3642857,104.8709677,45.96333333,18.95548387,2.781666667,1.281612903,0.160645161,194.2083333,7.849354839,3.529333333,2.071290323,78.2
Brazos,8095400.0,HGCR39,USGS GAGE,8095400.0,08095400,31.55557221,-97.35629581,"Hog Ck nr Crawford, TX",2011,10.57935484,10.05142857,5.149354839,1.374333333,0.008387097,0.0,0.0,0.0,0.0,0.120645161,0.068666667,0.897096774,78.2
Brazos,8095400.0,HGCR39,USGS GAGE,8095400.0,08095400,31.55557221,-97.35629581,"Hog Ck nr Crawford, TX",2012,13.84225806,16.92034483,105.5741935,20.782,2.319677419,0.615333333,0.078064516,0.007096774,0.023333333,0.009677419,0.003666667,0.045806452,78.2
Brazos,8095400.0,HGCR39,USGS GAGE,8095400.0,08095400,31.55557221,-97.35629581,"Hog Ck nr Crawford, TX",2013,0.310967742,0.552857143,0.866774194,0.514333333,0.311612903,0.027,0.01,0.0,0.002666667,37.84935484,11.84266667,29.5,78.2
Brazos,8095400.0,HGCR39,USGS GAGE,8095400.0,08095400,31.55557221,-97.35629581,"Hog Ck nr Crawford, TX",2014,11.08225806,6.805714286,8.220645161,2.759333333,3.457419355,18.70366667,0.710967742,0.029677419,0.006,0.678709677,0.265666667,0.476774194,78.2
Brazos,8095400.0,HGCR39,USGS GAGE,8095400.0,08095400,31.55557221,-97.35629581,"Hog Ck nr Crawford, TX",2015,4.842580645,6.619642857,28.54193548,42.321,265.1548387,102.902,15.64419355,0.155483871,0.065666667,121.0048387,128.9466667,121.2903226,78.2
Brazos,8095400.0,HGCR39,USGS GAGE,8095400.0,08095400,31.55557221,-97.35629581,"Hog Ck nr Crawford, TX",2016,40.47096774,24.29655172,117.2258065,226.58,68.46129032,100.7503333,2.171935484,25.11064516,9.632333333,3.943548387,44.83566667,26.63870968,78.2
Brazos,8095400.0,HGCR39,USGS GAGE,8095400.0,08095400,31.55557221,-97.35629581,"Hog Ck nr Crawford, TX",2017,64.48709677,62.72142857,31.89354839,54.77333333,9.052258065,11.12833333,2.637419355,0.915806452,0.447,0.076774194,0.173333333,0.173225806,78.2
Brazos,8095400.0,HGCR39,USGS GAGE,8095400.0,08095400,31.55557221,-97.35629581,"Hog Ck nr Crawford, TX",2018,0.126129032,0.138571429,0.939354839,2.072666667,10.26548387,0.357333333,0.020967742,0.000645161,11.36766667,344.3645161,84.62,118.6193548,78.2
Brazos,8095400.0,HGCR39,USGS GAGE,8095400.0,08095400,31.55557221,-97.35629581,"Hog Ck nr Crawford, TX",2019,140.9322581,24.49285714,31.76774194,33.17666667,55.96548387,22.284,7.880322581,0.561935484,0.286,0.334516129,0.547666667,0.505483871,78.2
Brazos,8095400.0,HGCR39,USGS GAGE,8095400.0,08095400,31.55557221,-97.35629581,"Hog Ck nr Crawford, TX",2020,0.263225806,66.81896552,211.1516129,88.0,32.98709677,5.638,7.521935484,0.090322581,27.66633333,1.037419355,0.783,3.306774194,78.2
Brazos,8095400.0,HGCR39,USGS GAGE,8095400.0,08095400,31.55557221,-97.35629581,"Hog Ck nr Crawford, TX",2021,7.874516129,6.014285714,4.854516129,2.925,4.58,26.803,15.99354839,3.163870968,0.653333333,0.365483871,0.356,0.25516129,78.2
Brazos,8095400.0,HGCR39,USGS GAGE,8095400.0,08095400,31.55557221,-97.35629581,"Hog Ck nr Crawford, TX",2022,0.181290323,0.187857143,0.154516129,0.066333333,0.176129032,0.046333333,0.009032258,0.002903226,0.002,0.0,0.205,0.274516129,78.2
Brazos,8095400.0,HGCR39,USGS GAGE,8095400.0,08095400,31.55557221,-97.35629581,"Hog Ck nr Crawford, TX",2023,0.299354839,0.466428571,0.550322581,0.728666667,14.85741935,2.020333333,0.167419355,0.039032258,0.03,0.11483871,0.782333333,10.95129032,78.2
Brazos,8095400.0,HGCR39,USGS GAGE,8095400.0,08095400,31.55557221,-97.35629581,"Hog Ck nr Crawford, TX",2024,41.91,48.0862069,25.8483871,52.57233333,701.6516129,172.3633333,7.285483871,1.021612903,0.276333333,0.042258065,0.118666667,0.189032258,78.2
Brazos,8096500.0,BRWA41,USGS GAGE,8096500.0,08096500,31.5356157,-97.0734455,"Brazos Rv at Waco, TX",2010,1907.16129,8452.857143,4511.935484,5663.333333,3611.935484,1738.866667,1129.290323,563.0,5480.133333,1504.193548,1432.733333,199.3225806,29559.0
Brazos,8096500.0,BRWA41,USGS GAGE,8096500.0,08096500,31.5356157,-97.0734455,"Brazos Rv at Waco, TX",2011,251.5903226,406.0,211.0,289.3666667,350.483871,336.6666667,183.5451613,141.0322581,449.7,489.5129032,349.85,300.1451613,29559.0
Brazos,8096500.0,BRWA41,USGS GAGE,8096500.0,08096500,31.5356157,-97.0734455,"Brazos Rv at Waco, TX",2012,599.1548387,1459.241379,5907.677419,2253.933333,221.8225806,298.4066667,367.9354839,554.0645161,1027.7,196.7516129,56.57666667,102.4709677,29559.0
Brazos,8096500.0,BRWA41,USGS GAGE,8096500.0,08096500,31.5356157,-97.0734455,"Brazos Rv at Waco, TX",2013,401.1935484,75.80357143,172.1064516,94.74666667,159.0967742,175.0733333,283.716129,68.60645161,134.414,639.1374194,173.6,158.5709677,29559.0
Brazos,8096500.0,BRWA41,USGS GAGE,8096500.0,08096500,31.5356157,-97.0734455,"Brazos Rv at Waco, TX",2014,106.3129032,103.05,250.5580645,85.95,322.9935484,611.4733333,223.8774194,168.883871,310.44,108.1064516,81.06333333,42.14193548,29559.0
Brazos,8096500.0,BRWA41,USGS GAGE,8096500.0,08096500,31.5356157,-97.0734455,"Brazos Rv at Waco, TX",2015,120.3096774,52.11785714,326.0387097,642.1333333,7919.290323,21682.33333,6700.580645,533.5612903,381.4366667,3616.058065,7950.866667,14348.06452,29559.0
Brazos,8096500.0,BRWA41,USGS GAGE,8096500.0,08096500,31.5356157,-97.0734455,"Brazos Rv at Waco, TX",2016,5738.16129,2211.310345,7259.774194,6275.733333,14802.90323,21571.66667,6851.032258,2137.387097,1268.466667,515.7419355,1439.5,1008.806452,29559.0
Brazos,8096500.0,BRWA41,USGS GAGE,8096500.0,08096500,31.5356157,-97.0734455,"Brazos Rv at Waco, TX",2017,1410.322581,1753.857143,1724.032258,3809.033333,329.0967742,2030.966667,1534.612903,418.2,74.58333333,252.7935484,85.52333333,90.34193548,29559.0
Brazos,8096500.0,BRWA41,USGS GAGE,8096500.0,08096500,31.5356157,-97.0734455,"Brazos Rv at Waco, TX",2018,71.8516129,309.0785714,869.1419355,170.99,380.5935484,142.97,539.8258065,591.9387097,118.1033333,15323.25484,17136.33333,4674.83871,29559.0
Brazos,8096500.0,BRWA41,USGS GAGE,8096500.0,08096500,31.5356157,-97.0734455,"Brazos Rv at Waco, TX",2019,9879.354839,1934.0,2511.451613,3562.733333,18109.35484,18132.33333,1962.741935,1214.645161,227.0666667,190.0645161,191.4666667,120.483871,29559.0
Brazos,8096500.0,BRWA41,USGS GAGE,8096500.0,08096500,31.5356157,-97.0734455,"Brazos Rv at Waco, TX",2020,140.9032258,1141.448276,8647.129032,3952.866667,1659.064516,488.1666667,658.0,373.1774194,1785.733333,726.3870968,221.3666667,195.8225806,29559.0
Brazos,8096500.0,BRWA41,USGS GAGE,8096500.0,08096500,31.5356157,-97.0734455,"Brazos Rv at Waco, TX",2021,313.1612903,534.9285714,183.0645161,176.3666667,7617.322581,16637.66667,4412.645161,1020.16129,375.0,532.9677419,118.7566667,97.3,29559.0
Brazos,8096500.0,BRWA41,USGS GAGE,8096500.0,08096500,31.5356157,-97.0734455,"Brazos Rv at Waco, TX",2022,81.19354839,174.1607143,199.6677419,63.22,163.2064516,670.38,628.1741935,51.57096774,87.587,354.8667742,249.2133333,32.28064516,29559.0
Brazos,8096500.0,BRWA41,USGS GAGE,8096500.0,08096500,31.5356157,-97.0734455,"Brazos Rv at Waco, TX",2023,34.30322581,246.2642857,76.69354839,170.29,409.8548387,116.14,240.7483871,186.1709677,221.6933333,254.6967742,697.3333333,363.7419355,29559.0
Brazos,8096500.0,BRWA41,USGS GAGE,8096500.0,08096500,31.5356157,-97.0734455,"Brazos Rv at Waco, TX",2024,1024.677419,2997.241379,2295.645161,2296.133333,13747.09677,11331.0,730.5483871,166.7096774,120.5366667,299.5903226,190.9766667,289.9741935,29559.0
Brazos,8098290.0,BRHB42,USGS GAGE,8098290.0,08098290,31.13382719,-96.82433518,"Brazos Rv nr Highbank, TX",2010,2999.483871,12444.64286,6755.483871,7284.333333,4553.225806,2510.333333,1451.677419,661.1935484,5419.733333,1823.870968,1729.4,405.1935484,30436.0
Brazos,8098290.0,BRHB42,USGS GAGE,8098290.0,08098290,31.13382719,-96.82433518,"Brazos Rv nr Highbank, TX",2011,767.4193548,468.5714286,241.516129,284.4666667,419.1290323,390.9333333,216.0580645,132.7806452,452.85,596.7096774,465.2333333,560.8387097,30436.0
Brazos,8098290.0,BRHB42,USGS GAGE,8098290.0,08098290,31.13382719,-96.82433518,"Brazos Rv nr Highbank, TX",2012,1219.193548,2554.793103,8385.548387,2872.4,406.1612903,379.9666667,389.6451613,536.483871,1101.033333,369.8064516,105.0433333,135.3419355,30436.0
Brazos,8098290.0,BRHB42,USGS GAGE,8098290.0,08098290,31.13382719,-96.82433518,"Brazos Rv nr Highbank, TX",2013,987.6290323,246.6035714,275.1193548,129.8133333,244.3225806,174.4133333,369.2677419,84.99354839,244.89,2269.16129,1998.533333,474.4193548,30436.0
Brazos,8098290.0,BRHB42,USGS GAGE,8098290.0,08098290,31.13382719,-96.82433518,"Brazos Rv nr Highbank, TX",2014,255.1612903,188.25,337.2580645,208.6466667,674.1290323,960.1433333,322.5483871,163.0645161,251.2333333,215.8064516,162.9166667,88.61612903,30436.0
Brazos,8098290.0,BRHB42,USGS GAGE,8098290.0,08098290,31.13382719,-96.82433518,"Brazos Rv nr Highbank, TX",2015,601.0354839,147.3678571,1503.16129,1652.566667,11470.45161,23636.66667,7319.032258,679.5806452,460.9333333,4764.16129,11021.0,18292.90323,30436.0
Brazos,8098290.0,BRHB42,USGS GAGE,8098290.0,08098290,31.13382719,-96.82433518,"Brazos Rv nr Highbank, TX",2016,6642.258065,2486.137931,10853.87097,8861.0,18570.64516,24364.66667,8545.806452,2727.354839,1573.2,567.0967742,1494.5,1189.354839,30436.0
Brazos,8098290.0,BRHB42,USGS GAGE,8098290.0,08098290,31.13382719,-96.82433518,"Brazos Rv nr Highbank, TX",2017,1927.096774,2036.464286,2173.677419,5668.8,651.2258065,2469.666667,2042.16129,603.8709677,146.8666667,316.4,152.5333333,206.3225806,30436.0
Brazos,8098290.0,BRHB42,USGS GAGE,8098290.0,08098290,31.13382719,-96.82433518,"Brazos Rv nr Highbank, TX",2018,138.3870968,397.0,1562.290323,314.8,484.8709677,165.42,501.8935484,546.8741935,296.0,15422.58065,20119.33333,7004.83871,30436.0
Brazos,8098290.0,BRHB42,USGS GAGE,8098290.0,08098290,31.13382719,-96.82433518,"Brazos Rv nr Highbank, TX",2019,13315.48387,2532.857143,3015.612903,5652.766667,21656.12903,21124.66667,2486.967742,1296.806452,328.5666667,303.0322581,301.0,218.8387097,30436.0
Brazos,8098290.0,BRHB42,USGS GAGE,8098290.0,08098290,31.13382719,-96.82433518,"Brazos Rv nr Highbank, TX",2020,252.9032258,2323.034483,9935.483871,6246.666667,2877.645161,780.2666667,834.9032258,421.2580645,3456.933333,856.483871,323.2,319.0322581,30436.0
Brazos,8098290.0,BRHB42,USGS GAGE,8098290.0,08098290,31.13382719,-96.82433518,"Brazos Rv nr Highbank, TX",2021,1389.612903,727.75,317.6451613,322.3666667,7710.548387,19321.66667,5487.096774,1296.354839,504.3,670.8387097,224.1666667,255.2258065,30436.0
Brazos,8098290.0,BRHB42,USGS GAGE,8098290.0,08098290,31.13382719,-96.82433518,"Brazos Rv nr Highbank, TX",2022,176.0645161,393.25,387.9677419,174.8333333,259.0451613,441.0066667,488.7741935,84.6483871,139.3233333,255.8903226,496.4566667,145.8645161,30436.0
Brazos,8098290.0,BRHB42,USGS GAGE,8098290.0,08098290,31.13382719,-96.82433518,"Brazos Rv nr Highbank, TX",2023,123.2290323,606.6785714,187.0645161,701.9433333,1035.096774,379.5166667,250.7258065,235.383871,248.61,324.4193548,953.4,574.9354839,30436.0
Brazos,8098290.0,BRHB42,USGS GAGE,8098290.0,08098290,31.13382719,-96.82433518,"Brazos Rv nr Highbank, TX",2024,1801.935484,3541.034483,2623.935484,5222.666667,22075.80645,15371.66667,1472.645161,333.0322581,226.2333333,341.6774194,299.4666667,390.9032258,30436.0
Brazos,8099100.0,LEDL43,USGS GAGE,8099100.0,08099100,32.17302185,-98.53325796,"Leon Rv nr De Leon, TX",2010,19.70580645,30.06071429,34.04322581,18.96766667,13.71741935,14.65333333,0.409354839,0.0,0.0,0.0,0.0,0.0,479.0
Brazos,8099100.0,LEDL43,USGS GAGE,8099100.0,08099100,32.17302185,-98.53325796,"Leon Rv nr De Leon, TX",2011,0.361612903,0.977142857,4.372903226,2.777666667,1.92516129,0.0,0.0,0.0,0.0,14.14580645,0.0,0.0,479.0
Brazos,8099100.0,LEDL43,USGS GAGE,8099100.0,08099100,32.17302185,-98.53325796,"Leon Rv nr De Leon, TX",2012,119.9116129,55.35206897,116.9516129,11.06866667,1.955483871,0.085,0.0,0.0,0.381666667,0.0,0.0,0.0,479.0
Brazos,8099100.0,LEDL43,USGS GAGE,8099100.0,08099100,32.17302185,-98.53325796,"Leon Rv nr De Leon, TX",2013,0.081935484,0.369642857,7.688064516,65.17066667,4.726451613,0.322666667,0.558064516,0.0,0.0,0.0,0.0,0.278387097,479.0
Brazos,8099100.0,LEDL43,USGS GAGE,8099100.0,08099100,32.17302185,-98.53325796,"Leon Rv nr De Leon, TX",2014,0.0,1.661428571,1.066129032,1.08,0.02,0.0,0.0,0.0,0.0,0.0,0.0,0.0,479.0
Brazos,8099100.0,LEDL43,USGS GAGE,8099100.0,08099100,32.17302185,-98.53325796,"Leon Rv nr De Leon, TX",2015,0.0,0.0,0.0,3.566333333,1142.171613,177.8586667,440.3929032,0.205483871,0.0,27.38322581,511.8733333,322.8451613,479.0
Brazos,8099100.0,LEDL43,USGS GAGE,8099100.0,08099100,32.17302185,-98.53325796,"Leon Rv nr De Leon, TX",2016,51.92580645,13.96896552,147.8387097,869.7533333,1125.487097,1592.306667,4.751612903,1.309354839,0.066333333,0.0,2.198666667,2.091290323,479.0
Brazos,8099100.0,LEDL43,USGS GAGE,8099100.0,08099100,32.17302185,-98.53325796,"Leon Rv nr De Leon, TX",2017,2.536774194,4.154642857,3.256451613,13.159,2.527419355,231.2033333,30.84419355,1.971290323,0.0,0.0,0.0,1.513225806,479.0
Brazos,8099100.0,LEDL43,USGS GAGE,8099100.0,08099100,32.17302185,-98.53325796,"Leon Rv nr De Leon, TX",2018,1.699354839,7.3775,4.357741935,2.395666667,0.160967742,0.0,0.0,0.0,20.39166667,401.9729032,51.98333333,163.6741935,479.0
Brazos,8099100.0,LEDL43,USGS GAGE,8099100.0,08099100,32.17302185,-98.53325796,"Leon Rv nr De Leon, TX",2019,50.00645161,12.97964286,14.31290323,109.2566667,343.4548387,171.4793333,3.468709677,0.0,0.0,0.0,0.0,0.123870968,479.0
Brazos,8099100.0,LEDL43,USGS GAGE,8099100.0,08099100,32.17302185,-98.53325796,"Leon Rv nr De Leon, TX",2020,1.612903226,3.48862069,180.5529032,13.11766667,13.6283871,1.235666667,0.036774194,0.0,130.454,0.036451613,0.127333333,1.320322581,479.0
Brazos,8099100.0,LEDL43,USGS GAGE,8099100.0,08099100,32.17302185,-98.53325796,"Leon Rv nr De Leon, TX",2021,2.604193548,2.548571429,2.68516129,22.89033333,560.4867742,1052.693333,17.71612903,25.34903226,1.256666667,7.619354839,5.564,2.607741935,479.0
Brazos,8099100.0,LEDL43,USGS GAGE,8099100.0,08099100,32.17302185,-98.53325796,"Leon Rv nr De Leon, TX",2022,0.612258065,3.717857143,5.050967742,4.247666667,0.940645161,0.0,0.0,0.0,0.065666667,0.0,0.110333333,1.019032258,479.0
Brazos,8099100.0,LEDL43,USGS GAGE,8099100.0,08099100,32.17302185,-98.53325796,"Leon Rv nr De Leon, TX",2023,0.177096774,0.515714286,0.632580645,0.603,8.972903226,4.401666667,0.002580645,0.0,0.940666667,9.748387097,0.058666667,0.229677419,479.0
Brazos,8099100.0,LEDL43,USGS GAGE,8099100.0,08099100,32.17302185,-98.53325796,"Leon Rv nr De Leon, TX",2024,0.652258065,0.92,12.91741935,3.862333333,97.99774194,35.52066667,9.802580645,0.000645161,122.2456667,0.930322581,163.5373333,6.671290323,479.0
Brazos,8099300.0,SADL44,USGS GAGE,8099300.0,08099300,32.11384808,-98.60552699,"Sabana Rv nr De Leon, TX",2010,22.67580645,23.24892857,27.09645161,28.45666667,2.618064516,1.594666667,0.196451613,0.0,0.0,0.0,0.0,0.02,264.0
Brazos,8099300.0,SADL44,USGS GAGE,8099300.0,08099300,32.11384808,-98.60552699,"Sabana Rv nr De Leon, TX",2011,3.46483871,4.517857143,1.261935484,10.835,10.6683871,0.028333333,0.0,0.0,0.0,43.21580645,0.005666667,13.92322581,264.0
Brazos,8099300.0,SADL44,USGS GAGE,8099300.0,08099300,32.11384808,-98.60552699,"Sabana Rv nr De Leon, TX",2012,140.093871,82.90413793,118.9774194,8.178333333,2.497419355,0.260666667,0.02,0.0,8.47,1.730322581,0.0,0.261290323,264.0
Brazos,8099300.0,SADL44,USGS GAGE,8099300.0,08099300,32.11384808,-98.60552699,"Sabana Rv nr De Leon, TX",2013,1.088064516,0.533571429,1.327096774,8.886,0.882580645,0.0,22.16677419,0.0,0.0,0.0,0.0,0.0,264.0
Brazos,8099300.0,SADL44,USGS GAGE,8099300.0,08099300,32.11384808,-98.60552699,"Sabana Rv nr De Leon, TX",2014,0.0,0.333214286,0.0,0.077666667,31.43290323,0.02,0.0,0.0,0.0,0.0,0.0,0.0,264.0
Brazos,8099300.0,SADL44,USGS GAGE,8099300.0,08099300,32.11384808,-98.60552699,"Sabana Rv nr De Leon, TX",2015,0.357096774,0.135357143,0.305483871,34.57633333,429.4,48.37433333,203.5206452,1.257419355,0.038333333,0.801612903,249.1706667,62.26709677,264.0
Brazos,8099300.0,SADL44,USGS GAGE,8099300.0,08099300,32.11384808,-98.60552699,"Sabana Rv nr De Leon, TX",2016,20.50935484,9.549655172,85.89580645,400.052,1004.651613,810.9133333,6.699032258,1.498064516,1.891666667,1.836129032,18.96366667,2.544193548,264.0
Brazos,8099300.0,SADL44,USGS GAGE,8099300.0,08099300,32.11384808,-98.60552699,"Sabana Rv nr De Leon, TX",2017,4.220967742,13.0625,4.008064516,17.02866667,10.55516129,106.1963333,8.020967742,1.21516129,0.102333333,0.209677419,1.687333333,3.356129032,264.0
Brazos,8099300.0,SADL44,USGS GAGE,8099300.0,08099300,32.11384808,-98.60552699,"Sabana Rv nr De Leon, TX",2018,1.101612903,4.540714286,2.523225806,0.827,0.261290323,0.0,0.0,0.0,26.243,282.6064516,12.941,76.84483871,264.0
Brazos,8099300.0,SADL44,USGS GAGE,8099300.0,08099300,32.11384808,-98.60552699,"Sabana Rv nr De Leon, TX",2019,17.84193548,8.488571429,8.223870968,109.9653333,179.6170968,85.91666667,7.349032258,0.407741935,0.131333333,0.028064516,0.547333333,1.124516129,264.0
Brazos,8099300.0,SADL44,USGS GAGE,8099300.0,08099300,32.11384808,-98.60552699,"Sabana Rv nr De Leon, TX",2020,2.546774194,2.155172414,127.9203226,7.429,3.254516129,1.249333333,0.052903226,0.011935484,89.84766667,0.085483871,0.558,0.797096774,264.0
Brazos,8099300.0,SADL44,USGS GAGE,8099300.0,08099300,32.11384808,-98.60552699,"Sabana Rv nr De Leon, TX",2021,1.112580645,1.1625,1.710967742,31.89266667,379.1580645,373.0133333,7.950322581,41.84645161,0.513333333,1.903225806,0.734666667,0.948387097,264.0
Brazos,8099300.0,SADL44,USGS GAGE,8099300.0,08099300,32.11384808,-98.60552699,"Sabana Rv nr De Leon, TX",2022,1.06483871,2.025714286,1.816129032,0.955,0.092580645,0.005,0.0,0.0,0.001333333,0.0,0.025,6.241935484,264.0
Brazos,8099300.0,SADL44,USGS GAGE,8099300.0,08099300,32.11384808,-98.60552699,"Sabana Rv nr De Leon, TX",2023,0.379032258,0.562857143,0.60516129,0.506666667,20.65419355,2.574,0.0,0.0,1.087,4.308709677,0.548666667,0.435806452,264.0
Brazos,8099300.0,SADL44,USGS GAGE,8099300.0,08099300,32.11384808,-98.60552699,"Sabana Rv nr De Leon, TX",2024,0.481612903,0.403793103,13.01516129,2.576,236.9058065,23.591,0.063870968,0.0,108.7933333,0.531935484,85.75366667,1.347741935,264.0
Brazos,8099500.0,LEHS45,USGS GAGE,8099500.0,08099500,31.95753755,-98.4593215,"Leon Rv nr Hasse, TX",2010,0.86516129,1.674285714,1.265806452,6.541333333,15.7,28.33,24.83548387,31.41677419,23.613,10.11806452,4.338666667,0.830645161,1261.0
Brazos,8099500.0,LEHS45,USGS GAGE,8099500.0,08099500,31.95753755,-98.4593215,"Leon Rv nr Hasse, TX",2011,0.643870968,0.725714286,5.407096774,11.919,13.5083871,30.74966667,15.43193548,5.967419355,30.19033333,10.39935484,1.925666667,0.209032258,1261.0
Brazos,8099500.0,LEHS45,USGS GAGE,8099500.0,08099500,31.95753755,-98.4593215,"Leon Rv nr Hasse, TX",2012,23.08354839,345.2358621,386.9129032,68.53366667,16.09,25.76566667,23.50645161,18.84935484,11.65733333,2.533548387,5.741,0.254516129,1261.0
Brazos,8099500.0,LEHS45,USGS GAGE,8099500.0,08099500,31.95753755,-98.4593215,"Leon Rv nr Hasse, TX",2013,0.437741935,0.284285714,3.734516129,3.564333333,3.532580645,29.284,15.50483871,17.96451613,10.179,4.654516129,0.515333333,1.085483871,1261.0
Brazos,8099500.0,LEHS45,USGS GAGE,8099500.0,08099500,31.95753755,-98.4593215,"Leon Rv nr Hasse, TX",2014,1.128709677,0.885357143,0.732258065,8.956,21.98064516,14.934,15.69387097,4.380322581,2.155,0.58483871,0.780666667,1.017741935,1261.0
Brazos,8099500.0,LEHS45,USGS GAGE,8099500.0,08099500,31.95753755,-98.4593215,"Leon Rv nr Hasse, TX",2015,2.006451613,1.059285714,1.554516129,0.881333333,449.256129,1325.333333,1557.741935,595.8870968,45.65,12.43387097,20.247,976.0322581,1261.0
Brazos,8099500.0,LEHS45,USGS GAGE,8099500.0,08099500,31.95753755,-98.4593215,"Leon Rv nr Hasse, TX",2016,542.0580645,25.99103448,327.8193548,527.5666667,1437.935484,6517.333333,935.7516129,25.75483871,8.666666667,5.804193548,3.391,4.653870968,1261.0
Brazos,8099500.0,LEHS45,USGS GAGE,8099500.0,08099500,31.95753755,-98.4593215,"Leon Rv nr Hasse, TX",2017,4.268387097,3.149642857,22.73064516,134.53,14.0083871,686.1933333,114.4290323,18.55322581,21.16333333,5.489677419,3.597,4.249354839,1261.0
Brazos,8099500.0,LEHS45,USGS GAGE,8099500.0,08099500,31.95753755,-98.4593215,"Leon Rv nr Hasse, TX",2018,0.848064516,8.551071429,3.504193548,8.202666667,13.52677419,26.06,28.04193548,20.40645161,3.74,526.5687097,577.3666667,330.3451613,1261.0
Brazos,8099500.0,LEHS45,USGS GAGE,8099500.0,08099500,31.95753755,-98.4593215,"Leon Rv nr Hasse, TX",2019,205.7109677,36.11071429,53.55096774,312.1393333,1927.419355,717.6333333,44.61290323,31.03548387,29.14,8.089032258,4.081333333,1.263548387,1261.0
Brazos,8099500.0,LEHS45,USGS GAGE,8099500.0,08099500,31.95753755,-98.4593215,"Leon Rv nr Hasse, TX",2020,1.332580645,0.867241379,235.1577419,119.59,17.26096774,24.05033333,35.01935484,33.42903226,126.5366667,7.078387097,6.17,7.271290323,1261.0
Brazos,8099500.0,LEHS45,USGS GAGE,8099500.0,08099500,31.95753755,-98.4593215,"Leon Rv nr Hasse, TX",2021,0.554516129,1.198928571,1.834193548,6.185333333,1042.400968,2513.566667,159.083871,36.31290323,43.15,7.628064516,6.029,8.523548387,1261.0
Brazos,8099500.0,LEHS45,USGS GAGE,8099500.0,08099500,31.95753755,-98.4593215,"Leon Rv nr Hasse, TX",2022,1.861290323,1.325,10.85645161,9.405333333,18.85,29.15666667,28.72258065,27.48032258,13.11033333,10.37548387,3.752,1.684193548,1261.0
Brazos,8099500.0,LEHS45,USGS GAGE,8099500.0,08099500,31.95753755,-98.4593215,"Leon Rv nr Hasse, TX",2023,1.488709677,0.4125,1.251935484,11.66166667,5.316129032,30.91566667,29.0,21.22903226,3.171333333,2.374516129,0.962666667,0.773225806,1261.0
Brazos,8099500.0,LEHS45,USGS GAGE,8099500.0,08099500,31.95753755,-98.4593215,"Leon Rv nr Hasse, TX",2024,0.415806452,0.334827586,0.485806452,0.523,3.696129032,16.53266667,23.63548387,26.43548387,25.81,61.38193548,237.5183333,38.12677419,1261.0
Brazos,8100000.0,LEHM46,USGS GAGE,8100000.0,08100000,31.78838855,-98.1204843,"Leon Rv nr Hamilton, TX",2010,342.9741935,356.1428571,285.6774194,122.8366667,39.88064516,10.09033333,21.96741935,4.585806452,25.58366667,6.521612903,5.352,1.964193548,1891.0
Brazos,8100000.0,LEHM46,USGS GAGE,8100000.0,08100000,31.78838855,-98.1204843,"Leon Rv nr Hamilton, TX",2011,3.963225806,3.139285714,1.734516129,3.264,18.94774194,0.003666667,0.0,0.0,0.0,109.2077419,0.0,0.970645161,1891.0
Brazos,8100000.0,LEHM46,USGS GAGE,8100000.0,08100000,31.78838855,-98.1204843,"Leon Rv nr Hamilton, TX",2012,328.9290323,536.2655172,701.5645161,128.4166667,49.81935484,39.39133333,2.729032258,1.556774194,0.064333333,0.0,0.0,0.658387097,1891.0
Brazos,8100000.0,LEHM46,USGS GAGE,8100000.0,08100000,31.78838855,-98.1204843,"Leon Rv nr Hamilton, TX",2013,4.833548387,0.618928571,0.729032258,13.12733333,167.0103226,2.308,3.840322581,0.0,0.0,2.530967742,0.016333333,3.430967742,1891.0
Brazos,8100000.0,LEHM46,USGS GAGE,8100000.0,08100000,31.78838855,-98.1204843,"Leon Rv nr Hamilton, TX",2014,0.206451613,0.095,0.409032258,0.157333333,12.80032258,4.175666667,10.96096774,0.010645161,0.0,1.542580645,0.609333333,0.001935484,1891.0
Brazos,8100000.0,LEHM46,USGS GAGE,8100000.0,08100000,31.78838855,-98.1204843,"Leon Rv nr Hamilton, TX",2015,1.454193548,0.414285714,3.674516129,37.86433333,1865.834516,1633.666667,1595.806452,657.2129032,36.79,243.6119355,441.55,1205.387097,1891.0
Brazos,8100000.0,LEHM46,USGS GAGE,8100000.0,08100000,31.78838855,-98.1204843,"Leon Rv nr Hamilton, TX",2016,633.0967742,114.2103448,565.0,1129.666667,2340.322581,6701.666667,1264.435484,63.20967742,24.54333333,16.71290323,29.58333333,27.83548387,1891.0
Brazos,8100000.0,LEHM46,USGS GAGE,8100000.0,08100000,31.78838855,-98.1204843,"Leon Rv nr Hamilton, TX",2017,43.20322581,45.48214286,46.69677419,132.9766667,18.03870968,629.64,117.0774194,14.24548387,4.441333333,3.724516129,7.772333333,8.631290323,1891.0
Brazos,8100000.0,LEHM46,USGS GAGE,8100000.0,08100000,31.78838855,-98.1204843,"Leon Rv nr Hamilton, TX",2018,7.435806452,62.70357143,15.71387097,9.420333333,17.07677419,6.301333333,5.398064516,9.260645161,18.034,1558.367419,760.8333333,467.9354839,1891.0
Brazos,8100000.0,LEHM46,USGS GAGE,8100000.0,08100000,31.78838855,-98.1204843,"Leon Rv nr Hamilton, TX",2019,372.9677419,129.975,166.116129,407.9533333,2792.258065,851.8333333,67.67419355,16.08064516,11.86,8.847419355,8.782666667,8.059677419,1891.0
Brazos,8100000.0,LEHM46,USGS GAGE,8100000.0,08100000,31.78838855,-98.1204843,"Leon Rv nr Hamilton, TX",2020,8.117096774,15.79034483,241.4325806,157.04,26.27741935,15.25533333,17.8516129,8.841612903,545.9,15.6516129,12.27633333,13.99419355,1891.0
Brazos,8100000.0,LEHM46,USGS GAGE,8100000.0,08100000,31.78838855,-98.1204843,"Leon Rv nr Hamilton, TX",2021,17.69354839,10.85321429,20.85322581,44.297,1303.548387,2992.566667,229.1645161,35.63870968,21.52666667,21.05451613,8.951,9.221935484,1891.0
Brazos,8100000.0,LEHM46,USGS GAGE,8100000.0,08100000,31.78838855,-98.1204843,"Leon Rv nr Hamilton, TX",2022,7.2,8.645357143,9.499354839,9.611333333,6.918709677,4.452666667,3.88,1.605806452,6.029666667,1.535806452,3.774,3.078709677,1891.0
Brazos,8100000.0,LEHM46,USGS GAGE,8100000.0,08100000,31.78838855,-98.1204843,"Leon Rv nr Hamilton, TX",2023,3.363548387,3.124285714,2.93,7.190333333,19.02322581,6.939666667,4.14516129,0.0,0.0,147.3516129,6.500666667,0.504193548,1891.0
Brazos,8100000.0,LEHM46,USGS GAGE,8100000.0,08100000,31.78838855,-98.1204843,"Leon Rv nr Hamilton, TX",2024,9.233225806,42.30586207,44.35129032,17.598,359.5516129,111.9666667,19.11741935,5.883225806,79.35,64.16451613,184.769,49.85290323,1891.0
Brazos,8100500.0,LEGT47,USGS GAGE,8100500.0,08100500,31.43294641,-97.7618801,,2010,1144.187097,1350.821429,758.9677419,359.6666667,134.0096774,53.16333333,79.9516129,15.83419355,359.3933333,16.08290323,13.23333333,16.94193548,2342.0
Brazos,8100500.0,LEGT47,USGS GAGE,8100500.0,08100500,31.43294641,-97.7618801,,2011,28.12258065,22.35,15.53548387,11.635,37.31548387,1.462,1.048387097,1.330645161,1.453333333,117.693871,3.054666667,4.833548387,2342.0
Brazos,8100500.0,LEGT47,USGS GAGE,8100500.0,08100500,31.43294641,-97.7618801,,2012,405.5887097,642.7793103,1093.451613,223.6166667,83.22935484,39.36433333,1.581612903,1.842258065,2.624666667,2.206129032,2.989,2.117419355,2342.0
Brazos,8100500.0,LEGT47,USGS GAGE,8100500.0,08100500,31.43294641,-97.7618801,,2013,2.907741935,3.304285714,3.540645161,22.57733333,218.5177419,6.888666667,4.589677419,1.41,62.43766667,88.64645161,15.63233333,80.91387097,2342.0
Brazos,8100500.0,LEGT47,USGS GAGE,8100500.0,08100500,31.43294641,-97.7618801,,2014,18.44451613,9.222857143,7.079354839,5.569666667,32.24967742,71.33466667,21.44387097,2.326774194,3.111666667,4.31,3.525,3.06,2342.0
Brazos,8100500.0,LEGT47,USGS GAGE,8100500.0,08100500,31.43294641,-97.7618801,,2015,5.346774194,6.092857143,36.44225806,118.16,2451.26129,2056.0,1496.774194,690.6612903,53.33,544.8419355,727.1666667,1668.387097,2342.0
Brazos,8100500.0,LEGT47,USGS GAGE,8100500.0,08100500,31.43294641,-97.7618801,,2016,847.9032258,272.9310345,1092.548387,1651.2,2352.903226,6774.0,1323.580645,391.3967742,105.7966667,61.3,122.0366667,81.76774194,2342.0
Brazos,8100500.0,LEGT47,USGS GAGE,8100500.0,08100500,31.43294641,-97.7618801,,2017,147.0451613,233.8714286,139.7032258,420.7666667,60.46774194,730.8466667,208.8290323,31.90967742,17.33866667,21.09129032,15.62333333,20.5,2342.0
Brazos,8100500.0,LEGT47,USGS GAGE,8100500.0,08100500,31.43294641,-97.7618801,,2018,18.18709677,123.4892857,52.49677419,39.60333333,71.07096774,8.858666667,4.005483871,42.64,119.744,2941.696774,1227.866667,985.8709677,2342.0
Brazos,8100500.0,LEGT47,USGS GAGE,8100500.0,08100500,31.43294641,-97.7618801,,2019,1003.451613,283.7142857,304.9032258,455.4666667,2960.0,1151.5,160.6741935,45.7516129,27.47666667,23.2516129,19.80666667,23.38709677,2342.0
Brazos,8100500.0,LEGT47,USGS GAGE,8100500.0,08100500,31.43294641,-97.7618801,,2020,22.24193548,123.5655172,556.2645161,367.2333333,77.39354839,28.54666667,24.05483871,11.03193548,625.9446667,30.4,20.30333333,24.34516129,2342.0
Brazos,8100500.0,LEGT47,USGS GAGE,8100500.0,08100500,31.43294641,-97.7618801,,2021,29.91612903,23.47142857,44.79032258,35.98,1536.903226,3382.666667,405.0870968,57.33225806,26.73666667,38.39032258,17.47333333,16.06774194,2342.0
Brazos,8100500.0,LEGT47,USGS GAGE,8100500.0,08100500,31.43294641,-97.7618801,,2022,14.36129032,15.28214286,15.30322581,17.14,21.46612903,4.123,1.737419355,2.089677419,2.461666667,3.300322581,8.083333333,5.607419355,2342.0
Brazos,8100500.0,LEGT47,USGS GAGE,8100500.0,08100500,31.43294641,-97.7618801,,2023,4.578387097,5.999285714,4.772903226,7.895666667,66.89580645,8.537333333,2.386129032,1.146451613,1.618666667,508.2245161,34.57966667,28.44193548,2342.0
Brazos,8100500.0,LEGT47,USGS GAGE,8100500.0,08100500,31.43294641,-97.7618801,,2024,68.51612903,207.3413793,137.3612903,157.05,2598.806452,505.35,58.34516129,14.87032258,72.105,68.82903226,175.1,97.10322581,2342.0
Brazos,8101000.0,COPI48,USGS GAGE,8101000.0,08101000,31.2859779,-97.88453836,,2010,876.1645161,625.5714286,387.0322581,215.7666667,93.41612903,31.83333333,27.99032258,1.887741935,133.8296667,2.402258065,2.631333333,3.029032258,455.0
Brazos,8101000.0,COPI48,USGS GAGE,8101000.0,08101000,31.2859779,-97.88453836,,2011,4.964516129,4.370357143,2.642258065,1.090666667,54.01193548,0.831,0.001612903,0.0,0.0,6.392258065,0.039,0.157096774,455.0
Brazos,8101000.0,COPI48,USGS GAGE,8101000.0,08101000,31.2859779,-97.88453836,,2012,77.77774194,83.90103448,216.0422581,36.81266667,17.96387097,4.712333333,0.201935484,0.003225806,0.011333333,0.013548387,0.0,0.0,455.0
Brazos,8101000.0,COPI48,USGS GAGE,8101000.0,08101000,31.2859779,-97.88453836,,2013,0.016451613,0.016071429,0.025483871,0.015666667,93.23870968,0.313,15.08290323,0.0,18.72966667,99.3816129,19.69233333,50.99032258,455.0
Brazos,8101000.0,COPI48,USGS GAGE,8101000.0,08101000,31.2859779,-97.88453836,,2014,16.00322581,10.88071429,7.31483871,5.629,24.26967742,11.113,1.504193548,0.185483871,0.006,0.268387097,0.259666667,0.280322581,455.0
Brazos,8101000.0,COPI48,USGS GAGE,8101000.0,08101000,31.2859779,-97.88453836,,2015,1.229354839,2.681785714,16.64483871,18.727,1113.680645,229.99,16.39903226,1.134193548,0.605666667,373.5254839,351.23,269.8903226,455.0
Brazos,8101000.0,COPI48,USGS GAGE,8101000.0,08101000,31.2859779,-97.88453836,,2016,153.6064516,101.3517241,331.9129032,514.7466667,406.7419355,872.6933333,35.8,108.2225806,56.15,21.2516129,47.04666667,42.71612903,455.0
Brazos,8101000.0,COPI48,USGS GAGE,8101000.0,08101000,31.2859779,-97.88453836,,2017,56.69032258,123.2285714,82.31290323,432.2266667,56.17741935,112.4533333,10.38741935,10.01903226,4.021333333,3.771935484,2.716666667,2.259677419,455.0
Brazos,8101000.0,COPI48,USGS GAGE,8101000.0,08101000,31.2859779,-97.88453836,,2018,1.821935484,32.59892857,25.5916129,13.12866667,73.38741935,1.563666667,0.023548387,0.085806452,48.35333333,1416.956129,269.3333333,436.7419355,455.0
Brazos,8101000.0,COPI48,USGS GAGE,8101000.0,08101000,31.2859779,-97.88453836,,2019,459.9354839,186.9285714,160.1709677,132.0733333,339.9451613,104.1633333,20.73935484,7.22483871,1.853,1.543225806,1.841,2.112258065,455.0
Brazos,8101000.0,COPI48,USGS GAGE,8101000.0,08101000,31.2859779,-97.88453836,,2020,2.323225806,30.74448276,182.7351613,138.9766667,47.98064516,10.56933333,1.819032258,0.204193548,147.1643333,3.585806452,3.786,4.681935484,455.0
Brazos,8101000.0,COPI48,USGS GAGE,8101000.0,08101000,31.2859779,-97.88453836,,2021,9.873548387,6.13,10.06419355,5.138,263.0293548,119.9566667,80.25483871,9.930967742,4.019666667,2.020322581,1.190333333,1.140967742,455.0
Brazos,8101000.0,COPI48,USGS GAGE,8101000.0,08101000,31.2859779,-97.88453836,,2022,1.006451613,0.978214286,0.975483871,0.940666667,12.77322581,0.143333333,0.0,0.0,3.930666667,0.0,8.166333333,0.22483871,455.0
Brazos,8101000.0,COPI48,USGS GAGE,8101000.0,08101000,31.2859779,-97.88453836,,2023,0.121290323,0.475,0.450645161,5.087,17.03193548,1.399333333,0.0,0.0,0.0,128.9677419,5.78,4.670645161,455.0
Brazos,8101000.0,COPI48,USGS GAGE,8101000.0,08101000,31.2859779,-97.88453836,,2024,7.27516129,19.16793103,15.29451613,32.311,2394.853871,98.07,23.52903226,14.97354839,8.451,1.892580645,2.096666667,2.207419355,455.0
Brazos,8102500.0,LEBE49,USGS GAGE,8102500.0,08102500,31.0700167,-97.44187763,"Leon Rv nr Belton, TX",2010,457.6548387,4379.285714,3316.16129,930.2833333,227.5903226,74.65733333,84.48709677,18.93387097,1493.223333,12.20354839,17.114,12.22032258,3582.0
Brazos,8102500.0,LEBE49,USGS GAGE,8102500.0,08102500,31.0700167,-97.44187763,"Leon Rv nr Belton, TX",2011,36.96225806,9.886071429,7.391290323,14.41966667,21.03129032,19.758,57.36774194,138.7096774,198.8,42.69741935,14.728,25.29548387,3582.0
Brazos,8102500.0,LEBE49,USGS GAGE,8102500.0,08102500,31.0700167,-97.44187763,"Leon Rv nr Belton, TX",2012,30.88806452,10.94965517,1454.96,1109.366667,27.98903226,26.66133333,24.66451613,109.3806452,31.73766667,12.46387097,11.58666667,33.86451613,3582.0
Brazos,8102500.0,LEBE49,USGS GAGE,8102500.0,08102500,31.0700167,-97.44187763,"Leon Rv nr Belton, TX",2013,44.70322581,15.5675,5.540322581,5.984666667,27.94193548,10.69133333,175.3454839,320.9677419,205.9126667,17.24387097,22.71,20.02903226,3582.0
Brazos,8102500.0,LEBE49,USGS GAGE,8102500.0,08102500,31.0700167,-97.44187763,"Leon Rv nr Belton, TX",2014,15.74,16.21071429,14.90322581,6.710666667,23.38290323,9.889666667,18.92193548,86.58935484,29.66966667,10.18290323,21.004,24.67096774,3582.0
Brazos,8102500.0,LEBE49,USGS GAGE,8102500.0,08102500,31.0700167,-97.44187763,"Leon Rv nr Belton, TX",2015,28.1483871,7.583928571,7.810322581,5.047,23.63935484,1946.839667,4163.870968,697.0322581,25.41,680.26,2219.233333,2799.077419,3582.0
Brazos,8102500.0,LEBE49,USGS GAGE,8102500.0,08102500,31.0700167,-97.44187763,"Leon Rv nr Belton, TX",2016,2304.354839,660.5862069,1949.16129,1300.066667,3199.141935,4859.4,5945.483871,2550.322581,498.1033333,9.515483871,489.878,168.906129,3582.0
Brazos,8102500.0,LEBE49,USGS GAGE,8102500.0,08102500,31.0700167,-97.44187763,"Leon Rv nr Belton, TX",2017,659.3741935,689.6107143,445.4548387,2700.796667,216.0032258,863.4636667,182.4635484,26.85806452,21.75333333,21.1516129,19.96366667,8.432580645,3582.0
Brazos,8102500.0,LEBE49,USGS GAGE,8102500.0,08102500,31.0700167,-97.44187763,"Leon Rv nr Belton, TX",2018,8.410645161,10.95964286,10.7316129,18.951,20.15516129,15.361,26.08548387,19.07935484,29.598,1969.529032,4592.333333,2166.283871,3582.0
Brazos,8102500.0,LEBE49,USGS GAGE,8102500.0,08102500,31.0700167,-97.44187763,"Leon Rv nr Belton, TX",2019,2862.496774,1905.889286,483.7,667.0066667,3607.258065,2941.61,220.3193548,13.62387097,8.533333333,15.31322581,22.046,13.11322581,3582.0
Brazos,8102500.0,LEBE49,USGS GAGE,8102500.0,08102500,31.0700167,-97.44187763,"Leon Rv nr Belton, TX",2020,4.310322581,9.239310345,783.8696774,1321.944333,333.3370968,15.25833333,25.00483871,19.24870968,711.0816667,24.04806452,21.219,26.88709677,3582.0
Brazos,8102500.0,LEBE49,USGS GAGE,8102500.0,08102500,31.0700167,-97.44187763,"Leon Rv nr Belton, TX",2021,20.64193548,28.26464286,18.27096774,21.61566667,863.4935484,4551.436667,1552.935484,186.0741935,19.32333333,29.72580645,21.34,27.20419355,3582.0
Brazos,8102500.0,LEBE49,USGS GAGE,8102500.0,08102500,31.0700167,-97.44187763,"Leon Rv nr Belton, TX",2022,24.05548387,14.92714286,10.69096774,17.21933333,21.79354839,9.075,51.17096774,55.20322581,162.3033333,240.1903226,16.77166667,12.86483871,3582.0
Brazos,8102500.0,LEBE49,USGS GAGE,8102500.0,08102500,31.0700167,-97.44187763,"Leon Rv nr Belton, TX",2023,15.40322581,17.93857143,6.863225806,21.56466667,16.17741935,7.933666667,22.42903226,14.1516129,18.26966667,14.57322581,18.74,16.89,3582.0
Brazos,8102500.0,LEBE49,USGS GAGE,8102500.0,08102500,31.0700167,-97.44187763,"Leon Rv nr Belton, TX",2024,26.40645161,27.95172414,12.8,56.94866667,3151.251613,3901.533333,1458.709677,70.77806452,16.59066667,11.93516129,17.73566667,9.917741935,3582.0
Brazos,8103800.0,LAKE50,USGS GAGE,8103800.0,08103800,31.08165088,-98.01702795,"Lampasas Rv nr Kempner, TX",2010,994.6451613,1204.0,727.4516129,369.7666667,324.5806452,73.68,64.17096774,31.87419355,35.74666667,20.21290323,20.86666667,20.41935484,818.0
Brazos,8103800.0,LAKE50,USGS GAGE,8103800.0,08103800,31.08165088,-98.01702795,"Lampasas Rv nr Kempner, TX",2011,18.89354839,18.74285714,24.57096774,14.93333333,61.31483871,9.634333333,8.230322581,7.991290323,8.708333333,72.12903226,8.689,10.67774194,818.0
Brazos,8103800.0,LAKE50,USGS GAGE,8103800.0,08103800,31.08165088,-98.01702795,"Lampasas Rv nr Kempner, TX",2012,29.88548387,111.4896552,281.0967742,81.87666667,83.39677419,17.67666667,12.29548387,8.806129032,8.707333333,11.50645161,9.849,14.3483871,818.0
Brazos,8103800.0,LAKE50,USGS GAGE,8103800.0,08103800,31.08165088,-98.01702795,"Lampasas Rv nr Kempner, TX",2013,17.73225806,23.36785714,15.88387097,14.37,13.25,7.961,12.51096774,10.52419355,12.024,36.67419355,25.65,35.9,818.0
Brazos,8103800.0,LAKE50,USGS GAGE,8103800.0,08103800,31.08165088,-98.01702795,"Lampasas Rv nr Kempner, TX",2014,18.82580645,17.38214286,13.23258065,15.33333333,157.7409677,71.68333333,22.99032258,17.57096774,19.205,17.67741935,17.23666667,16.93548387,818.0
Brazos,8103800.0,LAKE50,USGS GAGE,8103800.0,08103800,31.08165088,-98.01702795,"Lampasas Rv nr Kempner, TX",2015,23.76451613,49.63214286,28.54516129,18.35,715.2129032,186.8566667,37.23870968,16.67741935,12.44666667,195.4967742,197.12,325.0322581,818.0
Brazos,8103800.0,LAKE50,USGS GAGE,8103800.0,08103800,31.08165088,-98.01702795,"Lampasas Rv nr Kempner, TX",2016,169.5806452,155.4068966,513.0,637.9666667,764.6129032,970.8666667,103.4709677,165.7709677,123.83,45.09032258,50.03333333,46.38064516,818.0
Brazos,8103800.0,LAKE50,USGS GAGE,8103800.0,08103800,31.08165088,-98.01702795,"Lampasas Rv nr Kempner, TX",2017,64.48709677,124.8321429,104.416129,296.2566667,93.23548387,203.7933333,37.09032258,22.76129032,22.97,20.10967742,19.42,16.6,818.0
Brazos,8103800.0,LAKE50,USGS GAGE,8103800.0,08103800,31.08165088,-98.01702795,"Lampasas Rv nr Kempner, TX",2018,13.6,24.93571429,13.50645161,13.36666667,25.83870968,12.00866667,8.448709677,6.836774194,12.035,1819.077419,402.6666667,823.9032258,818.0
Brazos,8103800.0,LAKE50,USGS GAGE,8103800.0,08103800,31.08165088,-98.01702795,"Lampasas Rv nr Kempner, TX",2019,796.0,271.3928571,283.1612903,206.1333333,443.5483871,138.4966667,43.91935484,24.49354839,22.20333333,19.77096774,18.13666667,19.83870968,818.0
Brazos,8103800.0,LAKE50,USGS GAGE,8103800.0,08103800,31.08165088,-98.01702795,"Lampasas Rv nr Kempner, TX",2020,15.40967742,28.65862069,102.5064516,143.2766667,91.20645161,44.02333333,17.42258065,23.75806452,687.21,52.63225806,62.98,47.06774194,818.0
Brazos,8103800.0,LAKE50,USGS GAGE,8103800.0,08103800,31.08165088,-98.01702795,"Lampasas Rv nr Kempner, TX",2021,42.96129032,40.34642857,28.38064516,30.90333333,176.1387097,178.2566667,119.5193548,28.92580645,22.97666667,27.2516129,17.45233333,16.35483871,818.0
Brazos,8103800.0,LAKE50,USGS GAGE,8103800.0,08103800,31.08165088,-98.01702795,"Lampasas Rv nr Kempner, TX",2022,15.38387097,35.41428571,24.87419355,9.05,12.2416129,9.739666667,7.179354839,10.74354839,13.64933333,9.348709677,45.23266667,15.45806452,818.0
Brazos,8103800.0,LAKE50,USGS GAGE,8103800.0,08103800,31.08165088,-98.01702795,"Lampasas Rv nr Kempner, TX",2023,14.48709677,14.2,20.51612903,14.23333333,15.60322581,10.25333333,5.991935484,8.898387097,37.18466667,234.8451613,11.09666667,9.129032258,818.0
Brazos,8103800.0,LAKE50,USGS GAGE,8103800.0,08103800,31.08165088,-98.01702795,"Lampasas Rv nr Kempner, TX",2024,10.19645161,30.59310345,24.96774194,45.37666667,3249.777419,255.5933333,53.69677419,26.29032258,19.82666667,15.93548387,16.86333333,19.56451613,818.0
Brazos,8104100.0,LABE52,USGS GAGE,8104100.0,08104100,31.00175399,-97.49202968,"Lampasas Rv nr Belton, TX",2010,397.2258065,3286.071429,1282.83871,654.7333333,369.6129032,115.1366667,77.90774194,10.98709677,871.98,20.63225806,19.84666667,10.0583871,1321.0
Brazos,8104100.0,LABE52,USGS GAGE,8104100.0,08104100,31.00175399,-97.49202968,"Lampasas Rv nr Belton, TX",2011,29.81709677,28.44642857,25.96645161,110.3403333,161.9177419,212.6,365.3958065,237.7358065,2.470666667,1.75483871,1.690333333,1.879677419,1321.0
Brazos,8104100.0,LABE52,USGS GAGE,8104100.0,08104100,31.00175399,-97.49202968,"Lampasas Rv nr Belton, TX",2012,1.766129032,5.335517241,14.51258065,12.52666667,13.5483871,10.55,7.917419355,6.411935484,6.38,6.17483871,7.100333333,5.972903226,1321.0
Brazos,8104100.0,LABE52,USGS GAGE,8104100.0,08104100,31.00175399,-97.49202968,"Lampasas Rv nr Belton, TX",2013,5.323548387,4.041428571,4.321290323,3.186666667,3.178709677,2.415666667,2.830322581,2.23,2.744666667,4.587741935,6.682666667,6.482903226,1321.0
Brazos,8104100.0,LABE52,USGS GAGE,8104100.0,08104100,31.00175399,-97.49202968,"Lampasas Rv nr Belton, TX",2014,2.908064516,2.58,2.452258065,3.092333333,3.410645161,2.123333333,3.589354839,1.941612903,4.358666667,1.43516129,1.573333333,4.968387097,1321.0
Brazos,8104100.0,LABE52,USGS GAGE,8104100.0,08104100,31.00175399,-97.49202968,"Lampasas Rv nr Belton, TX",2015,5.048709677,2.548214286,5.419354839,3.048333333,11.89935484,657.7333333,210.7483871,13.77419355,10.71633333,69.37483871,797.2333333,1312.709677,1321.0
Brazos,8104100.0,LABE52,USGS GAGE,8104100.0,08104100,31.00175399,-97.49202968,"Lampasas Rv nr Belton, TX",2016,422.6870968,292.5862069,904.3,363.19,808.5967742,1616.64,1318.322581,437.6451613,276.2366667,108.7774194,79.33,78.51935484,1321.0
Brazos,8104100.0,LABE52,USGS GAGE,8104100.0,08104100,31.00175399,-97.49202968,"Lampasas Rv nr Belton, TX",2017,199.0967742,280.5178571,377.6129032,799.51,98.83870968,220.4356667,10.6183871,12.06774194,10.60333333,10.85548387,8.885,7.723870968,1321.0
Brazos,8104100.0,LABE52,USGS GAGE,8104100.0,08104100,31.00175399,-97.49202968,"Lampasas Rv nr Belton, TX",2018,6.633548387,5.411428571,5.819354839,9.563333333,7.227096774,4.348,3.856451613,3.731612903,4.814666667,407.2041935,1252.666667,1592.370968,1321.0
Brazos,8104100.0,LABE52,USGS GAGE,8104100.0,08104100,31.00175399,-97.49202968,"Lampasas Rv nr Belton, TX",2019,1903.16129,1228.675,417.4806452,325.6233333,624.7677419,1196.733333,131.7645161,12.20322581,11.22333333,10.98709677,9.419666667,8.452580645,1321.0
Brazos,8104100.0,LABE52,USGS GAGE,8104100.0,08104100,31.00175399,-97.49202968,"Lampasas Rv nr Belton, TX",2020,7.35,9.813448276,10.27774194,14.29533333,163.5483871,9.116333333,7.650322581,5.863548387,63.006,20.37096774,14.36333333,12.4516129,1321.0
Brazos,8104100.0,LABE52,USGS GAGE,8104100.0,08104100,31.00175399,-97.49202968,"Lampasas Rv nr Belton, TX",2021,95.5,10.08642857,8.97483871,6.908333333,16.90516129,582.3666667,136.3696774,49.20967742,9.815666667,9.177741935,10.12966667,9.202258065,1321.0
Brazos,8104100.0,LABE52,USGS GAGE,8104100.0,08104100,31.00175399,-97.49202968,"Lampasas Rv nr Belton, TX",2022,7.608064516,7.54,5.447419355,5.612,4.822258065,3.472666667,2.582258065,4.839032258,3.428333333,2.781935484,5.490333333,3.86,1321.0
Brazos,8104100.0,LABE52,USGS GAGE,8104100.0,08104100,31.00175399,-97.49202968,"Lampasas Rv nr Belton, TX",2023,1.110322581,5.476785714,3.472903226,4.13,4.737741935,2.391333333,1.070322581,0.636129032,0.858666667,2.194516129,3.377666667,6.368387097,1321.0
Brazos,8104100.0,LABE52,USGS GAGE,8104100.0,08104100,31.00175399,-97.49202968,"Lampasas Rv nr Belton, TX",2024,9.683548387,7.527586207,5.640322581,34.323,857.2612903,1774.166667,579.9967742,21.59032258,16.23333333,13.29354839,12.35233333,8.447419355,1321.0
Brazos,8104500.0,LRLR53,USGS GAGE,8104500.0,08104500,30.96666038,-97.3459539,"Little Rv nr Little River, TX",2010,1405.548387,8833.571429,5476.129032,1963.1,793.1935484,335.3,325.2903226,89.93548387,3871.253333,151.0645161,120.2666667,109.9193548,5228.0
Brazos,8104500.0,LRLR53,USGS GAGE,8104500.0,08104500,30.96666038,-97.3459539,"Little Rv nr Little River, TX",2011,205.3322581,136.9285714,108.7129032,184.8,310.5806452,281.2333333,447.0,390.516129,215.9666667,114.1322581,56.15333333,126.9419355,5228.0
Brazos,8104500.0,LRLR53,USGS GAGE,8104500.0,08104500,30.96666038,-97.3459539,"Little Rv nr Little River, TX",2012,133.6516129,230.4551724,2132.0,1252.0,112.5580645,99.9,81.28387097,170.483871,130.4133333,65.96129032,57.04666667,79.58709677,5228.0
Brazos,8104500.0,LRLR53,USGS GAGE,8104500.0,08104500,30.96666038,-97.3459539,"Little Rv nr Little River, TX",2013,165.3774194,90.725,79.03870968,67.90333333,185.4419355,55.04,288.4548387,363.0967742,266.57,242.3354839,160.4433333,133.1612903,5228.0
Brazos,8104500.0,LRLR53,USGS GAGE,8104500.0,08104500,30.96666038,-97.3459539,"Little Rv nr Little River, TX",2014,99.32580645,86.75357143,96.8483871,72.83,204.1064516,95.73666667,73.62258065,102.9903226,108.95,75.23225806,111.2766667,74.76451613,5228.0
Brazos,8104500.0,LRLR53,USGS GAGE,8104500.0,08104500,30.96666038,-97.3459539,"Little Rv nr Little River, TX",2015,163.4225806,98.16785714,194.4129032,118.6633333,938.3322581,2900.533333,4629.354839,830.2258065,100.14,1583.619355,3685.333333,4915.483871,5228.0
Brazos,8104500.0,LRLR53,USGS GAGE,8104500.0,08104500,30.96666038,-97.3459539,"Little Rv nr Little River, TX",2016,3293.709677,1114.172414,3524.645161,2061.933333,4930.548387,6981.533333,7408.387097,3375.16129,869.5666667,230.9645161,707.6,345.0645161,5228.0
Brazos,8104500.0,LRLR53,USGS GAGE,8104500.0,08104500,30.96666038,-97.3459539,"Little Rv nr Little River, TX",2017,1077.322581,1197.535714,1028.032258,4597.666667,543.3870968,1271.366667,260.4193548,133.5290323,84.07333333,86.96129032,75.48,94.85483871,5228.0
Brazos,8104500.0,LRLR53,USGS GAGE,8104500.0,08104500,30.96666038,-97.3459539,"Little Rv nr Little River, TX",2018,67.27741935,96.97857143,115.4935484,93.83666667,120.3967742,43.93666667,41.30322581,69.78064516,182.5833333,3235.63871,6247.333333,4410.483871,5228.0
Brazos,8104500.0,LRLR53,USGS GAGE,8104500.0,08104500,30.96666038,-97.3459539,"Little Rv nr Little River, TX",2019,5899.354839,3569.321429,1171.806452,1435.966667,5969.677419,4952.666667,602.6774194,100.583871,71.57666667,84.52258065,96.3,84.15806452,5228.0
Brazos,8104500.0,LRLR53,USGS GAGE,8104500.0,08104500,30.96666038,-97.3459539,"Little Rv nr Little River, TX",2020,96.3483871,194.5137931,1072.783871,1754.833333,703.8387097,91.57666667,80.06774194,45.82903226,1186.746667,101.8064516,85.38333333,118.2903226,5228.0
Brazos,8104500.0,LRLR53,USGS GAGE,8104500.0,08104500,30.96666038,-97.3459539,"Little Rv nr Little River, TX",2021,266.0,136.2821429,113.0064516,118.18,1185.177419,5455.033333,2010.0,330.7129032,94.59666667,207.7741935,152.2666667,144.7806452,5228.0
Brazos,8104500.0,LRLR53,USGS GAGE,8104500.0,08104500,30.96666038,-97.3459539,"Little Rv nr Little River, TX",2022,111.5032258,161.7392857,105.0903226,147.8233333,118.2677419,49.52666667,67.92580645,138.0774194,204.5466667,290.2129032,136.0233333,78.81935484,5228.0
Brazos,8104500.0,LRLR53,USGS GAGE,8104500.0,08104500,30.96666038,-97.3459539,"Little Rv nr Little River, TX",2023,77.77419355,142.2642857,96.23870968,232.5733333,246.3612903,49.62,40.32258065,32.4483871,63.34333333,110.6129032,76.82666667,148.8290323,5228.0
Brazos,8104500.0,LRLR53,USGS GAGE,8104500.0,08104500,30.96666038,-97.3459539,"Little Rv nr Little River, TX",2024,319.1419355,185.1034483,124.6129032,720.2833333,4909.0,6047.666667,2258.741935,180.5,95.2,72.55806452,102.11,83.97419355,5228.0
Brazos,8104700.0,NGGE54,USGS GAGE,8104700.0,08104700,30.66216233,-97.71087083,"N Fk San Gabriel Rv nr Georgetown, TX",2010,112.3396774,659.0714286,145.4087097,73.825,12.83870968,6.066,6.035483871,1.022258065,99.512,3.438064516,0.968666667,0.941612903,248.0
Brazos,8104700.0,NGGE54,USGS GAGE,8104700.0,08104700,30.66216233,-97.71087083,"N Fk San Gabriel Rv nr Georgetown, TX",2011,0.908709677,1.348928571,0.998387097,0.408,0.572580645,1.428333333,1.116451613,5.482580645,5.494333333,0.173548387,0.402,0.467741935,248.0
Brazos,8104700.0,NGGE54,USGS GAGE,8104700.0,08104700,30.66216233,-97.71087083,"N Fk San Gabriel Rv nr Georgetown, TX",2012,0.465483871,1.14,1.513870968,0.830666667,0.6,0.819333333,0.699677419,1.44,1.117333333,0.808387097,1.680666667,0.879032258,248.0
Brazos,8104700.0,NGGE54,USGS GAGE,8104700.0,08104700,30.66216233,-97.71087083,"N Fk San Gabriel Rv nr Georgetown, TX",2013,0.593225806,0.618571429,0.435806452,0.552666667,0.610322581,0.252333333,0.29483871,0.484516129,0.507,0.61516129,1.842333333,0.826129032,248.0
Brazos,8104700.0,NGGE54,USGS GAGE,8104700.0,08104700,30.66216233,-97.71087083,"N Fk San Gabriel Rv nr Georgetown, TX",2014,0.769354839,0.766428571,1.070645161,0.466666667,1.10516129,1.646333333,1.089354839,0.647419355,0.794,0.879677419,0.765666667,0.496129032,248.0
Brazos,8104700.0,NGGE54,USGS GAGE,8104700.0,08104700,30.66216233,-97.71087083,"N Fk San Gabriel Rv nr Georgetown, TX",2015,0.687419355,0.875357143,1.117419355,0.749666667,16.94709677,260.5546667,32.49258065,1.811612903,0.909,2.042580645,1.910666667,175.7751613,248.0
Brazos,8104700.0,NGGE54,USGS GAGE,8104700.0,08104700,30.66216233,-97.71087083,"N Fk San Gabriel Rv nr Georgetown, TX",2016,55.74354839,19.62896552,206.6651613,46.30333333,340.5,279.5903333,29.47645161,37.76129032,7.185333333,3.584516129,3.501333333,2.801612903,248.0
Brazos,8104700.0,NGGE54,USGS GAGE,8104700.0,08104700,30.66216233,-97.71087083,"N Fk San Gabriel Rv nr Georgetown, TX",2017,26.22645161,88.18928571,95.8616129,37.30066667,1.667419355,1.836,2.227096774,2.63516129,3.656333333,1.827741935,3.425333333,1.719032258,248.0
Brazos,8104700.0,NGGE54,USGS GAGE,8104700.0,08104700,30.66216233,-97.71087083,"N Fk San Gabriel Rv nr Georgetown, TX",2018,1.290322581,1.119285714,1.242258065,1.735,1.507741935,0.818,1.156451613,1.41516129,1.744666667,263.2883871,241.6233333,153.6422581,248.0
Brazos,8104700.0,NGGE54,USGS GAGE,8104700.0,08104700,30.66216233,-97.71087083,"N Fk San Gabriel Rv nr Georgetown, TX",2019,534.9387097,139.5357143,61.76870968,17.778,214.4387097,197.6033333,37.14064516,2.274516129,1.508333333,1.597096774,6.841,2.949354839,248.0
Brazos,8104700.0,NGGE54,USGS GAGE,8104700.0,08104700,30.66216233,-97.71087083,"N Fk San Gabriel Rv nr Georgetown, TX",2020,0.903225806,1.123448276,1.61483871,1.518333333,1.243548387,1.356666667,1.099354839,1.271290323,0.946333333,1.345806452,1.271333333,1.250967742,248.0
Brazos,8104700.0,NGGE54,USGS GAGE,8104700.0,08104700,30.66216233,-97.71087083,"N Fk San Gabriel Rv nr Georgetown, TX",2021,1.425806452,2.433928571,1.124193548,2.213,1.900967742,2.315666667,1.539032258,1.581935484,1.336333333,1.856129032,1.748,1.516451613,248.0
Brazos,8104700.0,NGGE54,USGS GAGE,8104700.0,08104700,30.66216233,-97.71087083,"N Fk San Gabriel Rv nr Georgetown, TX",2022,1.480322581,1.603214286,0.838387097,0.413333333,0.280322581,0.055333333,0.718709677,1.466774194,1.254,1.826774194,1.634333333,1.645806452,248.0
Brazos,8104700.0,NGGE54,USGS GAGE,8104700.0,08104700,30.66216233,-97.71087083,"N Fk San Gabriel Rv nr Georgetown, TX",2023,1.301935484,1.495,1.604516129,1.611666667,2.065483871,1.533666667,1.591935484,1.228709677,1.123333333,0.942258065,1.428,0.508387097,248.0
Brazos,8104700.0,NGGE54,USGS GAGE,8104700.0,08104700,30.66216233,-97.71087083,"N Fk San Gabriel Rv nr Georgetown, TX",2024,2.217419355,0.79,0.472903226,0.389333333,0.969677419,0.372666667,0.790645161,0.717419355,0.42,0.194193548,0.378,0.978709677,248.0
Brazos,8104900.0,SGGE55,USGS GAGE,8104900.0,08104900,30.62602662,-97.69111192,"S Fk San Gabriel Rv at Georgetown, TX",2010,127.0903226,230.3571429,159.7419355,81.79333333,32.80322581,10.89933333,10.29483871,0.652580645,256.27,15.12645161,8.047,5.934193548,133.0
Brazos,8104900.0,SGGE55,USGS GAGE,8104900.0,08104900,30.62602662,-97.69111192,"S Fk San Gabriel Rv at Georgetown, TX",2011,9.176451613,6.145714286,3.721290323,1.985333333,0.416451613,0.102666667,0.078387097,0.03,0.014333333,0.366451613,1.702666667,3.612903226,133.0
Brazos,8104900.0,SGGE55,USGS GAGE,8104900.0,08104900,30.62602662,-97.69111192,"S Fk San Gabriel Rv at Georgetown, TX",2012,3.57516129,20.53758621,79.99612903,18.23833333,18.78225806,3.628666667,3.134516129,2.563548387,11.29833333,3.432258065,1.366666667,1.351612903,133.0
Brazos,8104900.0,SGGE55,USGS GAGE,8104900.0,08104900,30.62602662,-97.69111192,"S Fk San Gabriel Rv at Georgetown, TX",2013,5.240322581,2.09,1.944193548,1.881666667,4.221290323,0.065333333,0.876774194,0.34483871,11.17233333,4.606129032,17.18033333,21.30967742,133.0
Brazos,8104900.0,SGGE55,USGS GAGE,8104900.0,08104900,30.62602662,-97.69111192,"S Fk San Gabriel Rv at Georgetown, TX",2014,9.142258065,4.480357143,5.96483871,7.453666667,14.30322581,7.426,13.61612903,0.450967742,1.396333333,3.577419355,12.958,4.624193548,133.0
Brazos,8104900.0,SGGE55,USGS GAGE,8104900.0,08104900,30.62602662,-97.69111192,"S Fk San Gabriel Rv at Georgetown, TX",2015,9.886129032,8.853214286,43.45774194,21.52666667,403.0,125.63,45.11612903,7.110967742,1.536666667,77.01225806,90.81333333,89.97741935,133.0
Brazos,8104900.0,SGGE55,USGS GAGE,8104900.0,08104900,30.62602662,-97.69111192,"S Fk San Gabriel Rv at Georgetown, TX",2016,49.94193548,35.30344828,99.58709677,129.0566667,153.9741935,112.33,21.89032258,85.9316129,62.37,31.48387097,55.08333333,85.86774194,133.0
Brazos,8104900.0,SGGE55,USGS GAGE,8104900.0,08104900,30.62602662,-97.69111192,"S Fk San Gabriel Rv at Georgetown, TX",2017,89.85806452,91.63214286,68.22258065,35.97333333,16.36129032,11.708,2.935806452,14.94612903,7.015,6.075483871,6.174,6.600645161,133.0
Brazos,8104900.0,SGGE55,USGS GAGE,8104900.0,08104900,30.62602662,-97.69111192,"S Fk San Gabriel Rv at Georgetown, TX",2018,5.598387097,5.574642857,7.328709677,7.061333333,16.08193548,9.918,2.863225806,2.848064516,354.104,418.2548387,108.2533333,130.7709677,133.0
Brazos,8104900.0,SGGE55,USGS GAGE,8104900.0,08104900,30.62602662,-97.69111192,"S Fk San Gabriel Rv at Georgetown, TX",2019,195.9032258,86.18214286,54.37096774,95.84333333,194.2870968,78.31333333,23.17064516,2.574193548,1.295,3.077419355,5.612666667,5.589677419,133.0
Brazos,8104900.0,SGGE55,USGS GAGE,8104900.0,08104900,30.62602662,-97.69111192,"S Fk San Gabriel Rv at Georgetown, TX",2020,6.956451613,18.40793103,18.11967742,31.96666667,25.44193548,9.039666667,1.606129032,1.018387097,7.038666667,3.073225806,3.256666667,5.565483871,133.0
Brazos,8104900.0,SGGE55,USGS GAGE,8104900.0,08104900,30.62602662,-97.69111192,"S Fk San Gabriel Rv at Georgetown, TX",2021,9.117419355,11.255,7.782258065,5.664666667,59.12903226,142.8766667,49.52580645,13.83225806,10.25133333,28.34,29.00666667,12.75064516,133.0
Brazos,8104900.0,SGGE55,USGS GAGE,8104900.0,08104900,30.62602662,-97.69111192,"S Fk San Gabriel Rv at Georgetown, TX",2022,9.387419355,19.225,10.9383871,8.820333333,11.82903226,7.776333333,2.264516129,6.526774194,10.01066667,9.508064516,20.62266667,9.973548387,133.0
Brazos,8104900.0,SGGE55,USGS GAGE,8104900.0,08104900,30.62602662,-97.69111192,"S Fk San Gabriel Rv at Georgetown, TX",2023,6.309354839,27.59321429,14.46483871,35.06866667,45.7483871,17.57133333,4.332580645,3.186774194,9.865666667,19.23064516,17.76666667,26.38258065,133.0
Brazos,8104900.0,SGGE55,USGS GAGE,8104900.0,08104900,30.62602662,-97.69111192,"S Fk San Gabriel Rv at Georgetown, TX",2024,70.36451613,45.53103448,21.09032258,36.98333333,119.9483871,36.84333333,24.14580645,9.856451613,8.256,3.831935484,8.275666667,7.738064516,133.0
Brazos,8105700.0,GALA57,USGS GAGE,8105700.0,08105700,30.69444363,-97.27903368,"San Gabriel Rv at Laneport, TX",2010,495.3032258,1626.392857,832.7516129,341.07,98.12903226,99.39966667,28.27258065,6.159354839,1305.483667,66.23225806,47.27333333,19.85548387,738.0
Brazos,8105700.0,GALA57,USGS GAGE,8105700.0,08105700,30.69444363,-97.27903368,"San Gabriel Rv at Laneport, TX",2011,4.838387097,4.165,17.73516129,6.595333333,9.8,1.947666667,1.897419355,2.139354839,3.441666667,3.154516129,2.524333333,3.081935484,738.0
Brazos,8105700.0,GALA57,USGS GAGE,8105700.0,08105700,30.69444363,-97.27903368,"San Gabriel Rv at Laneport, TX",2012,4.949677419,7.806206897,204.3112903,115.5293333,10.08354839,9.833666667,3.545806452,4.462580645,4.217333333,2.797741935,3.307,3.648064516,738.0
Brazos,8105700.0,GALA57,USGS GAGE,8105700.0,08105700,30.69444363,-97.27903368,"San Gabriel Rv at Laneport, TX",2013,2.754516129,2.03,2.136774194,2.02,13.19354839,29.15733333,11.14870968,1.213548387,7.596666667,10.48741935,104.0993333,199.2580645,738.0
Brazos,8105700.0,GALA57,USGS GAGE,8105700.0,08105700,30.69444363,-97.27903368,"San Gabriel Rv at Laneport, TX",2014,111.7,40.86071429,51.00645161,59.97633333,21.78741935,56.77833333,37.53967742,27.98322581,8.703333333,3.548064516,50.459,138.5903226,738.0
Brazos,8105700.0,GALA57,USGS GAGE,8105700.0,08105700,30.69444363,-97.27903368,"San Gabriel Rv at Laneport, TX",2015,210.9032258,202.1285714,306.6741935,155.542,338.7932258,2327.1,191.9645161,32.39516129,5.047666667,15.77612903,828.2533333,608.9967742,738.0
Brazos,8105700.0,GALA57,USGS GAGE,8105700.0,08105700,30.69444363,-97.27903368,"San Gabriel Rv at Laneport, TX",2016,481.1612903,189.7586207,709.3870968,806.55,1395.212903,1501.106667,264.6129032,634.6419355,330.5333333,119.3548387,202.4266667,156.0774194,738.0
Brazos,8105700.0,GALA57,USGS GAGE,8105700.0,08105700,30.69444363,-97.27903368,"San Gabriel Rv at Laneport, TX",2017,276.6451613,356.0714286,357.416129,361.55,41.15774194,41.778,1.926774194,52.00580645,255.6373333,43.79806452,4.066333333,102.2835484,738.0
Brazos,8105700.0,GALA57,USGS GAGE,8105700.0,08105700,30.69444363,-97.27903368,"San Gabriel Rv at Laneport, TX",2018,21.50096774,80.35785714,87.90741935,213.7706667,28.44741935,1.547666667,1.228387097,0.369354839,275.2533333,952.9003226,1108.733333,780.6064516,738.0
Brazos,8105700.0,GALA57,USGS GAGE,8105700.0,08105700,30.69444363,-97.27903368,"San Gabriel Rv at Laneport, TX",2019,1847.158065,382.75,228.4335484,520.8063333,1057.86129,785.4333333,149.7154839,4.982580645,4.332333333,3.105483871,2.493333333,1.099354839,738.0
Brazos,8105700.0,GALA57,USGS GAGE,8105700.0,08105700,30.69444363,-97.27903368,"San Gabriel Rv at Laneport, TX",2020,80.99225806,106.4517241,106.81,112.6176667,62.4,7.887666667,3.460322581,1.985483871,1.878333333,1.811612903,1.200333333,1.55,738.0
Brazos,8105700.0,GALA57,USGS GAGE,8105700.0,08105700,30.69444363,-97.27903368,"San Gabriel Rv at Laneport, TX",2021,1.577741935,2.341428571,20.60645161,13.02866667,203.3577419,558.1086667,155.5806452,69.53225806,8.205666667,65.52967742,203.0713333,71.8716129,738.0
Brazos,8105700.0,GALA57,USGS GAGE,8105700.0,08105700,30.69444363,-97.27903368,"San Gabriel Rv at Laneport, TX",2022,100.7322581,320.8928571,71.63225806,53.23333333,39.56741935,21.17633333,9.041612903,4.786451613,5.644666667,6.270645161,7.429666667,7.206451613,738.0
Brazos,8105700.0,GALA57,USGS GAGE,8105700.0,08105700,30.69444363,-97.27903368,"San Gabriel Rv at Laneport, TX",2023,4.82,90.8525,69.61935484,153.108,170.2419355,13.83833333,5.942903226,22.27483871,16.615,6.408387097,3.898666667,4.350967742,738.0
Brazos,8105700.0,GALA57,USGS GAGE,8105700.0,08105700,30.69444363,-97.27903368,"San Gabriel Rv at Laneport, TX",2024,76.89935484,287.2910345,57.16709677,113.2266667,555.5803226,349.8666667,23.56548387,53.82258065,28.78666667,5.961290323,20.00333333,20.53870968,738.0
Brazos,8106500.0,LRCA58,USGS GAGE,8106500.0,08106500,30.83151554,-96.95005765,"Little Rv nr Cameron, TX",2010,2505.806452,11121.07143,7297.741935,2631.0,1128.322581,718.5333333,518.6129032,142.1774194,5533.433333,391.0322581,256.9,200.1290323,7065.0
Brazos,8106500.0,LRCA58,USGS GAGE,8106500.0,08106500,30.83151554,-96.95005765,"Little Rv nr Cameron, TX",2011,377.8709677,229.5714286,153.1290323,196.7333333,333.0,254.3333333,399.6451613,349.1290323,203.3,141.7806452,63.59333333,243.816129,7065.0
Brazos,8106500.0,LRCA58,USGS GAGE,8106500.0,08106500,30.83151554,-96.95005765,"Little Rv nr Cameron, TX",2012,631.8290323,1710.103448,3626.741935,1713.7,267.583871,102.5333333,234.9129032,177.9516129,133.5066667,138.5516129,68.33666667,88.49677419,7065.0
Brazos,8106500.0,LRCA58,USGS GAGE,8106500.0,08106500,30.83151554,-96.95005765,"Little Rv nr Cameron, TX",2013,410.2580645,144.625,128.383871,143.3633333,241.6774194,87.11666667,323.0870968,329.5483871,363.02,746.6580645,2167.166667,503.3870968,7065.0
Brazos,8106500.0,LRCA58,USGS GAGE,8106500.0,08106500,30.83151554,-96.95005765,"Little Rv nr Cameron, TX",2014,312.3870968,208.5,232.1290323,209.3733333,835.6580645,331.3333333,413.0322581,131.9419355,419.14,132.2870968,557.4866667,303.6451613,7065.0
Brazos,8106500.0,LRCA58,USGS GAGE,8106500.0,08106500,30.83151554,-96.95005765,"Little Rv nr Cameron, TX",2015,1449.645161,434.4285714,2046.258065,523.6666667,6986.774194,6843.666667,5447.096774,950.2258065,148.7333333,2143.3,7851.666667,6647.741935,7065.0
Brazos,8106500.0,LRCA58,USGS GAGE,8106500.0,08106500,30.83151554,-96.95005765,"Little Rv nr Cameron, TX",2016,4187.096774,1535.172414,5444.129032,6340.0,9282.903226,9347.666667,8050.322581,5988.064516,1643.3,504.1612903,1245.866667,891.9354839,7065.0
Brazos,8106500.0,LRCA58,USGS GAGE,8106500.0,08106500,30.83151554,-96.95005765,"Little Rv nr Cameron, TX",2017,2332.967742,2038.607143,1843.225806,5804.0,1059.612903,1508.0,380.9096774,1612.854839,569.7666667,311.6774194,143.1866667,526.7096774,7065.0
Brazos,8106500.0,LRCA58,USGS GAGE,8106500.0,08106500,30.83151554,-96.95005765,"Little Rv nr Cameron, TX",2018,204.7741935,334.4642857,1249.064516,580.0666667,270.6129032,137.7266667,115.6032258,88.07096774,1002.223333,5121.096774,7483.333333,7644.516129,7065.0
Brazos,8106500.0,LRCA58,USGS GAGE,8106500.0,08106500,30.83151554,-96.95005765,"Little Rv nr Cameron, TX",2019,10015.48387,4508.571429,1718.741935,4985.3,10097.09677,6680.0,932.5483871,195.3870968,143.7333333,172.6129032,196.9,181.8709677,7065.0
Brazos,8106500.0,LRCA58,USGS GAGE,8106500.0,08106500,30.83151554,-96.95005765,"Little Rv nr Cameron, TX",2020,316.516129,495.4482759,1254.0,2283.033333,904.9677419,244.4,108.5870968,78.1483871,1139.053333,203.3548387,125.7766667,221.2258065,7065.0
Brazos,8106500.0,LRCA58,USGS GAGE,8106500.0,08106500,30.83151554,-96.95005765,"Little Rv nr Cameron, TX",2021,666.6129032,351.4285714,279.7741935,202.2666667,1822.709677,6687.0,2645.16129,714.3870968,195.22,605.8709677,638.2333333,607.7419355,7065.0
Brazos,8106500.0,LRCA58,USGS GAGE,8106500.0,08106500,30.83151554,-96.95005765,"Little Rv nr Cameron, TX",2022,329.7741935,1940.714286,590.5483871,352.5666667,328.9354839,119.8533333,64.63548387,180.1483871,360.35,392.6774194,407.7666667,290.1935484,7065.0
Brazos,8106500.0,LRCA58,USGS GAGE,8106500.0,08106500,30.83151554,-96.95005765,"Little Rv nr Cameron, TX",2023,182.7741935,672.6071429,244.4193548,1362.0,1406.225806,215.9666667,86.15806452,43.21612903,105.4233333,244.4580645,197.0666667,337.1290323,7065.0
Brazos,8106500.0,LRCA58,USGS GAGE,8106500.0,08106500,30.83151554,-96.95005765,"Little Rv nr Cameron, TX",2024,1410.0,873.1034483,373.4516129,1650.4,6861.612903,7500.333333,2479.580645,343.483871,210.7166667,90.55806452,219.5666667,193.6774194,7065.0
Brazos,8109700.0,MYDB60,USGS GAGE,8109700.0,08109700,30.33940889,-96.90432014,"Middle Yegua Ck nr Dime Box, TX",2010,47.00967742,185.5392857,42.47096774,16.03366667,33.4783871,142.1173333,6.044193548,1.559354839,2.820333333,1.049354839,4.445,4.141612903,236.0
Brazos,8109700.0,MYDB60,USGS GAGE,8109700.0,08109700,30.33940889,-96.90432014,"Middle Yegua Ck nr Dime Box, TX",2011,8.21516129,6.323214286,5.437096774,1.746666667,8.026451613,0.906666667,0.240645161,0.0,0.0,0.0,0.0,7.891935484,236.0
Brazos,8109700.0,MYDB60,USGS GAGE,8109700.0,08109700,30.33940889,-96.90432014,"Middle Yegua Ck nr Dime Box, TX",2012,109.8522581,103.5103448,267.1322581,23.77,10.71096774,6.649,4.466451613,1.375806452,0.795333333,3.274516129,1.659666667,2.997419355,236.0
Brazos,8109700.0,MYDB60,USGS GAGE,8109700.0,08109700,30.33940889,-96.90432014,"Middle Yegua Ck nr Dime Box, TX",2013,18.65548387,6.433571429,5.699032258,6.309,14.19096774,1.675333333,1.592580645,0.969677419,6.451666667,30.54290323,68.98666667,12.64032258,236.0
Brazos,8109700.0,MYDB60,USGS GAGE,8109700.0,08109700,30.33940889,-96.90432014,"Middle Yegua Ck nr Dime Box, TX",2014,11.26,12.275,12.19741935,8.554333333,37.85580645,11.78133333,4.282258065,1.941612903,5.496333333,5.546774194,14.23566667,9.358064516,236.0
Brazos,8109700.0,MYDB60,USGS GAGE,8109700.0,08109700,30.33940889,-96.90432014,"Middle Yegua Ck nr Dime Box, TX",2015,185.1483871,18.38571429,213.7903226,57.67,1547.196774,105.94,11.49870968,2.936774194,1.884666667,360.1109677,509.85,197.5516129,236.0
Brazos,8109700.0,MYDB60,USGS GAGE,8109700.0,08109700,30.33940889,-96.90432014,"Middle Yegua Ck nr Dime Box, TX",2016,62.37096774,24.45517241,236.1419355,669.1966667,936.3193548,181.0233333,8.266451613,441.2890323,20.47,11.19064516,34.03366667,83.10967742,236.0
Brazos,8109700.0,MYDB60,USGS GAGE,8109700.0,08109700,30.33940889,-96.90432014,"Middle Yegua Ck nr Dime Box, TX",2017,204.7,109.5714286,37.68064516,56.87666667,18.17741935,15.07033333,7.707096774,461.2193548,72.89333333,16.64322581,11.58266667,17.12258065,236.0
Brazos,8109700.0,MYDB60,USGS GAGE,8109700.0,08109700,30.33940889,-96.90432014,"Middle Yegua Ck nr Dime Box, TX",2018,13.39516129,17.99642857,67.56774194,79.85,16.29322581,6.619333333,3.317096774,1.17483871,13.967,90.61741935,90.59333333,613.0225806,236.0
Brazos,8109700.0,MYDB60,USGS GAGE,8109700.0,08109700,30.33940889,-96.90432014,"Middle Yegua Ck nr Dime Box, TX",2019,306.1516129,37.03928571,28.36129032,264.9133333,864.1064516,47.35333333,15.07225806,2.044193548,1.888,4.103548387,8.249666667,7.72483871,236.0
Brazos,8109700.0,MYDB60,USGS GAGE,8109700.0,08109700,30.33940889,-96.90432014,"Middle Yegua Ck nr Dime Box, TX",2020,11.3816129,11.59206897,15.81290323,15.76166667,54.20419355,8.297666667,1.157741935,0.0,0.729,0.021612903,0.0,1.059677419,236.0
Brazos,8109700.0,MYDB60,USGS GAGE,8109700.0,08109700,30.33940889,-96.90432014,"Middle Yegua Ck nr Dime Box, TX",2021,13.74903226,7.495714286,5.110967742,3.346333333,39.86258065,222.543,28.71645161,3.92,0.016666667,5.202903226,14.583,26.78774194,236.0
Brazos,8109700.0,MYDB60,USGS GAGE,8109700.0,08109700,30.33940889,-96.90432014,"Middle Yegua Ck nr Dime Box, TX",2022,9.475483871,110.4142857,59.89354839,14.908,4.760967742,0.559333333,0.0,0.0,1.849,0.0,0.0,26.97612903,236.0
Brazos,8109700.0,MYDB60,USGS GAGE,8109700.0,08109700,30.33940889,-96.90432014,"Middle Yegua Ck nr Dime Box, TX",2023,10.85741935,39.41214286,5.452258065,105.2206667,192.9354839,7.993333333,0.01516129,0.0,0.0,0.0,0.0,0.000322581,236.0
Brazos,8109700.0,MYDB60,USGS GAGE,8109700.0,08109700,30.33940889,-96.90432014,"Middle Yegua Ck nr Dime Box, TX",2024,27.60612903,21.19172414,4.353870968,16.557,74.66483871,68.496,124.8367742,8.276774194,0.277666667,0.0,0.0,0.0,236.0
Brazos,8109800.0,EYDB61,USGS GAGE,8109800.0,08109800,30.40656156,-96.81773467,"E Yegua Ck nr Dime Box, TX",2010,62.38709677,160.5964286,47.7516129,14.91833333,17.32483871,286.9716667,7.852903226,1.333225806,3.652333333,0.222258065,1.244333333,0.876774194,244.0
Brazos,8109800.0,EYDB61,USGS GAGE,8109800.0,08109800,30.40656156,-96.81773467,"E Yegua Ck nr Dime Box, TX",2011,3.019354839,3.0125,2.478387097,0.656666667,7.912903226,0.152666667,0.088387097,0.0,0.0,0.029354839,0.372666667,7.072258065,244.0
Brazos,8109800.0,EYDB61,USGS GAGE,8109800.0,08109800,30.40656156,-96.81773467,"E Yegua Ck nr Dime Box, TX",2012,40.25483871,155.61,353.4658065,21.04966667,4.509677419,6.520333333,7.204516129,0.042258065,0.074666667,1.265483871,0.262666667,1.462258065,244.0
Brazos,8109800.0,EYDB61,USGS GAGE,8109800.0,08109800,30.40656156,-96.81773467,"E Yegua Ck nr Dime Box, TX",2013,11.76354839,1.889642857,5.231935484,2.984666667,8.610322581,0.183333333,0.0,0.0,3.47,38.94516129,68.01433333,12.49064516,244.0
Brazos,8109800.0,EYDB61,USGS GAGE,8109800.0,08109800,30.40656156,-96.81773467,"E Yegua Ck nr Dime Box, TX",2014,5.459677419,4.878214286,30.22258065,4.718666667,54.54,26.03966667,1.995483871,0.087419355,1.299666667,0.411290323,6.906,3.879354839,244.0
Brazos,8109800.0,EYDB61,USGS GAGE,8109800.0,08109800,30.40656156,-96.81773467,"E Yegua Ck nr Dime Box, TX",2015,212.913871,23.77142857,250.8612903,69.46266667,1690.610968,101.9133333,4.052258065,0.289354839,0.285,140.3280645,457.8166667,257.6741935,244.0
Brazos,8109800.0,EYDB61,USGS GAGE,8109800.0,08109800,30.40656156,-96.81773467,"E Yegua Ck nr Dime Box, TX",2016,95.88709677,32.44827586,293.016129,280.1433333,582.1612903,66.98766667,2.368709677,166.0129032,41.118,5.598709677,10.701,40.83193548,244.0
Brazos,8109800.0,EYDB61,USGS GAGE,8109800.0,08109800,30.40656156,-96.81773467,"E Yegua Ck nr Dime Box, TX",2017,156.5741935,114.525,46.33548387,30.51366667,51.69129032,37.83866667,3.464193548,301.6864516,38.906,7.429354839,6.193666667,17.35516129,244.0
Brazos,8109800.0,EYDB61,USGS GAGE,8109800.0,08109800,30.40656156,-96.81773467,"E Yegua Ck nr Dime Box, TX",2018,12.73548387,21.02857143,176.9396774,40.32533333,15.44419355,4.211666667,1.853225806,0.315806452,26.598,200.1516129,204.9766667,501.8096774,244.0
Brazos,8109800.0,EYDB61,USGS GAGE,8109800.0,08109800,30.40656156,-96.81773467,"E Yegua Ck nr Dime Box, TX",2019,242.3709677,37.525,37.43870968,356.9666667,750.4032258,75.57566667,14.38,0.701290323,0.336666667,1.459354839,2.037,2.380322581,244.0
Brazos,8109800.0,EYDB61,USGS GAGE,8109800.0,08109800,30.40656156,-96.81773467,"E Yegua Ck nr Dime Box, TX",2020,6.869354839,10.04172414,17.64129032,20.373,40.05032258,3.743666667,0.490967742,0.43483871,4.769,0.346451613,0.661333333,3.254193548,244.0
Brazos,8109800.0,EYDB61,USGS GAGE,8109800.0,08109800,30.40656156,-96.81773467,"E Yegua Ck nr Dime Box, TX",2021,25.18354839,8.188214286,7.428709677,4.840333333,72.73580645,142.85,110.6419355,18.57419355,0.846333333,10.08967742,23.292,25.76580645,244.0
Brazos,8109800.0,EYDB61,USGS GAGE,8109800.0,08109800,30.40656156,-96.81773467,"E Yegua Ck nr Dime Box, TX",2022,15.06258065,104.4892857,22.41935484,8.297,5.06483871,0.471333333,0.227419355,1.838064516,3.015333333,0.234193548,5.002333333,66.21354839,244.0
Brazos,8109800.0,EYDB61,USGS GAGE,8109800.0,08109800,30.40656156,-96.81773467,"E Yegua Ck nr Dime Box, TX",2023,25.57129032,67.59035714,7.986774194,169.5993333,165.1548387,16.00233333,0.467741935,0.122903226,0.479666667,0.786451613,0.918333333,3.783870968,244.0
Brazos,8109800.0,EYDB61,USGS GAGE,8109800.0,08109800,30.40656156,-96.81773467,"E Yegua Ck nr Dime Box, TX",2024,79.83129032,27.54655172,8.091290323,16.17633333,136.2903226,14.443,12.1916129,0.731290323,0.238666667,0.253870968,0.171666667,0.473225806,244.0
Brazos,8110000.0,YCSO62,USGS GAGE,8110000.0,08110000,30.32175327,-96.50731384,"Yegua Ck nr Somerville, TX",2010,173.4064516,634.2928571,840.6451613,41.51333333,83.94903226,401.0463333,4.276451613,5.381290323,2.022,6.35,2.303666667,0.183870968,1009.0
Brazos,8110000.0,YCSO62,USGS GAGE,8110000.0,08110000,30.32175327,-96.50731384,"Yegua Ck nr Somerville, TX",2011,0.098709677,0.01,0.001935484,87.99333333,3.140967742,35.68566667,228.2945161,184.3225806,10.47466667,0.017419355,0.046,0.269677419,1009.0
Brazos,8110000.0,YCSO62,USGS GAGE,8110000.0,08110000,30.32175327,-96.50731384,"Yegua Ck nr Somerville, TX",2012,0.352580645,9.685517241,151.6780645,1005.733333,54.96677419,6.265666667,5.262580645,55.6583871,1.876,1.7,1.936333333,2.150645161,1009.0
Brazos,8110000.0,YCSO62,USGS GAGE,8110000.0,08110000,30.32175327,-96.50731384,"Yegua Ck nr Somerville, TX",2013,2.367741935,1.736428571,1.392580645,2.686333333,2.947741935,207.387,213.1003226,80.79903226,61.87633333,0.815483871,0.891666667,0.071290323,1009.0
Brazos,8110000.0,YCSO62,USGS GAGE,8110000.0,08110000,30.32175327,-96.50731384,"Yegua Ck nr Somerville, TX",2014,0.130645161,0.185714286,1.211290323,0.432333333,55.41064516,210.6426667,0.444193548,25.31903226,4.902333333,1.05,40.25766667,4.329354839,1009.0
Brazos,8110000.0,YCSO62,USGS GAGE,8110000.0,08110000,30.32175327,-96.50731384,"Yegua Ck nr Somerville, TX",2015,461.4067742,678.9821429,658.0022581,612.0666667,656.7709677,1706.526667,2206.129032,1673.903226,386.6613333,136.0506452,1641.93,1434.877419,1009.0
Brazos,8110000.0,YCSO62,USGS GAGE,8110000.0,08110000,30.32175327,-96.50731384,"Yegua Ck nr Somerville, TX",2016,1440.967742,187.32,1093.270968,493.8166667,2240.8,2788.0,2282.580645,1910.580645,1641.6,92.61258065,29.32966667,402.8645161,1009.0
Brazos,8110000.0,YCSO62,USGS GAGE,8110000.0,08110000,30.32175327,-96.50731384,"Yegua Ck nr Somerville, TX",2017,562.6935484,679.6042857,388.9216129,272.8303333,2.576451613,13.50366667,13.51322581,75.80032258,2092.864333,2161.935484,672.6643333,86.64322581,1009.0
Brazos,8110000.0,YCSO62,USGS GAGE,8110000.0,08110000,30.32175327,-96.50731384,"Yegua Ck nr Somerville, TX",2018,64.71129032,70.1175,188.2480645,997.9793333,40.72290323,33.91866667,135.2287097,62.43645161,2.217666667,418.9380645,961.4,1366.709677,1009.0
Brazos,8110000.0,YCSO62,USGS GAGE,8110000.0,08110000,30.32175327,-96.50731384,"Yegua Ck nr Somerville, TX",2019,1604.849032,1303.271786,263.3503226,410.6533333,697.5974194,1001.733333,996.1935484,1250.580968,128.286,0.101935484,0.256333333,0.450645161,1009.0
Brazos,8110000.0,YCSO62,USGS GAGE,8110000.0,08110000,30.32175327,-96.50731384,"Yegua Ck nr Somerville, TX",2020,1.055483871,1.260344828,81.81612903,108.51,163.3154839,41.13666667,33.81129032,62.58322581,19.27733333,0.028709677,61.60033333,0.62483871,1009.0
Brazos,8110000.0,YCSO62,USGS GAGE,8110000.0,08110000,30.32175327,-96.50731384,"Yegua Ck nr Somerville, TX",2021,0.891290323,0.903571429,0.446129032,1.138666667,235.2190323,1357.955333,855.9032258,138.0719355,0.025333333,0.04516129,54.406,31.28483871,1009.0
Brazos,8110000.0,YCSO62,USGS GAGE,8110000.0,08110000,30.32175327,-96.50731384,"Yegua Ck nr Somerville, TX",2022,40.56193548,194.8428571,115.8935484,179.8333333,78.57903226,116.0913333,45.99322581,212.6270968,128.6366667,14.24064516,0.042666667,0.103548387,1009.0
Brazos,8110000.0,YCSO62,USGS GAGE,8110000.0,08110000,30.32175327,-96.50731384,"Yegua Ck nr Somerville, TX",2023,0.132903226,0.78,0.334516129,37.794,1167.225806,334.7926667,236.1580645,261.1835484,149.7016667,66.07903226,0.070666667,0.072258065,1009.0
Brazos,8110000.0,YCSO62,USGS GAGE,8110000.0,08110000,30.32175327,-96.50731384,"Yegua Ck nr Somerville, TX",2024,8.772903226,1.245172414,0.090322581,356.8503333,405.6625806,318.9666667,179.3225806,314.9225806,80.75433333,94.71387097,0.016666667,0.062258065,1009.0
Brazos,8110100.0,DCLY63,USGS GAGE,8110100.0,08110100,30.41972968,-96.54013754,"Davidson Ck nr Lyons, TX",2010,133.3529032,241.7142857,44.52580645,7.330333333,13.61354839,248.961,7.862258065,0.594516129,6.753666667,0.013548387,0.013666667,0.0,195.0
Brazos,8110100.0,DCLY63,USGS GAGE,8110100.0,08110100,30.41972968,-96.54013754,"Davidson Ck nr Lyons, TX",2011,5.849677419,1.761071429,0.708387097,0.196666667,0.91,0.307,0.000645161,0.0,0.0,0.0,0.0,3.575483871,195.0
Brazos,8110100.0,DCLY63,USGS GAGE,8110100.0,08110100,30.41972968,-96.54013754,"Davidson Ck nr Lyons, TX",2012,16.82,239.5537931,576.8909677,36.73933333,4.208387097,2.705,2.867741935,0.039032258,0.0,1.199677419,0.0,0.919354839,195.0
Brazos,8110100.0,DCLY63,USGS GAGE,8110100.0,08110100,30.41972968,-96.54013754,"Davidson Ck nr Lyons, TX",2013,65.06516129,0.773571429,2.573870968,0.572,7.650322581,0.022,0.317741935,0.0,0.668333333,54.01419355,105.2236667,2.020645161,195.0
Brazos,8110100.0,DCLY63,USGS GAGE,8110100.0,08110100,30.41972968,-96.54013754,"Davidson Ck nr Lyons, TX",2014,0.881935484,0.681071429,6.970322581,0.518333333,197.8429032,22.76866667,0.630967742,0.245806452,1.991,0.779354839,20.044,8.069032258,195.0
Brazos,8110100.0,DCLY63,USGS GAGE,8110100.0,08110100,30.41972968,-96.54013754,"Davidson Ck nr Lyons, TX",2015,360.2809677,5.804642857,226.5596774,127.727,1229.580323,115.7366667,4.131612903,0.08,0.0,317.7580645,296.82,494.5322581,195.0
Brazos,8110100.0,DCLY63,USGS GAGE,8110100.0,08110100,30.41972968,-96.54013754,"Davidson Ck nr Lyons, TX",2016,110.3,31.64137931,354.8645161,237.3733333,1077.996774,91.44233333,3.18516129,352.5135484,13.561,3.143870968,5.775,69.00225806,195.0
Brazos,8110100.0,DCLY63,USGS GAGE,8110100.0,08110100,30.41972968,-96.54013754,"Davidson Ck nr Lyons, TX",2017,193.666129,222.4317857,40.06806452,48.45466667,52.81870968,81.757,2.163870968,1123.567419,23.31033333,3.860322581,3.051333333,27.69612903,195.0
Brazos,8110100.0,DCLY63,USGS GAGE,8110100.0,08110100,30.41972968,-96.54013754,"Davidson Ck nr Lyons, TX",2018,7.540967742,16.5475,261.1464516,32.99333333,10.66645161,2.862666667,1.064193548,0.0,1.701333333,194.536129,205.7,675.3290323,195.0
Brazos,8110100.0,DCLY63,USGS GAGE,8110100.0,08110100,30.41972968,-96.54013754,"Davidson Ck nr Lyons, TX",2019,297.0064516,28.19642857,22.79677419,418.6013333,740.1903226,73.07666667,15.65258065,0.725806452,0.0,0.726774194,2.036666667,0.859032258,195.0
Brazos,8110100.0,DCLY63,USGS GAGE,8110100.0,08110100,30.41972968,-96.54013754,"Davidson Ck nr Lyons, TX",2020,3.527096774,5.773793103,11.48387097,49.25566667,41.11483871,2.195333333,0.000967742,0.068387097,15.09766667,0.280322581,0.026333333,1.092580645,195.0
Brazos,8110100.0,DCLY63,USGS GAGE,8110100.0,08110100,30.41972968,-96.54013754,"Davidson Ck nr Lyons, TX",2021,51.14354839,9.112142857,4.483870968,15.25366667,392.5374194,222.1553333,72.31774194,1.781935484,0.528,8.838709677,19.89,18.06677419,195.0
Brazos,8110100.0,DCLY63,USGS GAGE,8110100.0,08110100,30.41972968,-96.54013754,"Davidson Ck nr Lyons, TX",2022,4.680322581,116.5917857,63.18548387,7.108666667,3.281935484,0.608,0.0,4.143548387,5.390333333,0.0,2.146,56.25741935,195.0
Brazos,8110100.0,DCLY63,USGS GAGE,8110100.0,08110100,30.41972968,-96.54013754,"Davidson Ck nr Lyons, TX",2023,20.72580645,113.1646429,4.598064516,385.2163333,184.3,62.75966667,0.020645161,0.0,0.0,0.009032258,0.071333333,0.629677419,195.0
Brazos,8110100.0,DCLY63,USGS GAGE,8110100.0,08110100,30.41972968,-96.54013754,"Davidson Ck nr Lyons, TX",2024,165.7825806,61.62965517,6.565483871,37.129,169.3022581,17.05,22.36806452,0.521612903,0.0,0.0,0.0,0.158064516,195.0
Brazos,8110325.0,NAGR64,USGS GAGE,8110325.0,08110325,31.5742608,-96.5205444,"Navasota Rv abv Groesbeck, TX",2010,490.8612903,459.85,524.0516129,27.417,9.267419355,297.3366667,6.33,0.856774194,73.59666667,0.003548387,0.0,0.0,239.0
Brazos,8110325.0,NAGR64,USGS GAGE,8110325.0,08110325,31.5742608,-96.5205444,"Navasota Rv abv Groesbeck, TX",2011,182.9132258,7.952857143,2.986774194,0.047,8.863548387,0.0,0.0,0.0,0.0,0.0,0.0,0.176129032,239.0
Brazos,8110325.0,NAGR64,USGS GAGE,8110325.0,08110325,31.5742608,-96.5205444,"Navasota Rv abv Groesbeck, TX",2012,316.9035484,199.2475862,842.9335484,4.003,0.258064516,5.328,0.0,0.011935484,0.012,0.0,0.002333333,0.0,239.0
Brazos,8110325.0,NAGR64,USGS GAGE,8110325.0,08110325,31.5742608,-96.5205444,"Navasota Rv abv Groesbeck, TX",2013,256.8519355,35.57785714,43.08419355,1.161666667,0.013548387,0.0,0.000322581,0.0,24.71666667,289.5712903,343.976,41.73,239.0
Brazos,8110325.0,NAGR64,USGS GAGE,8110325.0,08110325,31.5742608,-96.5205444,"Navasota Rv abv Groesbeck, TX",2014,21.24645161,1.633571429,26.89419355,16.96933333,66.88387097,79.00233333,2.25516129,0.096129032,0.0,0.014193548,0.082666667,0.406774194,239.0
Brazos,8110325.0,NAGR64,USGS GAGE,8110325.0,08110325,31.5742608,-96.5205444,"Navasota Rv abv Groesbeck, TX",2015,118.1506452,2.648571429,346.2745161,483.596,1759.096774,440.3136667,13.28709677,2.078709677,0.079,1005.967742,914.81,996.3129032,239.0
Brazos,8110325.0,NAGR64,USGS GAGE,8110325.0,08110325,31.5742608,-96.5205444,"Navasota Rv abv Groesbeck, TX",2016,47.4283871,98.50103448,1007.949355,892.2803333,413.6903226,879.453,2.251290323,14.09129032,1.495333333,1.129354839,0.986333333,1.792258065,239.0
Brazos,8110325.0,NAGR64,USGS GAGE,8110325.0,08110325,31.5742608,-96.5205444,"Navasota Rv abv Groesbeck, TX",2017,29.69419355,22.75857143,73.08548387,942.0016667,4.266774194,9.55,2.327741935,2.318387097,0.449666667,0.001935484,0.115,0.752903226,239.0
Brazos,8110325.0,NAGR64,USGS GAGE,8110325.0,08110325,31.5742608,-96.5205444,"Navasota Rv abv Groesbeck, TX",2018,0.220322581,0.399642857,161.1093548,13.703,0.46,0.005666667,0.0,0.0,0.0,368.163871,579.6226667,535.3516129,239.0
Brazos,8110325.0,NAGR64,USGS GAGE,8110325.0,08110325,31.5742608,-96.5205444,"Navasota Rv abv Groesbeck, TX",2019,551.0548387,98.62142857,70.16322581,461.616,717.5451613,109.42,36.61451613,0.294193548,0.033333333,0.133225806,1.173,1.428709677,239.0
Brazos,8110325.0,NAGR64,USGS GAGE,8110325.0,08110325,31.5742608,-96.5205444,"Navasota Rv abv Groesbeck, TX",2020,0.552258065,465.3972414,318.3258065,281.0466667,121.5351613,4.640666667,608.4319355,0.07,435.111,0.331612903,0.302,78.05225806,239.0
Brazos,8110325.0,NAGR64,USGS GAGE,8110325.0,08110325,31.5742608,-96.5205444,"Navasota Rv abv Groesbeck, TX",2021,324.1677419,33.56428571,17.56709677,2.162,185.4829032,976.4846667,42.07064516,6.472580645,0.561,0.541612903,0.552333333,0.467096774,239.0
Brazos,8110325.0,NAGR64,USGS GAGE,8110325.0,08110325,31.5742608,-96.5205444,"Navasota Rv abv Groesbeck, TX",2022,0.183870968,49.8325,10.76806452,1.957666667,0.71516129,0.283,0.0,0.004193548,0.009666667,0.0,32.053,8.29483871,239.0
Brazos,8110325.0,NAGR64,USGS GAGE,8110325.0,08110325,31.5742608,-96.5205444,"Navasota Rv abv Groesbeck, TX",2023,8.847741935,137.515,7.622258065,89.06633333,39.84806452,0.700666667,0.0,0.0,0.0,0.0,0.0,10.58387097,239.0
Brazos,8110325.0,NAGR64,USGS GAGE,8110325.0,08110325,31.5742608,-96.5205444,"Navasota Rv abv Groesbeck, TX",2024,308.1409677,186.207931,42.28,510.9606667,2139.129032,451.3556667,2.509677419,1.861935484,0.751,0.269032258,0.105333333,0.088709677,239.0
Brazos,8110430.0,BGFR65,USGS GAGE,8110430.0,08110430,31.50632039,-96.3250699,"Big Ck nr Freestone, TX",2010,81.0183871,192.9321429,165.4903226,11.709,6.638709677,13.11366667,16.74032258,0.424516129,0.0,0.17516129,0.039666667,0.0,97.2
Brazos,8110430.0,BGFR65,USGS GAGE,8110430.0,08110430,31.50632039,-96.3250699,"Big Ck nr Freestone, TX",2011,32.28870968,3.2525,0.591290323,4.130333333,34.68516129,0.040666667,0.00483871,0.0,0.0,0.0,0.090666667,15.55483871,97.2
Brazos,8110430.0,BGFR65,USGS GAGE,8110430.0,08110430,31.50632039,-96.3250699,"Big Ck nr Freestone, TX",2012,69.71419355,142.132069,298.9425806,6.965666667,3.762580645,1.003,0.002580645,0.0,0.788666667,0.008064516,0.0,0.003870968,97.2
Brazos,8110430.0,BGFR65,USGS GAGE,8110430.0,08110430,31.50632039,-96.3250699,"Big Ck nr Freestone, TX",2013,6.940322581,13.40285714,0.967741935,0.195666667,0.086774194,0.000333333,0.0,0.0,7.053,452.1622581,233.4453333,62.7,97.2
Brazos,8110430.0,BGFR65,USGS GAGE,8110430.0,08110430,31.50632039,-96.3250699,"Big Ck nr Freestone, TX",2014,10.04451613,7.766428571,7.52483871,9.919,38.90354839,10.76166667,2.428709677,0.007741935,0.022666667,0.423870968,14.11933333,4.555806452,97.2
Brazos,8110430.0,BGFR65,USGS GAGE,8110430.0,08110430,31.50632039,-96.3250699,"Big Ck nr Freestone, TX",2015,80.48677419,6.064642857,259.6974194,371.8566667,645.5548387,45.862,1.601612903,0.000967742,0.0,57.18870968,168.38,487.0193548,97.2
Brazos,8110430.0,BGFR65,USGS GAGE,8110430.0,08110430,31.50632039,-96.3250699,"Big Ck nr Freestone, TX",2016,44.08387097,24.88965517,422.7225806,114.9333333,159.9612903,376.5833333,4.711935484,37.45870968,8.272,0.615483871,5.306333333,6.077096774,97.2
Brazos,8110430.0,BGFR65,USGS GAGE,8110430.0,08110430,31.50632039,-96.3250699,"Big Ck nr Freestone, TX",2017,79.37580645,44.31714286,45.78806452,320.3866667,50.62870968,6.161666667,3.999677419,1.261612903,0.006,0.0,0.0,10.95709677,97.2
Brazos,8110430.0,BGFR65,USGS GAGE,8110430.0,08110430,31.50632039,-96.3250699,"Big Ck nr Freestone, TX",2018,0.782903226,43.10107143,137.5141935,16.878,5.541935484,0.001666667,0.602580645,0.0,0.0,60.75032258,114.2323333,283.1390323,97.2
Brazos,8110430.0,BGFR65,USGS GAGE,8110430.0,08110430,31.50632039,-96.3250699,"Big Ck nr Freestone, TX",2019,219.6129032,46.55714286,21.26064516,481.558,558.9483871,110.9863333,30.78677419,0.690645161,0.0,0.445806452,0.87,1.197741935,97.2
Brazos,8110430.0,BGFR65,USGS GAGE,8110430.0,08110430,31.50632039,-96.3250699,"Big Ck nr Freestone, TX",2020,8.795806452,191.3062069,175.8893548,309.7133333,175.7032258,9.137333333,3.010645161,0.053225806,15.44266667,0.321935484,0.513333333,14.96322581,97.2
Brazos,8110430.0,BGFR65,USGS GAGE,8110430.0,08110430,31.50632039,-96.3250699,"Big Ck nr Freestone, TX",2021,111.18,33.4075,11.9083871,5.184,150.9835484,482.0766667,61.95677419,6.657419355,5.737666667,2.712258065,2.713666667,10.55225806,97.2
Brazos,8110430.0,BGFR65,USGS GAGE,8110430.0,08110430,31.50632039,-96.3250699,"Big Ck nr Freestone, TX",2022,3.585483871,30.64535714,38.76193548,7.154,3.016451613,0.635,0.0,30.90516129,6.329333333,0.309354839,8.808,13.77806452,97.2
Brazos,8110430.0,BGFR65,USGS GAGE,8110430.0,08110430,31.50632039,-96.3250699,"Big Ck nr Freestone, TX",2023,7.700967742,80.15535714,12.85032258,87.86333333,28.81548387,7.851666667,0.043225806,1.907419355,0.236333333,3.375483871,0.836333333,5.78516129,97.2
Brazos,8110430.0,BGFR65,USGS GAGE,8110430.0,08110430,31.50632039,-96.3250699,"Big Ck nr Freestone, TX",2024,66.12677419,37.47103448,24.52516129,454.6106667,1334.670968,199.7466667,7.206129032,0.146129032,0.0,0.0,6.578,28.8883871,97.2
Brazos,8110500.0,NAEA66,USGS GAGE,8110500.0,08110500,31.170086,-96.29898912,,2010,526.8258065,2427.767857,1543.664516,41.51666667,51.58709677,674.44,27.58709677,13.0983871,15.48,18.35806452,25.29333333,11.25548387,968.0
Brazos,8110500.0,NAEA66,USGS GAGE,8110500.0,08110500,31.170086,-96.29898912,,2011,29.89677419,19.08571429,15.53225806,11.58566667,26.45645161,16.405,32.67419355,177.3935484,14.06666667,4.52516129,6.290666667,29.89354839,968.0
Brazos,8110500.0,NAEA66,USGS GAGE,8110500.0,08110500,31.170086,-96.29898912,,2012,148.8606452,309.0,2481.322581,81.9,16.91290323,16.892,23.48580645,28.90580645,14.86766667,41.38096774,10.37166667,14.44645161,968.0
Brazos,8110500.0,NAEA66,USGS GAGE,8110500.0,08110500,31.170086,-96.29898912,,2013,104.4064516,57.78928571,19.26129032,13.2,16.53516129,8.467333333,15.66580645,10.10709677,9.235,153.7896774,2783.573333,301.5096774,968.0
Brazos,8110500.0,NAEA66,USGS GAGE,8110500.0,08110500,31.170086,-96.29898912,,2014,35.00645161,33.95357143,36.93225806,25.91333333,189.7193548,201.2233333,25.31290323,12.37677419,10.92533333,13.6083871,41.70333333,23.53870968,968.0
Brazos,8110500.0,NAEA66,USGS GAGE,8110500.0,08110500,31.170086,-96.29898912,,2015,253.5032258,31.575,1518.148387,1616.04,4190.806452,744.6433333,16.74483871,32.79774194,38.07966667,30.57419355,2319.85,3922.090323,968.0
Brazos,8110500.0,NAEA66,USGS GAGE,8110500.0,08110500,31.170086,-96.29898912,,2016,412.8903226,135.8724138,3278.870968,1647.473333,2163.016129,2827.986667,17.32387097,58.19451613,20.23666667,9.778387097,15.891,25.88064516,968.0
Brazos,8110500.0,NAEA66,USGS GAGE,8110500.0,08110500,31.170086,-96.29898912,,2017,148.016129,92.33571429,176.6258065,3287.403333,281.5193548,106.49,17.00096774,13.18806452,11.34033333,11.14064516,15.95666667,31.13225806,968.0
Brazos,8110500.0,NAEA66,USGS GAGE,8110500.0,08110500,31.170086,-96.29898912,,2018,14.96774194,45.02142857,103.4741935,68.15,19.63548387,10.51566667,8.730645161,8.259032258,14.72666667,449.2825806,1569.66,2914.929032,968.0
Brazos,8110500.0,NAEA66,USGS GAGE,8110500.0,08110500,31.170086,-96.29898912,,2019,2787.835484,286.9357143,269.2483871,4945.416667,3941.209677,875.87,229.5193548,14.34516129,10.624,13.75193548,17.24333333,16.69032258,968.0
Brazos,8110500.0,NAEA66,USGS GAGE,8110500.0,08110500,31.170086,-96.29898912,,2020,41.5,382.2965517,1020.716129,1418.966667,608.1290323,19.74666667,370.5483871,18.00967742,692.5766667,19.82258065,14.80333333,26.21612903,968.0
Brazos,8110500.0,NAEA66,USGS GAGE,8110500.0,08110500,31.170086,-96.29898912,,2021,1293.680645,251.125,106.6258065,30.37333333,1332.251613,3445.14,389.0709677,47.2516129,14.26666667,19.82903226,19.03666667,47.75806452,968.0
Brazos,8110500.0,NAEA66,USGS GAGE,8110500.0,08110500,31.170086,-96.29898912,,2022,22.5483871,99.7,225.3451613,83.83,53.80967742,34.65133333,101.3232258,100.633871,20.732,8.856451613,13.44966667,23.46129032,968.0
Brazos,8110500.0,NAEA66,USGS GAGE,8110500.0,08110500,31.170086,-96.29898912,,2023,42.56129032,125.4714286,27.8483871,140.24,449.9354839,30.00333333,6.438064516,5.622903226,115.7083333,18.07677419,26.77,40.18064516,968.0
Brazos,8110500.0,NAEA66,USGS GAGE,8110500.0,08110500,31.170086,-96.29898912,,2024,316.9258065,392.2448276,282.1387097,2164.07,10120.45161,2495.133333,171.0258065,22.83548387,17.28333333,17.59354839,19.39266667,62.00580645,968.0
Brazos,8111500.0,BRHE68,USGS GAGE,8111500.0,08111500,30.12899153,-96.18711208,"Brazos Rv nr Hempstead, TX",2010,5014.83871,34878.57143,18651.6129,10314.0,6269.677419,7060.666667,2340.967742,1287.193548,10189.4,2388.064516,2153.0,1013.935484,43880.0
Brazos,8111500.0,BRHE68,USGS GAGE,8111500.0,08111500,30.12899153,-96.18711208,"Brazos Rv nr Hempstead, TX",2011,1597.935484,916.0714286,615.0,627.0333333,997.2903226,788.3333333,877.7741935,802.0322581,744.8666667,677.516129,630.2333333,1109.290323,43880.0
Brazos,8111500.0,BRHE68,USGS GAGE,8111500.0,08111500,30.12899153,-96.18711208,"Brazos Rv nr Hempstead, TX",2012,2670.774194,9891.724138,19419.35484,9562.0,1530.258065,993.4333333,1247.548387,893.8064516,1394.333333,1074.483871,277.3333333,447.2903226,43880.0
Brazos,8111500.0,BRHE68,USGS GAGE,8111500.0,08111500,30.12899153,-96.18711208,"Brazos Rv nr Hempstead, TX",2013,2375.225806,740.9642857,676.2258065,550.4,1487.16129,722.8333333,951.8064516,498.8709677,946.8333333,3516.419355,11971.33333,3141.612903,43880.0
Brazos,8111500.0,BRHE68,USGS GAGE,8111500.0,08111500,30.12899153,-96.18711208,"Brazos Rv nr Hempstead, TX",2014,1392.419355,764.8571429,1192.548387,808.4333333,4858.322581,2775.0,1696.129032,389.2580645,957.6333333,467.4516129,1779.38,1320.290323,43880.0
Brazos,8111500.0,BRHE68,USGS GAGE,8111500.0,08111500,30.12899153,-96.18711208,"Brazos Rv nr Hempstead, TX",2015,6973.870968,2199.392857,12307.51613,5779.333333,35388.3871,43236.66667,17961.6129,4339.677419,1582.733333,5394.129032,27431.66667,35545.16129,43880.0
Brazos,8111500.0,BRHE68,USGS GAGE,8111500.0,08111500,30.12899153,-96.18711208,"Brazos Rv nr Hempstead, TX",2016,20060.32258,5568.62069,25941.6129,21047.0,49296.77419,46480.0,20245.16129,12567.41935,6275.0,2198.709677,3780.333333,4572.580645,43880.0
Brazos,8111500.0,BRHE68,USGS GAGE,8111500.0,08111500,30.12899153,-96.18711208,"Brazos Rv nr Hempstead, TX",2017,7667.096774,7408.928571,5924.83871,15979.66667,4069.032258,5612.666667,2746.129032,14323.22581,9050.0,3212.903226,1588.566667,1616.709677,43880.0
Brazos,8111500.0,BRHE68,USGS GAGE,8111500.0,08111500,30.12899153,-96.18711208,"Brazos Rv nr Hempstead, TX",2018,957.9677419,2003.857143,5536.677419,5462.666667,1284.096774,731.6,827.5806452,710.4516129,1348.333333,25900.64516,38323.33333,27851.6129,43880.0
Brazos,8111500.0,BRHE68,USGS GAGE,8111500.0,08111500,30.12899153,-96.18711208,"Brazos Rv nr Hempstead, TX",2019,37493.54839,10832.5,6517.096774,19619.0,47612.90323,34723.33333,7012.903226,3223.870968,1107.5,810.5806452,898.0666667,746.6451613,43880.0
Brazos,8111500.0,BRHE68,USGS GAGE,8111500.0,08111500,30.12899153,-96.18711208,"Brazos Rv nr Hempstead, TX",2020,988.0322581,3331.62069,11160.32258,13190.33333,6363.548387,2470.3,1400.870968,876.483871,6627.066667,1616.548387,784.6,886.2580645,43880.0
Brazos,8111500.0,BRHE68,USGS GAGE,8111500.0,08111500,30.12899153,-96.18711208,"Brazos Rv nr Hempstead, TX",2021,6258.064516,2288.571429,1548.709677,1455.866667,14434.19355,39480.0,15877.09677,3583.548387,1179.7,2037.580645,1485.3,2053.387097,43880.0
Brazos,8111500.0,BRHE68,USGS GAGE,8111500.0,08111500,30.12899153,-96.18711208,"Brazos Rv nr Hempstead, TX",2022,1031.870968,5296.428571,3462.903226,1979.0,2117.967742,949.8333333,900.5806452,844.8064516,1049.933333,731.3225806,1237.0,2386.322581,43880.0
Brazos,8111500.0,BRHE68,USGS GAGE,8111500.0,08111500,30.12899153,-96.18711208,"Brazos Rv nr Hempstead, TX",2023,1628.83871,4167.321429,818.3225806,6169.3,11280.32258,2130.733333,816.9677419,674.0967742,640.2,783.0645161,1432.0,1272.451613,43880.0
Brazos,8111500.0,BRHE68,USGS GAGE,8111500.0,08111500,30.12899153,-96.18711208,"Brazos Rv nr Hempstead, TX",2024,9658.387097,8420.0,3732.903226,9285.0,53122.58065,30733.33333,6995.483871,1816.225806,808.0333333,728.2258065,806.6333333,946.8709677,43880.0
Brazos,8111700.0,MCBL69,USGS GAGE,8111700.0,08111700,29.88094957,-96.20524317,"Mill Ck nr Bellville, TX",2010,152.2451613,462.275,81.11935484,27.06666667,25.29193548,10.03233333,13.47677419,2.01483871,6.780333333,1.754193548,2.984333333,4.821290323,376.0
Brazos,8111700.0,MCBL69,USGS GAGE,8111700.0,08111700,29.88094957,-96.20524317,"Mill Ck nr Bellville, TX",2011,10.53967742,9.596071429,7.649354839,2.964,1.335806452,1.179666667,0.088064516,0.0,0.0,0.14,0.828333333,3.239032258,376.0
Brazos,8111700.0,MCBL69,USGS GAGE,8111700.0,08111700,29.88094957,-96.20524317,"Mill Ck nr Bellville, TX",2012,59.18935484,295.2793103,426.9509677,17.69666667,10.90129032,7.144,157.9345161,3.387741935,1.772666667,2.057419355,3.447666667,4.479677419,376.0
Brazos,8111700.0,MCBL69,USGS GAGE,8111700.0,08111700,29.88094957,-96.20524317,"Mill Ck nr Bellville, TX",2013,10.05870968,7.173571429,6.082580645,9.462333333,6.304516129,3.113,2.037096774,0.654516129,1.723666667,107.503871,122.8666667,37.5,376.0
Brazos,8111700.0,MCBL69,USGS GAGE,8111700.0,08111700,29.88094957,-96.20524317,"Mill Ck nr Bellville, TX",2014,55.09677419,17.78928571,70.01741935,4.553,573.9990323,65.28633333,5.317096774,3.209354839,9.514333333,3.281612903,75.19,70.16129032,376.0
Brazos,8111700.0,MCBL69,USGS GAGE,8111700.0,08111700,29.88094957,-96.20524317,"Mill Ck nr Bellville, TX",2015,132.4645161,22.67857143,1144.741935,237.36,2043.767742,1081.013333,98.20645161,17.9583871,10.27,325.6477419,385.72,894.8709677,376.0
Brazos,8111700.0,MCBL69,USGS GAGE,8111700.0,08111700,29.88094957,-96.20524317,"Mill Ck nr Bellville, TX",2016,129.016129,220.6655172,823.0387097,2963.92,3843.36129,596.25,21.03225806,92.05129032,27.88666667,10.8616129,21.41533333,146.4483871,376.0
Brazos,8111700.0,MCBL69,USGS GAGE,8111700.0,08111700,29.88094957,-96.20524317,"Mill Ck nr Bellville, TX",2017,294.3806452,417.5857143,119.6290323,183.6566667,23.27741935,37.93166667,7.436129032,3716.685806,88.96666667,32.06451613,31.30666667,70.87741935,376.0
Brazos,8111700.0,MCBL69,USGS GAGE,8111700.0,08111700,29.88094957,-96.20524317,"Mill Ck nr Bellville, TX",2018,54.77096774,365.8142857,625.2612903,101.3333333,24.22580645,14.66033333,6.620645161,2.588387097,4.187333333,25.28516129,200.8566667,1034.706452,376.0
Brazos,8111700.0,MCBL69,USGS GAGE,8111700.0,08111700,29.88094957,-96.20524317,"Mill Ck nr Bellville, TX",2019,451.6451613,166.925,107.6967742,128.9733333,424.4322581,138.7166667,24.82387097,4.216451613,3.102666667,9.361612903,17.15666667,14.64193548,376.0
Brazos,8111700.0,MCBL69,USGS GAGE,8111700.0,08111700,29.88094957,-96.20524317,"Mill Ck nr Bellville, TX",2020,23.32903226,23.66206897,37.82580645,57.11,108.5064516,17.949,4.084193548,5.32483871,41.471,6.463225806,8.418666667,55.99193548,376.0
Brazos,8111700.0,MCBL69,USGS GAGE,8111700.0,08111700,29.88094957,-96.20524317,"Mill Ck nr Bellville, TX",2021,132.283871,42.72142857,34.9516129,17.93666667,3360.787097,1263.373333,848.7483871,26.52903226,6.57,248.5225806,52.63333333,62.04516129,376.0
Brazos,8111700.0,MCBL69,USGS GAGE,8111700.0,08111700,29.88094957,-96.20524317,"Mill Ck nr Bellville, TX",2022,38.38064516,174.6357143,187.0774194,41.49666667,16.64806452,4.256333333,1.99,2.169032258,1.669,1.663548387,5.741,60.72677419,376.0
Brazos,8111700.0,MCBL69,USGS GAGE,8111700.0,08111700,29.88094957,-96.20524317,"Mill Ck nr Bellville, TX",2023,93.50322581,57.75714286,24.62258065,306.1533333,592.783871,29.21966667,2.55516129,0.728387097,2.768,5.153870968,6.495333333,10.35451613,376.0
Brazos,8111700.0,MCBL69,USGS GAGE,8111700.0,08111700,29.88094957,-96.20524317,"Mill Ck nr Bellville, TX",2024,1330.183871,345.6103448,152.2419355,69.62333333,211.6645161,141.7633333,423.8032258,18.25096774,5.905333333,3.915483871,7.073,25.00483871,376.0
Brazos,8114000.0,BRRI70,USGS GAGE,8114000.0,08114000,29.58238025,-95.75727254,"Brazos Rv at Richmond, TX",2010,4585.483871,34767.85714,18825.80645,10684.66667,7660.322581,7465.0,2730.645161,1213.580645,9614.466667,2610.645161,2184.333333,939.7096774,45107.0
Brazos,8114000.0,BRRI70,USGS GAGE,8114000.0,08114000,29.58238025,-95.75727254,"Brazos Rv at Richmond, TX",2011,1584.0,991.25,668.4516129,377.7333333,684.0,626.3,638.2580645,502.9354839,465.2666667,567.6451613,470.0666667,1064.935484,45107.0
Brazos,8114000.0,BRRI70,USGS GAGE,8114000.0,08114000,29.58238025,-95.75727254,"Brazos Rv at Richmond, TX",2012,2757.483871,10606.89655,18208.3871,11896.66667,2324.774194,970.7666667,2353.419355,685.6451613,1162.166667,1108.16129,292.6,380.2580645,45107.0
Brazos,8114000.0,BRRI70,USGS GAGE,8114000.0,08114000,29.58238025,-95.75727254,"Brazos Rv at Richmond, TX",2013,2694.225806,868.6071429,610.0,607.2666667,1356.064516,621.8666667,600.5806452,371.7096774,545.8333333,3679.290323,13576.66667,4046.129032,45107.0
Brazos,8114000.0,BRRI70,USGS GAGE,8114000.0,08114000,29.58238025,-95.75727254,"Brazos Rv at Richmond, TX",2014,1735.677419,772.0714286,1623.709677,740.3,6543.580645,3646.433333,1716.548387,464.6774194,1069.833333,682.0322581,1789.133333,1602.580645,45107.0
Brazos,8114000.0,BRRI70,USGS GAGE,8114000.0,08114000,29.58238025,-95.75727254,"Brazos Rv at Richmond, TX",2015,7108.064516,2767.321429,14720.29032,7462.333333,33453.87097,50626.66667,21506.45161,5961.612903,2503.666667,5332.322581,28913.33333,35441.93548,45107.0
Brazos,8114000.0,BRRI70,USGS GAGE,8114000.0,08114000,29.58238025,-95.75727254,"Brazos Rv at Richmond, TX",2016,23235.48387,6243.793103,28092.90323,29268.0,44629.03226,56656.66667,22758.06452,13664.19355,7680.0,2386.774194,3876.333333,5560.322581,45107.0
Brazos,8114000.0,BRRI70,USGS GAGE,8114000.0,08114000,29.58238025,-95.75727254,"Brazos Rv at Richmond, TX",2017,9279.032258,8555.357143,6903.548387,16283.0,4163.548387,6001.333333,2981.290323,15334.51613,21610.33333,3688.064516,2065.3,2148.258065,45107.0
Brazos,8114000.0,BRRI70,USGS GAGE,8114000.0,08114000,29.58238025,-95.75727254,"Brazos Rv at Richmond, TX",2018,1400.645161,3026.785714,5399.354839,8591.333333,1725.483871,1423.9,1160.612903,769.0322581,1581.5,23377.41935,39340.0,28138.70968,45107.0
Brazos,8114000.0,BRRI70,USGS GAGE,8114000.0,08114000,29.58238025,-95.75727254,"Brazos Rv at Richmond, TX",2019,40683.87097,12852.14286,7498.387097,17719.33333,49506.45161,36216.66667,8609.354839,3588.709677,1885.0,1003.709677,1318.233333,856.1612903,45107.0
Brazos,8114000.0,BRRI70,USGS GAGE,8114000.0,08114000,29.58238025,-95.75727254,"Brazos Rv at Richmond, TX",2020,1109.451613,3143.793103,9808.064516,14191.66667,6474.193548,3977.333333,1649.0,942.1935484,6889.3,2082.451613,1073.8,1350.032258,45107.0
Brazos,8114000.0,BRRI70,USGS GAGE,8114000.0,08114000,29.58238025,-95.75727254,"Brazos Rv at Richmond, TX",2021,7837.419355,2518.928571,1974.193548,1589.966667,16649.03226,41600.0,17147.09677,3876.451613,1464.0,2928.709677,1883.333333,2292.580645,45107.0
Brazos,8114000.0,BRRI70,USGS GAGE,8114000.0,08114000,29.58238025,-95.75727254,"Brazos Rv at Richmond, TX",2022,1308.387097,5532.857143,3481.612903,2181.333333,2198.935484,928.8,701.1290323,821.2903226,1072.633333,604.7096774,1180.966667,2757.903226,45107.0
Brazos,8114000.0,BRRI70,USGS GAGE,8114000.0,08114000,29.58238025,-95.75727254,"Brazos Rv at Richmond, TX",2023,3002.709677,4861.428571,1075.612903,5900.366667,12658.06452,2499.033333,724.8387097,534.9032258,535.6666667,700.7741935,1554.6,1117.483871,45107.0
Brazos,8114000.0,BRRI70,USGS GAGE,8114000.0,08114000,29.58238025,-95.75727254,"Brazos Rv at Richmond, TX",2024,12267.41935,9175.517241,3748.709677,8670.333333,54606.45161,31760.0,9267.096774,2667.419355,1144.566667,827.2903226,1047.066667,1088.806452,45107.0
Brazos,8115000.0,BGNE71,USGS GAGE,8115000.0,08115000,29.47623075,-95.81246334,"Big Ck nr Needville, TX",2010,28.32483871,43.12928571,3.620645161,2.884666667,133.45,31.586,148.7880645,9.778709677,14.30933333,1.623548387,2.180333333,19.7016129,42.8
Brazos,8115000.0,BGNE71,USGS GAGE,8115000.0,08115000,29.47623075,-95.81246334,"Big Ck nr Needville, TX",2011,9.483548387,1.516071429,1.329677419,1.786666667,1.576774194,2.741333333,2.555483871,2.48483871,4.005333333,4.812258065,2.556333333,6.646451613,42.8
Brazos,8115000.0,BGNE71,USGS GAGE,8115000.0,08115000,29.47623075,-95.81246334,"Big Ck nr Needville, TX",2012,68.05741935,97.92344828,74.49870968,2.253666667,34.45225806,12.545,51.18290323,3.456129032,15.19266667,7.628709677,2.309333333,0.627419355,42.8
Brazos,8115000.0,BGNE71,USGS GAGE,8115000.0,08115000,29.47623075,-95.81246334,"Big Ck nr Needville, TX",2013,49.21548387,1.845357143,1.633225806,11.19033333,30.37580645,1.335,2.132580645,2.51516129,6.271333333,43.02806452,55.82,3.184516129,42.8
Brazos,8115000.0,BGNE71,USGS GAGE,8115000.0,08115000,29.47623075,-95.81246334,"Big Ck nr Needville, TX",2014,4.647741935,4.188214286,22.74677419,3.19,96.16387097,7.024333333,13.31387097,4.266774194,42.32033333,9.094193548,3.629333333,47.36612903,42.8
Brazos,8115000.0,BGNE71,USGS GAGE,8115000.0,08115000,29.47623075,-95.81246334,"Big Ck nr Needville, TX",2015,41.52419355,2.794642857,91.36580645,215.2553333,361.0583871,36.134,1.817096774,3.976774194,49.26766667,178.2529032,39.29633333,46.71,42.8
Brazos,8115000.0,BGNE71,USGS GAGE,8115000.0,08115000,29.47623075,-95.81246334,"Big Ck nr Needville, TX",2016,18.19064516,8.693103448,72.62354839,164.7483333,103.1306452,75.228,13.36741935,12.79419355,21.716,3.424516129,3.598133333,3.717709677,42.8
Brazos,8115000.0,BGNE71,USGS GAGE,8115000.0,08115000,29.47623075,-95.81246334,"Big Ck nr Needville, TX",2017,4.707967742,3.944696429,3.722225806,3.042333333,4.487887097,26.21175,3.143548387,651.3093548,33.326,18.00774194,6.664666667,4.497741935,42.8
Brazos,8115000.0,BGNE71,USGS GAGE,8115000.0,08115000,29.47623075,-95.81246334,"Big Ck nr Needville, TX",2018,4.402258065,47.99142857,19.67064516,8.132333333,2.908709677,72.15266667,4.887741935,3.268064516,26.56733333,59.82967742,54.868,210.2277419,42.8
Brazos,8115000.0,BGNE71,USGS GAGE,8115000.0,08115000,29.47623075,-95.81246334,"Big Ck nr Needville, TX",2019,57.15870968,67.91,8.647741935,3.196,435.543871,197.3626667,2.623870968,2.426451613,53.23,4.108064516,7.11,3.268387097,42.8
Brazos,8115000.0,BGNE71,USGS GAGE,8115000.0,08115000,29.47623075,-95.81246334,"Big Ck nr Needville, TX",2020,9.808709677,14.04034483,4.712903226,4.294666667,7.754193548,55.59266667,6.753548387,3.789354839,82.37333333,2.750645161,42.19433333,98.09709677,42.8
Brazos,8115000.0,BGNE71,USGS GAGE,8115000.0,08115000,29.47623075,-95.81246334,"Big Ck nr Needville, TX",2021,55.33548387,16.09035714,5.727741935,15.49666667,312.6787097,128.0996667,160.0029032,44.46064516,8.309333333,52.16935484,5.968666667,4.233225806,42.8
Brazos,8115000.0,BGNE71,USGS GAGE,8115000.0,08115000,29.47623075,-95.81246334,"Big Ck nr Needville, TX",2022,28.33516129,9.930714286,7.443548387,3.406,14.88709677,2.772333333,2.930967742,57.23419355,53.70966667,2.959032258,111.9016667,9.418709677,42.8
Brazos,8115000.0,BGNE71,USGS GAGE,8115000.0,08115000,29.47623075,-95.81246334,"Big Ck nr Needville, TX",2023,60.93,12.66035714,4.583225806,56.55066667,88.18451613,3.459666667,3.777419355,3.276129032,4.861,3.939677419,7.023,6.983225806,42.8
Brazos,8115000.0,BGNE71,USGS GAGE,8115000.0,08115000,29.47623075,-95.81246334,"Big Ck nr Needville, TX",2024,180.4448387,41.64724138,55.85645161,3.986333333,65.59193548,58.07133333,278.803871,9.322580645,5.504333333,3.860967742,23.29933333,10.55580645,42.8
Brazos,8116650.0,BRRO72,USGS GAGE,8116650.0,08116650,29.34936931,-95.58243149,"Brazos Rv nr Rosharon, TX",2010,4728.064516,33392.85714,18677.41935,10287.66667,7853.870968,7092.333333,4870.322581,1221.516129,9437.1,2642.258065,2041.333333,1326.258065,45339.0
Brazos,8116650.0,BRRO72,USGS GAGE,8116650.0,08116650,29.34936931,-95.58243149,"Brazos Rv nr Rosharon, TX",2011,1780.935484,1136.5,697.5483871,278.3333333,383.0967742,228.4,301.0774194,279.0322581,397.9,651.1612903,476.1666667,1049.516129,45339.0
Brazos,8116650.0,BRRO72,USGS GAGE,8116650.0,08116650,29.34936931,-95.58243149,"Brazos Rv nr Rosharon, TX",2012,3113.548387,12396.2069,18571.93548,12213.33333,2468.290323,444.1,2475.83871,656.9354839,1090.333333,1035.16129,333.4333333,501.0645161,45339.0
Brazos,8116650.0,BRRO72,USGS GAGE,8116650.0,08116650,29.34936931,-95.58243149,"Brazos Rv nr Rosharon, TX",2013,2909.612903,884.1785714,574.2580645,876.2,1346.516129,461.1,360.1612903,382.3225806,530.8,3347.741935,13694.33333,4145.16129,45339.0
Brazos,8116650.0,BRRO72,USGS GAGE,8116650.0,08116650,29.34936931,-95.58243149,"Brazos Rv nr Rosharon, TX",2014,1712.580645,917.4285714,1616.548387,660.1666667,6486.612903,4102.0,1724.677419,627.3548387,1313.333333,863.1612903,1721.3,2021.967742,45339.0
Brazos,8116650.0,BRRO72,USGS GAGE,8116650.0,08116650,29.34936931,-95.58243149,"Brazos Rv nr Rosharon, TX",2015,7484.516129,3184.642857,15652.25806,9391.0,33967.09677,52720.0,22018.3871,5753.548387,2884.333333,6159.903226,30613.33333,36058.06452,45339.0
Brazos,8116650.0,BRRO72,USGS GAGE,8116650.0,08116650,29.34936931,-95.58243149,"Brazos Rv nr Rosharon, TX",2016,24751.29032,6760.0,29678.70968,29433.0,42909.67742,59823.33333,23867.74194,14500.32258,8541.666667,2693.225806,3879.666667,5742.258065,45339.0
Brazos,8116650.0,BRRO72,USGS GAGE,8116650.0,08116650,29.34936931,-95.58243149,"Brazos Rv nr Rosharon, TX",2017,9822.258065,8680.0,7926.129032,15983.0,4094.193548,6269.333333,2844.83871,16744.19355,25845.33333,4508.064516,2543.333333,2341.741935,45339.0
Brazos,8116650.0,BRRO72,USGS GAGE,8116650.0,08116650,29.34936931,-95.58243149,"Brazos Rv nr Rosharon, TX",2018,1480.935484,3448.892857,4559.032258,9252.666667,1605.193548,1629.8,1078.870968,696.1612903,1758.3,21699.03226,39633.33333,29267.74194,45339.0
Brazos,8116650.0,BRRO72,USGS GAGE,8116650.0,08116650,29.34936931,-95.58243149,"Brazos Rv nr Rosharon, TX",2019,42787.09677,13804.64286,8160.0,16811.0,51283.87097,38683.33333,8458.709677,3486.774194,2326.666667,1084.548387,1408.7,884.0645161,45339.0
Brazos,8116650.0,BRRO72,USGS GAGE,8116650.0,08116650,29.34936931,-95.58243149,"Brazos Rv nr Rosharon, TX",2020,1269.483871,3250.517241,9679.032258,14898.33333,6500.967742,4533.666667,1748.741935,1100.225806,7781.433333,1869.193548,1177.466667,1862.903226,45339.0
Brazos,8116650.0,BRRO72,USGS GAGE,8116650.0,08116650,29.34936931,-95.58243149,"Brazos Rv nr Rosharon, TX",2021,8767.419355,2564.285714,1925.806452,1462.533333,18992.25806,44073.33333,19582.25806,4532.258065,2091.0,3377.419355,1889.333333,2311.935484,45339.0
Brazos,8116650.0,BRRO72,USGS GAGE,8116650.0,08116650,29.34936931,-95.58243149,"Brazos Rv nr Rosharon, TX",2022,1383.225806,5536.428571,3343.225806,2181.0,2007.290323,620.0666667,465.1290323,656.0967742,1074.7,579.3225806,1959.766667,2532.580645,45339.0
Brazos,8116650.0,BRRO72,USGS GAGE,8116650.0,08116650,29.34936931,-95.58243149,"Brazos Rv nr Rosharon, TX",2023,2871.322581,4911.785714,1116.645161,5603.433333,13690.64516,2451.066667,660.483871,431.9677419,439.9333333,739.2258065,1550.933333,1152.870968,45339.0
Brazos,8116650.0,BRRO72,USGS GAGE,8116650.0,08116650,29.34936931,-95.58243149,"Brazos Rv nr Rosharon, TX",2024,12533.54839,10258.62069,4589.677419,9040.666667,51644.19355,34150.0,13361.29032,3094.516129,1405.333333,1002.225806,1381.066667,1204.387097,45339.0
colorado,8120500.0,A20000,,8120500.0,08120500,32.57303069,-100.9067451,"Deep Ck nr Dunn, TX",2010,1.754516129,3.954642857,2.886451613,8.217666667,1.381290323,12.45166667,5.400322581,0.303225806,28.50566667,2.328064516,1.9,1.913548387,198.0
colorado,8120500.0,A20000,,8120500.0,08120500,32.57303069,-100.9067451,"Deep Ck nr Dunn, TX",2011,1.949032258,1.651071429,0.493225806,0.137,0.0,0.0,0.0,0.655483871,0.0,0.065806452,0.186,0.802580645,198.0
colorado,8120500.0,A20000,,8120500.0,08120500,32.57303069,-100.9067451,"Deep Ck nr Dunn, TX",2012,0.974516129,0.631034483,0.833225806,0.736,12.02612903,0.262333333,0.0,0.0,1.714666667,0.745483871,0.983333333,0.615483871,198.0
colorado,8120500.0,A20000,,8120500.0,08120500,32.57303069,-100.9067451,"Deep Ck nr Dunn, TX",2013,0.655483871,0.367142857,0.229677419,0.034,8.122580645,0.160666667,0.963548387,0.285483871,0.0,0.0,0.494666667,0.873870968,198.0
colorado,8120500.0,A20000,,8120500.0,08120500,32.57303069,-100.9067451,"Deep Ck nr Dunn, TX",2014,0.613870968,0.5475,0.112258065,0.0,14.41,13.526,0.001612903,0.0,47.07166667,1.236774194,2.386333333,1.937419355,198.0
colorado,8120500.0,A20000,,8120500.0,08120500,32.57303069,-100.9067451,"Deep Ck nr Dunn, TX",2015,2.317096774,2.505357143,1.595806452,0.858666667,43.1816129,51.685,76.26645161,1.092903226,0.037333333,3.458064516,4.432666667,3.008064516,198.0
colorado,8120500.0,A20000,,8120500.0,08120500,32.57303069,-100.9067451,"Deep Ck nr Dunn, TX",2016,1.849677419,1.716551724,1.138064516,5.086333333,10.76677419,20.71566667,0.875483871,0.047096774,13.54266667,1.791290323,17.648,6.072258065,198.0
colorado,8120500.0,A20000,,8120500.0,08120500,32.57303069,-100.9067451,"Deep Ck nr Dunn, TX",2017,4.329354839,2.296428571,3.332258065,2.766666667,0.089677419,0.004333333,0.000322581,0.006774194,0.969666667,0.702580645,1.148333333,1.012258065,198.0
colorado,8120500.0,A20000,,8120500.0,08120500,32.57303069,-100.9067451,"Deep Ck nr Dunn, TX",2018,1.075483871,0.853928571,0.625806452,0.176,0.386129032,10.62633333,0.437741935,0.153870968,0.0,16.7583871,1.313666667,2.1,198.0
colorado,8120500.0,A20000,,8120500.0,08120500,32.57303069,-100.9067451,"Deep Ck nr Dunn, TX",2019,2.150645161,2.213571429,2.5,2.723,24.96677419,4.532333333,0.203548387,0.002258065,0.0,0.062903226,2.213,1.172903226,198.0
colorado,8120500.0,A20000,,8120500.0,08120500,32.57303069,-100.9067451,"Deep Ck nr Dunn, TX",2020,1.888064516,2.220344828,15.23548387,2.105,0.417741935,0.748,0.733548387,0.0,1.047666667,0.532580645,1.100666667,1.284516129,198.0
colorado,8120500.0,A20000,,8120500.0,08120500,32.57303069,-100.9067451,"Deep Ck nr Dunn, TX",2021,1.584193548,1.579285714,1.243870968,0.644333333,38.04903226,64.31766667,51.10096774,1.905806452,0.792,0.99516129,0.937333333,1.366451613,198.0
colorado,8120500.0,A20000,,8120500.0,08120500,32.57303069,-100.9067451,"Deep Ck nr Dunn, TX",2022,1.399032258,1.599285714,1.157096774,0.560333333,24.23225806,0.468333333,0.0,14.12096774,3.477666667,4.386774194,1.914333333,1.407096774,198.0
colorado,8120500.0,A20000,,8120500.0,08120500,32.57303069,-100.9067451,"Deep Ck nr Dunn, TX",2023,1.53516129,1.617142857,1.183225806,1.106333333,7.031935484,0.771,1.965806452,0.0,2.422333333,61.15225806,2.918666667,2.40483871,198.0
colorado,8120500.0,A20000,,8120500.0,08120500,32.57303069,-100.9067451,"Deep Ck nr Dunn, TX",2024,1.295483871,1.209310345,0.119032258,0.018,5.630645161,1.285333333,0.0,0.0,61.242,0.132580645,38.18166667,0.905483871,198.0
colorado,8121000.0,A10000,,8121000.0,08121000,32.39294008,-100.8782432,"Colorado Rv at Colorado City, TX",2010,0.257419355,1.626071429,0.313870968,22.541,0.124193548,7.300666667,3.659677419,0.233870968,21.92933333,0.930322581,0.546666667,0.598387097,3966.0
colorado,8121000.0,A10000,,8121000.0,08121000,32.39294008,-100.8782432,"Colorado Rv at Colorado City, TX",2011,0.296451613,0.191428571,0.25483871,0.144666667,0.03,0.004666667,0.0,8.839677419,0.008666667,0.792580645,0.102333333,0.271935484,3966.0
colorado,8121000.0,A10000,,8121000.0,08121000,32.39294008,-100.8782432,"Colorado Rv at Colorado City, TX",2012,0.378387097,0.224137931,0.229032258,0.142333333,29.52322581,1.317666667,0.220645161,0.087419355,12.66633333,14.10903226,0.281333333,0.292258065,3966.0
colorado,8121000.0,A10000,,8121000.0,08121000,32.39294008,-100.8782432,"Colorado Rv at Colorado City, TX",2013,0.249677419,0.222142857,0.214193548,0.153666667,23.48709677,14.28666667,0.770645161,3.647741935,0.088,0.141935484,0.232,0.168064516,3966.0
colorado,8121000.0,A10000,,8121000.0,08121000,32.39294008,-100.8782432,"Colorado Rv at Colorado City, TX",2014,0.124193548,0.205357143,0.136774194,0.088333333,50.7516129,16.42533333,0.076129032,0.022258065,241.3853333,0.85516129,0.677666667,0.169677419,3966.0
colorado,8121000.0,A10000,,8121000.0,08121000,32.39294008,-100.8782432,"Colorado Rv at Colorado City, TX",2015,1.816129032,0.966785714,0.27,90.39033333,77.38645161,62.81866667,235.2896774,2.358709677,1.985666667,4.91516129,7.278,11.44193548,3966.0
colorado,8121000.0,A10000,,8121000.0,08121000,32.39294008,-100.8782432,"Colorado Rv at Colorado City, TX",2016,7.277741935,2.095517241,0.74516129,42.43133333,14.6816129,17.029,3.682903226,1.93,10.936,3.526451613,113.9613333,11.87741935,3966.0
colorado,8121000.0,A10000,,8121000.0,08121000,32.39294008,-100.8782432,"Colorado Rv at Colorado City, TX",2017,8.357741935,4.828571429,5.358064516,5.269666667,14.78806452,3.294,0.499677419,0.160322581,0.567333333,0.373548387,0.5,1.252903226,3966.0
colorado,8121000.0,A10000,,8121000.0,08121000,32.39294008,-100.8782432,"Colorado Rv at Colorado City, TX",2018,1.357419355,1.233928571,0.784193548,0.659333333,0.342903226,29.88666667,0.118709677,0.03483871,0.102666667,88.54225806,3.567,2.197096774,3966.0
colorado,8121000.0,A10000,,8121000.0,08121000,32.39294008,-100.8782432,"Colorado Rv at Colorado City, TX",2019,1.245483871,0.585357143,0.767741935,3.484333333,65.96548387,22.403,0.860322581,0.079032258,0.039333333,0.1,0.169666667,0.333548387,3966.0
colorado,8121000.0,A10000,,8121000.0,08121000,32.39294008,-100.8782432,"Colorado Rv at Colorado City, TX",2020,0.372903226,0.829655172,3.940645161,0.295,0.137096774,0.025333333,0.02,0.003225806,8.254,0.156129032,0.275666667,0.282258065,3966.0
colorado,8121000.0,A10000,,8121000.0,08121000,32.39294008,-100.8782432,"Colorado Rv at Colorado City, TX",2021,0.288387097,11.04285714,21.29516129,5.701,17.81709677,169.2273333,180.7290323,0.722258065,0.512333333,0.543225806,0.218,0.276451613,3966.0
colorado,8121000.0,A10000,,8121000.0,08121000,32.39294008,-100.8782432,"Colorado Rv at Colorado City, TX",2022,0.404193548,0.286785714,0.243225806,0.315,24.82354839,0.054333333,0.0,3.510322581,12.11566667,4.052903226,0.074,0.282903226,3966.0
colorado,8121000.0,A10000,,8121000.0,08121000,32.39294008,-100.8782432,"Colorado Rv at Colorado City, TX",2023,0.362258065,0.325714286,0.330967742,0.367,0.367096774,0.858666667,0.105483871,0.0,16.72166667,32.92677419,1.388666667,1.046451613,3966.0
colorado,8121000.0,A10000,,8121000.0,08121000,32.39294008,-100.8782432,"Colorado Rv at Colorado City, TX",2024,0.36,0.590689655,0.66,0.259666667,0.344516129,1.559333333,0.121612903,0.011935484,206.1063333,0.169677419,48.68166667,0.334516129,3966.0
colorado,8123800.0,B30000,,8123800.0,08123800,32.19873199,-101.0131247,"Beals Ck nr Westbrook, TX",2010,0.0,1.956785714,1.169032258,23.59966667,24.22903226,1.448,23.4583871,0.021290323,33.259,0.665483871,0.006666667,1.378064516,9802.0
colorado,8123800.0,B30000,,8123800.0,08123800,32.19873199,-101.0131247,"Beals Ck nr Westbrook, TX",2011,0.022903226,0.001785714,0.122903226,0.295666667,0.030322581,0.0,0.0,1.803225806,0.0,0.954193548,0.0,0.000967742,9802.0
colorado,8123800.0,B30000,,8123800.0,08123800,32.19873199,-101.0131247,"Beals Ck nr Westbrook, TX",2012,0.42516129,0.0,0.0,6.295,19.42225806,7.117666667,0.187096774,1.649677419,386.691,39.60741935,18.76333333,4.100645161,9802.0
colorado,8123800.0,B30000,,8123800.0,08123800,32.19873199,-101.0131247,"Beals Ck nr Westbrook, TX",2013,2.120967742,0.0475,0.0,0.0,7.420645161,19.19633333,3.628064516,0.175806452,0.001,20.17,0.104666667,0.644193548,9802.0
colorado,8123800.0,B30000,,8123800.0,08123800,32.19873199,-101.0131247,"Beals Ck nr Westbrook, TX",2014,0.0,0.0,0.0,0.0,22.20612903,8.867,0.0,8.467419355,12.196,0.0,4.098,0.177419355,9802.0
colorado,8123800.0,B30000,,8123800.0,08123800,32.19873199,-101.0131247,"Beals Ck nr Westbrook, TX",2015,0.878387097,0.747142857,1.860967742,0.715333333,21.81129032,5.674666667,39.78709677,0.0,0.0,71.26290323,11.77233333,4.409354839,9802.0
colorado,8123800.0,B30000,,8123800.0,08123800,32.19873199,-101.0131247,"Beals Ck nr Westbrook, TX",2016,1.737741935,2.402413793,1.331935484,10.17433333,14.08935484,31.58466667,1.883225806,3.789032258,12.776,0.761935484,78.562,1.346451613,9802.0
colorado,8123800.0,B30000,,8123800.0,08123800,32.19873199,-101.0131247,"Beals Ck nr Westbrook, TX",2017,4.892258065,2.015,2.139354839,2.346666667,115.4354839,9.42,6.201935484,19.61677419,4.318,4.346129032,0.67,0.152258065,9802.0
colorado,8123800.0,B30000,,8123800.0,08123800,32.19873199,-101.0131247,"Beals Ck nr Westbrook, TX",2018,0.067741935,0.5125,0.09483871,0.031,0.548387097,0.74,0.0,49.32806452,22.74466667,372.2612903,24.45933333,3.265483871,9802.0
colorado,8123800.0,B30000,,8123800.0,08123800,32.19873199,-101.0131247,"Beals Ck nr Westbrook, TX",2019,6.112580645,1.268214286,3.024193548,12.98166667,66.60193548,60.049,0.360645161,0.260645161,0.978666667,0.0,2.039,0.415806452,9802.0
colorado,8123800.0,B30000,,8123800.0,08123800,32.19873199,-101.0131247,"Beals Ck nr Westbrook, TX",2020,1.294516129,7.091034483,13.41387097,1.419333333,1.182903226,0.315,3.341290323,0.131935484,54.42033333,0.018387097,0.003333333,0.0,9802.0
colorado,8123800.0,B30000,,8123800.0,08123800,32.19873199,-101.0131247,"Beals Ck nr Westbrook, TX",2021,1.24483871,2.388571429,0.962580645,8.91,36.4883871,57.43166667,76.16032258,2.36483871,1.856666667,0.134193548,0.049666667,0.226451613,9802.0
colorado,8123800.0,B30000,,8123800.0,08123800,32.19873199,-101.0131247,"Beals Ck nr Westbrook, TX",2022,0.84,0.791785714,0.560322581,19.117,0.498387097,0.994666667,0.0,0.497096774,1.782333333,18.39806452,2.153333333,0.092258065,9802.0
colorado,8123800.0,B30000,,8123800.0,08123800,32.19873199,-101.0131247,"Beals Ck nr Westbrook, TX",2023,0.0,0.0,0.0,0.0,50.57129032,28.68,0.013225806,0.0,9.503,6.400322581,0.094,1.959354839,9802.0
colorado,8123800.0,B30000,,8123800.0,08123800,32.19873199,-101.0131247,"Beals Ck nr Westbrook, TX",2024,2.458387097,1.818275862,1.728387097,27.15866667,2.150322581,0.010333333,0.0,0.011612903,167.2063333,1.308387097,3.761666667,0.290967742,9802.0
colorado,8123850.0,B20000,,8123850.0,08123850,32.0603,-100.765,"Colorado Rv abv Silver, TX",2010,1.703548387,16.12142857,2.107096774,43.801,56.97967742,4.360333333,31.54870968,0.279354839,74.51933333,8.500322581,0.745333333,4.024516129,14910.0
colorado,8123850.0,B20000,,8123850.0,08123850,32.0603,-100.765,"Colorado Rv abv Silver, TX",2011,1.288064516,0.901785714,0.729354839,0.093333333,0.0,0.0,0.0,0.267741935,0.0,2.497419355,0.0,0.381290323,14910.0
colorado,8123850.0,B20000,,8123850.0,08123850,32.0603,-100.765,"Colorado Rv abv Silver, TX",2012,2.908387097,2.310344828,0.961612903,6.972,46.78774194,8.300333333,0.0,0.0,429.0,140.79,20.02,6.197741935,14910.0
colorado,8123850.0,B20000,,8123850.0,08123850,32.0603,-100.765,"Colorado Rv abv Silver, TX",2013,4.382258065,0.9775,0.314193548,0.043333333,80.45387097,148.0793333,10.96774194,9.799677419,0.094333333,20.26354839,0.507666667,1.990645161,14910.0
colorado,8123850.0,B20000,,8123850.0,08123850,32.0603,-100.765,"Colorado Rv abv Silver, TX",2014,0.960322581,1.3225,0.162903226,0.0,65.61290323,34.63866667,0.14516129,4.69483871,192.785,6.587096774,11.397,2.550645161,14910.0
colorado,8123850.0,B20000,,8123850.0,08123850,32.0603,-100.765,"Colorado Rv abv Silver, TX",2015,3.910645161,1.7775,3.100322581,82.52733333,83.04548387,82.87966667,271.5451613,6.833225806,0.668666667,230.6087097,38.50433333,27.10709677,14910.0
colorado,8123850.0,B20000,,8123850.0,08123850,32.0603,-100.765,"Colorado Rv abv Silver, TX",2016,14.30741935,8.993103448,4.090645161,69.894,26.39258065,75.656,4.123548387,0.997741935,80.58066667,28.41516129,326.4736667,18.46451613,14910.0
colorado,8123850.0,B20000,,8123850.0,08123850,32.0603,-100.765,"Colorado Rv abv Silver, TX",2017,22.00322581,17.28571429,14.28225806,18.08633333,181.4696774,37.52833333,7.608709677,32.33677419,5.513666667,8.917419355,2.025333333,1.508064516,14910.0
colorado,8123850.0,B20000,,8123850.0,08123850,32.0603,-100.765,"Colorado Rv abv Silver, TX",2018,1.080645161,0.800357143,0.257419355,1.751666667,1.09,63.76,0.031935484,151.9219355,60.65033333,875.0203226,131.39,37.3516129,14910.0
colorado,8123850.0,B20000,,8123850.0,08123850,32.0603,-100.765,"Colorado Rv abv Silver, TX",2019,26.99354839,16.04785714,10.14032258,46.47133333,157.9774194,198.2233333,18.17225806,1.337419355,2.237666667,0.332258065,5.075,2.660645161,14910.0
colorado,8123850.0,B20000,,8123850.0,08123850,32.0603,-100.765,"Colorado Rv abv Silver, TX",2020,2.899032258,11.33,24.79096774,3.187,0.146451613,0.058666667,4.438709677,0.190322581,101.635,1.000645161,0.917,1.527096774,14910.0
colorado,8123850.0,B20000,,8123850.0,08123850,32.0603,-100.765,"Colorado Rv abv Silver, TX",2021,5.005806452,9.412857143,23.03,17.08166667,99.27354839,212.875,526.8096774,12.06548387,2.396666667,2.568064516,1.036,3.035483871,14910.0
colorado,8123850.0,B20000,,8123850.0,08123850,32.0603,-100.765,"Colorado Rv abv Silver, TX",2022,2.524516129,3.953571429,2.552258065,18.40133333,25.07870968,1.654,0.0,1.751612903,21.72333333,42.14193548,7.481333333,1.977096774,14910.0
colorado,8123850.0,B20000,,8123850.0,08123850,32.0603,-100.765,"Colorado Rv abv Silver, TX",2023,1.671935484,2.239285714,1.176129032,0.706333333,67.40483871,46.57066667,0.431612903,0.0,66.56566667,53.90774194,22.43866667,6.510322581,14910.0
colorado,8123850.0,B20000,,8123850.0,08123850,32.0603,-100.765,"Colorado Rv abv Silver, TX",2024,4.952580645,2.101724138,3.06483871,35.559,19.07,3.100333333,0.0,0.0,515.1866667,10.96774194,78.244,5.047741935,14910.0
colorado,8124000.0,B10000,,8124000.0,08124000,31.8853,-100.48,"Colorado Rv at Robert Lee, TX",2010,0.332903226,0.407142857,0.501290323,0.280666667,0.195483871,0.041,0.094193548,0.000967742,0.227,0.075483871,0.092666667,0.09483871,15307.0
colorado,8124000.0,B10000,,8124000.0,08124000,31.8853,-100.48,"Colorado Rv at Robert Lee, TX",2011,0.060322581,0.113928571,0.048709677,0.028666667,0.0,0.0,0.0,0.010967742,0.0,0.001612903,0.0,0.0,15307.0
colorado,8124000.0,B10000,,8124000.0,08124000,31.8853,-100.48,"Colorado Rv at Robert Lee, TX",2012,0.02516129,0.054137931,0.05516129,0.049666667,0.08516129,0.0,0.0,0.0,6.682,0.026129032,0.010666667,0.034516129,15307.0
colorado,8124000.0,B10000,,8124000.0,08124000,31.8853,-100.48,"Colorado Rv at Robert Lee, TX",2013,0.044193548,0.019285714,0.001612903,0.010333333,0.01,0.009333333,0.020645161,0.0,0.0,0.001935484,0.0,0.000645161,15307.0
colorado,8124000.0,B10000,,8124000.0,08124000,31.8853,-100.48,"Colorado Rv at Robert Lee, TX",2014,0.008064516,0.031428571,0.016129032,0.0,0.20516129,0.002,0.0,0.0,0.045333333,0.032258065,0.026,0.016129032,15307.0
colorado,8124000.0,B10000,,8124000.0,08124000,31.8853,-100.48,"Colorado Rv at Robert Lee, TX",2015,0.028387097,0.031785714,0.059677419,0.044333333,7.113548387,0.030666667,0.039354839,0.0,0.0,0.000967742,0.013666667,0.066774194,15307.0
colorado,8124000.0,B10000,,8124000.0,08124000,31.8853,-100.48,"Colorado Rv at Robert Lee, TX",2016,0.067096774,0.077931034,0.082903226,0.105666667,0.078064516,0.075333333,0.000645161,2.909032258,0.233333333,0.043870968,0.651333333,0.32483871,15307.0
colorado,8124000.0,B10000,,8124000.0,08124000,31.8853,-100.48,"Colorado Rv at Robert Lee, TX",2017,0.301290323,0.351071429,0.323870968,0.283333333,0.099354839,0.028333333,0.053870968,0.137741935,1.327666667,3.836129032,3.110333333,0.895483871,15307.0
colorado,8124000.0,B10000,,8124000.0,08124000,31.8853,-100.48,"Colorado Rv at Robert Lee, TX",2018,0.23516129,0.19,0.208709677,0.302666667,0.321935484,0.067,0.0,0.110967742,2.539333333,5.566451613,0.419,0.838387097,15307.0
colorado,8124000.0,B10000,,8124000.0,08124000,31.8853,-100.48,"Colorado Rv at Robert Lee, TX",2019,0.844516129,0.751428571,0.688387097,0.704666667,2.320322581,3.025666667,0.190645161,0.000322581,0.010333333,0.029032258,0.110333333,0.112258065,15307.0
colorado,8124000.0,B10000,,8124000.0,08124000,31.8853,-100.48,"Colorado Rv at Robert Lee, TX",2020,0.167419355,0.221034483,1.382903226,0.353,0.067419355,0.006,0.001290323,0.0,6.016333333,0.048387097,0.036666667,0.023548387,15307.0
colorado,8124000.0,B10000,,8124000.0,08124000,31.8853,-100.48,"Colorado Rv at Robert Lee, TX",2021,0.039032258,0.090714286,0.080967742,0.079,0.103548387,0.207,0.085483871,0.00516129,0.0,0.003548387,0.005333333,0.01,15307.0
colorado,8124000.0,B10000,,8124000.0,08124000,31.8853,-100.48,"Colorado Rv at Robert Lee, TX",2022,0.014516129,0.030714286,0.020967742,0.026666667,0.001935484,0.015333333,0.0,0.0,0.0,0.000645161,0.004,0.014516129,15307.0
colorado,8124000.0,B10000,,8124000.0,08124000,31.8853,-100.48,"Colorado Rv at Robert Lee, TX",2023,0.0,0.009285714,0.007741935,0.002,0.008064516,0.003333333,0.082258065,0.0,0.003,0.044516129,0.003333333,0.001290323,15307.0
colorado,8124000.0,B10000,,8124000.0,08124000,31.8853,-100.48,"Colorado Rv at Robert Lee, TX",2024,0.01516129,0.020344828,0.008387097,0.001,0.172258065,0.009,0.08516129,0.000322581,0.360666667,0.0,0.043,0.041612903,15307.0
colorado,8126380.0,D40000,,8126380.0,08126380,31.71446038,-100.0259239,"Colorado Rv nr Ballinger, TX",2010,5.019032258,15.53142857,2.066774194,2.159,12.63354839,0.0,5.511290323,0.0,9.574333333,1.516451613,0.554666667,0.736451613,16358.0
colorado,8126380.0,D40000,,8126380.0,08126380,31.71446038,-100.0259239,"Colorado Rv nr Ballinger, TX",2011,0.261612903,1.274285714,0.059032258,0.007666667,0.033225806,0.000333333,0.0,0.061290323,0.0,0.551290323,0.341333333,0.310967742,16358.0
colorado,8126380.0,D40000,,8126380.0,08126380,31.71446038,-100.0259239,"Colorado Rv nr Ballinger, TX",2012,0.780645161,1.108275862,0.598387097,0.188,5.931935484,0.0,0.0,0.196451613,257.6956667,34.85483871,0.564,0.362903226,16358.0
colorado,8126380.0,D40000,,8126380.0,08126380,31.71446038,-100.0259239,"Colorado Rv nr Ballinger, TX",2013,0.615806452,0.388571429,0.424193548,0.537,8.290322581,21.15533333,61.45193548,0.465806452,0.597,0.523225806,0.477,0.531935484,16358.0
colorado,8126380.0,D40000,,8126380.0,08126380,31.71446038,-100.0259239,"Colorado Rv nr Ballinger, TX",2014,0.508387097,0.472142857,0.390322581,0.476333333,52.05129032,1.823666667,0.231935484,5.420967742,40.08366667,1.742903226,3.878,0.777741935,16358.0
colorado,8126380.0,D40000,,8126380.0,08126380,31.71446038,-100.0259239,"Colorado Rv nr Ballinger, TX",2015,0.872903226,0.92,1.172903226,1.768333333,75.30677419,21.705,30.28451613,0.523548387,0.625,0.744516129,0.855,0.940967742,16358.0
colorado,8126380.0,D40000,,8126380.0,08126380,31.71446038,-100.0259239,"Colorado Rv nr Ballinger, TX",2016,0.921612903,0.833793103,0.802580645,11.97766667,6.94516129,107.0903333,2.001290323,0.521935484,43.423,5.938387097,58.48733333,23.35483871,16358.0
colorado,8126380.0,D40000,,8126380.0,08126380,31.71446038,-100.0259239,"Colorado Rv nr Ballinger, TX",2017,22.16451613,25.40357143,16.92193548,27.47133333,1.654193548,0.963,2.061612903,0.778709677,17.36466667,1.812258065,1.819,2.028387097,16358.0
colorado,8126380.0,D40000,,8126380.0,08126380,31.71446038,-100.0259239,"Colorado Rv nr Ballinger, TX",2018,2.326774194,2.761428571,2.192258065,1.390333333,1.072258065,1.046,2.511612903,45.19967742,63.62066667,1080.49,349.3,210.4516129,16358.0
colorado,8126380.0,D40000,,8126380.0,08126380,31.71446038,-100.0259239,"Colorado Rv nr Ballinger, TX",2019,163.1935484,102.3928571,86.19677419,184.84,420.9354839,264.2766667,37.29677419,5.789677419,2.924666667,4.307419355,7.327,7.86483871,16358.0
colorado,8126380.0,D40000,,8126380.0,08126380,31.71446038,-100.0259239,"Colorado Rv nr Ballinger, TX",2020,7.501935484,12.53724138,41.87741935,21.38333333,4.622258065,6.666,1.241290323,0.873870968,21.90533333,1.051612903,0.938333333,2.001290323,16358.0
colorado,8126380.0,D40000,,8126380.0,08126380,31.71446038,-100.0259239,"Colorado Rv nr Ballinger, TX",2021,2.912580645,2.480357143,2.700322581,1.110333333,1.583225806,1.566666667,8.753548387,25.81580645,0.251333333,0.763548387,0.775,0.831290323,16358.0
colorado,8126380.0,D40000,,8126380.0,08126380,31.71446038,-100.0259239,"Colorado Rv nr Ballinger, TX",2022,0.679677419,1.413571429,1.101935484,0.733333333,0.433225806,0.329,0.308709677,0.268064516,0.309666667,0.460645161,1.898333333,0.488387097,16358.0
colorado,8126380.0,D40000,,8126380.0,08126380,31.71446038,-100.0259239,"Colorado Rv nr Ballinger, TX",2023,0.479677419,0.536785714,0.367419355,0.240666667,40.89096774,3.862,0.408064516,0.208709677,0.241666667,0.352903226,0.551666667,0.608064516,16358.0
colorado,8126380.0,D40000,,8126380.0,08126380,31.71446038,-100.0259239,"Colorado Rv nr Ballinger, TX",2024,0.539677419,0.434482759,0.32516129,0.292,20.35709677,5.587333333,0.463870968,0.266129032,143.7466667,0.639032258,116.486,2.997096774,16358.0
colorado,8127000.0,D30000,,8127000.0,08127000,31.7492,-99.9475,"Elm Ck at Ballinger, TX",2010,14.51806452,61.14642857,24.40193548,13.72233333,37.36096774,3.957666667,11.76645161,0.0,0.428666667,0.106451613,0.001,0.4,450.0
colorado,8127000.0,D30000,,8127000.0,08127000,31.7492,-99.9475,"Elm Ck at Ballinger, TX",2011,1.157419355,1.225,0.80483871,0.006666667,0.0,0.0,0.0,9.493870968,0.0,5.69483871,0.0,0.0,450.0
colorado,8127000.0,D30000,,8127000.0,08127000,31.7492,-99.9475,"Elm Ck at Ballinger, TX",2012,0.353870968,1.349310345,0.370645161,0.003666667,0.233548387,0.0,0.0,0.0,190.0,26.01387097,0.362333333,0.488064516,450.0
colorado,8127000.0,D30000,,8127000.0,08127000,31.7492,-99.9475,"Elm Ck at Ballinger, TX",2013,0.936451613,0.430714286,0.173870968,0.106666667,0.0,0.0,0.0,0.0,0.0,0.0,0.0,0.0,450.0
colorado,8127000.0,D30000,,8127000.0,08127000,31.7492,-99.9475,"Elm Ck at Ballinger, TX",2014,0.0,0.0,0.0,0.0,69.98709677,5.299,18.32903226,1.537741935,0.0,1.212903226,20.59633333,5.072258065,450.0
colorado,8127000.0,D30000,,8127000.0,08127000,31.7492,-99.9475,"Elm Ck at Ballinger, TX",2015,2.802580645,1.799285714,2.061290323,1.384,47.85677419,34.69766667,149.7451613,0.965806452,0.004666667,3.148387097,13.18333333,18.44322581,450.0
colorado,8127000.0,D30000,,8127000.0,08127000,31.7492,-99.9475,"Elm Ck at Ballinger, TX",2016,11.58741935,7.380344828,6.59516129,105.32,168.7516129,378.6433333,4.466451613,0.487741935,9.237,7.050322581,99.05966667,17.7516129,450.0
colorado,8127000.0,D30000,,8127000.0,08127000,31.7492,-99.9475,"Elm Ck at Ballinger, TX",2017,19.27096774,24.125,11.93451613,18.72566667,11.1116129,2.836333333,0.682580645,0.0,0.0,0.0,0.001666667,2.542258065,450.0
colorado,8127000.0,D30000,,8127000.0,08127000,31.7492,-99.9475,"Elm Ck at Ballinger, TX",2018,2.244516129,6.656071429,5.368387097,1.072,0.597741935,0.0,0.0,9.246451613,5.204666667,527.5903226,65.80333333,61.65806452,450.0
colorado,8127000.0,D30000,,8127000.0,08127000,31.7492,-99.9475,"Elm Ck at Ballinger, TX",2019,47.12903226,35.57142857,30.40322581,162.0633333,378.9354839,216.6133333,11.49870968,2.485806452,1.974666667,1.38,5.577666667,7.066451613,450.0
colorado,8127000.0,D30000,,8127000.0,08127000,31.7492,-99.9475,"Elm Ck at Ballinger, TX",2020,8.763870968,10.37137931,62.33677419,12.0,2.011290323,10.01033333,24.37483871,0.0,0.0,0.0,0.0,0.152580645,450.0
colorado,8127000.0,D30000,,8127000.0,08127000,31.7492,-99.9475,"Elm Ck at Ballinger, TX",2021,1.766129032,1.018214286,1.525483871,1.208666667,6.101612903,0.885666667,5.936451613,98.76516129,2.096666667,3.570645161,2.289666667,3.376451613,450.0
colorado,8127000.0,D30000,,8127000.0,08127000,31.7492,-99.9475,"Elm Ck at Ballinger, TX",2022,4.150645161,5.730357143,5.554516129,2.790666667,0.01516129,0.656,0.0,6.380645161,25.27133333,0.0,0.529,35.71290323,450.0
colorado,8127000.0,D30000,,8127000.0,08127000,31.7492,-99.9475,"Elm Ck at Ballinger, TX",2023,1.669354839,1.954285714,1.219677419,0.291666667,19.0816129,18.82066667,0.0,0.0,0.0,0.0,0.0,0.0,450.0
colorado,8127000.0,D30000,,8127000.0,08127000,31.7492,-99.9475,"Elm Ck at Ballinger, TX",2024,0.0,0.0,0.0,0.0,60.45903226,17.363,0.178709677,0.0,41.665,5.218064516,592.745,6.710322581,450.0
colorado,8128000.0,C30000,,8128000.0,08128000,31.1872402,-100.5005645,"S Concho Rv at Christoval, TX",2010,4.670322581,12.43714286,13.11612903,13.76666667,11.02774194,5.936333333,5.447741935,3.496774194,3.484,4.922580645,5.666,4.178064516,413.0
colorado,8128000.0,C30000,,8128000.0,08128000,31.1872402,-100.5005645,"S Concho Rv at Christoval, TX",2011,4.581935484,4.221428571,4.107741935,3.341,2.335483871,1.835333333,2.459677419,4.520967742,4.794666667,5.098709677,6.164,6.977096774,413.0
colorado,8128000.0,C30000,,8128000.0,08128000,31.1872402,-100.5005645,"S Concho Rv at Christoval, TX",2012,6.570967742,8.551034483,10.6083871,6.709,18.23580645,9.1,5.081612903,5.256129032,8.373666667,9.98516129,8.352666667,7.043225806,413.0
colorado,8128000.0,C30000,,8128000.0,08128000,31.1872402,-100.5005645,"S Concho Rv at Christoval, TX",2013,7.361290323,8.067857143,5.298064516,5.796666667,4.89483871,3.912,3.488387097,4.717741935,6.639666667,7.260322581,10.72033333,9.848709677,413.0
colorado,8128000.0,C30000,,8128000.0,08128000,31.1872402,-100.5005645,"S Concho Rv at Christoval, TX",2014,8.147419355,6.202142857,6.038387097,6.009,149.3735484,24.59666667,12.70354839,8.676129032,7.223333333,6.081935484,6.8,7.153225806,413.0
colorado,8128000.0,C30000,,8128000.0,08128000,31.1872402,-100.5005645,"S Concho Rv at Christoval, TX",2015,7.283225806,6.106428571,6.321935484,8.380666667,7.690967742,8.426666667,11.65322581,9.151935484,8.576,8.661612903,13.15,16.8,413.0
colorado,8128000.0,C30000,,8128000.0,08128000,31.1872402,-100.5005645,"S Concho Rv at Christoval, TX",2016,19.2483871,18.08965517,23.47419355,27.77333333,34.25806452,29.71,31.62258065,26.83870968,25.62666667,23.81290323,22.49,21.11935484,413.0
colorado,8128000.0,C30000,,8128000.0,08128000,31.1872402,-100.5005645,"S Concho Rv at Christoval, TX",2017,21.03548387,23.42857143,19.1,15.02,12.42580645,12.83,11.31870968,12.76774194,12.77333333,12.28064516,11.7,12.56774194,413.0
colorado,8128000.0,C30000,,8128000.0,08128000,31.1872402,-100.5005645,"S Concho Rv at Christoval, TX",2018,12.69354839,11.94285714,11.86774194,10.27266667,9.71,7.135,6.847096774,7.321290323,147.38,594.7225806,130.2333333,96.25806452,413.0
colorado,8128000.0,C30000,,8128000.0,08128000,31.1872402,-100.5005645,"S Concho Rv at Christoval, TX",2019,76.23225806,53.51785714,52.07741935,54.29666667,48.74193548,40.55,31.88709677,27.11290323,25.66333333,24.27096774,27.34333333,24.7483871,413.0
colorado,8128000.0,C30000,,8128000.0,08128000,31.1872402,-100.5005645,"S Concho Rv at Christoval, TX",2020,25.57741935,25.57586207,24.99354839,21.63333333,20.0483871,18.95666667,17.99677419,14.47419355,81.54,38.51612903,37.90666667,30.17741935,413.0
colorado,8128000.0,C30000,,8128000.0,08128000,31.1872402,-100.5005645,"S Concho Rv at Christoval, TX",2021,23.48064516,20.93214286,20.99032258,19.79666667,21.60967742,16.99333333,14.02903226,131.8870968,21.65666667,21.10645161,20.56666667,19.1516129,413.0
colorado,8128000.0,C30000,,8128000.0,08128000,31.1872402,-100.5005645,"S Concho Rv at Christoval, TX",2022,16.1,16.45,11.31612903,9.306666667,7.356129032,6.896666667,5.185483871,11.40580645,13.41966667,10.64645161,10.327,10.79032258,413.0
colorado,8128000.0,C30000,,8128000.0,08128000,31.1872402,-100.5005645,"S Concho Rv at Christoval, TX",2023,10.86322581,12.1625,7.080645161,8.689333333,7.516129032,5.06,4.377096774,4.185806452,5.025,6.338064516,9.170666667,9.738709677,413.0
colorado,8128000.0,C30000,,8128000.0,08128000,31.1872402,-100.5005645,"S Concho Rv at Christoval, TX",2024,7.988064516,11.08344828,5.262258065,4.720333333,4.488387097,3.720666667,4.715483871,4.342903226,111.4556667,8.620967742,25.13966667,11.92129032,413.0
colorado,8128400.0,C60000,,8128400.0,08128400,31.4272,-100.71,"Middle Concho Rv abv Tankersley, TX",2010,0.0,0.0,0.0,0.0,0.0,0.0,0.0,0.0,0.0,0.0,0.0,0.0,2084.0
colorado,8128400.0,C60000,,8128400.0,08128400,31.4272,-100.71,"Middle Concho Rv abv Tankersley, TX",2011,0.0,0.0,0.0,0.0,0.0,0.0,0.0,10.29483871,0.0,0.0,0.0,0.0,2084.0
colorado,8128400.0,C60000,,8128400.0,08128400,31.4272,-100.71,"Middle Concho Rv abv Tankersley, TX",2012,0.0,0.0,0.0,0.0,6.716451613,0.0,0.0,0.0,5.676666667,0.001290323,0.0,0.0,2084.0
colorado,8128400.0,C60000,,8128400.0,08128400,31.4272,-100.71,"Middle Concho Rv abv Tankersley, TX",2013,0.0,0.0,0.0,0.0,0.0,0.0,0.0,0.0,0.0,0.192580645,0.0,0.0,2084.0
colorado,8128400.0,C60000,,8128400.0,08128400,31.4272,-100.71,"Middle Concho Rv abv Tankersley, TX",2014,0.0,0.0,0.0,0.0,27.78741935,0.131,0.0,0.0,0.0,0.0,0.0,0.0,2084.0
colorado,8128400.0,C60000,,8128400.0,08128400,31.4272,-100.71,"Middle Concho Rv abv Tankersley, TX",2015,0.0,0.0,0.0,0.0,72.64870968,17.53033333,16.19322581,0.0,0.0,0.0,0.0,0.0,2084.0
colorado,8128400.0,C60000,,8128400.0,08128400,31.4272,-100.71,"Middle Concho Rv abv Tankersley, TX",2016,0.0,0.0,0.0,0.0,0.0,0.0,0.0,0.0,0.0,0.0,0.0,0.0,2084.0
colorado,8128400.0,C60000,,8128400.0,08128400,31.4272,-100.71,"Middle Concho Rv abv Tankersley, TX",2017,0.0,0.0,0.0,0.0,0.0,0.0,0.0,0.0,0.0,0.0,0.0,0.0,2084.0
colorado,8128400.0,C60000,,8128400.0,08128400,31.4272,-100.71,"Middle Concho Rv abv Tankersley, TX",2018,0.0,0.0,0.0,0.0,46.74,0.0,0.0,0.0,159.926,112.9145161,21.79,8.316451613,2084.0
colorado,8128400.0,C60000,,8128400.0,08128400,31.4272,-100.71,"Middle Concho Rv abv Tankersley, TX",2019,5.116129032,4.2825,6.537741935,4.607666667,15.53806452,3.345666667,0.727096774,0.0,0.0,0.0,0.0,0.0,2084.0
colorado,8128400.0,C60000,,8128400.0,08128400,31.4272,-100.71,"Middle Concho Rv abv Tankersley, TX",2020,0.0,0.0,0.349032258,1.777,0.120322581,0.0,0.0,0.0,0.0,0.0,0.0,0.0,2084.0
colorado,8128400.0,C60000,,8128400.0,08128400,31.4272,-100.71,"Middle Concho Rv abv Tankersley, TX",2021,0.0,0.0,0.0,0.0,0.0,0.0,0.0,45.74225806,0.114,0.63,0.182666667,0.07,2084.0
colorado,8128400.0,C60000,,8128400.0,08128400,31.4272,-100.71,"Middle Concho Rv abv Tankersley, TX",2022,0.248387097,0.323571429,0.188387097,0.11,0.008387097,0.0,0.0,0.0,0.0,0.0,0.0,0.0,2084.0
colorado,8128400.0,C60000,,8128400.0,08128400,31.4272,-100.71,"Middle Concho Rv abv Tankersley, TX",2023,0.0,0.0,0.0,0.0,36.99548387,0.000666667,0.0,0.0,0.0,0.0,0.0,0.0,2084.0
colorado,8128400.0,C60000,,8128400.0,08128400,31.4272,-100.71,"Middle Concho Rv abv Tankersley, TX",2024,0.0,0.0,0.0,0.0,19.45258065,0.0,0.0,0.0,1.556333333,0.0,0.0,0.0,2084.0
colorado,8134000.0,C70000,,8134000.0,08134000,31.59247251,-100.6365953,"N Concho Rv nr Carlsbad, TX",2010,2.790967742,3.634285714,4.860967742,7.546,5.610322581,1.649666667,0.877741935,0.077419355,0.014333333,0.0,0.0,0.010967742,1266.0
colorado,8134000.0,C70000,,8134000.0,08134000,31.59247251,-100.6365953,"N Concho Rv nr Carlsbad, TX",2011,0.599677419,1.567142857,1.831612903,1.110666667,0.142580645,0.0,0.0,2.492903226,0.0,0.0,0.0,0.0,1266.0
colorado,8134000.0,C70000,,8134000.0,08134000,31.59247251,-100.6365953,"N Concho Rv nr Carlsbad, TX",2012,0.0,0.0,0.0,12.57466667,8.722258065,0.0,0.0,0.0,22.2,1.424516129,0.0,0.0,1266.0
colorado,8134000.0,C70000,,8134000.0,08134000,31.59247251,-100.6365953,"N Concho Rv nr Carlsbad, TX",2013,0.0,0.0,0.0,0.0,9.346129032,0.0,0.0,0.0,0.0,49.15709677,0.0,0.0,1266.0
colorado,8134000.0,C70000,,8134000.0,08134000,31.59247251,-100.6365953,"N Concho Rv nr Carlsbad, TX",2014,0.0,0.0,0.0,0.0,6.473870968,0.033666667,0.0,0.0,0.0,0.0,0.0,0.0,1266.0
colorado,8134000.0,C70000,,8134000.0,08134000,31.59247251,-100.6365953,"N Concho Rv nr Carlsbad, TX",2015,0.0,0.0,0.0,0.0,246.3787097,0.712666667,16.44193548,0.381290323,0.0,160.3470968,25.01066667,5.182258065,1266.0
colorado,8134000.0,C70000,,8134000.0,08134000,31.59247251,-100.6365953,"N Concho Rv nr Carlsbad, TX",2016,0.897419355,0.202068966,0.113225806,0.126,0.010322581,0.0,0.0,0.0,0.367333333,0.031290323,0.0,0.0,1266.0
colorado,8134000.0,C70000,,8134000.0,08134000,31.59247251,-100.6365953,"N Concho Rv nr Carlsbad, TX",2017,0.0,0.001071429,0.002903226,0.006333333,0.0,0.0,0.0,0.0,0.0,0.0,0.0,0.0,1266.0
colorado,8134000.0,C70000,,8134000.0,08134000,31.59247251,-100.6365953,"N Concho Rv nr Carlsbad, TX",2018,0.0,0.0,0.0,0.0,7.749032258,0.0,0.0,0.0,3.18,143.3087097,2.488666667,0.17,1266.0
colorado,8134000.0,C70000,,8134000.0,08134000,31.59247251,-100.6365953,"N Concho Rv nr Carlsbad, TX",2019,0.216774194,0.169642857,0.596129032,1.499,1.817419355,0.300666667,0.003225806,0.0,0.0,0.0,0.0,0.0,1266.0
colorado,8134000.0,C70000,,8134000.0,08134000,31.59247251,-100.6365953,"N Concho Rv nr Carlsbad, TX",2020,0.0,0.0,0.0,0.0,0.0,0.0,0.0,0.0,0.011666667,0.0,0.0,0.0,1266.0
colorado,8134000.0,C70000,,8134000.0,08134000,31.59247251,-100.6365953,"N Concho Rv nr Carlsbad, TX",2021,0.0,0.0,0.0,0.0,0.0,0.0,7.694516129,0.006129032,0.0,0.0,0.0,0.0,1266.0
colorado,8134000.0,C70000,,8134000.0,08134000,31.59247251,-100.6365953,"N Concho Rv nr Carlsbad, TX",2022,0.0,0.0,0.0,0.0,0.0,0.0,0.0,0.0,0.0,0.0,0.0,0.0,1266.0
colorado,8134000.0,C70000,,8134000.0,08134000,31.59247251,-100.6365953,"N Concho Rv nr Carlsbad, TX",2023,0.0,0.0,0.0,0.0,0.0,0.0,0.0,0.0,4.893,0.0,0.0,0.0,1266.0
colorado,8134000.0,C70000,,8134000.0,08134000,31.59247251,-100.6365953,"N Concho Rv nr Carlsbad, TX",2024,0.0,0.0,0.0,0.0,0.0,0.0,0.0,0.0,73.19633333,0.0,12.60733333,0.069677419,1266.0
colorado,8136000.0,C20000,,8136000.0,08136000,31.45310557,-100.4107922,,2010,18.12548387,23.04678571,12.84032258,35.38566667,23.30935484,10.49366667,17.93806452,15.37354839,15.035,19.77935484,7.670666667,12.58225806,5542.0
colorado,8136000.0,C20000,,8136000.0,08136000,31.45310557,-100.4107922,,2011,8.028064516,12.88571429,9.161935484,7.392,14.13451613,6.82,5.121935484,53.09032258,5.223333333,24.07967742,6.655666667,6.7,5542.0
colorado,8136000.0,C20000,,8136000.0,08136000,31.45310557,-100.4107922,,2012,21.0283871,22.28689655,9.793870968,10.53766667,35.86806452,8.598333333,7.205806452,4.19,82.89333333,6.273548387,9.568666667,10.31225806,5542.0
colorado,8136000.0,C20000,,8136000.0,08136000,31.45310557,-100.4107922,,2013,11.66612903,9.321071429,6.109354839,5.718666667,13.25903226,7.313333333,9.834193548,2.600322581,16.04066667,8.985483871,7.607333333,8.398387097,5542.0
colorado,8136000.0,C20000,,8136000.0,08136000,31.45310557,-100.4107922,,2014,5.679032258,4.279642857,3.805806452,5.446666667,186.1829032,8.977,11.14483871,9.972903226,12.082,7.86483871,18.72033333,5.530322581,5542.0
colorado,8136000.0,C20000,,8136000.0,08136000,31.45310557,-100.4107922,,2015,7.881935484,5.919642857,7.443870968,10.101,82.17225806,29.69366667,30.45903226,7.294516129,12.93766667,11.33,6.188333333,8.163225806,5542.0
colorado,8136000.0,C20000,,8136000.0,08136000,31.45310557,-100.4107922,,2016,6.959032258,6.287586207,19.52677419,24.10366667,17.36225806,91.956,5.778064516,13.83096774,50.48166667,7.308709677,16.22966667,9.002580645,5542.0
colorado,8136000.0,C20000,,8136000.0,08136000,31.45310557,-100.4107922,,2017,11.42935484,11.22714286,7.395806452,8.765,6.025806452,10.777,9.769677419,23.53806452,21.253,6.92,11.96333333,10.44709677,5542.0
colorado,8136000.0,C20000,,8136000.0,08136000,31.45310557,-100.4107922,,2018,9.58483871,15.3425,11.18451613,9.730666667,31.63516129,12.22466667,5.089677419,13.38387097,50.70866667,184.2035484,20.73333333,33.36419355,5542.0
colorado,8136000.0,C20000,,8136000.0,08136000,31.45310557,-100.4107922,,2019,21.31903226,15.68928571,19.27258065,31.24033333,75.19516129,94.585,16.99322581,16.52258065,18.418,15.27709677,11.81466667,11.55741935,5542.0
colorado,8136000.0,C20000,,8136000.0,08136000,31.45310557,-100.4107922,,2020,18.27322581,17.77586207,34.20258065,24.03466667,24.55806452,18.41433333,16.06193548,16.09032258,45.86733333,13.66419355,13.82666667,22.24193548,5542.0
colorado,8136000.0,C20000,,8136000.0,08136000,31.45310557,-100.4107922,,2021,17.23774194,12.42714286,16.78322581,21.87566667,15.75774194,33.94866667,38.45516129,65.12548387,11.37533333,21.66225806,10.57966667,12.86387097,5542.0
colorado,8136000.0,C20000,,8136000.0,08136000,31.45310557,-100.4107922,,2022,11.23419355,16.34642857,13.00354839,10.91033333,14.18548387,11.55066667,0.915806452,5.491290323,16.798,9.687419355,28.01533333,12.59193548,5542.0
colorado,8136000.0,C20000,,8136000.0,08136000,31.45310557,-100.4107922,,2023,11.80580645,13.47571429,21.1783871,14.43433333,41.23677419,19.38233333,21.81774194,0.270967742,21.897,25.71225806,8.872666667,31.48451613,5542.0
colorado,8136000.0,C20000,,8136000.0,08136000,31.45310557,-100.4107922,,2024,8.638709677,17.02551724,7.866774194,13.26366667,30.06322581,6.394,13.78032258,7.627419355,74.38266667,6.270967742,87.79866667,10.63806452,5542.0
colorado,8136500.0,C10000,,8136500.0,08136500,31.5148303,-99.91883422,"Concho Rv at Paint Rock, TX",2010,25.19419355,48.425,28.87741935,41.68,29.64193548,9.736666667,32.81741935,9.576129032,14.312,30.49677419,22.50666667,26.39354839,6574.0
colorado,8136500.0,C10000,,8136500.0,08136500,31.5148303,-99.91883422,"Concho Rv at Paint Rock, TX",2011,23.42258065,23.46071429,14.16129032,5.817666667,7.91,1.580333333,0.028709677,65.93580645,0.0,24.23387097,5.618,9.440322581,6574.0
colorado,8136500.0,C10000,,8136500.0,08136500,31.5148303,-99.91883422,"Concho Rv at Paint Rock, TX",2012,30.65096774,43.56896552,15.40258065,2.988666667,82.53354839,0.590666667,0.66,0.023225806,569.21,45.25225806,13.452,16.89516129,6574.0
colorado,8136500.0,C10000,,8136500.0,08136500,31.5148303,-99.91883422,"Concho Rv at Paint Rock, TX",2013,18.75483871,14.05357143,6.664516129,5.21,26.95741935,7.129666667,49.82774194,0.72516129,10.045,14.59483871,7.187,16.99354839,6574.0
colorado,8136500.0,C10000,,8136500.0,08136500,31.5148303,-99.91883422,"Concho Rv at Paint Rock, TX",2014,12.41129032,11.165,1.669354839,0.238666667,962.9696774,27.78666667,13.99806452,7.185806452,26.03766667,5.471612903,25.02433333,9.401935484,6574.0
colorado,8136500.0,C10000,,8136500.0,08136500,31.5148303,-99.91883422,"Concho Rv at Paint Rock, TX",2015,13.07677419,12.92428571,14.13903226,16.918,102.6858065,40.55,102.8677419,3.772580645,5.116666667,4.956451613,10.90966667,13.26387097,6574.0
colorado,8136500.0,C10000,,8136500.0,08136500,31.5148303,-99.91883422,"Concho Rv at Paint Rock, TX",2016,16.49032258,10.67655172,31.89,36.272,31.31032258,218.34,27.20967742,26.28387097,90.00333333,23.89354839,41.18333333,36.22580645,6574.0
colorado,8136500.0,C10000,,8136500.0,08136500,31.5148303,-99.91883422,"Concho Rv at Paint Rock, TX",2017,44.03870968,40.53214286,25.67096774,33.4,29.19032258,12.48633333,11.00451613,17.24096774,108.8533333,11.19387097,20.09333333,22.26451613,6574.0
colorado,8136500.0,C10000,,8136500.0,08136500,31.5148303,-99.91883422,"Concho Rv at Paint Rock, TX",2018,17.25483871,18.34285714,9.601612903,9.103666667,36.70419355,10.92733333,0.02,28.45193548,112.069,875.0680645,127.0766667,148.9258065,6574.0
colorado,8136500.0,C10000,,8136500.0,08136500,31.5148303,-99.91883422,"Concho Rv at Paint Rock, TX",2019,133.3548387,102.7142857,100.5032258,120.79,297.8548387,519.7133333,97.35806452,50.64516129,33.67666667,49.6483871,64.10666667,55.12903226,6574.0
colorado,8136500.0,C10000,,8136500.0,08136500,31.5148303,-99.91883422,"Concho Rv at Paint Rock, TX",2020,60.1483871,59.76206897,97.21935484,69.93,67.66129032,31.66,19.27419355,8.184193548,39.81033333,16.46258065,29.65666667,33.13870968,6574.0
colorado,8136500.0,C10000,,8136500.0,08136500,31.5148303,-99.91883422,"Concho Rv at Paint Rock, TX",2021,46.11935484,31.36785714,25.7516129,20.23,28.92903226,23.28866667,57.28580645,82.14451613,21.21,48.65806452,27.36666667,25.37419355,6574.0
colorado,8136500.0,C10000,,8136500.0,08136500,31.5148303,-99.91883422,"Concho Rv at Paint Rock, TX",2022,19.64193548,21.33571429,13.09096774,5.275666667,10.5316129,8.931666667,0.398709677,0.052903226,12.93733333,0.177741935,32.821,20.81064516,6574.0
colorado,8136500.0,C10000,,8136500.0,08136500,31.5148303,-99.91883422,"Concho Rv at Paint Rock, TX",2023,8.244193548,13.57392857,10.61032258,2.444333333,66.7216129,17.55366667,23.91225806,0.009677419,15.148,26.07935484,15.491,45.66451613,6574.0
colorado,8136500.0,C10000,,8136500.0,08136500,31.5148303,-99.91883422,"Concho Rv at Paint Rock, TX",2024,10.79903226,17.00655172,3.651290323,4.524,61.33741935,6.554666667,1.511935484,0.067419355,679.8713333,8.237096774,256.201,69.69032258,6574.0
colorado,8136700.0,D20000,,8136700.0,08136700,31.4936,-99.5736,"Colorado Rv nr Stacy, TX",2010,5.86,7.417857143,4.498064516,8.093333333,8.112580645,6.339333333,7.594516129,6.063225806,5.871,1.958709677,2.482666667,3.050322581,24193.0
colorado,8136700.0,D20000,,8136700.0,08136700,31.4936,-99.5736,"Colorado Rv nr Stacy, TX",2011,3.34,2.478214286,2.06,6.033666667,8.849032258,7.749333333,1.115483871,2.812903226,4.941,3.702258065,3.631666667,4.967419355,24193.0
colorado,8136700.0,D20000,,8136700.0,08136700,31.4936,-99.5736,"Colorado Rv nr Stacy, TX",2012,5.527096774,6.892413793,5.635483871,5.506333333,10.78709677,13.32333333,10.10193548,0.008064516,33.46666667,37.63193548,2.241666667,2.69483871,24193.0
colorado,8136700.0,D20000,,8136700.0,08136700,31.4936,-99.5736,"Colorado Rv nr Stacy, TX",2013,3.781290323,2.810357143,2.126774194,7.802666667,8.917096774,6.715333333,61.25064516,4.354516129,0.159333333,2.968387097,1.442333333,2.996451613,24193.0
colorado,8136700.0,D20000,,8136700.0,08136700,31.4936,-99.5736,"Colorado Rv nr Stacy, TX",2014,3.431935484,2.843214286,2.678387097,1.212666667,9.602580645,20.73466667,7.366451613,5.305806452,12.34366667,1.231290323,4.270666667,3.146451613,24193.0
colorado,8136700.0,D20000,,8136700.0,08136700,31.4936,-99.5736,"Colorado Rv nr Stacy, TX",2015,3.635806452,3.000714286,4.02,8.15,15.01870968,8.307666667,9.226451613,4.548387097,1.969333333,1.653870968,9.623333333,4.550322581,24193.0
colorado,8136700.0,D20000,,8136700.0,08136700,31.4936,-99.5736,"Colorado Rv nr Stacy, TX",2016,3.442903226,3.143103448,4.332258065,8.734333333,14.29870968,17.35866667,9.474193548,10.40032258,30.59466667,5.867096774,8.347666667,5.017741935,24193.0
colorado,8136700.0,D20000,,8136700.0,08136700,31.4936,-99.5736,"Colorado Rv nr Stacy, TX",2017,4.829354839,9.714642857,4.8,12.14066667,10.48451613,9.06,9.717096774,12.74612903,12.96666667,6.940322581,4.764,4.261935484,24193.0
colorado,8136700.0,D20000,,8136700.0,08136700,31.4936,-99.5736,"Colorado Rv nr Stacy, TX",2018,4.043870968,4.081428571,3.443870968,6.223333333,8.717741935,6.979666667,5.859354839,2.246774194,4.550333333,59.54580645,4.825,7.26516129,24193.0
colorado,8136700.0,D20000,,8136700.0,08136700,31.4936,-99.5736,"Colorado Rv nr Stacy, TX",2019,6.83516129,5.573214286,5.632258065,36.23866667,14.40709677,9.004,1.33516129,3.789677419,9.797,8.62483871,6.550666667,4.989032258,24193.0
colorado,8136700.0,D20000,,8136700.0,08136700,31.4936,-99.5736,"Colorado Rv nr Stacy, TX",2020,5.286774194,5.553793103,8.041935484,8.290333333,8.984193548,6.814,7.835483871,9.829032258,11.08666667,4.817096774,4.185666667,4.005806452,24193.0
colorado,8136700.0,D20000,,8136700.0,08136700,31.4936,-99.5736,"Colorado Rv nr Stacy, TX",2021,5.246451613,4.488214286,4.69483871,9.463333333,11.23419355,8.654,8.048064516,8.970645161,9.01,7.62,5.026,5.051612903,24193.0
colorado,8136700.0,D20000,,8136700.0,08136700,31.4936,-99.5736,"Colorado Rv nr Stacy, TX",2022,4.989032258,5.189642857,4.393870968,9.193333333,8.27483871,7.522666667,2.780322581,4.038387097,4.095333333,4.29516129,10.47233333,4.643870968,24193.0
colorado,8136700.0,D20000,,8136700.0,08136700,31.4936,-99.5736,"Colorado Rv nr Stacy, TX",2023,4.022903226,3.859285714,3.429677419,4.442666667,6.32483871,9.835,4.610322581,2.762903226,5.905666667,3.836129032,3.596666667,2.996451613,24193.0
colorado,8136700.0,D20000,,8136700.0,08136700,31.4936,-99.5736,"Colorado Rv nr Stacy, TX",2024,2.817096774,1.144827586,0.288709677,0.057666667,77.08806452,1.412333333,0.3,0.002580645,34.78366667,6.750967742,6.8,9.866774194,24193.0
colorado,8143600.0,F20000,,8143600.0,08143600,31.5172,-98.7403,"Pecan Bayou nr Mullin, TX",2010,122.6951613,86.15357143,54.17741935,63.14333333,37.50193548,6.014333333,27.02612903,1.160967742,23.18266667,1.841290323,2.711666667,5.158709677,2073.0
colorado,8143600.0,F20000,,8143600.0,08143600,31.5172,-98.7403,"Pecan Bayou nr Mullin, TX",2011,6.579354839,4.855357143,2.978709677,1.592666667,54.82806452,5.774333333,0.054516129,0.0,0.0,113.2709677,3.863666667,7.568387097,2073.0
colorado,8143600.0,F20000,,8143600.0,08143600,31.5172,-98.7403,"Pecan Bayou nr Mullin, TX",2012,147.6019355,158.9286207,72.81290323,11.93533333,3.088064516,28.01466667,0.512258065,0.537096774,2.227666667,3.735806452,0.484666667,0.672258065,2073.0
colorado,8143600.0,F20000,,8143600.0,08143600,31.5172,-98.7403,"Pecan Bayou nr Mullin, TX",2013,7.008064516,2.8175,3.419032258,12.70133333,5.179354839,0.14,8.67,0.822580645,5.398,21.55967742,3.732,10.7483871,2073.0
colorado,8143600.0,F20000,,8143600.0,08143600,31.5172,-98.7403,"Pecan Bayou nr Mullin, TX",2014,2.612258065,2.109642857,1.517419355,0.869,115.6616129,3.097333333,14.51677419,0.561290323,0.0,0.073548387,7.645333333,1.660322581,2073.0
colorado,8143600.0,F20000,,8143600.0,08143600,31.5172,-98.7403,"Pecan Bayou nr Mullin, TX",2015,5.066129032,2.280714286,6.319354839,3.668666667,387.4164516,92.093,1621.036129,11.70935484,2.945666667,11.28193548,178.666,506.8903226,2073.0
colorado,8143600.0,F20000,,8143600.0,08143600,31.5172,-98.7403,"Pecan Bayou nr Mullin, TX",2016,97.80322581,14.19517241,150.8309677,1733.355333,2471.774194,4074.673333,18.52258065,15.18903226,20.39366667,7.294516129,143.1616667,16.14193548,2073.0
colorado,8143600.0,F20000,,8143600.0,08143600,31.5172,-98.7403,"Pecan Bayou nr Mullin, TX",2017,43.9483871,200.875,56.50322581,251.2733333,193.7232258,174.2526667,16.63677419,7.187419355,3.066333333,2.121935484,4.808333333,4.441612903,2073.0
colorado,8143600.0,F20000,,8143600.0,08143600,31.5172,-98.7403,"Pecan Bayou nr Mullin, TX",2018,3.410967742,47.65928571,5.663225806,2.555333333,15.53516129,0.881,0.0,0.0,13.01,589.9245161,189.5733333,221.1129032,2073.0
colorado,8143600.0,F20000,,8143600.0,08143600,31.5172,-98.7403,"Pecan Bayou nr Mullin, TX",2019,195.2,41.65,52.03870968,491.7433333,1296.612903,800.0,80.27064516,2.513548387,0.520666667,1.296451613,2.793,3.217419355,2073.0
colorado,8143600.0,F20000,,8143600.0,08143600,31.5172,-98.7403,"Pecan Bayou nr Mullin, TX",2020,5.878709677,10.6237931,61.43129032,6.931666667,6.876451613,5.833333333,0.147419355,0.0,47.593,0.159677419,0.678333333,2.577419355,2073.0
colorado,8143600.0,F20000,,8143600.0,08143600,31.5172,-98.7403,"Pecan Bayou nr Mullin, TX",2021,9.348064516,2.702142857,8.051290323,7.009666667,58.55354839,470.324,8.917419355,181.323871,8.536,4.293548387,1.792333333,0.960322581,2073.0
colorado,8143600.0,F20000,,8143600.0,08143600,31.5172,-98.7403,"Pecan Bayou nr Mullin, TX",2022,0.780967742,4.9275,1.276129032,1.242666667,9.07,23.838,0.006451613,19.27419355,1.192666667,0.930967742,9.803333333,3.003548387,2073.0
colorado,8143600.0,F20000,,8143600.0,08143600,31.5172,-98.7403,"Pecan Bayou nr Mullin, TX",2023,0.968064516,4.778571429,2.354193548,2.025,60.84258065,7.599,0.082258065,0.0,36.25233333,61.95258065,3.493333333,3.217741935,2073.0
colorado,8143600.0,F20000,,8143600.0,08143600,31.5172,-98.7403,"Pecan Bayou nr Mullin, TX",2024,4.303225806,5.025172414,9.140645161,4.578,354.1441935,63.322,2.426129032,0.141935484,348.0813333,46.04967742,695.6823333,8.946129032,2073.0
colorado,8144500.0,E40000,,8144500.0,08144500,30.9189,-99.7853,"San Saba Rv at Menard, TX",2010,32.81935484,46.92142857,38.3483871,36.67,33.64516129,20.63,19.3516129,15.83870968,14.74666667,14.89032258,16.96333333,18.93548387,1135.0
colorado,8144500.0,E40000,,8144500.0,08144500,30.9189,-99.7853,"San Saba Rv at Menard, TX",2011,19.77096774,19.56071429,15.07612903,15.53666667,12.66645161,6.788666667,5.738709677,5.420645161,10.827,15.19677419,14.29,16.72258065,1135.0
colorado,8144500.0,E40000,,8144500.0,08144500,30.9189,-99.7853,"San Saba Rv at Menard, TX",2012,17.94193548,22.75172414,24.21935484,22.50333333,22.48064516,13.19166667,5.402903226,6.286451613,11.39266667,11.74225806,15.13333333,13.96451613,1135.0
colorado,8144500.0,E40000,,8144500.0,08144500,30.9189,-99.7853,"San Saba Rv at Menard, TX",2013,17.88709677,16.86071429,16.10967742,15.7,44.09967742,9.674666667,8.89,2.667741935,77.235,39.03548387,29.5,27.66774194,1135.0
colorado,8144500.0,E40000,,8144500.0,08144500,30.9189,-99.7853,"San Saba Rv at Menard, TX",2014,22.96451613,15.99642857,16.32258065,15.99333333,19.62258065,36.59,15.41935484,19.70645161,18.75,14.19032258,17.54666667,19.09032258,1135.0
colorado,8144500.0,E40000,,8144500.0,08144500,30.9189,-99.7853,"San Saba Rv at Menard, TX",2015,21.94516129,20.37857143,19.48387097,14.55333333,14.40967742,12.97,8.688387097,5.02516129,7.147,116.2525806,26.81666667,26.19354839,1135.0
colorado,8144500.0,E40000,,8144500.0,08144500,30.9189,-99.7853,"San Saba Rv at Menard, TX",2016,25.97741935,23.69310345,37.53548387,48.99666667,61.92903226,41.47333333,20.44193548,16.92903226,27.78666667,28.43225806,31.92333333,33.4483871,1135.0
colorado,8144500.0,E40000,,8144500.0,08144500,30.9189,-99.7853,"San Saba Rv at Menard, TX",2017,33.32903226,37.25714286,33.77419355,29.61666667,25.59677419,21.41,18.52903226,21.23225806,20.27666667,20.99032258,22.51666667,22.32903226,1135.0
colorado,8144500.0,E40000,,8144500.0,08144500,30.9189,-99.7853,"San Saba Rv at Menard, TX",2018,21.10645161,20.20714286,19.73225806,18.38666667,16.00322581,12.7,10.64193548,14.89935484,761.046,982.1516129,100.9466667,82.36451613,1135.0
colorado,8144500.0,E40000,,8144500.0,08144500,30.9189,-99.7853,"San Saba Rv at Menard, TX",2019,78.58064516,73.60357143,71.63548387,66.58333333,455.0709677,96.25666667,65.3,52.38709677,50.12333333,52.02258065,60.82333333,60.2483871,1135.0
colorado,8144500.0,E40000,,8144500.0,08144500,30.9189,-99.7853,"San Saba Rv at Menard, TX",2020,60.02258065,60.00689655,60.2516129,51.55,46.35806452,40.99,39.93225806,36.40322581,48.90333333,41.64193548,46.44,49.07741935,1135.0
colorado,8144500.0,E40000,,8144500.0,08144500,30.9189,-99.7853,"San Saba Rv at Menard, TX",2021,48.67419355,41.61428571,41.4483871,44.23,48.8,43.71666667,34.64193548,38.09354839,34.08,37.81935484,39.03666667,40.70967742,1135.0
colorado,8144500.0,E40000,,8144500.0,08144500,30.9189,-99.7853,"San Saba Rv at Menard, TX",2022,38.72903226,38.65,35.43870968,32.31666667,23.93870968,23.67333333,13.85903226,16.47096774,24.79333333,25.88064516,30.46666667,30.73870968,1135.0
colorado,8144500.0,E40000,,8144500.0,08144500,30.9189,-99.7853,"San Saba Rv at Menard, TX",2023,31.60645161,30.86785714,30.75806452,33.91,31.91612903,19.82333333,12.70516129,11.55806452,20.55666667,25.41935484,29.73666667,29.81612903,1135.0
colorado,8144500.0,E40000,,8144500.0,08144500,30.9189,-99.7853,"San Saba Rv at Menard, TX",2024,27.71612903,28.67931034,30.33225806,27.96333333,27.23870968,17.05666667,18.03612903,10.84645161,36.76333333,23.94193548,23.35333333,23.08387097,1135.0
colorado,8145000.0,E20000,,8145000.0,08145000,31.13769415,-99.33483185,"Brady Ck at Brady, TX",2010,6.114516129,11.88857143,6.053548387,7.651666667,2.190322581,1.998666667,1.132903226,0.620645161,0.978666667,0.000322581,0.0,0.0,588.0
colorado,8145000.0,E20000,,8145000.0,08145000,31.13769415,-99.33483185,"Brady Ck at Brady, TX",2011,0.077741935,0.073214286,0.011290323,0.003666667,0.0,0.0,0.0,0.0,0.0,0.0,0.0,0.0,588.0
colorado,8145000.0,E20000,,8145000.0,08145000,31.13769415,-99.33483185,"Brady Ck at Brady, TX",2012,0.36,1.279655172,4.692903226,0.064333333,0.377419355,1.102333333,0.0,0.0,0.894666667,0.466451613,0.0,0.0,588.0
colorado,8145000.0,E20000,,8145000.0,08145000,31.13769415,-99.33483185,"Brady Ck at Brady, TX",2013,0.310322581,0.0,0.001612903,0.0,1.030322581,0.0,0.89,0.0,0.668666667,2.447096774,0.383333333,2.556451613,588.0
colorado,8145000.0,E20000,,8145000.0,08145000,31.13769415,-99.33483185,"Brady Ck at Brady, TX",2014,2.911612903,0.9875,0.077419355,0.008333333,7.146774194,3.639666667,1.181935484,0.043225806,1.122,0.009677419,0.154,0.028387097,588.0
colorado,8145000.0,E20000,,8145000.0,08145000,31.13769415,-99.33483185,"Brady Ck at Brady, TX",2015,0.02483871,0.011071429,0.865806452,0.049,6.670967742,3.177333333,88.98516129,0.145806452,0.0,0.964516129,1.354666667,1.279354839,588.0
colorado,8145000.0,E20000,,8145000.0,08145000,31.13769415,-99.33483185,"Brady Ck at Brady, TX",2016,1.033870968,1.214482759,1.553225806,6.521666667,6.620967742,8.442333333,0.077741935,0.088709677,1.706666667,0.100322581,2.664,2.332258065,588.0
colorado,8145000.0,E20000,,8145000.0,08145000,31.13769415,-99.33483185,"Brady Ck at Brady, TX",2017,1.265483871,1.413928571,0.602580645,0.191666667,0.081290323,0.204333333,0.036451613,0.237419355,0.0,0.0,0.0,0.0,588.0
colorado,8145000.0,E20000,,8145000.0,08145000,31.13769415,-99.33483185,"Brady Ck at Brady, TX",2018,0.0,0.062857143,0.148387097,0.039666667,5.656774194,0.016,0.006774194,0.009354839,0.0,220.6829032,129.34,72.17096774,588.0
colorado,8145000.0,E20000,,8145000.0,08145000,31.13769415,-99.33483185,"Brady Ck at Brady, TX",2019,54.2483871,37.575,21.3,16.51466667,102.8712903,6.078666667,0.000645161,0.0,0.0,0.0,0.0,0.0,588.0
colorado,8145000.0,E20000,,8145000.0,08145000,31.13769415,-99.33483185,"Brady Ck at Brady, TX",2020,0.0,0.0,0.526774194,0.119666667,2.531612903,0.220666667,0.000967742,0.0,0.0,0.042580645,0.0,0.004193548,588.0
colorado,8145000.0,E20000,,8145000.0,08145000,31.13769415,-99.33483185,"Brady Ck at Brady, TX",2021,0.053548387,0.003928571,0.264193548,0.121666667,0.158709677,0.259666667,0.19483871,0.098709677,0.054666667,2.058709677,0.298333333,0.008709677,588.0
colorado,8145000.0,E20000,,8145000.0,08145000,31.13769415,-99.33483185,"Brady Ck at Brady, TX",2022,0.01,0.351785714,0.0,0.0,0.013548387,0.199333333,0.0,0.0,0.0,0.0,0.744333333,0.138709677,588.0
colorado,8145000.0,E20000,,8145000.0,08145000,31.13769415,-99.33483185,"Brady Ck at Brady, TX",2023,0.0,0.0,0.0,0.0,1.729032258,0.704666667,0.059677419,0.0,0.002666667,0.151290323,0.079,0.00516129,588.0
colorado,8145000.0,E20000,,8145000.0,08145000,31.13769415,-99.33483185,"Brady Ck at Brady, TX",2024,0.019354839,0.147241379,0.161612903,0.021333333,7.262258065,3.729666667,0.583225806,0.017419355,0.952,0.0,0.0,0.0,588.0
colorado,8146000.0,E10000,,8146000.0,08146000,31.213,-98.7192,"San Saba Rv at San Saba, TX",2010,172.1322581,380.5714286,200.3225806,346.3333333,284.5806452,107.0533333,99.93548387,41.71935484,83.69,44.3516129,47.66333333,57.25483871,3046.0
colorado,8146000.0,E10000,,8146000.0,08146000,31.213,-98.7192,"San Saba Rv at San Saba, TX",2011,72.7516129,73.40357143,53.17419355,42.11666667,17.50967742,11.73833333,9.385483871,7.560967742,8.695,89.38064516,32.05,51.07096774,3046.0
colorado,8146000.0,E10000,,8146000.0,08146000,31.213,-98.7192,"San Saba Rv at San Saba, TX",2012,65.59354839,157.8034483,159.6516129,75.93666667,163.6774194,65.12333333,42.36451613,24.00322581,32.41666667,40.70967742,31.19333333,32.70322581,3046.0
colorado,8146000.0,E10000,,8146000.0,08146000,31.213,-98.7192,"San Saba Rv at San Saba, TX",2013,44.64516129,37.64642857,35.80967742,31.19,113.4032258,33.68666667,35.17580645,14.13548387,140.1566667,162.6290323,70.26333333,80.0516129,3046.0
colorado,8146000.0,E10000,,8146000.0,08146000,31.213,-98.7192,"San Saba Rv at San Saba, TX",2014,61.88387097,48.34285714,39.4483871,32.66333333,147.8825806,104.8533333,37.1516129,25.40967742,37.45,24.06129032,27.26333333,40.25483871,3046.0
colorado,8146000.0,E10000,,8146000.0,08146000,31.213,-98.7192,"San Saba Rv at San Saba, TX",2015,50.10322581,43.31785714,66.73548387,42.60666667,193.2387097,88.22,116.8516129,16.02580645,19.16,203.9193548,96.75666667,129.2516129,3046.0
colorado,8146000.0,E10000,,8146000.0,08146000,31.213,-98.7192,"San Saba Rv at San Saba, TX",2016,95.11935484,72.18965517,350.7193548,252.2666667,394.2580645,721.6333333,129.8322581,114.8225806,129.7866667,106.116129,108.5033333,121.2193548,3046.0
colorado,8146000.0,E10000,,8146000.0,08146000,31.213,-98.7192,"San Saba Rv at San Saba, TX",2017,123.9032258,132.9642857,105.083871,97.04333333,66.37096774,61.00666667,39.80967742,35.30322581,35.72,42.27741935,49.21333333,56.55483871,3046.0
colorado,8146000.0,E10000,,8146000.0,08146000,31.213,-98.7192,"San Saba Rv at San Saba, TX",2018,56.28064516,83.1,75.32258065,54.69666667,121.7483871,39.261,16.15032258,24.97451613,636.08,2896.922581,433.4,433.2258065,3046.0
colorado,8146000.0,E10000,,8146000.0,08146000,31.213,-98.7192,"San Saba Rv at San Saba, TX",2019,330.2258065,283.1785714,275.0322581,203.7,1031.322581,240.2333333,131.7774194,93.25806452,85.45,92.84193548,111.8666667,108.7096774,3046.0
colorado,8146000.0,E10000,,8146000.0,08146000,31.213,-98.7192,"San Saba Rv at San Saba, TX",2020,113.3870968,112.3517241,184.0032258,124.0133333,83.14516129,59.78,41.00322581,29.88709677,52.98,50.40967742,61.13666667,68.65806452,3046.0
colorado,8146000.0,E10000,,8146000.0,08146000,31.213,-98.7192,"San Saba Rv at San Saba, TX",2021,86.08064516,74.96785714,75.46774194,66.77,337.5741935,122.59,160.6516129,47.9,44.03666667,133.4483871,68.25,64.53225806,3046.0
colorado,8146000.0,E10000,,8146000.0,08146000,31.213,-98.7192,"San Saba Rv at San Saba, TX",2022,63.31290323,66.13571429,52.8483871,37.96,27.07741935,14.67333333,6.658709677,12.94225806,26.36,22.48709677,86.25666667,52.3516129,3046.0
colorado,8146000.0,E10000,,8146000.0,08146000,31.213,-98.7192,"San Saba Rv at San Saba, TX",2023,47.49677419,48.95357143,42.80645161,41.34333333,70.34516129,26.07,4.209032258,2.509354839,10.693,45.90967742,34.2,38.06451613,3046.0
colorado,8146000.0,E10000,,8146000.0,08146000,31.213,-98.7192,"San Saba Rv at San Saba, TX",2024,40.64193548,46.2862069,42.54193548,34.85,402.5096774,128.9933333,34.13548387,21.27096774,40.66333333,23.34193548,27.68,32.6516129,3046.0
colorado,8147000.0,F10000,,8147000.0,08147000,31.2178,-98.5642,"Colorado Rv nr San Saba, TX",2010,682.4419355,878.6785714,362.7096774,568.9666667,334.0322581,117.8966667,162.8193548,46.16451613,158.8133333,51.46774194,56.15666667,64.48387097,31217.0
colorado,8147000.0,F10000,,8147000.0,08147000,31.2178,-98.5642,"Colorado Rv nr San Saba, TX",2011,84.39677419,79.33928571,61.49354839,44.57666667,86.71290323,11.584,5.588064516,2.779032258,4.767666667,346.0912903,37.99333333,67.42903226,31217.0
colorado,8147000.0,F10000,,8147000.0,08147000,31.2178,-98.5642,"Colorado Rv nr San Saba, TX",2012,356.6322581,675.2827586,359.0967742,95.37,174.3516129,70.42666667,38.3483871,21.62580645,33.55333333,201.6258065,37.6,39.98387097,31217.0
colorado,8147000.0,F10000,,8147000.0,08147000,31.2178,-98.5642,"Colorado Rv nr San Saba, TX",2013,53.23870968,43.28214286,47.71290323,55.55333333,278.3741935,29.10733333,233.9464516,17.10096774,124.1533333,359.4935484,77.60333333,110.4741935,31217.0
colorado,8147000.0,F10000,,8147000.0,08147000,31.2178,-98.5642,"Colorado Rv nr San Saba, TX",2014,69.92580645,58.00714286,45.91290323,37.58666667,589.3677419,195.3633333,159.4516129,29.47096774,44.15666667,34.75483871,48.68,50.16129032,31217.0
colorado,8147000.0,F10000,,8147000.0,08147000,31.2178,-98.5642,"Colorado Rv nr San Saba, TX",2015,66.13225806,59.15,110.0774194,79.67,1094.487097,432.05,2991.264516,25.97419355,19.40666667,286.9612903,347.48,899.9032258,31217.0
colorado,8147000.0,F10000,,8147000.0,08147000,31.2178,-98.5642,"Colorado Rv nr San Saba, TX",2016,274.7419355,103.5896552,694.3354839,2370.1,2867.0,6340.666667,190.3870968,177.5967742,239.4166667,174.4516129,425.4,159.0967742,31217.0
colorado,8147000.0,F10000,,8147000.0,08147000,31.2178,-98.5642,"Colorado Rv nr San Saba, TX",2017,210.8064516,409.0357143,241.0645161,671.05,277.0032258,279.5033333,45.76129032,61.48709677,33.21,43.39677419,55.47,63.55806452,31217.0
colorado,8147000.0,F10000,,8147000.0,08147000,31.2178,-98.5642,"Colorado Rv nr San Saba, TX",2018,65.32258065,220.7357143,99.66129032,56.35666667,120.7129032,67.54666667,20.65967742,87.00806452,841.7373333,6082.677419,815.4,772.1290323,31217.0
colorado,8147000.0,F10000,,8147000.0,08147000,31.2178,-98.5642,"Colorado Rv nr San Saba, TX",2019,627.9677419,341.1071429,384.6129032,917.7666667,3107.806452,1256.166667,257.7096774,93.27741935,82.48333333,83.0516129,116.8666667,121.9354839,31217.0
colorado,8147000.0,F10000,,8147000.0,08147000,31.2178,-98.5642,"Colorado Rv nr San Saba, TX",2020,131.0,145.0344828,480.3548387,177.2333333,108.083871,75.19333333,42.58709677,27.67741935,109.0033333,57.37741935,67.56333333,75.01935484,31217.0
colorado,8147000.0,F10000,,8147000.0,08147000,31.2178,-98.5642,"Colorado Rv nr San Saba, TX",2021,94.12903226,78.88571429,79.54193548,62.25,498.6096774,629.16,237.8387097,216.6645161,51.74666667,188.9677419,67.32,67.3516129,31217.0
colorado,8147000.0,F10000,,8147000.0,08147000,31.2178,-98.5642,"Colorado Rv nr San Saba, TX",2022,65.28387097,75.89285714,60.48064516,40.63,59.93774194,59.98466667,10.31096774,40.83774194,74.48633333,18.59354839,207.23,105.0193548,31217.0
colorado,8147000.0,F10000,,8147000.0,08147000,31.2178,-98.5642,"Colorado Rv nr San Saba, TX",2023,66.69032258,70.38928571,54.29354839,42.03333333,309.5129032,97.08333333,6.053870968,0.539032258,64.59633333,214.3312903,61.00333333,44.46129032,31217.0
colorado,8147000.0,F10000,,8147000.0,08147000,31.2178,-98.5642,"Colorado Rv nr San Saba, TX",2024,51.01612903,74.93103448,61.79677419,39.47,3011.277419,551.8533333,46.51612903,19.49677419,481.64,81.03548387,709.3033333,62.4516129,31217.0
colorado,8148000.0,I40000,,8148000.0,08148000,30.75125114,-98.41824491,"LCRA Lk Buchanan nr Burnet, TX",2010,31.3721786,26.05461407,28.44475913,11.73027822,15.82432855,16.58708396,11.2543015,227.8996053,84.73361429,11.38440903,34.75389019,70.09543274,31828.0
colorado,8148000.0,I40000,,8148000.0,08148000,30.75125114,-98.41824491,"LCRA Lk Buchanan nr Burnet, TX",2011,0.504166686,135.4947967,6.212634642,2.285555641,527.1957187,1500.34964,696.4493541,1171.423162,735.058222,182.6384477,157.0815337,97.54812194,31828.0
colorado,8148000.0,I40000,,8148000.0,08148000,30.75125114,-98.41824491,"LCRA Lk Buchanan nr Burnet, TX",2012,40.17070043,73.7300315,24.5903235,7.999444744,37.42217882,104.698615,176.2631787,261.7926173,181.6176457,116.0721818,124.730838,118.105112,31828.0
colorado,8148000.0,I40000,,8148000.0,08148000,30.75125114,-98.41824491,"LCRA Lk Buchanan nr Burnet, TX",2013,27.85927524,111.0067006,124.6918058,116.0423655,309.4282374,313.2051506,338.5560611,279.8613008,232.1855643,8.066666969,2.873750108,12.26263487,31828.0
colorado,8148000.0,I40000,,8148000.0,08148000,30.75125114,-98.41824491,"LCRA Lk Buchanan nr Burnet, TX",2014,3.708064655,30.32202495,96.60484233,157.636117,147.2979894,178.9287567,236.4867024,260.1988001,207.7670911,24.89932889,1.899027849,1.382392525,31828.0
colorado,8148000.0,I40000,,8148000.0,08148000,30.75125114,-98.41824491,"LCRA Lk Buchanan nr Burnet, TX",2015,0.585483893,0.0,0.325268829,2.873750108,1.707661354,0.605000023,31.97392593,76.89355127,71.4572249,42.25242094,0.0,0.520430127,31828.0
colorado,8148000.0,I40000,,8148000.0,08148000,30.75125114,-98.41824491,"LCRA Lk Buchanan nr Burnet, TX",2016,1.349865642,5.511063425,17.84099529,1852.325208,3046.045007,6860.330535,5.188037829,142.5815914,52.19805751,40.3170714,389.7040424,131.9615641,31828.0
colorado,8148000.0,I40000,,8148000.0,08148000,30.75125114,-98.41824491,"LCRA Lk Buchanan nr Burnet, TX",2017,170.2294419,525.3957042,236.5842831,803.9441968,360.5279705,427.8022383,49.68481369,183.5166735,39.17375147,46.54596949,11.62944488,9.676747675,31828.0
colorado,8148000.0,I40000,,8148000.0,08148000,30.75125114,-98.41824491,"LCRA Lk Buchanan nr Burnet, TX",2018,0.0,89.8316998,9.481586377,33.64472348,317.9665442,221.6652861,407.1064669,664.6705894,120.2101434,5895.172264,1102.629347,952.9400895,31828.0
colorado,8148000.0,I40000,,8148000.0,08148000,30.75125114,-98.41824491,"LCRA Lk Buchanan nr Burnet, TX",2019,1118.924773,698.9370798,166.9767536,916.2053121,3361.376873,1166.692127,208.9039057,90.35968081,65.30639134,42.64274353,0.201666674,13.54744674,31828.0
colorado,8148000.0,I40000,,8148000.0,08148000,30.75125114,-98.41824491,"LCRA Lk Buchanan nr Burnet, TX",2020,0.910752722,517.761801,19.90645236,254.0663984,287.9767581,86.06125323,147.8184195,459.4259581,191.4657016,250.5545793,152.8633391,114.5108914,31828.0
colorado,8148000.0,I40000,,8148000.0,08148000,30.75125114,-98.41824491,"LCRA Lk Buchanan nr Burnet, TX",2021,71.25908197,127.4304706,130.5502226,488.3738322,30.74245814,73.93436388,52.06529362,251.4230471,250.6036136,45.03298153,17.43357982,14.61319006,31828.0
colorado,8148000.0,I40000,,8148000.0,08148000,30.75125114,-98.41824491,"LCRA Lk Buchanan nr Burnet, TX",2022,0.967837402,0.678644371,0.225736568,5.500122428,857.431891,1159.08358,844.818779,290.8752286,90.23457699,125.4534227,164.6023562,85.09796959,31828.0
colorado,8148000.0,I40000,,8148000.0,08148000,30.75125114,-98.41824491,"LCRA Lk Buchanan nr Burnet, TX",2023,209.680485,181.3240886,125.0017869,51.33408387,2.354946325,202.5696368,658.9450449,550.5241618,323.9380191,57.77506265,4.100051543,9.00018851,31828.0
colorado,8148000.0,I40000,,8148000.0,08148000,30.75125114,-98.41824491,"LCRA Lk Buchanan nr Burnet, TX",2024,0.0,0.0,9.161359215,4.566741838,131.4212926,372.5388473,409.7156108,332.488659,379.0721753,377.3603072,338.7716113,350.0374002,31828.0
colorado,8148500.0,G50000,,8148500.0,08148500,30.51833345,-99.811414,"N Llano Rv nr Junction, TX",2010,16.91612903,70.70357143,41.43548387,137.18,62.37419355,20.18633333,31.65806452,11.42387097,9.577333333,8.930322581,12.03533333,15.22580645,914.0
colorado,8148500.0,G50000,,8148500.0,08148500,30.51833345,-99.811414,"N Llano Rv nr Junction, TX",2011,18.04516129,17.64642857,14.8,10.569,4.323548387,0.386666667,0.0,0.0,0.0,2.94516129,4.406666667,15.50225806,914.0
colorado,8148500.0,G50000,,8148500.0,08148500,30.51833345,-99.811414,"N Llano Rv nr Junction, TX",2012,16.83548387,25.43103448,50.93870968,33.92,18.58419355,3.701333333,0.0,0.0,0.0,0.0,0.0,0.192903226,914.0
colorado,8148500.0,G50000,,8148500.0,08148500,30.51833345,-99.811414,"N Llano Rv nr Junction, TX",2013,4.352580645,5.501071429,3.463870968,2.356666667,94.74548387,7.581666667,0.894516129,0.0,253.45,36.08064516,22.87,20.55483871,914.0
colorado,8148500.0,G50000,,8148500.0,08148500,30.51833345,-99.811414,"N Llano Rv nr Junction, TX",2014,22.93548387,15.71071429,10.84096774,9.86,6.305806452,4.680333333,0.682258065,12.37548387,3.165333333,1.482580645,3.888666667,6.116451613,914.0
colorado,8148500.0,G50000,,8148500.0,08148500,30.51833345,-99.811414,"N Llano Rv nr Junction, TX",2015,7.858709677,7.276071429,9.32516129,10.95433333,336.8477419,66.43,21.97096774,5.154193548,0.588,8.520322581,20.87333333,27.21290323,914.0
colorado,8148500.0,G50000,,8148500.0,08148500,30.51833345,-99.811414,"N Llano Rv nr Junction, TX",2016,24.25483871,19.23448276,104.4870968,51.91,158.6967742,115.93,29.96451613,30.26774194,45.40333333,44.91612903,31.34333333,36.83870968,914.0
colorado,8148500.0,G50000,,8148500.0,08148500,30.51833345,-99.811414,"N Llano Rv nr Junction, TX",2017,32.7516129,33.13214286,32.99677419,28.29666667,14.31612903,17.33666667,6.877741935,3.003548387,2.082,3.582903226,6.366333333,10.74645161,914.0
colorado,8148500.0,G50000,,8148500.0,08148500,30.51833345,-99.811414,"N Llano Rv nr Junction, TX",2018,11.27096774,15.475,12.51935484,10.45533333,7.576451613,4.293333333,0.151612903,0.0,366.367,459.8419355,119.9666667,77.34516129,914.0
colorado,8148500.0,G50000,,8148500.0,08148500,30.51833345,-99.811414,"N Llano Rv nr Junction, TX",2019,63.22258065,50.00357143,40.77419355,33.56,65.03225806,64.25666667,20.75806452,12.85483871,9.255666667,11.26451613,21.03,20.12903226,914.0
colorado,8148500.0,G50000,,8148500.0,08148500,30.51833345,-99.811414,"N Llano Rv nr Junction, TX",2020,22.32903226,24.11724138,62.31290323,46.07,32.67419355,13.81566667,5.720967742,1.470645161,7.179666667,7.796451613,7.890333333,8.688064516,914.0
colorado,8148500.0,G50000,,8148500.0,08148500,30.51833345,-99.811414,"N Llano Rv nr Junction, TX",2021,18.51290323,19.25714286,17.77419355,17.65333333,45.3483871,43.93333333,13.79258065,10.55580645,6.495666667,6.924516129,9.144666667,10.30612903,914.0
colorado,8148500.0,G50000,,8148500.0,08148500,30.51833345,-99.811414,"N Llano Rv nr Junction, TX",2022,10.55612903,10.57,8.80516129,7.512,6.731612903,0.868,0.027419355,0.0,0.0,0.0,0.539333333,4.098064516,914.0
colorado,8148500.0,G50000,,8148500.0,08148500,30.51833345,-99.811414,"N Llano Rv nr Junction, TX",2023,5.195483871,5.271428571,5.816774194,4.937666667,2.927741935,2.519,0.0,0.0,12.16233333,66.14,25.74333333,16.36451613,914.0
colorado,8148500.0,G50000,,8148500.0,08148500,30.51833345,-99.811414,"N Llano Rv nr Junction, TX",2024,13.26516129,10.07586207,13.09677419,10.78166667,258.7474194,50.98,145.9,22.44129032,38.66666667,9.869032258,7.932,9.47483871,914.0
colorado,8150000.0,G40000,,8150000.0,08150000,30.49603692,-99.7236735,"Llano Rv nr Junction, TX",2010,96.88064516,195.1785714,133.3870968,210.8666667,375.2580645,107.1566667,108.0096774,78.9483871,81.71,74.6,76.02333333,78.91935484,1854.0
colorado,8150000.0,G40000,,8150000.0,08150000,30.49603692,-99.7236735,"Llano Rv nr Junction, TX",2011,80.67419355,79.175,71.62580645,61.45333333,54.2,42.91,36.36774194,35.27741935,37.89666667,79.21612903,69.53333333,72.79032258,1854.0
colorado,8150000.0,G40000,,8150000.0,08150000,30.49603692,-99.7236735,"Llano Rv nr Junction, TX",2012,68.90967742,77.55172414,107.0032258,98.95,83.03548387,61.19,45.54193548,40.18064516,45.78333333,47.32903226,44.28333333,41.36451613,1854.0
colorado,8150000.0,G40000,,8150000.0,08150000,30.49603692,-99.7236735,"Llano Rv nr Junction, TX",2013,50.92258065,49.15714286,51.38387097,51.14,132.1516129,69.22,60.64516129,60.12580645,295.6933333,114.0354839,86.95666667,80.01290323,1854.0
colorado,8150000.0,G40000,,8150000.0,08150000,30.49603692,-99.7236735,"Llano Rv nr Junction, TX",2014,66.36774194,52.64642857,43.94516129,44.54333333,53.06774194,58.57,54.73225806,53.68064516,48.41,47.87096774,65.25,61.02903226,1854.0
colorado,8150000.0,G40000,,8150000.0,08150000,30.49603692,-99.7236735,"Llano Rv nr Junction, TX",2015,56.45483871,47.31785714,50.17419355,66.05333333,675.3870968,194.8666667,91.97096774,64.43548387,58.40333333,70.51612903,103.22,131.8709677,1854.0
colorado,8150000.0,G40000,,8150000.0,08150000,30.49603692,-99.7236735,"Llano Rv nr Junction, TX",2016,104.5290323,73.27931034,177.1387097,112.2666667,227.1290323,271.8666667,90.41935484,111.816129,336.93,162.8064516,136.9666667,123.1935484,1854.0
colorado,8150000.0,G40000,,8150000.0,08150000,30.49603692,-99.7236735,"Llano Rv nr Junction, TX",2017,103.4870968,103.0928571,98.8483871,90.50333333,68.96129032,155.7166667,65.69032258,54.96774194,53.30666667,71.18387097,59.40666667,56.39677419,1854.0
colorado,8150000.0,G40000,,8150000.0,08150000,30.49603692,-99.7236735,"Llano Rv nr Junction, TX",2018,44.9483871,59.48571429,76.21612903,62.05,62.05806452,44.29666667,30.76774194,38.33548387,513.6833333,4095.032258,331.2,197.6129032,1854.0
colorado,8150000.0,G40000,,8150000.0,08150000,30.49603692,-99.7236735,"Llano Rv nr Junction, TX",2019,148.3225806,148.8571429,139.6774194,117.9,190.0322581,179.1366667,140.5967742,80.49677419,72.7,71.86774194,95.33,97.56451613,1854.0
colorado,8150000.0,G40000,,8150000.0,08150000,30.49603692,-99.7236735,"Llano Rv nr Junction, TX",2020,101.4322581,100.0793103,316.1064516,244.3666667,135.8709677,94.21666667,70.84516129,62.12580645,90.39666667,85.40645161,83.21666667,88.60322581,1854.0
colorado,8150000.0,G40000,,8150000.0,08150000,30.49603692,-99.7236735,"Llano Rv nr Junction, TX",2021,99.41935484,99.23571429,90.70322581,85.16666667,124.2709677,134.3333333,84.15483871,72.53548387,60.65333333,64.85806452,66.02,66.61290323,1854.0
colorado,8150000.0,G40000,,8150000.0,08150000,30.49603692,-99.7236735,"Llano Rv nr Junction, TX",2022,66.23225806,65.65714286,56.3483871,50.55666667,43.7516129,34.95333333,31.88387097,39.39677419,68.68333333,52.18387097,57.49666667,61.23870968,1854.0
colorado,8150000.0,G40000,,8150000.0,08150000,30.49603692,-99.7236735,"Llano Rv nr Junction, TX",2023,59.06774194,55.69285714,52.77419355,56.67333333,67.64516129,53.31,31.21612903,26.6,59.98666667,419.4,126.88,88.98064516,1854.0
colorado,8150000.0,G40000,,8150000.0,08150000,30.49603692,-99.7236735,"Llano Rv nr Junction, TX",2024,76.56774194,66.84827586,59.31290323,55.07666667,258.5419355,116.7766667,867.8193548,108.883871,92.25,59.12258065,61.69333333,58.26451613,1854.0
colorado,8150700.0,G30000,,8150700.0,08150700,30.66125783,-99.10822648,"Llano Rv nr Mason, TX",2010,224.8387097,554.3571429,245.2580645,625.9,683.8064516,173.68,397.5806452,118.7419355,121.5666667,80.73548387,84.27,96.33870968,3247.0
colorado,8150700.0,G30000,,8150700.0,08150700,30.66125783,-99.10822648,"Llano Rv nr Mason, TX",2011,107.1419355,105.1321429,81.11935484,77.73,80.15806452,28.18333333,23.34516129,21.01612903,30.69333333,74.08064516,53.55666667,65.93870968,3247.0
colorado,8150700.0,G30000,,8150700.0,08150700,30.66125783,-99.10822648,"Llano Rv nr Mason, TX",2012,81.71935484,168.0344828,234.8064516,161.0333333,224.6354839,62.98,66.51935484,32.87741935,50.44333333,59.0,51.49333333,47.18064516,3247.0
colorado,8150700.0,G30000,,8150700.0,08150700,30.66125783,-99.10822648,"Llano Rv nr Mason, TX",2013,75.09677419,62.24285714,65.32580645,66.86666667,132.0225806,66.28,40.40967742,21.99709677,309.0233333,148.7903226,107.28,104.8193548,3247.0
colorado,8150700.0,G30000,,8150700.0,08150700,30.66125783,-99.10822648,"Llano Rv nr Mason, TX",2014,91.34516129,78.47857143,65.80322581,70.09,251.2548387,89.69666667,65.97419355,68.09032258,53.95,78.63548387,86.82666667,74.82580645,3247.0
colorado,8150700.0,G30000,,8150700.0,08150700,30.66125783,-99.10822648,"Llano Rv nr Mason, TX",2015,75.87096774,62.17142857,76.77741935,75.38333333,994.7903226,321.2666667,120.0354839,70.26451613,65.82333333,96.60967742,144.8666667,160.9032258,3247.0
colorado,8150700.0,G30000,,8150700.0,08150700,30.66125783,-99.10822648,"Llano Rv nr Mason, TX",2016,134.8064516,111.7931034,341.2741935,212.1666667,429.9032258,509.9333333,116.9967742,163.5,369.0333333,210.0322581,208.9666667,196.6451613,3247.0
colorado,8150700.0,G30000,,8150700.0,08150700,30.66125783,-99.10822648,"Llano Rv nr Mason, TX",2017,163.6774194,161.9642857,146.9032258,138.5966667,79.77096774,192.1566667,82.61612903,83.67741935,71.01666667,80.5483871,81.54666667,91.18387097,3247.0
colorado,8150700.0,G30000,,8150700.0,08150700,30.66125783,-99.10822648,"Llano Rv nr Mason, TX",2018,86.69677419,104.7535714,92.51612903,66.32333333,84.51612903,29.87666667,23.45806452,33.32580645,507.4533333,7962.387097,549.3666667,366.3225806,3247.0
colorado,8150700.0,G30000,,8150700.0,08150700,30.66125783,-99.10822648,"Llano Rv nr Mason, TX",2019,284.8387097,252.0714286,202.9354839,189.4666667,354.2258065,273.9333333,141.3612903,77.49354839,69.95,75.1,111.2533333,111.4193548,3247.0
colorado,8150700.0,G30000,,8150700.0,08150700,30.66125783,-99.10822648,"Llano Rv nr Mason, TX",2020,126.8064516,133.7586207,556.2903226,401.9,181.8387097,114.0033333,77.1,51.27741935,91.97666667,75.33225806,91.32,105.6419355,3247.0
colorado,8150700.0,G30000,,8150700.0,08150700,30.66125783,-99.10822648,"Llano Rv nr Mason, TX",2021,132.6612903,124.4321429,106.8483871,91.81,123.1387097,160.9266667,80.11612903,66.59032258,69.61,141.3677419,79.03666667,82.09032258,3247.0
colorado,8150700.0,G30000,,8150700.0,08150700,30.66125783,-99.10822648,"Llano Rv nr Mason, TX",2022,80.47096774,85.79642857,70.64516129,61.97333333,48.91612903,27.91,20.82774194,47.41354839,101.2466667,51.81612903,81.98333333,68.7,3247.0
colorado,8150700.0,G30000,,8150700.0,08150700,30.66125783,-99.10822648,"Llano Rv nr Mason, TX",2023,63.62903226,65.12857143,59.13548387,59.55,180.7290323,85.31,18.54935484,4.477419355,67.17666667,572.4967742,179.1333333,112.7322581,3247.0
colorado,8150700.0,G30000,,8150700.0,08150700,30.66125783,-99.10822648,"Llano Rv nr Mason, TX",2024,91.09354839,85.49310345,74.12258065,65.84333333,318.3032258,87.61333333,1576.945161,145.3129032,120.9966667,66.22903226,73.06,70.66451613,3247.0
colorado,8150800.0,G20000,,8150800.0,08150800,30.6433,-99.0956,"Beaver Ck nr Mason, TX",2010,64.21612903,98.4,50.43225806,85.30333333,30.87096774,14.03666667,42.88645161,3.512903226,7.596666667,3.233225806,3.469,4.302258065,215.0
colorado,8150800.0,G20000,,8150800.0,08150800,30.6433,-99.0956,"Beaver Ck nr Mason, TX",2011,4.981290323,5.530357143,3.322903226,2.282666667,3.238387097,0.139,0.002903226,0.0,0.0,1.179677419,3.007666667,6.001612903,215.0
colorado,8150800.0,G20000,,8150800.0,08150800,30.6433,-99.0956,"Beaver Ck nr Mason, TX",2012,5.395806452,12.79862069,21.33516129,7.044333333,62.77387097,5.801333333,3.947419355,0.007419355,5.890666667,2.599032258,1.693666667,2.04516129,215.0
colorado,8150800.0,G20000,,8150800.0,08150800,30.6433,-99.0956,"Beaver Ck nr Mason, TX",2013,9.999677419,3.676785714,3.456451613,3.362,12.49741935,2.347666667,0.930645161,0.031612903,69.562,16.96354839,6.517,6.911612903,215.0
colorado,8150800.0,G20000,,8150800.0,08150800,30.6433,-99.0956,"Beaver Ck nr Mason, TX",2014,5.392258065,4.105714286,3.190967742,3.261333333,72.95741935,6.968333333,0.452580645,0.02516129,2.250333333,4.289354839,6.677666667,2.869032258,215.0
colorado,8150800.0,G20000,,8150800.0,08150800,30.6433,-99.0956,"Beaver Ck nr Mason, TX",2015,4.397741935,3.373928571,5.221935484,4.623,89.7116129,24.91633333,2.93,2.261935484,0.279333333,4.090967742,21.66633333,13.85451613,215.0
colorado,8150800.0,G20000,,8150800.0,08150800,30.6433,-99.0956,"Beaver Ck nr Mason, TX",2016,8.610322581,6.042413793,38.20967742,16.439,40.08096774,23.75533333,3.276129032,20.01483871,6.063333333,3.691935484,40.23533333,18.70709677,215.0
colorado,8150800.0,G20000,,8150800.0,08150800,30.6433,-99.0956,"Beaver Ck nr Mason, TX",2017,10.42903226,59.30571429,15.54064516,17.07633333,3.98516129,10.489,1.800967742,31.2483871,2.861666667,3.256129032,3.304,5.063225806,215.0
colorado,8150800.0,G20000,,8150800.0,08150800,30.6433,-99.0956,"Beaver Ck nr Mason, TX",2018,4.196451613,7.013214286,5.818064516,3.019,4.023870968,0.089333333,0.0,0.040645161,10.28966667,814.3825806,26.12666667,25.86774194,215.0
colorado,8150800.0,G20000,,8150800.0,08150800,30.6433,-99.0956,"Beaver Ck nr Mason, TX",2019,20.58709677,13.85714286,12.35806452,11.46166667,55.14322581,13.08433333,4.341935484,0.780322581,0.736666667,2.586451613,3.469,2.891612903,215.0
colorado,8150800.0,G20000,,8150800.0,08150800,30.6433,-99.0956,"Beaver Ck nr Mason, TX",2020,4.229032258,4.142068966,38.13193548,43.487,9.459032258,5.050666667,0.533870968,0.0,2.007333333,0.825806452,1.863333333,2.899032258,215.0
colorado,8150800.0,G20000,,8150800.0,08150800,30.6433,-99.0956,"Beaver Ck nr Mason, TX",2021,5.523870968,6.1825,5.519032258,4.054333333,7.580967742,5.167666667,8.811290323,1.807419355,11.997,41.96870968,8.245333333,5.26516129,215.0
colorado,8150800.0,G20000,,8150800.0,08150800,30.6433,-99.0956,"Beaver Ck nr Mason, TX",2022,4.065483871,5.273571429,2.799032258,2.704,0.677419355,0.078666667,0.0,3.329677419,7.555,1.907419355,6.911333333,3.672258065,215.0
colorado,8150800.0,G20000,,8150800.0,08150800,30.6433,-99.0956,"Beaver Ck nr Mason, TX",2023,2.883225806,1.190357143,1.252258065,6.004,7.454193548,3.999666667,1.084516129,0.0,21.60633333,86.14354839,10.443,4.553548387,215.0
colorado,8150800.0,G20000,,8150800.0,08150800,30.6433,-99.0956,"Beaver Ck nr Mason, TX",2024,3.483548387,7.115517241,4.877419355,3.161333333,25.04903226,6.354,43.06903226,1.59516129,2.337666667,0.138709677,1.481,0.987419355,215.0
colorado,8151500.0,G10000,,8151500.0,08151500,30.7511,-98.6694,"Llano Rv at Llano, TX",2010,523.5483871,1082.571429,451.8064516,871.2333333,638.3548387,188.8666667,364.0,72.15483871,109.7933333,75.36129032,88.16,107.6096774,4197.0
colorado,8151500.0,G10000,,8151500.0,08151500,30.7511,-98.6694,"Llano Rv at Llano, TX",2011,122.7096774,114.0,82.02903226,57.69,65.38387097,9.228333333,6.159677419,3.689032258,10.52433333,128.2258065,74.50333333,128.3129032,4197.0
colorado,8151500.0,G10000,,8151500.0,08151500,30.7511,-98.6694,"Llano Rv at Llano, TX",2012,124.3354839,293.2068966,379.7096774,130.0366667,394.9419355,70.95666667,56.86129032,6.511935484,50.78766667,61.58709677,47.74666667,54.93225806,4197.0
colorado,8151500.0,G10000,,8151500.0,08151500,30.7511,-98.6694,"Llano Rv at Llano, TX",2013,91.90645161,65.50357143,70.21612903,78.51,124.8451613,52.99,29.6516129,8.231612903,375.5333333,188.0903226,119.7633333,121.0741935,4197.0
colorado,8151500.0,G10000,,8151500.0,08151500,30.7511,-98.6694,"Llano Rv at Llano, TX",2014,91.12580645,80.59285714,64.20645161,48.35333333,279.5193548,87.71333333,38.59032258,38.95612903,54.59,64.00645161,76.53333333,63.11290323,4197.0
colorado,8151500.0,G10000,,8151500.0,08151500,30.7511,-98.6694,"Llano Rv at Llano, TX",2015,82.9,75.25,98.29677419,99.34,1703.563548,392.1,108.7677419,51.41612903,46.19,104.4451613,203.2666667,214.8387097,4197.0
colorado,8151500.0,G10000,,8151500.0,08151500,30.7511,-98.6694,"Llano Rv at Llano, TX",2016,146.6129032,119.5068966,578.2322581,250.5666667,727.1290323,1000.033333,110.1967742,205.7548387,468.1166667,227.8064516,323.4666667,254.1612903,4197.0
colorado,8151500.0,G10000,,8151500.0,08151500,30.7511,-98.6694,"Llano Rv at Llano, TX",2017,197.5806452,311.5357143,171.7096774,359.46,83.97419355,176.3666667,66.20322581,120.116129,59.17666667,86.30645161,78.93333333,94.96774194,4197.0
colorado,8151500.0,G10000,,8151500.0,08151500,30.7511,-98.6694,"Llano Rv at Llano, TX",2018,89.99032258,107.2607143,102.7290323,63.24,95.14193548,19.275,8.010322581,20.96806452,630.0783333,10992.29032,642.2,515.6774194,4197.0
colorado,8151500.0,G10000,,8151500.0,08151500,30.7511,-98.6694,"Llano Rv at Llano, TX",2019,402.0967742,275.5,227.1290323,224.0666667,425.9354839,268.5666667,122.4806452,76.11290323,63.90333333,79.4,120.3666667,115.6129032,4197.0
colorado,8151500.0,G10000,,8151500.0,08151500,30.7511,-98.6694,"Llano Rv at Llano, TX",2020,129.2903226,132.6896552,630.6451613,460.9666667,185.516129,103.6,52.55419355,40.31290323,108.4833333,77.27096774,89.30333333,101.8903226,4197.0
colorado,8151500.0,G10000,,8151500.0,08151500,30.7511,-98.6694,"Llano Rv at Llano, TX",2021,134.7419355,124.7107143,112.1741935,83.34166667,160.9193548,230.0066667,81.75483871,48.17935484,63.35333333,257.2580645,94.37333333,90.87096774,4197.0
colorado,8151500.0,G10000,,8151500.0,08151500,30.7511,-98.6694,"Llano Rv at Llano, TX",2022,86.7483871,93.86071429,71.20645161,48.17,38.5,10.815,0.732580645,35.98774194,265.39,37.10645161,131.5033333,82.10645161,4197.0
colorado,8151500.0,G10000,,8151500.0,08151500,30.7511,-98.6694,"Llano Rv at Llano, TX",2023,69.5,72.44642857,54.62903226,49.08333333,184.5225806,104.8033333,9.015806452,0.640322581,39.01466667,865.5645161,202.3333333,117.7419355,4197.0
colorado,8151500.0,G10000,,8151500.0,08151500,30.7511,-98.6694,"Llano Rv at Llano, TX",2024,102.8129032,115.3413793,84.85483871,66.38666667,356.6903226,124.7766667,1413.435484,148.9387097,386.49,59.19032258,75.92,73.57419355,4197.0
colorado,8152000.0,I30000,,8152000.0,08152000,30.55799165,-98.47217764,"Sandy Ck nr Kingsland, TX",2010,202.6709677,513.6785714,190.9129032,98.51333333,60.24193548,8.591666667,56.27096774,0.740645161,112.8376667,9.840645161,7.188,9.739354839,346.0
colorado,8152000.0,I30000,,8152000.0,08152000,30.55799165,-98.47217764,"Sandy Ck nr Kingsland, TX",2011,14.59419355,9.62,6.736774194,4.034,5.253548387,0.106666667,0.0,0.0,0.0,0.091290323,0.019333333,3.96,346.0
colorado,8152000.0,I30000,,8152000.0,08152000,30.55799165,-98.47217764,"Sandy Ck nr Kingsland, TX",2012,7.008709677,65.38,216.0183871,15.19966667,114.3909677,7.249,6.583225806,0.0,0.817,0.822580645,0.250333333,0.128064516,346.0
colorado,8152000.0,I30000,,8152000.0,08152000,30.55799165,-98.47217764,"Sandy Ck nr Kingsland, TX",2013,12.17903226,5.244642857,9.680322581,9.776,3.644193548,0.469333333,4.581612903,0.0,0.056666667,0.690645161,14.61533333,9.486451613,346.0
colorado,8152000.0,I30000,,8152000.0,08152000,30.55799165,-98.47217764,"Sandy Ck nr Kingsland, TX",2014,2.143548387,2.173214286,1.568709677,1.725333333,42.25645161,12.07866667,7.491290323,0.001612903,2.439666667,0.341290323,38.03533333,0.662903226,346.0
colorado,8152000.0,I30000,,8152000.0,08152000,30.55799165,-98.47217764,"Sandy Ck nr Kingsland, TX",2015,21.58354839,8.723928571,16.12741935,36.341,575.0251613,87.38333333,6.436774194,0.010967742,0.0,54.64193548,130.8033333,110.8870968,346.0
colorado,8152000.0,I30000,,8152000.0,08152000,30.55799165,-98.47217764,"Sandy Ck nr Kingsland, TX",2016,50.88064516,23.74896552,175.1290323,67.65,194.2419355,377.5133333,4.179677419,43.13548387,29.04666667,9.99516129,423.793,133.6677419,346.0
colorado,8152000.0,I30000,,8152000.0,08152000,30.55799165,-98.47217764,"Sandy Ck nr Kingsland, TX",2017,51.81935484,145.1214286,87.18709677,57.10666667,10.66645161,10.79733333,2.007096774,90.11225806,1.362333333,2.575806452,1.560666667,4.702903226,346.0
colorado,8152000.0,I30000,,8152000.0,08152000,30.55799165,-98.47217764,"Sandy Ck nr Kingsland, TX",2018,4.706451613,15.10928571,5.117419355,1.999333333,24.40516129,5.676333333,0.270967742,0.418709677,78.89466667,988.3896774,67.98666667,128.3516129,346.0
colorado,8152000.0,I30000,,8152000.0,08152000,30.55799165,-98.47217764,"Sandy Ck nr Kingsland, TX",2019,149.1806452,61.30357143,39.49354839,42.5,84.2516129,40.38,6.895483871,0.479032258,0.013,0.135806452,0.339333333,1.631290323,346.0
colorado,8152000.0,I30000,,8152000.0,08152000,30.55799165,-98.47217764,"Sandy Ck nr Kingsland, TX",2020,6.900322581,7.734137931,67.65419355,85.46,77.94193548,10.73633333,0.317741935,0.0,53.31066667,0.970322581,0.749333333,2.309677419,346.0
colorado,8152000.0,I30000,,8152000.0,08152000,30.55799165,-98.47217764,"Sandy Ck nr Kingsland, TX",2021,10.07387097,19.75642857,8.349677419,11.95133333,191.0580645,91.12,19.15129032,1.620322581,1.371333333,12.27774194,8.299666667,5.191290323,346.0
colorado,8152000.0,I30000,,8152000.0,08152000,30.55799165,-98.47217764,"Sandy Ck nr Kingsland, TX",2022,3.249354839,4.549285714,2.302580645,0.559333333,0.666774194,0.351,0.007419355,0.0,9.311,0.078387097,7.507,4.304193548,346.0
colorado,8152000.0,I30000,,8152000.0,08152000,30.55799165,-98.47217764,"Sandy Ck nr Kingsland, TX",2023,2.308064516,5.796428571,5.502258065,10.336,60.59290323,19.16233333,0.111935484,0.0,0.014666667,7.679354839,11.13766667,3.588387097,346.0
colorado,8152000.0,I30000,,8152000.0,08152000,30.55799165,-98.47217764,"Sandy Ck nr Kingsland, TX",2024,10.76516129,11.49448276,4.998709677,4.98,36.81967742,28.20533333,36.47322581,3.830322581,176.8556667,0.184516129,0.257666667,0.368064516,346.0
colorado,8152900.0,H20000,,8152900.0,08152900,30.22006333,-98.87013504,"Pedernales Rv nr Fredericksburg, TX",2010,72.28709677,199.0928571,99.84516129,215.92,73.78709677,32.69333333,45.72903226,7.416774194,57.23566667,15.70967742,16.58,18.72258065,369.0
colorado,8152900.0,H20000,,8152900.0,08152900,30.22006333,-98.87013504,"Pedernales Rv nr Fredericksburg, TX",2011,21.2,18.98571429,18.60967742,13.177,6.000322581,1.255333333,0.437096774,0.022903226,0.288333333,0.92483871,2.389333333,4.272258065,369.0
colorado,8152900.0,H20000,,8152900.0,08152900,30.22006333,-98.87013504,"Pedernales Rv nr Fredericksburg, TX",2012,6.248709677,13.54275862,104.876129,11.59866667,44.55645161,2.613,3.276451613,9.803870968,3.388333333,2.479677419,2.133333333,3.198387097,369.0
colorado,8152900.0,H20000,,8152900.0,08152900,30.22006333,-98.87013504,"Pedernales Rv nr Fredericksburg, TX",2013,6.978064516,5.158214286,4.863870968,5.161666667,3.051935484,0.868666667,0.397419355,0.0,8.453666667,74.19612903,5.000666667,8.675806452,369.0
colorado,8152900.0,H20000,,8152900.0,08152900,30.22006333,-98.87013504,"Pedernales Rv nr Fredericksburg, TX",2014,5.285483871,6.441428571,3.412258065,2.19,51.24935484,0.399,0.663225806,0.0,7.168,25.66935484,6.781,3.873870968,369.0
colorado,8152900.0,H20000,,8152900.0,08152900,30.22006333,-98.87013504,"Pedernales Rv nr Fredericksburg, TX",2015,7.204193548,5.519285714,8.310967742,21.16033333,172.6387097,72.06333333,14.36096774,2.421290323,0.826666667,7.87,38.86333333,31.92258065,369.0
colorado,8152900.0,H20000,,8152900.0,08152900,30.22006333,-98.87013504,"Pedernales Rv nr Fredericksburg, TX",2016,25.20967742,21.83448276,45.55483871,56.90666667,234.616129,121.7366667,20.86774194,41.4916129,30.02,19.46774194,31.67666667,50.27419355,369.0
colorado,8152900.0,H20000,,8152900.0,08152900,30.22006333,-98.87013504,"Pedernales Rv nr Fredericksburg, TX",2017,41.08387097,100.7285714,60.66129032,44.26666667,22.33548387,28.67333333,9.109677419,21.03387097,5.521,7.105806452,8.16,11.43258065,369.0
colorado,8152900.0,H20000,,8152900.0,08152900,30.22006333,-98.87013504,"Pedernales Rv nr Fredericksburg, TX",2018,10.90354839,14.50214286,14.01612903,9.467666667,11.99225806,0.831333333,0.236129032,0.0,29.27566667,614.6645161,72.26666667,85.79354839,369.0
colorado,8152900.0,H20000,,8152900.0,08152900,30.22006333,-98.87013504,"Pedernales Rv nr Fredericksburg, TX",2019,74.96451613,67.01071429,60.52903226,52.95,332.0612903,112.6966667,32.42903226,18.61548387,10.08866667,9.922903226,15.37,15.08387097,369.0
colorado,8152900.0,H20000,,8152900.0,08152900,30.22006333,-98.87013504,"Pedernales Rv nr Fredericksburg, TX",2020,19.39677419,17.46896552,57.09354839,53.32666667,121.1483871,56.48666667,10.86709677,3.381290323,8.788,2.945806452,6.221666667,9.185806452,369.0
colorado,8152900.0,H20000,,8152900.0,08152900,30.22006333,-98.87013504,"Pedernales Rv nr Fredericksburg, TX",2021,12.09870968,14.83821429,11.61645161,10.727,88.77096774,29.59966667,29.67193548,5.443225806,1.101666667,9.093548387,8.368,8.5,369.0
colorado,8152900.0,H20000,,8152900.0,08152900,30.22006333,-98.87013504,"Pedernales Rv nr Fredericksburg, TX",2022,7.620967742,10.11392857,7.328709677,6.089333333,2.681290323,0.116,0.0,0.415806452,2.74,0.0,1.951666667,2.138709677,369.0
colorado,8152900.0,H20000,,8152900.0,08152900,30.22006333,-98.87013504,"Pedernales Rv nr Fredericksburg, TX",2023,2.243548387,3.231785714,3.178387097,11.736,11.45451613,31.20633333,0.193548387,0.0,0.999,13.51548387,2.749666667,2.422903226,369.0
colorado,8152900.0,H20000,,8152900.0,08152900,30.22006333,-98.87013504,"Pedernales Rv nr Fredericksburg, TX",2024,3.58483871,4.638965517,4.391290323,2.755,16.81806452,13.18766667,35.98,2.15483871,3.566666667,0.0,0.331333333,0.792580645,369.0
colorado,8153500.0,H10000,,8153500.0,08153500,30.2908,-98.4003,,2010,244.283871,609.4285714,319.6774194,362.7333333,212.7419355,114.3533333,152.0419355,26.46451613,453.0766667,40.55483871,34.7,37.68387097,901.0
colorado,8153500.0,H10000,,8153500.0,08153500,30.2908,-98.4003,,2011,48.97419355,36.91071429,31.11612903,20.09833333,7.074193548,0.523333333,0.0,0.0,0.0,0.0,0.85,25.64354839,901.0
colorado,8153500.0,H10000,,8153500.0,08153500,30.2908,-98.4003,,2012,30.70322581,74.83103448,279.3451613,30.76666667,253.7387097,25.07166667,14.57677419,2.141612903,56.325,20.83064516,7.035333333,7.278387097,901.0
colorado,8153500.0,H10000,,8153500.0,08153500,30.2908,-98.4003,,2013,34.5583871,17.6275,15.79548387,13.69,26.68225806,4.850333333,0.31483871,0.003548387,1.369333333,111.323871,34.13333333,23.2483871,901.0
colorado,8153500.0,H10000,,8153500.0,08153500,30.2908,-98.4003,,2014,15.31129032,12.55642857,9.122258065,4.198333333,115.3325806,32.12766667,1.032258065,0.220322581,50.55866667,28.79741935,83.66566667,25.38387097,901.0
colorado,8153500.0,H10000,,8153500.0,08153500,30.2908,-98.4003,,2015,41.12258065,35.075,43.10322581,69.64333333,1153.170968,236.8333333,45.49032258,9.256129032,2.392666667,93.57387097,157.48,128.4290323,901.0
colorado,8153500.0,H10000,,8153500.0,08153500,30.2908,-98.4003,,2016,93.41612903,68.40689655,153.7032258,214.4266667,597.1935484,629.4666667,54.36129032,91.07741935,68.02333333,44.92258065,109.7466667,147.3322581,901.0
colorado,8153500.0,H10000,,8153500.0,08153500,30.2908,-98.4003,,2017,116.3419355,250.8035714,144.8387097,112.7,54.78709677,53.3,22.32129032,69.57193548,21.431,22.35548387,14.587,22.97419355,901.0
colorado,8153500.0,H10000,,8153500.0,08153500,30.2908,-98.4003,,2018,19.30645161,33.24285714,29.66774194,22.523,58.41290323,1.473333333,0.031612903,0.383870968,84.22333333,900.7,122.17,229.5387097,901.0
colorado,8153500.0,H10000,,8153500.0,08153500,30.2908,-98.4003,,2019,243.1612903,151.6428571,110.3645161,175.2166667,1092.109677,182.0,65.95483871,24.65806452,14.26033333,10.7283871,21.17,20.90322581,901.0
colorado,8153500.0,H10000,,8153500.0,08153500,30.2908,-98.4003,,2020,30.26774194,42.36896552,87.11935484,105.33,222.6935484,91.72333333,13.29225806,0.716129032,76.087,3.950967742,6.753333333,14.85903226,901.0
colorado,8153500.0,H10000,,8153500.0,08153500,30.2908,-98.4003,,2021,22.22580645,20.89642857,19.14419355,14.62833333,346.5870968,321.3033333,134.2677419,41.13548387,21.922,25.5,25.31333333,21.7516129,901.0
colorado,8153500.0,H10000,,8153500.0,08153500,30.2908,-98.4003,,2022,17.17741935,18.92142857,11.87064516,4.160333333,3.917419355,0.101333333,0.0,0.403225806,13.548,0.001935484,1.214,0.84516129,901.0
colorado,8153500.0,H10000,,8153500.0,08153500,30.2908,-98.4003,,2023,1.303870968,8.784642857,2.259677419,12.59566667,42.01516129,48.46033333,0.369677419,0.0,0.0,13.99677419,10.07466667,3.92,901.0
colorado,8153500.0,H10000,,8153500.0,08153500,30.2908,-98.4003,,2024,9.356774194,15.44206897,10.65451613,5.150333333,18.18903226,40.00466667,50.19451613,9.23483871,50.122,0.74,0.465,0.651935484,901.0
colorado,8154510.0,I20000,,8154510.0,08154510,30.39183844,-97.90721131,"Colorado Rv bl Mansfield Dam, Austin, TX",2010,118.7068593,73.78839562,1044.958641,2560.023985,1610.568609,1732.266315,1195.65569,1355.297631,737.2765554,453.3109041,417.8869601,455.3113074,38755.0
colorado,8154510.0,I20000,,8154510.0,08154510,30.39183844,-97.90721131,"Colorado Rv bl Mansfield Dam, Austin, TX",2011,498.4256907,544.8961514,610.7898079,1401.902691,1882.02171,2028.783548,1491.91054,1710.962833,1169.801155,512.1357719,278.619316,417.7102307,38755.0
colorado,8154510.0,I20000,,8154510.0,08154510,30.39183844,-97.90721131,"Colorado Rv bl Mansfield Dam, Austin, TX",2012,217.8325351,84.71738823,80.63414281,930.4396182,197.2267547,443.4650166,316.8443667,486.5208516,373.1001529,249.3673481,290.1143164,240.1622402,38755.0
colorado,8154510.0,I20000,,8154510.0,08154510,30.39183844,-97.90721131,"Colorado Rv bl Mansfield Dam, Austin, TX",2013,186.5091468,226.0647406,277.0477254,656.1729413,726.2765057,654.1562745,774.8879323,528.7732725,649.7868299,150.5506777,44.568335,38.10524336,38755.0
colorado,8154510.0,I20000,,8154510.0,08154510,30.39183844,-97.90721131,"Colorado Rv bl Mansfield Dam, Austin, TX",2014,161.0893878,179.6814055,189.8594157,348.8430131,381.2850009,337.1026515,386.0453102,519.6657453,301.4748724,205.9439593,133.0327828,100.6544393,38755.0
colorado,8154510.0,I20000,,8154510.0,08154510,30.39183844,-97.90721131,"Colorado Rv bl Mansfield Dam, Austin, TX",2015,39.52016277,60.0678594,26.20040421,77.00305844,25.19207084,2.167916748,178.0358938,307.8994739,227.463203,185.9724532,19.04069516,24.23252779,38755.0
colorado,8154510.0,I20000,,8154510.0,08154510,30.39183844,-97.90721131,"Colorado Rv bl Mansfield Dam, Austin, TX",2016,59.83320117,109.9952627,321.5607647,2529.236206,4471.616969,12031.4674,548.193448,633.4594189,575.9869105,909.5232062,1483.912125,790.6260646,38755.0
colorado,8154510.0,I20000,,8154510.0,08154510,30.39183844,-97.90721131,"Colorado Rv bl Mansfield Dam, Austin, TX",2017,1311.760399,2777.274211,2040.541474,2937.510388,1194.731927,1468.173722,1031.16399,759.0587247,255.0142318,245.6983157,191.2808405,154.4213768,38755.0
colorado,8154510.0,I20000,,8154510.0,08154510,30.39183844,-97.90721131,"Colorado Rv bl Mansfield Dam, Austin, TX",2018,148.4852206,195.2745609,237.4787723,187.8693126,1202.974239,993.5108706,1030.988345,957.2824284,361.2186247,13551.10602,4948.765741,2318.304791,38755.0
colorado,8154510.0,I20000,,8154510.0,08154510,30.39183844,-97.90721131,"Colorado Rv bl Mansfield Dam, Austin, TX",2019,6628.702265,1885.439356,1432.008707,2747.175532,10282.12989,3335.934497,1091.749864,566.5477175,568.5551574,282.3658708,429.7083244,494.8831879,38755.0
colorado,8154510.0,I20000,,8154510.0,08154510,30.39183844,-97.90721131,"Colorado Rv bl Mansfield Dam, Austin, TX",2020,562.7118222,586.7943898,328.6662623,1202.998851,1403.941585,1063.272415,779.1977443,880.6279497,603.5816337,397.5272999,251.7253844,259.8751576,38755.0
colorado,8154510.0,I20000,,8154510.0,08154510,30.39183844,-97.90721131,"Colorado Rv bl Mansfield Dam, Austin, TX",2021,213.9029623,387.0354401,352.3105414,901.4552435,273.8020304,310.9086714,248.465215,439.4765702,729.7021232,196.687459,123.9350949,109.2394221,38755.0
colorado,8154510.0,I20000,,8154510.0,08154510,30.39183844,-97.90721131,"Colorado Rv bl Mansfield Dam, Austin, TX",2022,161.8971929,74.78682572,195.4468837,713.8452407,1287.760763,1626.453323,1211.519213,478.5374534,486.6907558,428.2639032,162.7100505,160.3292345,38755.0
colorado,8154510.0,I20000,,8154510.0,08154510,30.39183844,-97.90721131,"Colorado Rv bl Mansfield Dam, Austin, TX",2023,257.7415567,145.5862331,231.098299,252.6293553,254.6981789,527.8037003,682.1062998,711.1232068,571.4944492,238.7121917,803.2202135,169.1544284,38755.0
colorado,8154510.0,I20000,,8154510.0,08154510,30.39183844,-97.90721131,"Colorado Rv bl Mansfield Dam, Austin, TX",2024,90.9947682,99.38081551,145.9699168,127.3019201,229.4856161,572.6424368,434.2083536,465.2980363,878.9186566,484.1203676,287.0298247,323.2508616,38755.0
colorado,8158000.0,I10000,,8158000.0,08158000,30.24457341,-97.69416759,,2010,345.7096774,515.1428571,966.1290323,1850.8,1649.0,2109.2,1301.16129,1254.870968,1563.533333,383.4193548,291.4666667,287.9032258,39009.0
colorado,8158000.0,I10000,,8158000.0,08158000,30.24457341,-97.69416759,,2011,306.516129,284.8571429,333.1612903,1326.1,1968.709677,1971.333333,1312.483871,1621.645161,985.8,226.1,141.6,199.3225806,39009.0
colorado,8158000.0,I10000,,8158000.0,08158000,30.24457341,-97.69416759,,2012,208.5774194,192.0586207,357.6451613,465.1333333,355.7741935,323.2,406.483871,329.9354839,307.7,169.7741935,150.7,96.1483871,39009.0
colorado,8158000.0,I10000,,8158000.0,08158000,30.24457341,-97.69416759,,2013,117.0419355,110.0678571,124.7290323,397.4133333,501.483871,550.9333333,511.4193548,324.1290323,430.3833333,850.6774194,284.2333333,178.0322581,39009.0
colorado,8158000.0,I10000,,8158000.0,08158000,30.24457341,-97.69416759,,2014,135.3548387,129.3535714,113.5709677,209.1966667,409.2258065,282.0333333,263.0645161,355.2580645,405.7333333,118.1612903,189.5033333,128.1548387,39009.0
colorado,8158000.0,I10000,,8158000.0,08158000,30.24457341,-97.69416759,,2015,253.3870968,181.7857143,190.3548387,170.9333333,1028.258065,536.8333333,262.6451613,200.7741935,153.9333333,816.6451613,264.6,227.8387097,39009.0
colorado,8158000.0,I10000,,8158000.0,08158000,30.24457341,-97.69416759,,2016,205.6129032,201.1724138,408.483871,2645.866667,5149.064516,12451.06667,550.7741935,1166.419355,544.0666667,582.9354839,1467.733333,799.6451613,39009.0
colorado,8158000.0,I10000,,8158000.0,08158000,30.24457341,-97.69416759,,2017,1258.532258,1391.357143,1300.451613,1680.466667,917.483871,1204.266667,743.1935484,715.1935484,242.8333333,197.3774194,142.5033333,176.1516129,39009.0
colorado,8158000.0,I10000,,8158000.0,08158000,30.24457341,-97.69416759,,2018,138.3354839,176.1428571,253.6129032,170.2333333,856.3870968,754.0,684.516129,640.516129,388.9666667,13350.19355,5509.133333,2886.129032,39009.0
colorado,8158000.0,I10000,,8158000.0,08158000,30.24457341,-97.69416759,,2019,4124.645161,1272.428571,1027.935484,2020.633333,7418.387097,2062.233333,764.6129032,493.6774194,469.2666667,277.5806452,285.2,305.6129032,39009.0
colorado,8158000.0,I10000,,8158000.0,08158000,30.24457341,-97.69416759,,2020,353.6129032,387.7931034,287.483871,811.0333333,965.7096774,844.1666667,560.4193548,725.5483871,629.6666667,238.5483871,140.1133333,186.5806452,39009.0
colorado,8158000.0,I10000,,8158000.0,08158000,30.24457341,-97.69416759,,2021,176.2258065,241.1785714,208.3548387,675.5333333,534.483871,650.4333333,313.4516129,641.6774194,753.6666667,404.0967742,214.9533333,167.1483871,39009.0
colorado,8158000.0,I10000,,8158000.0,08158000,30.24457341,-97.69416759,,2022,177.9677419,325.1071429,204.7419355,678.1,1267.419355,1526.666667,1120.129032,415.3548387,254.6333333,228.7870968,163.4633333,138.4870968,39009.0
colorado,8158000.0,I10000,,8158000.0,08158000,30.24457341,-97.69416759,,2023,155.0741935,140.8214286,144.2483871,221.28,134.3258065,180.6666667,195.1935484,241.8064516,230.1,169.9290323,87.02666667,94.70645161,39009.0
colorado,8158000.0,I10000,,8158000.0,08158000,30.24457341,-97.69416759,,2024,198.5419355,106.1241379,87.93548387,102.8433333,187.716129,203.4366667,166.8709677,167.7096774,305.2,147.5322581,125.17,120.583871,39009.0
colorado,8158700.0,J50000,,8158700.0,08158700,30.0833,-98.0056,"Onion Ck nr Driftwood, TX",2010,119.6548387,243.8571429,123.4870968,77.65,49.73225806,20.45733333,31.27419355,3.696774194,178.1703333,22.37419355,10.52766667,6.86,124.0
colorado,8158700.0,J50000,,8158700.0,08158700,30.0833,-98.0056,"Onion Ck nr Driftwood, TX",2011,7.273870968,6.592857143,5.701935484,3.325333333,1.11516129,0.064333333,0.0,0.0,0.0,0.0,0.0,0.0,124.0
colorado,8158700.0,J50000,,8158700.0,08158700,30.0833,-98.0056,"Onion Ck nr Driftwood, TX",2012,1.721935484,37.53896552,111.183871,43.28333333,118.7677419,24.85266667,9.412903226,2.115806452,0.75,0.491935484,0.120333333,0.129677419,124.0
colorado,8158700.0,J50000,,8158700.0,08158700,30.0833,-98.0056,"Onion Ck nr Driftwood, TX",2013,0.274193548,0.361428571,0.143870968,0.318,0.15,0.011,0.0,0.0,0.0,173.5606452,70.57,35.77096774,124.0
colorado,8158700.0,J50000,,8158700.0,08158700,30.0833,-98.0056,"Onion Ck nr Driftwood, TX",2014,13.49741935,8.205,7.687419355,5.337333333,31.12774194,19.63,4.098064516,3.470645161,0.493666667,0.179677419,15.63866667,5.773870968,124.0
colorado,8158700.0,J50000,,8158700.0,08158700,30.0833,-98.0056,"Onion Ck nr Driftwood, TX",2015,56.63580645,42.81785714,69.88709677,49.21,531.1677419,230.8333333,67.33548387,8.125806452,2.973666667,188.0396774,160.34,136.9032258,124.0
colorado,8158700.0,J50000,,8158700.0,08158700,30.0833,-98.0056,"Onion Ck nr Driftwood, TX",2016,101.3774194,41.14482759,78.47419355,155.0033333,292.2258065,249.9966667,25.36129032,77.41580645,44.48,20.0516129,50.21333333,84.03225806,124.0
colorado,8158700.0,J50000,,8158700.0,08158700,30.0833,-98.0056,"Onion Ck nr Driftwood, TX",2017,118.7774194,130.3071429,121.9290323,75.55333333,25.54193548,18.76133333,3.639354839,11.86064516,7.436333333,5.540967742,15.393,14.27967742,124.0
colorado,8158700.0,J50000,,8158700.0,08158700,30.0833,-98.0056,"Onion Ck nr Driftwood, TX",2018,6.536774194,5.243214286,12.85806452,15.30866667,12.77935484,2.56,0.772580645,0.0,52.67333333,160.7677419,91.86,157.8258065,124.0
colorado,8158700.0,J50000,,8158700.0,08158700,30.0833,-98.0056,"Onion Ck nr Driftwood, TX",2019,250.3225806,89.3,41.55483871,35.69,520.0516129,77.4,24.41258065,1.991935484,1.274333333,0.775483871,1.500333333,1.329354839,124.0
colorado,8158700.0,J50000,,8158700.0,08158700,30.0833,-98.0056,"Onion Ck nr Driftwood, TX",2020,0.409354839,0.997931034,1.380645161,16.88866667,56.70741935,21.51333333,2.777741935,1.020322581,3.667666667,1.763225806,1.394,0.882580645,124.0
colorado,8158700.0,J50000,,8158700.0,08158700,30.0833,-98.0056,"Onion Ck nr Driftwood, TX",2021,1.029032258,1.481071429,1.601290323,1.067,23.68903226,70.82333333,16.04096774,13.5183871,4.89,48.5683871,41.83333333,14.04516129,124.0
colorado,8158700.0,J50000,,8158700.0,08158700,30.0833,-98.0056,"Onion Ck nr Driftwood, TX",2022,9.131290323,19.66464286,8.524193548,5.633,3.040322581,1.183666667,0.254516129,0.0,0.0,0.0,0.0,0.0,124.0
colorado,8158700.0,J50000,,8158700.0,08158700,30.0833,-98.0056,"Onion Ck nr Driftwood, TX",2023,0.0,0.428214286,0.792258065,1.482666667,1.71516129,4.643333333,0.448709677,0.0,0.0,0.0,0.0,0.0,124.0
colorado,8158700.0,J50000,,8158700.0,08158700,30.0833,-98.0056,"Onion Ck nr Driftwood, TX",2024,13.41612903,18.93448276,6.461612903,4.514666667,4.778709677,28.527,4.115806452,1.653548387,0.485,0.010322581,0.0,0.0,124.0
colorado,8159000.0,J40000,,8159000.0,08159000,30.1778,-97.6886,"Onion Ck at US Hwy 183, Austin, TX",2010,123.7483871,255.7785714,50.42903226,21.015,12.08741935,44.27466667,20.31548387,1.327741935,316.2416667,3.581935484,1.798666667,3.249354839,321.0
colorado,8159000.0,J40000,,8159000.0,08159000,30.1778,-97.6886,"Onion Ck at US Hwy 183, Austin, TX",2011,22.4216129,5.713928571,2.617741935,0.246,3.738709677,1.361,0.0,0.0,0.0,2.308709677,1.440333333,11.90580645,321.0
colorado,8159000.0,J40000,,8159000.0,08159000,30.1778,-97.6886,"Onion Ck at US Hwy 183, Austin, TX",2012,140.3106452,85.8862069,185.9516129,12.351,172.5351613,4.379,79.46903226,4.069032258,13.66833333,1.931935484,0.018333333,0.255806452,321.0
colorado,8159000.0,J40000,,8159000.0,08159000,30.1778,-97.6886,"Onion Ck at US Hwy 183, Austin, TX",2013,8.227096774,1.480714286,1.956129032,29.75966667,25.19516129,0.274333333,0.138709677,0.0,32.992,1593.439355,132.5233333,17.6183871,321.0
colorado,8159000.0,J40000,,8159000.0,08159000,30.1778,-97.6886,"Onion Ck at US Hwy 183, Austin, TX",2014,6.937419355,5.076785714,8.577741935,6.714333333,123.1054839,13.729,3.818709677,0.808709677,128.7793333,2.135806452,141.0343333,13.79419355,321.0
colorado,8159000.0,J40000,,8159000.0,08159000,30.1778,-97.6886,"Onion Ck at US Hwy 183, Austin, TX",2015,109.5483871,23.375,50.47096774,22.21,924.0516129,264.9633333,33.01774194,3.96516129,8.133666667,1495.186774,174.9733333,99.55806452,321.0
colorado,8159000.0,J40000,,8159000.0,08159000,30.1778,-97.6886,"Onion Ck at US Hwy 183, Austin, TX",2016,49.53225806,16.77586207,68.22903226,154.41,729.9548387,412.96,56.81935484,396.1322581,28.03666667,10.21806452,14.32466667,30.7,321.0
colorado,8159000.0,J40000,,8159000.0,08159000,30.1778,-97.6886,"Onion Ck at US Hwy 183, Austin, TX",2017,121.1419355,75.28214286,75.17096774,40.51666667,12.78387097,22.91633333,3.073225806,255.0341935,35.69,18.36129032,11.536,43.02580645,321.0
colorado,8159000.0,J40000,,8159000.0,08159000,30.1778,-97.6886,"Onion Ck at US Hwy 183, Austin, TX",2018,14.60645161,15.01071429,126.7716129,22.87,41.51419355,1.758,1.434516129,0.0,79.00666667,118.4064516,36.63,297.7870968,321.0
colorado,8159000.0,J40000,,8159000.0,08159000,30.1778,-97.6886,"Onion Ck at US Hwy 183, Austin, TX",2019,304.6483871,23.13571429,13.71645161,35.88633333,941.6290323,33.906,4.077741935,1.400967742,0.023,40.02322581,2.467,2.902903226,321.0
colorado,8159000.0,J40000,,8159000.0,08159000,30.1778,-97.6886,"Onion Ck at US Hwy 183, Austin, TX",2020,9.343548387,12.35655172,16.36806452,67.88866667,196.5893548,37.37,12.60612903,7.681612903,84.91466667,3.721290323,3.534333333,18.88290323,321.0
colorado,8159000.0,J40000,,8159000.0,08159000,30.1778,-97.6886,"Onion Ck at US Hwy 183, Austin, TX",2021,16.67967742,13.045,7.199677419,8.205333333,197.2935484,200.65,39.80806452,10.38967742,3.994333333,173.0106452,39.26666667,16.70935484,321.0
colorado,8159000.0,J40000,,8159000.0,08159000,30.1778,-97.6886,"Onion Ck at US Hwy 183, Austin, TX",2022,20.81451613,151.5357143,36.81935484,23.52066667,11.35516129,0.777666667,0.210967742,9.124516129,6.666,1.087096774,16.683,23.59612903,321.0
colorado,8159000.0,J40000,,8159000.0,08159000,30.1778,-97.6886,"Onion Ck at US Hwy 183, Austin, TX",2023,9.59,17.10607143,6.865483871,14.656,21.82483871,14.86866667,0.878387097,0.0,0.0,21.57129032,11.65166667,15.24129032,321.0
colorado,8159000.0,J40000,,8159000.0,08159000,30.1778,-97.6886,"Onion Ck at US Hwy 183, Austin, TX",2024,124.6022581,38.78275862,18.3483871,18.07833333,27.0383871,27.11466667,34.41967742,2.289677419,0.773666667,0.0,2.684,1.636129032,321.0
colorado,8159200.0,J30000,,8159200.0,08159200,30.1055,-97.3189,"Colorado Rv at Bastrop, TX",2010,970.2903226,1358.535714,1232.645161,2026.0,1700.322581,2134.666667,1655.483871,1289.774194,2155.666667,557.3548387,422.4333333,447.516129,39979.0
colorado,8159200.0,J30000,,8159200.0,08159200,30.1055,-97.3189,"Colorado Rv at Bastrop, TX",2011,563.8387097,532.9285714,520.4516129,1254.1,1852.903226,1920.333333,1321.612903,1447.419355,1026.533333,408.5483871,258.0333333,476.3548387,39979.0
colorado,8159200.0,J30000,,8159200.0,08159200,30.1055,-97.3189,"Colorado Rv at Bastrop, TX",2012,1357.870968,969.8965517,1495.870968,627.2,774.1935484,360.9666667,800.8387097,484.7741935,449.7333333,326.0,218.5666667,219.0,39979.0
colorado,8159200.0,J30000,,8159200.0,08159200,30.1055,-97.3189,"Colorado Rv at Bastrop, TX",2013,352.7741935,236.0,265.0322581,556.7666667,716.3870968,449.0333333,683.0967742,340.2903226,658.7,1738.290323,2456.866667,457.9677419,39979.0
colorado,8159200.0,J30000,,8159200.0,08159200,30.1055,-97.3189,"Colorado Rv at Bastrop, TX",2014,396.516129,331.1785714,319.3225806,326.7,906.3870968,485.6,542.2258065,357.9354839,881.6333333,259.3870968,817.5,363.5483871,39979.0
colorado,8159200.0,J30000,,8159200.0,08159200,30.1055,-97.3189,"Colorado Rv at Bastrop, TX",2015,1199.967742,471.9285714,1180.709677,451.1,5929.516129,1805.866667,500.2258065,333.7096774,316.3,3180.645161,2520.0,994.2258065,39979.0
colorado,8159200.0,J30000,,8159200.0,08159200,30.1055,-97.3189,"Colorado Rv at Bastrop, TX",2016,575.9032258,454.0344828,1265.419355,4265.8,7466.709677,13700.33333,1097.387097,2747.806452,1016.4,858.0967742,1815.5,1291.741935,39979.0
colorado,8159200.0,J30000,,8159200.0,08159200,30.1055,-97.3189,"Colorado Rv at Bastrop, TX",2017,2075.870968,1900.142857,1869.677419,2111.8,1107.709677,1382.366667,1011.516129,2821.419355,686.1666667,567.7741935,390.8333333,639.9032258,39979.0
colorado,8159200.0,J30000,,8159200.0,08159200,30.1055,-97.3189,"Colorado Rv at Bastrop, TX",2018,362.0645161,408.0714286,1127.354839,494.9666667,1293.870968,1201.166667,1090.83871,959.0,942.4,12408.35484,6484.0,4556.774194,39979.0
colorado,8159200.0,J30000,,8159200.0,08159200,30.1055,-97.3189,"Colorado Rv at Bastrop, TX",2019,5323.225806,1683.642857,1252.387097,2760.466667,10079.35484,2660.0,1112.580645,670.6451613,658.9333333,554.0967742,461.7666667,487.5483871,39979.0
colorado,8159200.0,J30000,,8159200.0,08159200,30.1055,-97.3189,"Colorado Rv at Bastrop, TX",2020,590.2903226,705.3448276,607.9354839,1275.866667,1816.870968,1253.733333,785.6129032,895.0645161,1070.533333,456.516129,291.8666667,363.8709677,39979.0
colorado,8159200.0,J30000,,8159200.0,08159200,30.1055,-97.3189,"Colorado Rv at Bastrop, TX",2021,619.6129032,544.5357143,441.4516129,898.2,1718.516129,2188.866667,676.1290323,827.9677419,865.9666667,963.7096774,625.4666667,437.9354839,39979.0
colorado,8159200.0,J30000,,8159200.0,08159200,30.1055,-97.3189,"Colorado Rv at Bastrop, TX",2022,310.8064516,1682.428571,514.9354839,807.0666667,1314.129032,1516.666667,1122.935484,564.6129032,380.1666667,403.7419355,481.9666667,502.8064516,39979.0
colorado,8159200.0,J30000,,8159200.0,08159200,30.1055,-97.3189,"Colorado Rv at Bastrop, TX",2023,370.3225806,518.1785714,359.4516129,848.0666667,816.1612903,536.9333333,503.1612903,537.0322581,545.9,552.0967742,381.1,408.6451613,39979.0
colorado,8159200.0,J30000,,8159200.0,08159200,30.1055,-97.3189,"Colorado Rv at Bastrop, TX",2024,1216.258065,656.1034483,403.3225806,481.1666667,738.9677419,686.7333333,682.8387097,338.0645161,548.6333333,346.7096774,351.2,329.9354839,39979.0
colorado,8159500.0,J20000,,8159500.0,08159500,30.01250893,-97.16191712,"Colorado Rv at Smithville, TX",2010,1261.16129,2069.178571,1380.580645,2122.0,1797.419355,2073.666667,1632.580645,1273.741935,2217.866667,599.4516129,422.1,462.6129032,40371.0
colorado,8159500.0,J20000,,8159500.0,08159500,30.01250893,-97.16191712,"Colorado Rv at Smithville, TX",2011,609.4193548,577.6071429,564.9677419,1236.0,1700.0,1824.666667,1267.741935,1572.258065,1113.4,460.1612903,280.1333333,508.1612903,40371.0
colorado,8159500.0,J20000,,8159500.0,08159500,30.01250893,-97.16191712,"Colorado Rv at Smithville, TX",2012,1932.096774,1185.275862,2178.967742,651.8333333,971.1290323,357.0666667,857.483871,469.6129032,484.7666667,381.483871,239.5666667,246.0322581,40371.0
colorado,8159500.0,J20000,,8159500.0,08159500,30.01250893,-97.16191712,"Colorado Rv at Smithville, TX",2013,418.6451613,246.3928571,282.6451613,651.2,810.483871,450.2333333,700.2903226,334.483871,492.79,1559.754839,3410.433333,504.2258065,40371.0
colorado,8159500.0,J20000,,8159500.0,08159500,30.01250893,-97.16191712,"Colorado Rv at Smithville, TX",2014,397.0967742,331.8214286,346.9032258,319.1,1034.774194,509.3333333,584.4516129,402.1612903,992.3333333,256.1612903,907.4333333,374.1935484,40371.0
colorado,8159500.0,J20000,,8159500.0,08159500,30.01250893,-97.16191712,"Colorado Rv at Smithville, TX",2015,1662.677419,586.6071429,1345.741935,920.3333333,8593.064516,1917.8,557.4516129,368.2903226,336.2666667,3175.483871,3916.3,1197.548387,40371.0
colorado,8159500.0,J20000,,8159500.0,08159500,30.01250893,-97.16191712,"Colorado Rv at Smithville, TX",2016,695.0,565.3103448,1615.096774,5405.5,9981.516129,14382.66667,1110.354839,3279.064516,976.8333333,824.8064516,1902.733333,1531.83871,40371.0
colorado,8159500.0,J20000,,8159500.0,08159500,30.01250893,-97.16191712,"Colorado Rv at Smithville, TX",2017,2293.225806,1976.964286,2072.258065,2111.666667,1028.16129,1258.7,924.1290323,5716.741935,819.2333333,651.1612903,459.1,749.7096774,40371.0
colorado,8159500.0,J20000,,8159500.0,08159500,30.01250893,-97.16191712,"Colorado Rv at Smithville, TX",2018,432.4516129,464.5714286,1406.483871,598.2,1320.0,1227.566667,1087.387097,957.0,1167.466667,13542.83871,7408.666667,5523.225806,40371.0
colorado,8159500.0,J20000,,8159500.0,08159500,30.01250893,-97.16191712,"Colorado Rv at Smithville, TX",2019,6264.193548,1819.357143,1303.0,3086.566667,10881.29032,2554.0,1079.870968,677.8387097,676.7,560.4193548,478.0,517.6774194,40371.0
colorado,8159500.0,J20000,,8159500.0,08159500,30.01250893,-97.16191712,"Colorado Rv at Smithville, TX",2020,628.4516129,727.6206897,646.6451613,1327.033333,2032.806452,1296.433333,836.0967742,909.1935484,1005.966667,427.8064516,293.1666667,353.3870968,40371.0
colorado,8159500.0,J20000,,8159500.0,08159500,30.01250893,-97.16191712,"Colorado Rv at Smithville, TX",2021,653.7419355,568.8214286,463.7741935,960.4,2307.677419,2651.333333,718.9032258,815.7741935,817.6333333,1264.0,664.2333333,489.0645161,40371.0
colorado,8159500.0,J20000,,8159500.0,08159500,30.01250893,-97.16191712,"Colorado Rv at Smithville, TX",2022,382.0645161,2091.357143,622.0645161,829.7,1270.064516,1482.666667,1127.193548,562.7741935,365.0666667,410.7096774,504.2,544.0322581,40371.0
colorado,8159500.0,J20000,,8159500.0,08159500,30.01250893,-97.16191712,"Colorado Rv at Smithville, TX",2023,406.9354839,581.0,383.3870968,1014.833333,1066.774194,498.1666667,474.8064516,503.9354839,549.0333333,490.9677419,357.4666667,375.2580645,40371.0
colorado,8159500.0,J20000,,8159500.0,08159500,30.01250893,-97.16191712,"Colorado Rv at Smithville, TX",2024,1352.806452,669.2068966,379.516129,454.4666667,707.6129032,676.4666667,648.2903226,363.8709677,531.5333333,411.5483871,353.2333333,379.1935484,40371.0
colorado,8161000.0,J10000,,8161000.0,08161000,29.7061,-96.5367,"Colorado Rv at Columbus, TX",2010,1736.064516,3682.857143,1495.096774,2176.333333,1934.83871,2173.0,1731.935484,1181.709677,2292.333333,658.7096774,430.3,416.3225806,41640.0
colorado,8161000.0,J10000,,8161000.0,08161000,29.7061,-96.5367,"Colorado Rv at Columbus, TX",2011,689.8387097,609.9642857,488.5483871,1110.0,1601.290323,1739.333333,1234.193548,1305.483871,1068.5,616.2580645,269.0666667,638.2258065,41640.0
colorado,8161000.0,J10000,,8161000.0,08161000,29.7061,-96.5367,"Colorado Rv at Columbus, TX",2012,2130.612903,2329.37931,3864.580645,785.7,1311.225806,386.4666667,882.3225806,384.6129032,409.6,400.1935484,240.1333333,240.7419355,41640.0
colorado,8161000.0,J10000,,8161000.0,08161000,29.7061,-96.5367,"Colorado Rv at Columbus, TX",2013,478.0322581,245.3571429,249.7096774,632.8,689.3548387,366.9,417.0645161,299.8709677,570.4333333,1915.16129,3909.766667,527.5806452,41640.0
colorado,8161000.0,J10000,,8161000.0,08161000,29.7061,-96.5367,"Colorado Rv at Columbus, TX",2014,425.1290323,343.3214286,507.4193548,311.3333333,2464.096774,816.9,550.7741935,327.6129032,1014.5,264.8709677,1025.4,672.9032258,41640.0
colorado,8161000.0,J10000,,8161000.0,08161000,29.7061,-96.5367,"Colorado Rv at Columbus, TX",2015,1962.193548,685.3214286,3283.322581,2394.966667,13329.25806,5325.333333,949.7096774,423.483871,361.5333333,3022.096774,6722.0,3022.516129,41640.0
colorado,8161000.0,J10000,,8161000.0,08161000,29.7061,-96.5367,"Colorado Rv at Columbus, TX",2016,1228.870968,1026.689655,2726.483871,12993.43333,15768.70968,16538.33333,1640.322581,3599.903226,1558.0,1036.193548,2194.633333,2472.580645,41640.0
colorado,8161000.0,J10000,,8161000.0,08161000,29.7061,-96.5367,"Colorado Rv at Columbus, TX",2017,2857.741935,2981.071429,2701.612903,2883.0,1231.645161,1450.0,1038.096774,16628.54839,2317.0,1047.612903,657.4666667,860.8709677,41640.0
colorado,8161000.0,J10000,,8161000.0,08161000,29.7061,-96.5367,"Colorado Rv at Columbus, TX",2018,594.6129032,781.8571429,2124.322581,1385.3,1494.806452,1306.166667,1100.451613,934.8064516,1361.6,11612.45161,9291.5,7461.935484,41640.0
colorado,8161000.0,J10000,,8161000.0,08161000,29.7061,-96.5367,"Colorado Rv at Columbus, TX",2019,7373.870968,2241.428571,1376.451613,3316.333333,11020.64516,3330.0,1393.612903,702.1612903,711.1,683.7741935,606.2666667,629.9677419,41640.0
colorado,8161000.0,J10000,,8161000.0,08161000,29.7061,-96.5367,"Colorado Rv at Columbus, TX",2020,715.7096774,798.2413793,699.516129,1524.533333,2395.16129,982.1666667,862.3225806,830.1612903,1090.9,468.9677419,313.1666667,378.5483871,41640.0
colorado,8161000.0,J10000,,8161000.0,08161000,29.7061,-96.5367,"Colorado Rv at Columbus, TX",2021,684.7419355,547.2857143,441.1612903,875.9333333,7149.258065,4855.8,1720.096774,839.6451613,787.0333333,2218.0,779.6666667,602.2580645,41640.0
colorado,8161000.0,J10000,,8161000.0,08161000,29.7061,-96.5367,"Colorado Rv at Columbus, TX",2022,432.1612903,2347.642857,782.9677419,849.4666667,1201.870968,1268.0,993.0645161,579.6451613,411.5333333,448.5483871,520.6333333,684.3548387,41640.0
colorado,8161000.0,J10000,,8161000.0,08161000,29.7061,-96.5367,"Colorado Rv at Columbus, TX",2023,582.2258065,694.0357143,411.483871,1974.766667,3141.774194,623.3,466.8709677,423.3870968,500.1666667,484.516129,464.0666667,422.3548387,41640.0
colorado,8161000.0,J10000,,8161000.0,08161000,29.7061,-96.5367,"Colorado Rv at Columbus, TX",2024,4992.129032,1789.137931,628.2580645,775.3333333,1018.193548,950.5333333,784.3870968,436.1935484,551.9666667,481.6129032,295.6666667,443.8387097,41640.0
colorado,8162000.0,K20000,,8162000.0,08162000,29.3089,-96.1036,"Colorado Rv at Wharton, TX",2010,2009.967742,4478.571429,1690.0,1995.333333,1431.741935,1542.966667,1814.322581,634.2258065,2131.066667,466.2258065,514.6666667,491.4193548,42003.0
colorado,8162000.0,K20000,,8162000.0,08162000,29.3089,-96.1036,"Colorado Rv at Wharton, TX",2011,737.2258065,603.0,409.1290323,402.5666667,740.2580645,811.2333333,495.0645161,519.0,438.3333333,422.2580645,241.6,550.5483871,42003.0
colorado,8162000.0,K20000,,8162000.0,08162000,29.3089,-96.1036,"Colorado Rv at Wharton, TX",2012,2289.645161,2783.241379,4215.032258,915.2666667,1132.096774,139.4833333,809.7741935,152.0870968,206.8933333,329.9032258,267.8,275.5483871,42003.0
colorado,8162000.0,K20000,,8162000.0,08162000,29.3089,-96.1036,"Colorado Rv at Wharton, TX",2013,518.1612903,260.1428571,209.5096774,647.13,391.7096774,154.7133333,201.4225806,95.21612903,240.87,1458.870968,4304.133333,726.2258065,42003.0
colorado,8162000.0,K20000,,8162000.0,08162000,29.3089,-96.1036,"Colorado Rv at Wharton, TX",2014,582.6451613,401.4285714,717.9677419,275.0,2881.806452,961.6,324.1290323,118.1677419,614.31,255.6451613,936.5333333,798.7419355,42003.0
colorado,8162000.0,K20000,,8162000.0,08162000,29.3089,-96.1036,"Colorado Rv at Wharton, TX",2015,2014.096774,796.6785714,3979.645161,2949.266667,12630.90323,7215.666667,1094.645161,318.1612903,347.5,3021.032258,6922.333333,3186.451613,42003.0
colorado,8162000.0,K20000,,8162000.0,08162000,29.3089,-96.1036,"Colorado Rv at Wharton, TX",2016,1509.516129,1009.793103,3047.483871,12450.46667,14113.54839,20110.33333,1352.483871,3569.322581,1386.033333,1043.548387,2082.4,2665.16129,42003.0
colorado,8162000.0,K20000,,8162000.0,08162000,29.3089,-96.1036,"Colorado Rv at Wharton, TX",2017,3351.290323,3044.642857,2800.645161,3050.133333,825.5806452,1058.1,715.8387097,9494.064516,6643.666667,1238.806452,856.0666667,988.1612903,42003.0
colorado,8162000.0,K20000,,8162000.0,08162000,29.3089,-96.1036,"Colorado Rv at Wharton, TX",2018,738.483871,886.5714286,1777.064516,1772.6,782.0645161,831.8,639.516129,489.0967742,1146.333333,10627.41935,10538.33333,8003.548387,42003.0
colorado,8162000.0,K20000,,8162000.0,08162000,29.3089,-96.1036,"Colorado Rv at Wharton, TX",2019,8173.870968,2926.428571,1768.387097,3556.0,12498.06452,3393.0,1144.16129,379.0967742,571.7,526.2258065,743.1666667,657.4193548,42003.0
colorado,8162000.0,K20000,,8162000.0,08162000,29.3089,-96.1036,"Colorado Rv at Wharton, TX",2020,750.1612903,874.4827586,775.5483871,1389.133333,2005.322581,1071.1,720.6129032,450.0967742,1265.5,453.3548387,442.9666667,647.2258065,42003.0
colorado,8162000.0,K20000,,8162000.0,08162000,29.3089,-96.1036,"Colorado Rv at Wharton, TX",2021,1117.129032,620.3214286,498.1612903,669.6333333,7607.0,5477.466667,2109.870968,631.483871,458.3,2448.83871,953.5,749.0,42003.0
colorado,8162000.0,K20000,,8162000.0,08162000,29.3089,-96.1036,"Colorado Rv at Wharton, TX",2022,492.3548387,2690.892857,871.4193548,591.6,589.4193548,534.0333333,447.5806452,427.5806452,247.0,320.8387097,637.5666667,831.8709677,42003.0
colorado,8162000.0,K20000,,8162000.0,08162000,29.3089,-96.1036,"Colorado Rv at Wharton, TX",2023,877.516129,1040.5,508.1290323,2287.5,3954.645161,514.3,259.0967742,150.1548387,256.0633333,410.483871,606.3666667,430.1935484,42003.0
colorado,8162000.0,K20000,,8162000.0,08162000,29.3089,-96.1036,"Colorado Rv at Wharton, TX",2024,4970.129032,2346.931034,884.516129,724.5333333,919.0645161,739.4333333,830.8709677,327.416129,242.3333333,335.0,325.9333333,383.6129032,42003.0
gsa,8167000.0,CP01,Stream gage,8167000.0,08167000,29.96545716,-98.89743723,"Guadalupe Rv at Comfort, TX",2010,134.1193548,430.1071429,234.9354839,698.5,289.1935484,161.6133333,145.9548387,58.44516129,159.11,85.22903226,81.79333333,82.78064516,839.0
gsa,8167000.0,CP01,Stream gage,8167000.0,08167000,29.96545716,-98.89743723,"Guadalupe Rv at Comfort, TX",2011,90.49354839,81.58928571,61.08064516,44.90333333,33.7516129,14.23866667,8.640645161,8.184516129,10.60733333,26.61935484,43.33,61.42258065,839.0
gsa,8167000.0,CP01,Stream gage,8167000.0,08167000,29.96545716,-98.89743723,"Guadalupe Rv at Comfort, TX",2012,63.99354839,72.24482759,232.8774194,62.25666667,206.983871,42.08,34.75483871,28.69354839,35.91,34.7516129,36.83,45.59354839,839.0
gsa,8167000.0,CP01,Stream gage,8167000.0,08167000,29.96545716,-98.89743723,"Guadalupe Rv at Comfort, TX",2013,72.70967742,49.46428571,45.99354839,51.79666667,49.55806452,33.29333333,11.98064516,2.929354839,25.93966667,42.95483871,50.79333333,45.3516129,839.0
gsa,8167000.0,CP01,Stream gage,8167000.0,08167000,29.96545716,-98.89743723,"Guadalupe Rv at Comfort, TX",2014,41.77741935,35.16785714,34.62903226,26.33,136.016129,49.09333333,29.60419355,10.2216129,18.717,26.31612903,44.07333333,38.02258065,839.0
gsa,8167000.0,CP01,Stream gage,8167000.0,08167000,29.96545716,-98.89743723,"Guadalupe Rv at Comfort, TX",2015,47.75806452,40.50357143,49.84516129,103.8566667,1368.412903,399.7333333,147.2645161,58.72580645,35.07,57.21612903,124.46,157.3548387,839.0
gsa,8167000.0,CP01,Stream gage,8167000.0,08167000,29.96545716,-98.89743723,"Guadalupe Rv at Comfort, TX",2016,146.3548387,117.862069,162.1645161,235.8666667,1617.032258,845.9666667,180.3225806,179.0645161,147.8666667,114.7419355,153.5,233.5483871,839.0
gsa,8167000.0,CP01,Stream gage,8167000.0,08167000,29.96545716,-98.89743723,"Guadalupe Rv at Comfort, TX",2017,209.4516129,263.7142857,197.8709677,186.8333333,134.4193548,108.7866667,46.53225806,72.8,65.76,75.84193548,67.58,76.41290323,839.0
gsa,8167000.0,CP01,Stream gage,8167000.0,08167000,29.96545716,-98.89743723,"Guadalupe Rv at Comfort, TX",2018,69.93548387,75.6,68.53870968,51.25333333,65.4,17.45833333,10.15225806,15.26193548,178.1783333,1587.677419,183.7666667,275.0322581,839.0
gsa,8167000.0,CP01,Stream gage,8167000.0,08167000,29.96545716,-98.89743723,"Guadalupe Rv at Comfort, TX",2019,290.6774194,228.7857143,196.9354839,176.3666667,268.7741935,280.1333333,182.7096774,93.81612903,72.37333333,65.4,81.63666667,80.52258065,839.0
gsa,8167000.0,CP01,Stream gage,8167000.0,08167000,29.96545716,-98.89743723,"Guadalupe Rv at Comfort, TX",2020,100.3806452,97.2862069,113.2387097,119.71,135.8451613,78.28666667,39.7516129,31.43225806,45.57666667,31.40645161,40.5,51.56451613,839.0
gsa,8167000.0,CP01,Stream gage,8167000.0,08167000,29.96545716,-98.89743723,"Guadalupe Rv at Comfort, TX",2021,57.27419355,62.64285714,59.48064516,43.25333333,176.2064516,115.9133333,145.3774194,66.37419355,37.79333333,70.20645161,82.29,64.02258065,839.0
gsa,8167000.0,CP01,Stream gage,8167000.0,08167000,29.96545716,-98.89743723,"Guadalupe Rv at Comfort, TX",2022,66.6483871,67.72857143,49.34516129,32.21666667,18.32903226,6.234,3.078064516,3.762903226,17.91333333,15.21612903,26.59,35.26129032,839.0
gsa,8167000.0,CP01,Stream gage,8167000.0,08167000,29.96545716,-98.89743723,"Guadalupe Rv at Comfort, TX",2023,34.25806452,34.85357143,30.01612903,26.43333333,29.8,16.76,1.441612903,0.0,0.0,16.67451613,35.71333333,29.97096774,839.0
gsa,8167000.0,CP01,Stream gage,8167000.0,08167000,29.96545716,-98.89743723,"Guadalupe Rv at Comfort, TX",2024,33.6,38.81034483,30.98064516,28.78,41.08064516,30.95,270.5329032,43.79354839,68.25333333,17.33870968,16.39666667,18.13870968,839.0
gsa,8167500.0,CP02,Stream gage,8167500.0,08167500,29.86055231,-98.38368178,"Guadalupe Rv nr Spring Branch, TX",2010,288.8064516,1007.357143,438.9354839,843.8666667,530.0,257.9666667,240.0645161,83.23870968,435.11,149.1290323,117.4666667,109.6451613,1315.0
gsa,8167500.0,CP02,Stream gage,8167500.0,08167500,29.86055231,-98.38368178,"Guadalupe Rv nr Spring Branch, TX",2011,120.1612903,100.0,71.23548387,52.45333333,33.69677419,7.181666667,0.818064516,0.0,0.000666667,7.906129032,22.583,45.49677419,1315.0
gsa,8167500.0,CP02,Stream gage,8167500.0,08167500,29.86055231,-98.38368178,"Guadalupe Rv nr Spring Branch, TX",2012,79.31935484,86.9137931,287.5322581,96.52,315.9806452,70.69,37.40967742,6.874193548,39.35833333,45.08709677,34.37,40.02580645,1315.0
gsa,8167500.0,CP02,Stream gage,8167500.0,08167500,29.86055231,-98.38368178,"Guadalupe Rv nr Spring Branch, TX",2013,87.69677419,48.89285714,43.95806452,53.24666667,133.4741935,63.41333333,16.13677419,0.772258065,14.00866667,101.9580645,61.25333333,46.55806452,1315.0
gsa,8167500.0,CP02,Stream gage,8167500.0,08167500,29.86055231,-98.38368178,"Guadalupe Rv nr Spring Branch, TX",2014,43.55483871,38.36428571,31.19032258,19.19666667,141.9,61.82666667,12.32096774,0.393870968,5.509,15.39483871,53.85666667,35.1483871,1315.0
gsa,8167500.0,CP02,Stream gage,8167500.0,08167500,29.86055231,-98.38368178,"Guadalupe Rv nr Spring Branch, TX",2015,88.11612903,63.07857143,70.86774194,187.3733333,3467.548387,1176.9,410.1935484,130.4741935,68.30666667,482.083871,312.1666667,372.0967742,1315.0
gsa,8167500.0,CP02,Stream gage,8167500.0,08167500,29.86055231,-98.38368178,"Guadalupe Rv nr Spring Branch, TX",2016,293.6774194,201.2068966,282.3225806,501.9,2296.419355,1811.366667,429.0,350.6451613,264.1333333,190.0322581,201.1333333,309.8064516,1315.0
gsa,8167500.0,CP02,Stream gage,8167500.0,08167500,29.86055231,-98.38368178,"Guadalupe Rv nr Spring Branch, TX",2017,343.0,472.7857143,399.2258065,354.4333333,185.6451613,162.5466667,75.1,85.29354839,50.02,81.23870968,68.09333333,95.79354839,1315.0
gsa,8167500.0,CP02,Stream gage,8167500.0,08167500,29.86055231,-98.38368178,"Guadalupe Rv nr Spring Branch, TX",2018,82.29677419,88.66071429,88.9483871,50.30666667,63.19354839,8.894333333,3.659677419,1.752580645,520.5423333,1590.225806,556.6333333,517.9354839,1315.0
gsa,8167500.0,CP02,Stream gage,8167500.0,08167500,29.86055231,-98.38368178,"Guadalupe Rv nr Spring Branch, TX",2019,661.516129,418.8214286,306.5483871,275.8333333,764.0,441.9333333,256.1935484,111.0258065,76.58333333,63.02580645,80.82333333,80.82580645,1315.0
gsa,8167500.0,CP02,Stream gage,8167500.0,08167500,29.86055231,-98.38368178,"Guadalupe Rv nr Spring Branch, TX",2020,108.9129032,106.5206897,116.9225806,124.56,176.416129,138.1166667,38.62580645,17.54580645,62.06566667,29.93548387,37.62666667,46.04193548,1315.0
gsa,8167500.0,CP02,Stream gage,8167500.0,08167500,29.86055231,-98.38368178,"Guadalupe Rv nr Spring Branch, TX",2021,64.25483871,62.94642857,57.77419355,41.82333333,320.8387097,271.5333333,202.3967742,98.88064516,66.44666667,300.5451613,143.08,89.89032258,1315.0
gsa,8167500.0,CP02,Stream gage,8167500.0,08167500,29.86055231,-98.38368178,"Guadalupe Rv nr Spring Branch, TX",2022,74.1483871,74.89642857,54.43548387,33.28333333,19.3916129,3.588333333,0.0,0.0,9.987333333,0.261290323,12.19,23.98387097,1315.0
gsa,8167500.0,CP02,Stream gage,8167500.0,08167500,29.86055231,-98.38368178,"Guadalupe Rv nr Spring Branch, TX",2023,24.16774194,26.56428571,16.97419355,16.563,29.93612903,19.14466667,0.0,0.0,0.0,0.0,3.472333333,10.86870968,1315.0
gsa,8167500.0,CP02,Stream gage,8167500.0,08167500,29.86055231,-98.38368178,"Guadalupe Rv nr Spring Branch, TX",2024,30.67741935,31.83448276,19.46129032,9.872666667,10.69677419,41.91466667,191.5567742,26.50806452,54.86566667,3.567419355,33.56033333,20.20322581,1315.0
gsa,8168500.0,CP04,Stream gage,8168500.0,08168500,29.71543142,-98.1099084,"Guadalupe Rv abv Comal Rv at New Braunfels, TX",2010,243.9354839,522.1071429,646.7096774,930.6666667,763.1612903,792.3,499.2580645,298.2258065,647.6333333,262.5806452,200.3,199.0,1518.0
gsa,8168500.0,CP04,Stream gage,8168500.0,08168500,29.71543142,-98.1099084,"Guadalupe Rv abv Comal Rv at New Braunfels, TX",2011,195.1612903,185.6071429,161.0,99.09333333,63.68387097,65.8,59.38064516,60.64516129,71.22666667,92.82903226,71.88333333,107.6967742,1518.0
gsa,8168500.0,CP04,Stream gage,8168500.0,08168500,29.71543142,-98.1099084,"Guadalupe Rv abv Comal Rv at New Braunfels, TX",2012,133.8774194,178.137931,207.3225806,153.88,223.1129032,130.3633333,93.81935484,77.48709677,108.9433333,111.6258065,63.11,56.76451613,1518.0
gsa,8168500.0,CP04,Stream gage,8168500.0,08168500,29.71543142,-98.1099084,"Guadalupe Rv abv Comal Rv at New Braunfels, TX",2013,124.3612903,64.41785714,64.38387097,92.45,125.516129,119.3433333,71.82258065,47.9,70.56,263.6451613,198.6,89.35483871,1518.0
gsa,8168500.0,CP04,Stream gage,8168500.0,08168500,29.71543142,-98.1099084,"Guadalupe Rv abv Comal Rv at New Braunfels, TX",2014,69.32903226,65.55357143,63.21612903,55.33,119.4774194,95.11333333,74.49677419,51.42580645,68.28666667,63.40967742,158.93,94.22903226,1518.0
gsa,8168500.0,CP04,Stream gage,8168500.0,08168500,29.71543142,-98.1099084,"Guadalupe Rv abv Comal Rv at New Braunfels, TX",2015,153.6935484,159.5357143,163.5193548,185.3333333,596.4516129,4686.666667,525.1290323,300.3548387,255.6333333,417.7096774,1296.833333,754.483871,1518.0
gsa,8168500.0,CP04,Stream gage,8168500.0,08168500,29.71543142,-98.1099084,"Guadalupe Rv abv Comal Rv at New Braunfels, TX",2016,469.4193548,262.6896552,307.9354839,674.3666667,1741.741935,3547.166667,630.2580645,702.7419355,525.8,333.1290323,292.5333333,445.8709677,1518.0
gsa,8168500.0,CP04,Stream gage,8168500.0,08168500,29.71543142,-98.1099084,"Guadalupe Rv abv Comal Rv at New Braunfels, TX",2017,547.1612903,603.0357143,735.483871,581.2666667,310.8387097,238.3,165.8064516,183.4193548,124.59,121.2483871,96.40666667,135.9677419,1518.0
gsa,8168500.0,CP04,Stream gage,8168500.0,08168500,29.71543142,-98.1099084,"Guadalupe Rv abv Comal Rv at New Braunfels, TX",2018,113.9677419,124.8571429,124.9387097,128.7266667,117.8870968,54.90333333,79.28709677,71.69677419,218.6466667,1352.354839,753.2,611.1612903,1518.0
gsa,8168500.0,CP04,Stream gage,8168500.0,08168500,29.71543142,-98.1099084,"Guadalupe Rv abv Comal Rv at New Braunfels, TX",2019,933.6774194,619.4642857,444.9354839,319.8666667,1041.064516,503.5333333,400.0645161,227.5806452,189.8666667,139.2451613,102.8633333,107.0967742,1518.0
gsa,8168500.0,CP04,Stream gage,8168500.0,08168500,29.71543142,-98.1099084,"Guadalupe Rv abv Comal Rv at New Braunfels, TX",2020,106.0548387,120.9655172,126.9032258,131.3,246.3483871,193.7,86.08387097,72.87096774,119.0033333,68.90322581,64.94333333,62.30322581,1518.0
gsa,8168500.0,CP04,Stream gage,8168500.0,08168500,29.71543142,-98.1099084,"Guadalupe Rv abv Comal Rv at New Braunfels, TX",2021,77.21612903,78.60714286,88.7516129,65.91,241.4193548,239.1333333,192.483871,146.8387097,94.62333333,293.6451613,178.5,157.5483871,1518.0
gsa,8168500.0,CP04,Stream gage,8168500.0,08168500,29.71543142,-98.1099084,"Guadalupe Rv abv Comal Rv at New Braunfels, TX",2022,130.8387097,132.8964286,90.02580645,66.57,56.16451613,60.26333333,59.00322581,82.31612903,72.73,60.18064516,73.31,68.66129032,1518.0
gsa,8168500.0,CP04,Stream gage,8168500.0,08168500,29.71543142,-98.1099084,"Guadalupe Rv abv Comal Rv at New Braunfels, TX",2023,55.95806452,78.51071429,57.29677419,59.33666667,103.7870968,80.05,68.51935484,108.9806452,89.84333333,71.30322581,63.46666667,73.39032258,1518.0
gsa,8168500.0,CP04,Stream gage,8168500.0,08168500,29.71543142,-98.1099084,"Guadalupe Rv abv Comal Rv at New Braunfels, TX",2024,148.7903226,97.92413793,53.30645161,65.34,76.5,97.62,129.4483871,105.916129,77.96,62.27096774,80.94,79.5516129,1518.0
gsa,8169000.0,CP05,Stream gage,8169000.0,08169000,29.70623094,-98.12178191,"Comal Rv at New Braunfels, TX",2010,331.4516129,380.0,368.8709677,349.6333333,367.0322581,663.6666667,345.7419355,320.5806452,422.7333333,340.6129032,331.1,324.0967742,130.0
gsa,8169000.0,CP05,Stream gage,8169000.0,08169000,29.70623094,-98.12178191,"Comal Rv at New Braunfels, TX",2011,323.3225806,317.5714286,296.2258065,266.9,232.9354839,184.7333333,176.2258065,169.8064516,169.2,193.2580645,198.0333333,214.4193548,130.0
gsa,8169000.0,CP05,Stream gage,8169000.0,08169000,29.70623094,-98.12178191,"Comal Rv at New Braunfels, TX",2012,232.0322581,269.9310345,278.6451613,260.9,237.6451613,215.7333333,200.3870968,174.6451613,178.5666667,209.3870968,200.9,207.516129,130.0
gsa,8169000.0,CP05,Stream gage,8169000.0,08169000,29.70623094,-98.12178191,"Comal Rv at New Braunfels, TX",2013,222.516129,219.5,204.483871,195.9666667,200.9677419,202.4333333,170.2903226,127.483871,124.3666667,164.0645161,172.7333333,161.6129032,130.0
gsa,8169000.0,CP05,Stream gage,8169000.0,08169000,29.70623094,-98.12178191,"Comal Rv at New Braunfels, TX",2014,169.3225806,169.0357143,154.8709677,144.9333333,132.4516129,143.0333333,119.516129,84.79677419,79.96333333,89.79677419,142.43,135.8064516,130.0
gsa,8169000.0,CP05,Stream gage,8169000.0,08169000,29.70623094,-98.12178191,"Comal Rv at New Braunfels, TX",2015,153.6451613,187.0714286,204.3870968,220.3666667,301.7741935,385.4666667,335.1935484,268.8709677,216.2,367.0645161,317.8666667,312.7741935,130.0
gsa,8169000.0,CP05,Stream gage,8169000.0,08169000,29.70623094,-98.12178191,"Comal Rv at New Braunfels, TX",2016,324.1612903,294.4827586,312.8709677,318.0666667,472.8064516,439.9333333,352.8709677,403.0,409.1,369.8709677,375.5,438.7741935,130.0
gsa,8169000.0,CP05,Stream gage,8169000.0,08169000,29.70623094,-98.12178191,"Comal Rv at New Braunfels, TX",2017,408.0,429.1071429,457.3870968,439.4666667,381.6451613,350.4666667,291.0645161,281.2258065,287.7666667,292.9677419,296.1,294.483871,130.0
gsa,8169000.0,CP05,Stream gage,8169000.0,08169000,29.70623094,-98.12178191,"Comal Rv at New Braunfels, TX",2018,303.9677419,306.4285714,317.7741935,295.1333333,271.2580645,214.9333333,218.0645161,183.8064516,266.5,351.7419355,368.1666667,385.2258065,130.0
gsa,8169000.0,CP05,Stream gage,8169000.0,08169000,29.70623094,-98.12178191,"Comal Rv at New Braunfels, TX",2019,390.7741935,380.75,379.5806452,364.7666667,397.0,376.7,347.8387097,298.8064516,303.4333333,299.8387097,326.6,313.8387097,130.0
gsa,8169000.0,CP05,Stream gage,8169000.0,08169000,29.70623094,-98.12178191,"Comal Rv at New Braunfels, TX",2020,318.0,324.3103448,305.1612903,317.3,297.9677419,281.9,259.6451613,245.3548387,267.5666667,273.8387097,251.8,259.4516129,130.0
gsa,8169000.0,CP05,Stream gage,8169000.0,08169000,29.70623094,-98.12178191,"Comal Rv at New Braunfels, TX",2021,275.7419355,261.6428571,250.3225806,218.4333333,298.9032258,308.8,298.0967742,290.2258065,268.8333333,331.1612903,288.7666667,280.2258065,130.0
gsa,8169000.0,CP05,Stream gage,8169000.0,08169000,29.70623094,-98.12178191,"Comal Rv at New Braunfels, TX",2022,273.9032258,291.8928571,267.6129032,232.6333333,192.3225806,144.0,118.1290323,107.4419355,117.86,102.8064516,123.3,128.483871,130.0
gsa,8169000.0,CP05,Stream gage,8169000.0,08169000,29.70623094,-98.12178191,"Comal Rv at New Braunfels, TX",2023,127.8709677,127.3214286,121.1612903,142.8333333,180.6129032,163.8,96.1483871,67.17419355,72.50333333,94.0,118.7333333,132.2580645,130.0
gsa,8169000.0,CP05,Stream gage,8169000.0,08169000,29.70623094,-98.12178191,"Comal Rv at New Braunfels, TX",2024,195.7741935,183.9310345,160.7096774,153.2333333,131.7483871,105.0766667,109.7322581,101.4419355,89.80333333,65.64193548,69.6,61.67096774,130.0
gsa,8171000.0,CP08,Stream gage,8171000.0,08171000,29.99369825,-98.08842551,"Blanco Rv at Wimberley, TX",2010,309.1129032,645.2857143,259.9677419,163.0666667,152.6129032,103.7633333,103.0483871,55.27741935,278.2433333,94.6483871,73.66,60.98064516,355.0
gsa,8171000.0,CP08,Stream gage,8171000.0,08171000,29.99369825,-98.08842551,"Blanco Rv at Wimberley, TX",2011,56.89032258,46.51428571,37.30322581,26.65,19.73548387,13.14666667,10.71,8.920645161,9.097,13.67193548,12.45333333,25.72903226,355.0
gsa,8171000.0,CP08,Stream gage,8171000.0,08171000,29.99369825,-98.08842551,"Blanco Rv at Wimberley, TX",2012,72.19354839,111.2344828,192.3967742,100.8966667,165.1290323,63.42,41.95806452,20.30967742,42.53333333,36.80967742,22.04333333,19.18064516,355.0
gsa,8171000.0,CP08,Stream gage,8171000.0,08171000,29.99369825,-98.08842551,"Blanco Rv at Wimberley, TX",2013,22.31290323,17.06071429,14.16451613,13.76333333,83.83322581,49.47666667,21.96129032,11.3,10.407,474.6483871,96.34,64.08387097,355.0
gsa,8171000.0,CP08,Stream gage,8171000.0,08171000,29.99369825,-98.08842551,"Blanco Rv at Wimberley, TX",2014,40.10322581,28.125,22.2516129,17.32666667,36.8483871,33.44666667,14.49096774,6.976774194,11.84133333,10.66032258,15.16833333,14.00322581,355.0
gsa,8171000.0,CP08,Stream gage,8171000.0,08171000,29.99369825,-98.08842551,"Blanco Rv at Wimberley, TX",2015,45.75806452,53.79285714,68.1516129,69.16333333,3381.616129,565.7333333,147.8806452,74.31935484,50.37333333,452.5064516,277.1,243.0,355.0
gsa,8171000.0,CP08,Stream gage,8171000.0,08171000,29.99369825,-98.08842551,"Blanco Rv at Wimberley, TX",2016,198.5806452,132.4137931,158.1612903,270.2666667,414.8709677,553.9666667,131.1290323,148.416129,121.71,90.11612903,83.51333333,107.816129,355.0
gsa,8171000.0,CP08,Stream gage,8171000.0,08171000,29.99369825,-98.08842551,"Blanco Rv at Wimberley, TX",2017,141.6806452,198.0,164.8709677,150.0666667,70.00967742,52.87333333,41.06774194,51.83225806,48.51333333,46.70967742,35.86,34.57741935,355.0
gsa,8171000.0,CP08,Stream gage,8171000.0,08171000,29.99369825,-98.08842551,"Blanco Rv at Wimberley, TX",2018,28.67096774,25.05357143,38.82258065,36.81,36.53225806,32.20666667,15.51612903,10.47225806,86.04033333,132.8548387,108.18,158.8064516,355.0
gsa,8171000.0,CP08,Stream gage,8171000.0,08171000,29.99369825,-98.08842551,"Blanco Rv at Wimberley, TX",2019,295.1935484,153.9642857,99.68709677,87.49333333,574.9258065,121.42,78.4516129,54.76451613,41.67666667,33.35806452,28.8,25.0,355.0
gsa,8171000.0,CP08,Stream gage,8171000.0,08171000,29.99369825,-98.08842551,"Blanco Rv at Wimberley, TX",2020,22.9516129,22.95172414,22.10322581,33.14666667,177.4677419,72.08333333,33.16129032,21.28709677,32.90666667,20.25806452,15.86666667,13.99354839,355.0
gsa,8171000.0,CP08,Stream gage,8171000.0,08171000,29.99369825,-98.08842551,"Blanco Rv at Wimberley, TX",2021,15.61612903,16.93214286,17.75806452,16.63333333,29.15806452,70.60666667,52.32580645,36.80967742,29.77666667,168.8419355,74.62666667,36.1,355.0
gsa,8171000.0,CP08,Stream gage,8171000.0,08171000,29.99369825,-98.08842551,"Blanco Rv at Wimberley, TX",2022,25.23225806,41.20357143,26.65483871,22.22333333,18.64193548,11.02266667,7.364516129,7.165483871,6.671333333,6.260322581,7.64,8.346451613,355.0
gsa,8171000.0,CP08,Stream gage,8171000.0,08171000,29.99369825,-98.08842551,"Blanco Rv at Wimberley, TX",2023,7.817419355,8.662142857,7.945806452,9.522333333,16.09612903,11.48366667,5.121290323,3.506451613,4.038,6.510967742,5.862666667,6.226451613,355.0
gsa,8171000.0,CP08,Stream gage,8171000.0,08171000,29.99369825,-98.08842551,"Blanco Rv at Wimberley, TX",2024,17.68612903,20.18275862,12.58387097,8.808333333,10.80096774,19.58233333,9.015483871,4.996129032,7.562,4.16516129,9.478666667,7.894193548,355.0
gsa,8171300.0,CP09,Stream gage,8171300.0,08171300,29.97934485,-97.90951905,"Blanco Rv nr Kyle, TX",2010,324.3806452,716.9642857,256.5806452,176.5666667,188.8387097,110.92,93.74193548,28.66451613,403.5033333,77.15483871,47.13,37.99354839,412.0
gsa,8171300.0,CP09,Stream gage,8171300.0,08171300,29.97934485,-97.90951905,"Blanco Rv nr Kyle, TX",2011,34.85483871,22.15,12.01935484,4.229666667,0.002903226,0.0,0.0,0.0,0.0,0.0,0.0,0.0,412.0
gsa,8171300.0,CP09,Stream gage,8171300.0,08171300,29.97934485,-97.90951905,"Blanco Rv nr Kyle, TX",2012,47.96451613,66.54206897,181.783871,81.15,165.6419355,28.14633333,7.448064516,0.002258065,5.346,1.960967742,0.0,0.0,412.0
gsa,8171300.0,CP09,Stream gage,8171300.0,08171300,29.97934485,-97.90951905,"Blanco Rv nr Kyle, TX",2013,0.0,0.0,0.0,0.0,66.29451613,30.253,3.751935484,0.0,0.0,626.8451613,96.66,31.98064516,412.0
gsa,8171300.0,CP09,Stream gage,8171300.0,08171300,29.97934485,-97.90951905,"Blanco Rv nr Kyle, TX",2014,14.6683871,5.853928571,1.493870968,0.0,40.17516129,5.515333333,0.0,0.0,0.0,0.0,0.352,0.0,412.0
gsa,8171300.0,CP09,Stream gage,8171300.0,08171300,29.97934485,-97.90951905,"Blanco Rv nr Kyle, TX",2015,36.78387097,18.62821429,33.22129032,43.48,4182.712903,626.5333333,152.4774194,24.98193548,1.158,955.8035484,287.5333333,227.2903226,412.0
gsa,8171300.0,CP09,Stream gage,8171300.0,08171300,29.97934485,-97.90951905,"Blanco Rv nr Kyle, TX",2016,155.8709677,76.18965517,107.7612903,236.7933333,458.7419355,632.7666667,109.1548387,157.1322581,148.7466667,86.43870968,57.07333333,91.29354839,412.0
gsa,8171300.0,CP09,Stream gage,8171300.0,08171300,29.97934485,-97.90951905,"Blanco Rv nr Kyle, TX",2017,132.7193548,185.6392857,178.5806452,154.1466667,57.34193548,31.17,3.008387097,22.06193548,4.499333333,1.52516129,0.0,0.048709677,412.0
gsa,8171300.0,CP09,Stream gage,8171300.0,08171300,29.97934485,-97.90951905,"Blanco Rv nr Kyle, TX",2018,0.0,0.0,8.074193548,0.982666667,0.024516129,0.0,0.0,0.0,87.02333333,158.083871,130.2833333,191.5935484,412.0
gsa,8171300.0,CP09,Stream gage,8171300.0,08171300,29.97934485,-97.90951905,"Blanco Rv nr Kyle, TX",2019,367.0322581,155.0,77.28387097,74.45666667,791.1,138.3166667,47.95483871,11.34322581,0.536666667,1.973870968,0.005333333,0.0,412.0
gsa,8171300.0,CP09,Stream gage,8171300.0,08171300,29.97934485,-97.90951905,"Blanco Rv nr Kyle, TX",2020,0.0,0.0,0.0,12.36666667,215.1290323,52.77333333,1.222903226,0.0,2.432,0.0,0.0,0.0,412.0
gsa,8171300.0,CP09,Stream gage,8171300.0,08171300,29.97934485,-97.90951905,"Blanco Rv nr Kyle, TX",2021,0.0,0.0,0.0,0.0,1.823225806,44.85533333,3.344193548,4.643548387,1.824666667,238.653871,45.21366667,1.306129032,412.0
gsa,8171300.0,CP09,Stream gage,8171300.0,08171300,29.97934485,-97.90951905,"Blanco Rv nr Kyle, TX",2022,0.0,18.96642857,0.0,0.0,0.0,0.0,0.0,0.0,0.0,0.0,0.0,0.0,412.0
gsa,8171300.0,CP09,Stream gage,8171300.0,08171300,29.97934485,-97.90951905,"Blanco Rv nr Kyle, TX",2023,0.0,0.0,0.0,0.0,0.0,0.0,0.0,0.0,0.0,0.03,0.0,0.0,412.0
gsa,8171300.0,CP09,Stream gage,8171300.0,08171300,29.97934485,-97.90951905,"Blanco Rv nr Kyle, TX",2024,12.08612903,0.002413793,0.0,0.0,0.0,0.0,0.0,0.0,0.0,0.0,0.0,0.0,412.0
gsa,8172000.0,CP10,Stream gage,8172000.0,08172000,29.66591646,-97.65066883,"San Marcos Rv at Luling, TX",2010,713.7741935,1452.428571,652.4193548,481.5,533.3870968,831.4,362.483871,229.4516129,605.9666667,280.8064516,228.4333333,207.7096774,838.0
gsa,8172000.0,CP10,Stream gage,8172000.0,08172000,29.66591646,-97.65066883,"San Marcos Rv at Luling, TX",2011,220.7096774,182.9285714,159.0322581,142.3666667,124.9032258,104.4733333,93.82903226,77.64193548,77.25666667,90.59354839,97.49333333,118.8645161,838.0
gsa,8172000.0,CP10,Stream gage,8172000.0,08172000,29.66591646,-97.65066883,"San Marcos Rv at Luling, TX",2012,791.9354839,406.0,607.516129,327.3333333,428.7419355,254.3333333,224.9354839,173.8387097,170.6333333,170.1935484,154.6666667,145.5806452,838.0
gsa,8172000.0,CP10,Stream gage,8172000.0,08172000,29.66591646,-97.65066883,"San Marcos Rv at Luling, TX",2013,153.0,140.2142857,132.8709677,125.2,177.7419355,147.0,115.5806452,97.76129032,221.9966667,596.0645161,860.9,273.6451613,838.0
gsa,8172000.0,CP10,Stream gage,8172000.0,08172000,29.66591646,-97.65066883,"San Marcos Rv at Luling, TX",2014,214.5806452,187.1071429,181.3548387,146.7666667,291.0322581,222.3666667,155.9354839,112.1290323,119.1,109.4806452,131.5466667,140.7096774,838.0
gsa,8172000.0,CP10,Stream gage,8172000.0,08172000,29.66591646,-97.65066883,"San Marcos Rv at Luling, TX",2015,220.8064516,208.3928571,265.4193548,584.8666667,3782.677419,1420.733333,575.0967742,387.4193548,303.7,1460.387097,1003.966667,606.3870968,838.0
gsa,8172000.0,CP10,Stream gage,8172000.0,08172000,29.66591646,-97.65066883,"San Marcos Rv at Luling, TX",2016,516.483871,406.2413793,456.516129,714.5333333,940.5483871,1345.733333,552.4193548,593.7096774,505.7333333,390.1290323,331.6,585.0,838.0
gsa,8172000.0,CP10,Stream gage,8172000.0,08172000,29.66591646,-97.65066883,"San Marcos Rv at Luling, TX",2017,485.0967742,552.8214286,639.6774194,758.3333333,364.7096774,291.4333333,211.7419355,1100.645161,331.4666667,262.5483871,225.7,270.516129,838.0
gsa,8172000.0,CP10,Stream gage,8172000.0,08172000,29.66591646,-97.65066883,"San Marcos Rv at Luling, TX",2018,222.9032258,220.8214286,503.8387097,232.0333333,161.9677419,133.9666667,155.483871,122.3870968,302.1333333,448.2580645,490.7666667,715.7419355,838.0
gsa,8172000.0,CP10,Stream gage,8172000.0,08172000,29.66591646,-97.65066883,"San Marcos Rv at Luling, TX",2019,807.0967742,435.1071429,364.0,398.4333333,1054.225806,440.5333333,322.5806452,249.8387097,211.3333333,204.516129,195.3,180.483871,838.0
gsa,8172000.0,CP10,Stream gage,8172000.0,08172000,29.66591646,-97.65066883,"San Marcos Rv at Luling, TX",2020,175.6451613,162.3793103,165.9677419,218.0666667,424.4193548,248.7333333,171.4193548,152.9032258,179.4666667,144.1612903,136.9833333,141.7419355,838.0
gsa,8172000.0,CP10,Stream gage,8172000.0,08172000,29.66591646,-97.65066883,"San Marcos Rv at Luling, TX",2021,148.1935484,136.8214286,124.6774194,124.4,484.0967742,267.3,202.6129032,183.7741935,161.1666667,1051.741935,297.2,215.3870968,838.0
gsa,8172000.0,CP10,Stream gage,8172000.0,08172000,29.66591646,-97.65066883,"San Marcos Rv at Luling, TX",2022,184.5483871,273.25,202.4516129,154.6333333,133.9354839,105.6766667,92.73870968,85.74516129,89.09333333,85.84516129,103.93,105.3387097,838.0
gsa,8172000.0,CP10,Stream gage,8172000.0,08172000,29.66591646,-97.65066883,"San Marcos Rv at Luling, TX",2023,99.88064516,105.925,98.82580645,140.3266667,139.7258065,92.80333333,69.33548387,52.57741935,51.24333333,89.83225806,89.10333333,90.92580645,838.0
gsa,8172000.0,CP10,Stream gage,8172000.0,08172000,29.66591646,-97.65066883,"San Marcos Rv at Luling, TX",2024,259.0903226,200.4482759,153.0645161,131.6,149.9677419,154.1,128.3870968,108.1387097,85.48333333,75.13548387,84.35666667,92.16774194,838.0
gsa,8173000.0,CP11,Stream gage,8173000.0,08173000,29.69947582,-97.60382434,"Plum Ck nr Luling, TX",2010,276.9258065,572.1714286,53.89677419,311.7533333,79.3483871,87.29,16.66387097,5.627741935,45.03666667,7.562903226,10.11,12.95483871,309.0
gsa,8173000.0,CP11,Stream gage,8173000.0,08173000,29.69947582,-97.60382434,"Plum Ck nr Luling, TX",2011,27.40645161,16.93214286,11.30129032,6.722666667,5.659032258,3.998333333,2.176774194,2.201612903,1.497666667,2.979032258,4.087333333,17.76548387,309.0
gsa,8173000.0,CP11,Stream gage,8173000.0,08173000,29.69947582,-97.60382434,"Plum Ck nr Luling, TX",2012,663.2841935,278.2724138,535.1451613,45.161,102.9735484,7.14,17.22806452,2.483870968,5.932333333,6.727741935,3.640333333,11.91516129,309.0
gsa,8173000.0,CP11,Stream gage,8173000.0,08173000,29.69947582,-97.60382434,"Plum Ck nr Luling, TX",2013,16.94096774,7.703214286,9.18516129,24.545,14.93354839,5.594333333,2.28483871,1.40483871,44.39733333,317.5667742,760.0333333,24.51290323,309.0
gsa,8173000.0,CP11,Stream gage,8173000.0,08173000,29.69947582,-97.60382434,"Plum Ck nr Luling, TX",2014,14.09354839,14.62857143,17.29032258,8.445666667,184.4819355,30.024,4.01483871,2.384193548,21.82033333,6.109354839,43.902,15.68387097,309.0
gsa,8173000.0,CP11,Stream gage,8173000.0,08173000,29.69947582,-97.60382434,"Plum Ck nr Luling, TX",2015,165.2967742,25.68928571,134.4419355,489.7166667,1932.409677,312.7833333,39.35806452,6.300322581,4.676,330.1487097,607.07,54.52903226,309.0
gsa,8173000.0,CP11,Stream gage,8173000.0,08173000,29.69947582,-97.60382434,"Plum Ck nr Luling, TX",2016,34.23548387,22.30689655,114.6451613,249.46,1015.325806,900.1766667,32.21870968,206.4245161,30.80666667,15.69354839,20.45333333,216.6064516,309.0
gsa,8173000.0,CP11,Stream gage,8173000.0,08173000,29.69947582,-97.60382434,"Plum Ck nr Luling, TX",2017,262.3677419,136.0142857,303.4,107.4866667,26.17419355,24.41333333,9.638064516,1628.847419,378.1933333,66.97419355,21.20333333,65.01935484,309.0
gsa,8173000.0,CP11,Stream gage,8173000.0,08173000,29.69947582,-97.60382434,"Plum Ck nr Luling, TX",2018,25.03870968,30.21785714,342.3483871,100.78,26.70322581,8.176666667,13.35935484,5.104193548,52.92833333,144.0709677,77.00666667,470.3709677,309.0
gsa,8173000.0,CP11,Stream gage,8173000.0,08173000,29.69947582,-97.60382434,"Plum Ck nr Luling, TX",2019,330.383871,42.45,30.41290323,102.8466667,269.1129032,184.99,17.63677419,8.650322581,7.054,14.27935484,11.193,12.46451613,309.0
gsa,8173000.0,CP11,Stream gage,8173000.0,08173000,29.69947582,-97.60382434,"Plum Ck nr Luling, TX",2020,16.73548387,17.70689655,23.5483871,111.41,306.4567742,84.527,50.93032258,8.545806452,115.3866667,8.617096774,8.656333333,12.31548387,309.0
gsa,8173000.0,CP11,Stream gage,8173000.0,08173000,29.69947582,-97.60382434,"Plum Ck nr Luling, TX",2021,32.59677419,29.7,19.08064516,49.64433333,504.0935484,153.3166667,32.29032258,17.07741935,12.948,493.0935484,76.51333333,41.09354839,309.0
gsa,8173000.0,CP11,Stream gage,8173000.0,08173000,29.69947582,-97.60382434,"Plum Ck nr Luling, TX",2022,21.19677419,255.1428571,64.39032258,16.21,13.58645161,8.432666667,6.053225806,6.845806452,12.311,8.382258065,20.217,53.44516129,309.0
gsa,8173000.0,CP11,Stream gage,8173000.0,08173000,29.69947582,-97.60382434,"Plum Ck nr Luling, TX",2023,18.20645161,23.13571429,11.43935484,29.678,46.55806452,13.03,6.048387097,4.344193548,5.779,28.46032258,18.78333333,21.48709677,309.0
gsa,8173000.0,CP11,Stream gage,8173000.0,08173000,29.69947582,-97.60382434,"Plum Ck nr Luling, TX",2024,225.5322581,82.35172414,22.26774194,22.39333333,37.25483871,38.45333333,39.31774194,11.5183871,8.803666667,6.231612903,10.07,14.89419355,309.0
gsa,8174600.0,CP12,Stream gage,8174600.0,08174600,29.4737194,-97.31644403,"Peach Ck bl Dilworth, TX",2010,460.0216129,604.3892857,29.34193548,21.594,41.23193548,207.819,96.92258065,28.51774194,199.7033333,3.447741935,8.302,10.55774194,460.0
gsa,8174600.0,CP12,Stream gage,8174600.0,08174600,29.4737194,-97.31644403,"Peach Ck bl Dilworth, TX",2011,20.04193548,10.26678571,3.999354839,1.592666667,2.788387097,1.103666667,0.436774194,0.219677419,0.017666667,1.244516129,1.853666667,10.89548387,460.0
gsa,8174600.0,CP12,Stream gage,8174600.0,08174600,29.4737194,-97.31644403,"Peach Ck bl Dilworth, TX",2012,99.73548387,246.8462069,412.6587097,5.681333333,362.9932258,2.855333333,23.99806452,1.405483871,8.296666667,3.481935484,1.26,2.093225806,460.0
gsa,8174600.0,CP12,Stream gage,8174600.0,08174600,29.4737194,-97.31644403,"Peach Ck bl Dilworth, TX",2013,2.982580645,1.875714286,2.004516129,37.56166667,12.29258065,1.437666667,1.607419355,2.051612903,12.565,48.95612903,30.163,2.115483871,460.0
gsa,8174600.0,CP12,Stream gage,8174600.0,08174600,29.4737194,-97.31644403,"Peach Ck bl Dilworth, TX",2014,2.007096774,1.180357143,2.293870968,1.437333333,583.9125806,4.881,0.682258065,0.203870968,6.856333333,0.543870968,7.884666667,6.244516129,460.0
gsa,8174600.0,CP12,Stream gage,8174600.0,08174600,29.4737194,-97.31644403,"Peach Ck bl Dilworth, TX",2015,19.08548387,0.691785714,546.3277419,447.3766667,1887.86,141.73,6.608709677,0.111290323,0.173,565.3016129,389.7746667,133.9732258,460.0
gsa,8174600.0,CP12,Stream gage,8174600.0,08174600,29.4737194,-97.31644403,"Peach Ck bl Dilworth, TX",2016,24.61290323,104.3844828,226.3622581,991.9123333,478.4258065,442.2833333,9.178064516,239.4096774,45.78166667,5.299677419,10.99566667,146.4267742,460.0
gsa,8174600.0,CP12,Stream gage,8174600.0,08174600,29.4737194,-97.31644403,"Peach Ck bl Dilworth, TX",2017,17.9716129,66.02321429,136.6012903,45.727,2.254516129,11.99,1.597419355,2933.069032,15.23633333,3.368064516,3.991333333,9.273870968,460.0
gsa,8174600.0,CP12,Stream gage,8174600.0,08174600,29.4737194,-97.31644403,"Peach Ck bl Dilworth, TX",2018,7.295806452,10.91428571,130.5196774,23.55166667,7.981935484,0.449666667,0.722903226,0.117419355,18.33066667,57.68870968,202.4686667,450.3783871,460.0
gsa,8174600.0,CP12,Stream gage,8174600.0,08174600,29.4737194,-97.31644403,"Peach Ck bl Dilworth, TX",2019,79.2516129,17.86785714,15.42322581,188.264,441.8612903,51.10666667,13.60354839,0.050645161,7.716,1.756451613,10.68433333,0.062580645,460.0
gsa,8174600.0,CP12,Stream gage,8174600.0,08174600,29.4737194,-97.31644403,"Peach Ck bl Dilworth, TX",2020,0.351290323,0.544482759,0.646451613,182.8193333,61.45548387,16.549,0.673548387,0.759032258,2.589333333,0.565483871,0.593333333,1.160967742,460.0
gsa,8174600.0,CP12,Stream gage,8174600.0,08174600,29.4737194,-97.31644403,"Peach Ck bl Dilworth, TX",2021,2.014193548,2.294285714,1.502580645,1.441666667,1462.521935,160.4003333,98.97774194,2.240967742,3.046666667,674.9193548,9.327,5.65483871,460.0
gsa,8174600.0,CP12,Stream gage,8174600.0,08174600,29.4737194,-97.31644403,"Peach Ck bl Dilworth, TX",2022,3.608064516,38.82714286,5.423870968,10.97833333,0.004516129,0.0,0.0,0.0,0.0,0.0,0.0,24.98,460.0
gsa,8174600.0,CP12,Stream gage,8174600.0,08174600,29.4737194,-97.31644403,"Peach Ck bl Dilworth, TX",2023,16.80774194,19.23821429,1.073225806,526.758,846.8032258,34.97066667,1.463870968,0.038387097,0.031333333,1.283225806,1.288666667,0.862258065,460.0
gsa,8174600.0,CP12,Stream gage,8174600.0,08174600,29.4737194,-97.31644403,"Peach Ck bl Dilworth, TX",2024,1201.24,179.3193103,3.976129032,24.74933333,25.85451613,47.97333333,20.74096774,3.224193548,0.033333333,0.0,0.0,7.709677419,460.0
gsa,8175000.0,CP13,Stream gage,8175000.0,08175000,29.21514924,-97.44951221,"Sandies Ck nr Westhoff, TX",2010,436.9645161,485.8464286,28.31290323,16.06666667,191.7712903,102.4786667,94.98322581,4.578709677,33.744,2.478709677,3.347333333,5.117741935,549.0
gsa,8175000.0,CP13,Stream gage,8175000.0,08175000,29.21514924,-97.44951221,"Sandies Ck nr Westhoff, TX",2011,26.75741935,4.730714286,3.987096774,1.690666667,1.085806452,4.913666667,0.56483871,0.148064516,0.233333333,2.669354839,1.091,19.30935484,549.0
gsa,8175000.0,CP13,Stream gage,8175000.0,08175000,29.21514924,-97.44951221,"Sandies Ck nr Westhoff, TX",2012,23.72806452,79.49551724,155.2880645,8.854,212.4732258,1.453,167.2532258,0.984516129,1.895,6.465483871,2.412333333,2.483548387,549.0
gsa,8175000.0,CP13,Stream gage,8175000.0,08175000,29.21514924,-97.44951221,"Sandies Ck nr Westhoff, TX",2013,8.167419355,2.986071429,2.047419355,13.96566667,12.78870968,6.351666667,7.913870968,0.275483871,21.654,67.50612903,2.36,2.367419355,549.0
gsa,8175000.0,CP13,Stream gage,8175000.0,08175000,29.21514924,-97.44951221,"Sandies Ck nr Westhoff, TX",2014,2.737741935,1.624285714,15.30129032,4.839,117.5277419,47.086,12.30548387,3.579354839,3.521333333,0.917741935,3.513333333,9.419032258,549.0
gsa,8175000.0,CP13,Stream gage,8175000.0,08175000,29.21514924,-97.44951221,"Sandies Ck nr Westhoff, TX",2015,12.08,1.541428571,468.4525806,541.6216667,1137.836774,206.5766667,9.584516129,0.403548387,1.412,147.773871,64.94633333,32.67387097,549.0
gsa,8175000.0,CP13,Stream gage,8175000.0,08175000,29.21514924,-97.44951221,"Sandies Ck nr Westhoff, TX",2016,17.25612903,44.64034483,113.6551613,25.053,501.7229032,717.647,1.842580645,439.1116129,34.27666667,2.483225806,9.919666667,115.9435484,549.0
gsa,8175000.0,CP13,Stream gage,8175000.0,08175000,29.21514924,-97.44951221,"Sandies Ck nr Westhoff, TX",2017,29.68225806,25.93178571,470.9467742,32.03266667,21.24419355,22.03033333,3.392258065,1739.820645,52.589,18.07645161,2.103333333,10.13935484,549.0
gsa,8175000.0,CP13,Stream gage,8175000.0,08175000,29.21514924,-97.44951221,"Sandies Ck nr Westhoff, TX",2018,4.441290323,7.503214286,34.79645161,13.988,3.34516129,2.118666667,6.687419355,1.959032258,82.48866667,312.8129032,147.0353333,279.9312903,549.0
gsa,8175000.0,CP13,Stream gage,8175000.0,08175000,29.21514924,-97.44951221,"Sandies Ck nr Westhoff, TX",2019,20.59903226,11.11428571,2.957741935,64.33466667,191.6290323,37.24,4.533870968,0.284516129,0.149,0.560322581,1.571,0.475483871,549.0
gsa,8175000.0,CP13,Stream gage,8175000.0,08175000,29.21514924,-97.44951221,"Sandies Ck nr Westhoff, TX",2020,0.689677419,0.774827586,2.589354839,11.96533333,17.53548387,4.420333333,0.549677419,0.303548387,6.592666667,0.62,8.721333333,8.986774194,549.0
gsa,8175000.0,CP13,Stream gage,8175000.0,08175000,29.21514924,-97.44951221,"Sandies Ck nr Westhoff, TX",2021,6.915483871,0.931785714,0.796774194,0.371666667,1023.628387,818.17,383.3677419,108.7035484,5.314666667,1645.900645,27.39666667,12.16548387,549.0
gsa,8175000.0,CP13,Stream gage,8175000.0,08175000,29.21514924,-97.44951221,"Sandies Ck nr Westhoff, TX",2022,6.901612903,7.563571429,7.784193548,15.19366667,3.41483871,0.395333333,0.00483871,0.017096774,0.008666667,0.029354839,0.454666667,0.767741935,549.0
gsa,8175000.0,CP13,Stream gage,8175000.0,08175000,29.21514924,-97.44951221,"Sandies Ck nr Westhoff, TX",2023,11.91967742,2.691428571,0.815806452,540.857,1365.245161,38.73,0.540967742,0.144516129,0.291,0.168064516,0.086,0.15516129,549.0
gsa,8175000.0,CP13,Stream gage,8175000.0,08175000,29.21514924,-97.44951221,"Sandies Ck nr Westhoff, TX",2024,473.1170968,353.162069,5.787096774,2.772333333,1.576451613,5.127666667,28.47258065,4.099354839,0.84,0.07,0.040333333,0.043225806,549.0
gsa,8175800.0,CP14,Stream gage,8175800.0,08175800,29.06568864,-97.32104675,"Guadalupe Rv at Cuero, TX",2010,2658.483871,4236.785714,1940.645161,2050.0,2476.129032,2667.666667,1444.064516,817.0322581,1988.633333,918.1290323,793.3,734.6451613,4934.0
gsa,8175800.0,CP14,Stream gage,8175800.0,08175800,29.06568864,-97.32104675,"Guadalupe Rv at Cuero, TX",2011,907.1290323,773.6071429,702.1612903,543.8666667,415.1612903,324.7333333,217.2258065,182.2258065,172.4,292.8387097,330.1333333,479.0,4934.0
gsa,8175800.0,CP14,Stream gage,8175800.0,08175800,29.06568864,-97.32104675,"Guadalupe Rv at Cuero, TX",2012,1802.096774,1951.448276,2395.354839,841.6666667,1614.870968,581.6,904.0,339.6129032,414.9666667,532.516129,417.7666667,437.2903226,4934.0
gsa,8175800.0,CP14,Stream gage,8175800.0,08175800,29.06568864,-97.32104675,"Guadalupe Rv at Cuero, TX",2013,556.1290323,456.3214286,411.9677419,518.8333333,541.7419355,431.5666667,305.8709677,167.1290323,271.9866667,1075.096774,2154.666667,573.2580645,4934.0
gsa,8175800.0,CP14,Stream gage,8175800.0,08175800,29.06568864,-97.32104675,"Guadalupe Rv at Cuero, TX",2014,490.9677419,412.75,437.8709677,363.7666667,1410.16129,571.6333333,265.4193548,134.0,195.4666667,203.7741935,428.8,398.2903226,4934.0
gsa,8175800.0,CP14,Stream gage,8175800.0,08175800,29.06568864,-97.32104675,"Guadalupe Rv at Cuero, TX",2015,735.6451613,565.6785714,2040.354839,2747.4,9836.645161,7631.666667,1966.129032,962.1612903,768.0666667,1382.387097,4648.333333,1955.483871,4934.0
gsa,8175800.0,CP14,Stream gage,8175800.0,08175800,29.06568864,-97.32104675,"Guadalupe Rv at Cuero, TX",2016,1472.483871,1220.034483,1913.709677,3071.3,5313.870968,7649.333333,1579.032258,2800.83871,1759.333333,1222.903226,1116.733333,2277.129032,4934.0
gsa,8175800.0,CP14,Stream gage,8175800.0,08175800,29.06568864,-97.32104675,"Guadalupe Rv at Cuero, TX",2017,1847.096774,1853.928571,3116.774194,2164.0,1136.322581,962.8,680.1612903,12491.64516,2446.7,944.4193548,738.2,928.1290323,4934.0
gsa,8175800.0,CP14,Stream gage,8175800.0,08175800,29.06568864,-97.32104675,"Guadalupe Rv at Cuero, TX",2018,752.483871,746.3928571,1273.16129,1382.166667,609.3870968,421.4666667,399.0,305.0,888.9,2705.419355,2573.0,3462.258065,4934.0
gsa,8175800.0,CP14,Stream gage,8175800.0,08175800,29.06568864,-97.32104675,"Guadalupe Rv at Cuero, TX",2019,2781.612903,1795.0,1340.967742,1611.0,3607.419355,1850.333333,1203.096774,763.6774194,647.0,614.0967742,616.4,589.3548387,4934.0
gsa,8175800.0,CP14,Stream gage,8175800.0,08175800,29.06568864,-97.32104675,"Guadalupe Rv at Cuero, TX",2020,620.7096774,613.1724138,663.1290323,1129.333333,1563.741935,839.3666667,563.4516129,400.0645161,618.5333333,415.6451613,431.4333333,474.5483871,4934.0
gsa,8175800.0,CP14,Stream gage,8175800.0,08175800,29.06568864,-97.32104675,"Guadalupe Rv at Cuero, TX",2021,553.5483871,538.1428571,489.8387097,455.9,4953.741935,2816.766667,1491.741935,898.6451613,490.1333333,6236.16129,1131.733333,877.6774194,4934.0
gsa,8175800.0,CP14,Stream gage,8175800.0,08175800,29.06568864,-97.32104675,"Guadalupe Rv at Cuero, TX",2022,755.0,1206.75,758.8387097,573.4333333,423.483871,288.3333333,198.9580645,182.0967742,236.6,154.9677419,279.8333333,389.8709677,4934.0
gsa,8175800.0,CP14,Stream gage,8175800.0,08175800,29.06568864,-97.32104675,"Guadalupe Rv at Cuero, TX",2023,342.1935484,362.5714286,306.7741935,2015.633333,4002.967742,435.8666667,186.2903226,106.1064516,81.40666667,158.4032258,247.9,301.483871,4934.0
gsa,8175800.0,CP14,Stream gage,8175800.0,08175800,29.06568864,-97.32104675,"Guadalupe Rv at Cuero, TX",2024,3078.967742,1442.551724,456.0,416.5,382.7741935,428.0,366.2580645,293.9677419,189.3633333,119.383871,179.2666667,230.1612903,4934.0
gsa,8176500.0,CP15,Stream gage,8176500.0,08176500,28.7931125,-97.01303059,"Guadalupe Rv at Victoria, TX",2010,2860.870968,4489.285714,1930.645161,2122.0,2773.870968,2671.366667,1632.290323,846.5806452,2397.866667,1029.129032,858.5666667,770.3870968,5198.0
gsa,8176500.0,CP15,Stream gage,8176500.0,08176500,28.7931125,-97.01303059,"Guadalupe Rv at Victoria, TX",2011,928.8064516,725.4642857,642.7419355,508.7333333,386.6129032,333.5333333,246.7096774,171.6451613,164.4666667,258.5483871,279.5666667,456.2580645,5198.0
gsa,8176500.0,CP15,Stream gage,8176500.0,08176500,28.7931125,-97.01303059,"Guadalupe Rv at Victoria, TX",2012,1488.064516,1886.931034,2316.903226,948.1,1527.645161,564.5666667,999.7419355,349.0322581,406.8,488.0967742,347.5666667,354.3870968,5198.0
gsa,8176500.0,CP15,Stream gage,8176500.0,08176500,28.7931125,-97.01303059,"Guadalupe Rv at Victoria, TX",2013,528.3870968,419.2857143,371.0322581,430.3333333,479.2580645,402.9666667,273.5483871,156.9032258,199.9666667,1079.516129,2222.0,507.6774194,5198.0
gsa,8176500.0,CP15,Stream gage,8176500.0,08176500,28.7931125,-97.01303059,"Guadalupe Rv at Victoria, TX",2014,417.1612903,354.4285714,389.2258065,323.9666667,1561.354839,662.6,255.2258065,143.2580645,185.4,175.8064516,366.5333333,399.7741935,5198.0
gsa,8176500.0,CP15,Stream gage,8176500.0,08176500,28.7931125,-97.01303059,"Guadalupe Rv at Victoria, TX",2015,726.516129,550.0357143,2734.548387,3341.166667,9084.129032,9745.0,2446.774194,953.8387097,860.4,1595.774194,5305.666667,2152.258065,5198.0
gsa,8176500.0,CP15,Stream gage,8176500.0,08176500,28.7931125,-97.01303059,"Guadalupe Rv at Victoria, TX",2016,1669.677419,1325.965517,2180.774194,3113.266667,5776.451613,8832.0,1674.83871,2963.290323,1720.666667,1305.16129,1153.033333,2520.322581,5198.0
gsa,8176500.0,CP15,Stream gage,8176500.0,08176500,28.7931125,-97.01303059,"Guadalupe Rv at Victoria, TX",2017,2105.16129,2167.142857,3494.83871,2427.666667,1265.483871,1040.3,689.9354839,6783.645161,4475.333333,1031.0,778.0,972.0,5198.0
gsa,8176500.0,CP15,Stream gage,8176500.0,08176500,28.7931125,-97.01303059,"Guadalupe Rv at Victoria, TX",2018,818.6451613,813.75,1029.806452,1826.433333,661.2258065,555.9666667,459.6129032,337.1290323,964.2666667,2724.741935,2568.0,3510.967742,5198.0
gsa,8176500.0,CP15,Stream gage,8176500.0,08176500,28.7931125,-97.01303059,"Guadalupe Rv at Victoria, TX",2019,2935.16129,1965.0,1421.612903,1693.666667,3489.677419,1877.333333,1194.548387,757.1290323,693.2666667,684.5483871,689.5666667,659.7096774,5198.0
gsa,8176500.0,CP15,Stream gage,8176500.0,08176500,28.7931125,-97.01303059,"Guadalupe Rv at Victoria, TX",2020,687.6129032,685.2068966,718.0967742,1052.166667,1506.677419,872.9,572.6774194,385.9677419,600.1,376.5483871,386.6333333,460.1612903,5198.0
gsa,8176500.0,CP15,Stream gage,8176500.0,08176500,28.7931125,-97.01303059,"Guadalupe Rv at Victoria, TX",2021,523.1935484,506.8571429,464.8709677,441.0333333,4859.16129,3483.466667,2059.774194,1012.290323,516.6666667,5292.193548,1269.633333,918.0,5198.0
gsa,8176500.0,CP15,Stream gage,8176500.0,08176500,28.7931125,-97.01303059,"Guadalupe Rv at Victoria, TX",2022,799.6129032,1195.107143,781.4193548,611.2666667,451.1612903,296.1,232.7096774,226.6129032,285.0333333,161.3548387,307.3666667,411.1612903,5198.0
gsa,8176500.0,CP15,Stream gage,8176500.0,08176500,28.7931125,-97.01303059,"Guadalupe Rv at Victoria, TX",2023,422.8064516,388.8214286,311.0967742,1995.666667,4111.129032,480.7,203.9677419,112.083871,103.0566667,146.9129032,232.5666667,258.8709677,5198.0
gsa,8176500.0,CP15,Stream gage,8176500.0,08176500,28.7931125,-97.01303059,"Guadalupe Rv at Victoria, TX",2024,3483.032258,1883.931034,508.1612903,439.9666667,401.0322581,436.5,390.516129,317.2580645,201.6666667,136.8677419,167.4,221.9032258,5198.0
gsa,8178000.0,CP18,Stream Gage,8178000.0,08178000,29.40991771,-98.49475446,"San Antonio Rv at San Antonio, TX",2010,10.01091014,10.32604592,10.01892281,9.612166667,9.452488479,9.921065476,9.914758065,9.591785714,9.905142857,9.523369816,10.21149405,10.31292627,41.8
gsa,8178000.0,CP18,Stream Gage,8178000.0,08178000,29.40991771,-98.49475446,"San Antonio Rv at San Antonio, TX",2011,10.01091014,10.32604592,9.701105991,15.97333333,18.62322581,21.89666667,19.55483871,17.1383871,13.43,13.12580645,15.28333333,20.96129032,41.8
gsa,8178000.0,CP18,Stream Gage,8178000.0,08178000,29.40991771,-98.49475446,"San Antonio Rv at San Antonio, TX",2012,54.44516129,43.46551724,29.05806452,22.47333333,24.76451613,26.19,37.73870968,47.13870968,42.66,39.06774194,38.99666667,35.19032258,41.8
gsa,8178000.0,CP18,Stream Gage,8178000.0,08178000,29.40991771,-98.49475446,"San Antonio Rv at San Antonio, TX",2013,31.5516129,22.59285714,24.80645161,27.29666667,25.2,30.89666667,32.12258065,36.0516129,30.10333333,25.58548387,26.61333333,24.22580645,41.8
gsa,8178000.0,CP18,Stream Gage,8178000.0,08178000,29.40991771,-98.49475446,"San Antonio Rv at San Antonio, TX",2014,21.9516129,38.89285714,35.77741935,28.32333333,24.78387097,27.83,32.95806452,23.35806452,22.84,21.12096774,21.78333333,22.43870968,41.8
gsa,8178000.0,CP18,Stream Gage,8178000.0,08178000,29.40991771,-98.49475446,"San Antonio Rv at San Antonio, TX",2015,22.36774194,23.98214286,25.48064516,24.88666667,24.09354839,26.27166667,28.41290323,24.57096774,23.60666667,26.1483871,27.43666667,27.87419355,41.8
gsa,8178000.0,CP18,Stream Gage,8178000.0,08178000,29.40991771,-98.49475446,"San Antonio Rv at San Antonio, TX",2016,26.16870968,28.46896552,28.82903226,30.15333333,34.23225806,33.69,22.7,28.82580645,33.92333333,26.17096774,26.21333333,33.36451613,41.8
gsa,8178000.0,CP18,Stream Gage,8178000.0,08178000,29.40991771,-98.49475446,"San Antonio Rv at San Antonio, TX",2017,33.28387097,30.45,24.53548387,24.94666667,22.81290323,28.03,23.75483871,26.13548387,20.72333333,19.06451613,21.23,24.53870968,41.8
gsa,8178000.0,CP18,Stream Gage,8178000.0,08178000,29.40991771,-98.49475446,"San Antonio Rv at San Antonio, TX",2018,22.73870968,26.67142857,25.70322581,23.18333333,21.42903226,19.54,20.18387097,17.27741935,42.31666667,33.94193548,32.90666667,31.93548387,41.8
gsa,8178000.0,CP18,Stream Gage,8178000.0,08178000,29.40991771,-98.49475446,"San Antonio Rv at San Antonio, TX",2019,30.96,30.08928571,28.8483871,32.51666667,28.99677419,33.91,31.91935484,25.78387097,24.01,28.48064516,33.66666667,35.20967742,41.8
gsa,8178000.0,CP18,Stream Gage,8178000.0,08178000,29.40991771,-98.49475446,"San Antonio Rv at San Antonio, TX",2020,33.34612903,38.31724138,33.13225806,33.27,29.52258065,26.44333333,22.55483871,23.14516129,23.96333333,21.63225806,23.58333333,26.67096774,41.8
gsa,8178000.0,CP18,Stream Gage,8178000.0,08178000,29.40991771,-98.49475446,"San Antonio Rv at San Antonio, TX",2021,20.53225806,26.06785714,24.43870968,26.12333333,32.8516129,29.45,34.96129032,27.71935484,26.83,29.23548387,27.24,24.40645161,41.8
gsa,8178000.0,CP18,Stream Gage,8178000.0,08178000,29.40991771,-98.49475446,"San Antonio Rv at San Antonio, TX",2022,21.84870968,24.81071429,22.37741935,23.06333333,24.08064516,22.86333333,20.06774194,22.79354839,25.24666667,25.68064516,27.12333333,25.67419355,41.8
gsa,8178000.0,CP18,Stream Gage,8178000.0,08178000,29.40991771,-98.49475446,"San Antonio Rv at San Antonio, TX",2023,22.01967742,28.23571429,29.77096774,37.32666667,38.40967742,31.74,28.77741935,30.16451613,30.14,30.81612903,33.35,34.20645161,41.8
gsa,8178000.0,CP18,Stream Gage,8178000.0,08178000,29.40991771,-98.49475446,"San Antonio Rv at San Antonio, TX",2024,31.93225806,26.47482759,25.30645161,24.89,26.07096774,39.03666667,31.4,32.33870968,30.88333333,27.4,28.82333333,26.00645161,41.8
gsa,8178700.0,CP19,Stream Gage,8178700.0,08178700,29.51609319,-98.430871,"Salado Ck at Loop 410, San Antonio, TX",2010,0.0,0.0,0.0,0.0,0.0,0.0,0.0,0.0,0.0,0.0,0.0,0.0,137.0
gsa,8178700.0,CP19,Stream Gage,8178700.0,08178700,29.51609319,-98.430871,"Salado Ck at Loop 410, San Antonio, TX",2011,0.0,0.008214286,0.0,0.0,0.050967742,1.495666667,0.005483871,0.0,1.206666667,17.69096774,1.326333333,2.010967742,137.0
gsa,8178700.0,CP19,Stream Gage,8178700.0,08178700,29.51609319,-98.430871,"Salado Ck at Loop 410, San Antonio, TX",2012,51.13677419,31.65137931,12.60580645,0.001333333,62.94387097,0.0,11.96483871,3.093548387,43.47666667,0.897741935,0.009,0.0,137.0
gsa,8178700.0,CP19,Stream Gage,8178700.0,08178700,29.51609319,-98.430871,"Salado Ck at Loop 410, San Antonio, TX",2013,14.41967742,0.0,0.099354839,5.242,401.3351613,1.001333333,0.033870968,0.0,10.57333333,0.23516129,0.016333333,0.0,137.0
gsa,8178700.0,CP19,Stream Gage,8178700.0,08178700,29.51609319,-98.430871,"Salado Ck at Loop 410, San Antonio, TX",2014,0.0,0.0,0.0,0.001666667,13.32903226,57.60133333,18.42612903,0.0,0.0,0.013870968,41.88766667,0.000645161,137.0
gsa,8178700.0,CP19,Stream Gage,8178700.0,08178700,29.51609319,-98.430871,"Salado Ck at Loop 410, San Antonio, TX",2015,14.36129032,0.018214286,3.848709677,55.88866667,79.25354839,76.61566667,0.030967742,0.023870968,0.767666667,73.37870968,24.646,1.89,137.0
gsa,8178700.0,CP19,Stream Gage,8178700.0,08178700,29.51609319,-98.430871,"Salado Ck at Loop 410, San Antonio, TX",2016,0.606451613,3.490344828,9.786129032,57.45366667,83.57451613,42.675,0.173870968,12.23129032,83.09366667,0.051612903,2.735333333,51.23806452,137.0
gsa,8178700.0,CP19,Stream Gage,8178700.0,08178700,29.51609319,-98.430871,"Salado Ck at Loop 410, San Antonio, TX",2017,21.42967742,43.4275,1.664516129,4.85,0.087419355,0.201666667,0.035806452,17.75129032,1.740333333,0.001612903,0.0,1.45516129,137.0
gsa,8178700.0,CP19,Stream Gage,8178700.0,08178700,29.51609319,-98.430871,"Salado Ck at Loop 410, San Antonio, TX",2018,0.0,11.74107143,37.45064516,0.383,0.070322581,0.001,8.716451613,0.011612903,257.0783333,12.73,16.00133333,10.42354839,137.0
gsa,8178700.0,CP19,Stream Gage,8178700.0,08178700,29.51609319,-98.430871,"Salado Ck at Loop 410, San Antonio, TX",2019,0.691612903,14.61214286,0.422903226,70.357,79.47096774,90.924,2.083225806,0.068387097,6.69,47.14225806,0.0,0.001935484,137.0
gsa,8178700.0,CP19,Stream Gage,8178700.0,08178700,29.51609319,-98.430871,"Salado Ck at Loop 410, San Antonio, TX",2020,0.178387097,0.063448276,0.047741935,10.36466667,16.7816129,0.229666667,0.0,0.0,0.145666667,0.0,0.022666667,0.0,137.0
gsa,8178700.0,CP19,Stream Gage,8178700.0,08178700,29.51609319,-98.430871,"Salado Ck at Loop 410, San Antonio, TX",2021,0.001290323,0.0,0.000322581,21.77333333,50.87806452,3.621666667,33.6783871,16.38967742,3.833333333,62.06225806,0.253,0.679354839,137.0
gsa,8178700.0,CP19,Stream Gage,8178700.0,08178700,29.51609319,-98.430871,"Salado Ck at Loop 410, San Antonio, TX",2022,0.0,14.86,0.002580645,3.624666667,0.28516129,5.356666667,0.000645161,4.156451613,1.007333333,0.007096774,0.164333333,0.001290323,137.0
gsa,8178700.0,CP19,Stream Gage,8178700.0,08178700,29.51609319,-98.430871,"Salado Ck at Loop 410, San Antonio, TX",2023,0.004516129,0.122142857,0.036451613,9.448666667,29.77129032,0.068,0.000645161,0.035806452,0.087,3.28483871,1.118666667,1.983225806,137.0
gsa,8178700.0,CP19,Stream Gage,8178700.0,08178700,29.51609319,-98.430871,"Salado Ck at Loop 410, San Antonio, TX",2024,11.55806452,0.318275862,0.532580645,0.648,0.221612903,1.129333333,1.511290323,0.0,3.654333333,0.0,1.442,0.002580645,137.0
gsa,8178800.0,CP20,Stream Gage,8178800.0,08178800,29.35713941,-98.41287302,"Salado Ck at Loop 13, San Antonio, TX",2010,100.38,112.7928571,31.78387097,63.57333333,108.7319355,41.23466667,17.19419355,6.739677419,209.7146667,6.763548387,9.367,11.47806452,189.0
gsa,8178800.0,CP20,Stream Gage,8178800.0,08178800,29.35713941,-98.41287302,"Salado Ck at Loop 13, San Antonio, TX",2011,31.31193548,7.885357143,6.776129032,5.642333333,7.490645161,17.04866667,2.007741935,0.616774194,2.865333333,38.02451613,10.31466667,14.55419355,189.0
gsa,8178800.0,CP20,Stream Gage,8178800.0,08178800,29.35713941,-98.41287302,"Salado Ck at Loop 13, San Antonio, TX",2012,115.9219355,126.8006897,41.13483871,3.647666667,125.4377419,5.099666667,43.90774194,48.92741935,106.511,16.71,9.846,10.35,189.0
gsa,8178800.0,CP20,Stream Gage,8178800.0,08178800,29.35713941,-98.41287302,"Salado Ck at Loop 13, San Antonio, TX",2013,53.67483871,5.681428571,6.904516129,36.27833333,233.8290323,27.355,12.42451613,2.289677419,19.17766667,8.760322581,6.366333333,5.252580645,189.0
gsa,8178800.0,CP20,Stream Gage,8178800.0,08178800,29.35713941,-98.41287302,"Salado Ck at Loop 13, San Antonio, TX",2014,3.378387097,3.4825,5.996774194,2.694666667,85.56,77.87133333,34.35290323,0.313548387,1.217333333,1.924516129,118.3296667,4.93483871,189.0
gsa,8178800.0,CP20,Stream Gage,8178800.0,08178800,29.35713941,-98.41287302,"Salado Ck at Loop 13, San Antonio, TX",2015,41.45548387,8.557142857,46.37483871,134.8256667,216.3880645,166.6133333,12.57774194,6.282903226,9.542333333,135.4245161,59.86166667,22.2,189.0
gsa,8178800.0,CP20,Stream Gage,8178800.0,08178800,29.35713941,-98.41287302,"Salado Ck at Loop 13, San Antonio, TX",2016,17.76290323,23.07241379,39.77709677,112.245,197.2903226,171.3386667,36.63225806,95.20645161,167.509,17.1516129,44.321,193.6548387,189.0
gsa,8178800.0,CP20,Stream Gage,8178800.0,08178800,29.35713941,-98.41287302,"Salado Ck at Loop 13, San Antonio, TX",2017,61.79032258,113.9264286,37.27612903,35.62,25.47870968,15.80666667,0.257741935,81.75290323,29.10933333,4.124193548,4.601333333,47.45322581,189.0
gsa,8178800.0,CP20,Stream Gage,8178800.0,08178800,29.35713941,-98.41287302,"Salado Ck at Loop 13, San Antonio, TX",2018,7.291935484,67.94178571,123.873871,25.212,18.03903226,5.624666667,28.58258065,8.756129032,386.6363333,85.19354839,35.58333333,50.56129032,189.0
gsa,8178800.0,CP20,Stream Gage,8178800.0,08178800,29.35713941,-98.41287302,"Salado Ck at Loop 13, San Antonio, TX",2019,42.09354839,17.54642857,16.60322581,52.32,55.04032258,88.75766667,15.58032258,5.891290323,37.74633333,72.25419355,10.40266667,10.07612903,189.0
gsa,8178800.0,CP20,Stream Gage,8178800.0,08178800,29.35713941,-98.41287302,"Salado Ck at Loop 13, San Antonio, TX",2020,19.22548387,13.65,19.12129032,41.325,75.61967742,16.17366667,5.467419355,6.822580645,14.25833333,3.988709677,13.09966667,6.494193548,189.0
gsa,8178800.0,CP20,Stream Gage,8178800.0,08178800,29.35713941,-98.41287302,"Salado Ck at Loop 13, San Antonio, TX",2021,10.59258065,10.50285714,8.457096774,27.21166667,135.1245161,36.40233333,44.73032258,24.74,15.82333333,102.4970968,17.58,10.54322581,189.0
gsa,8178800.0,CP20,Stream Gage,8178800.0,08178800,29.35713941,-98.41287302,"Salado Ck at Loop 13, San Antonio, TX",2022,6.261612903,38.8575,6.878064516,11.13,8.236774194,11.849,2.655806452,9.169677419,6.763666667,5.043225806,9.743666667,6.873870968,189.0
gsa,8178800.0,CP20,Stream Gage,8178800.0,08178800,29.35713941,-98.41287302,"Salado Ck at Loop 13, San Antonio, TX",2023,5.68,9.716785714,9.950645161,69.33133333,89.55419355,11.414,3.083870968,3.707419355,4.230666667,15.42774194,9.945666667,18.65935484,189.0
gsa,8178800.0,CP20,Stream Gage,8178800.0,08178800,29.35713941,-98.41287302,"Salado Ck at Loop 13, San Antonio, TX",2024,120.8006452,15.45793103,13.69258065,19.337,8.709032258,8.414333333,22.40419355,5.090645161,35.187,2.720967742,11.84633333,7.447741935,189.0
gsa,8181500.0,CP28,Stream Gage,8181500.0,08181500,29.25403083,-98.47233062,"Medina Rv at San Antonio, TX",2010,223.2580645,325.5,163.1290323,492.5,647.3870968,193.3333333,156.1290323,90.80967742,552.0133333,150.3548387,125.7333333,121.7096774,1317.0
gsa,8181500.0,CP28,Stream Gage,8181500.0,08181500,29.25403083,-98.47233062,"Medina Rv at San Antonio, TX",2011,139.3870968,128.2857143,106.2580645,89.88333333,86.73225806,71.63333333,65.50967742,55.47741935,57.29333333,180.7516129,103.8533333,123.8064516,1317.0
gsa,8181500.0,CP28,Stream Gage,8181500.0,08181500,29.25403083,-98.47233062,"Medina Rv at San Antonio, TX",2012,108.5806452,188.5896552,171.3419355,95.96666667,265.7548387,96.55,89.71290323,186.2258065,223.63,127.1741935,97.75,95.3483871,1317.0
gsa,8181500.0,CP28,Stream Gage,8181500.0,08181500,29.25403083,-98.47233062,"Medina Rv at San Antonio, TX",2013,131.0032258,90.03214286,87.76451613,108.39,665.0419355,131.0266667,71.90645161,56.19677419,62.81333333,58.90967742,59.95666667,50.44193548,1317.0
gsa,8181500.0,CP28,Stream Gage,8181500.0,08181500,29.25403083,-98.47233062,"Medina Rv at San Antonio, TX",2014,52.1,56.13214286,51.8483871,41.62333333,226.9774194,87.27333333,80.66451613,45.26774194,41.43333333,32.43548387,142.1266667,52.87419355,1317.0
gsa,8181500.0,CP28,Stream Gage,8181500.0,08181500,29.25403083,-98.47233062,"Medina Rv at San Antonio, TX",2015,80.62903226,60.09285714,92.81612903,298.2933333,448.1870968,279.3733333,111.0967742,57.55806452,54.74666667,300.9612903,214.2666667,143.6774194,1317.0
gsa,8181500.0,CP28,Stream Gage,8181500.0,08181500,29.25403083,-98.47233062,"Medina Rv at San Antonio, TX",2016,144.7419355,155.0689655,154.9677419,161.0666667,787.6774194,1853.3,262.9032258,490.3870968,381.2,182.7419355,227.2,618.5483871,1317.0
gsa,8181500.0,CP28,Stream Gage,8181500.0,08181500,29.25403083,-98.47233062,"Medina Rv at San Antonio, TX",2017,249.483871,340.6071429,244.9032258,214.2,154.7419355,127.0866667,83.74193548,202.8290323,128.03,107.683871,101.71,145.1612903,1317.0
gsa,8181500.0,CP28,Stream Gage,8181500.0,08181500,29.25403083,-98.47233062,"Medina Rv at San Antonio, TX",2018,126.1290323,155.3571429,245.7096774,127.5,137.5806452,68.69666667,100.3903226,89.16774194,1121.79,503.516129,439.8666667,322.8387097,1317.0
gsa,8181500.0,CP28,Stream Gage,8181500.0,08181500,29.25403083,-98.47233062,"Medina Rv at San Antonio, TX",2019,291.2258065,280.3214286,203.6774194,179.8666667,239.0322581,277.6333333,215.8387097,95.44193548,80.62333333,116.5354839,101.78,123.516129,1317.0
gsa,8181500.0,CP28,Stream Gage,8181500.0,08181500,29.25403083,-98.47233062,"Medina Rv at San Antonio, TX",2020,149.7419355,145.4482759,131.2258065,119.1966667,190.7612903,93.33666667,62.33225806,55.96451613,89.14333333,65.64193548,88.36333333,81.79677419,1317.0
gsa,8181500.0,CP28,Stream Gage,8181500.0,08181500,29.25403083,-98.47233062,"Medina Rv at San Antonio, TX",2021,88.10967742,102.6571429,90.33870968,183.4533333,427.2903226,205.1633333,564.4225806,164.7935484,88.43,267.0064516,109.85,101.6419355,1317.0
gsa,8181500.0,CP28,Stream Gage,8181500.0,08181500,29.25403083,-98.47233062,"Medina Rv at San Antonio, TX",2022,91.70645161,116.1285714,75.83548387,80.97333333,74.12903226,41.91666667,39.08709677,44.11612903,51.62666667,48.70967742,55.22,61.23225806,1317.0
gsa,8181500.0,CP28,Stream Gage,8181500.0,08181500,29.25403083,-98.47233062,"Medina Rv at San Antonio, TX",2023,59.28709677,64.60714286,74.6516129,163.31,204.283871,74.73666667,37.17741935,27.60322581,27.98333333,41.12580645,34.70666667,23.02580645,1317.0
gsa,8181500.0,CP28,Stream Gage,8181500.0,08181500,29.25403083,-98.47233062,"Medina Rv at San Antonio, TX",2024,184.9709677,67.27586207,58.05483871,61.66666667,50.21612903,96.44333333,68.20645161,37.98387097,38.84666667,24.9516129,75.34,74.69354839,1317.0
gsa,8181800.0,CP29,Stream Gage,8181800.0,08181800,29.23562134,-98.35562277,"San Antonio Rv nr Elmendorf, TX",2010,721.4193548,946.7857143,524.2903226,901.3333333,1136.709677,479.6666667,386.1612903,130.4096774,1611.31,362.8709677,401.0666667,308.3870968,1743.0
gsa,8181800.0,CP29,Stream Gage,8181800.0,08181800,29.23562134,-98.35562277,"San Antonio Rv nr Elmendorf, TX",2011,422.0,283.9642857,182.4193548,146.4666667,167.9870968,176.7033333,99.29677419,75.33225806,100.9466667,486.9903226,232.8666667,355.2258065,1743.0
gsa,8181800.0,CP29,Stream Gage,8181800.0,08181800,29.23562134,-98.35562277,"San Antonio Rv nr Elmendorf, TX",2012,515.8387097,648.862069,428.9354839,123.9,738.8129032,118.7566667,299.5258065,476.7096774,739.9733333,301.3870968,194.1333333,144.0645161,1743.0
gsa,8181800.0,CP29,Stream Gage,8181800.0,08181800,29.23562134,-98.35562277,"San Antonio Rv nr Elmendorf, TX",2013,424.4193548,226.25,172.7096774,399.5,1753.580645,384.8066667,182.3451613,75.05483871,220.1766667,219.2580645,200.9333333,163.8387097,1743.0
gsa,8181800.0,CP29,Stream Gage,8181800.0,08181800,29.23562134,-98.35562277,"San Antonio Rv nr Elmendorf, TX",2014,177.0645161,151.2857143,178.8387097,152.2333333,784.5483871,478.5333333,276.7225806,106.8870968,128.7966667,161.3516129,679.3333333,180.7419355,1743.0
gsa,8181800.0,CP29,Stream Gage,8181800.0,08181800,29.23562134,-98.35562277,"San Antonio Rv nr Elmendorf, TX",2015,374.6774194,201.0714286,449.483871,1071.633333,1732.387097,1100.033333,310.0645161,118.0774194,190.2666667,935.6129032,674.0333333,369.8709677,1743.0
gsa,8181800.0,CP29,Stream Gage,8181800.0,08181800,29.23562134,-98.35562277,"San Antonio Rv nr Elmendorf, TX",2016,382.516129,394.8275862,532.9032258,659.2,1821.322581,2814.9,417.4193548,999.2258065,1087.333333,416.8387097,472.2,1531.580645,1743.0
gsa,8181800.0,CP29,Stream Gage,8181800.0,08181800,29.23562134,-98.35562277,"San Antonio Rv nr Elmendorf, TX",2017,565.8709677,842.2857143,582.1612903,453.2,330.6774194,286.7666667,171.2580645,559.1290323,278.4,212.0,203.0,349.0322581,1743.0
gsa,8181800.0,CP29,Stream Gage,8181800.0,08181800,29.23562134,-98.35562277,"San Antonio Rv nr Elmendorf, TX",2018,219.1935484,368.3928571,689.1612903,290.6,301.0645161,142.6,283.8032258,201.3516129,2873.083333,1158.193548,943.8333333,867.516129,1743.0
gsa,8181800.0,CP29,Stream Gage,8181800.0,08181800,29.23562134,-98.35562277,"San Antonio Rv nr Elmendorf, TX",2019,787.3548387,653.3214286,498.3870968,547.3333333,645.9032258,890.4666667,495.8387097,185.5806452,221.6666667,437.8709677,272.7666667,290.5483871,1743.0
gsa,8181800.0,CP29,Stream Gage,8181800.0,08181800,29.23562134,-98.35562277,"San Antonio Rv nr Elmendorf, TX",2020,391.483871,330.1724138,313.2580645,407.3666667,608.0,239.7333333,133.3548387,138.8032258,259.8,151.6451613,260.0666667,247.9677419,1743.0
gsa,8181800.0,CP29,Stream Gage,8181800.0,08181800,29.23562134,-98.35562277,"San Antonio Rv nr Elmendorf, TX",2021,282.6451613,331.0714286,256.0322581,416.4333333,1227.903226,567.0,1225.741935,426.3225806,211.5333333,863.5483871,332.3333333,303.1935484,1743.0
gsa,8181800.0,CP29,Stream Gage,8181800.0,08181800,29.23562134,-98.35562277,"San Antonio Rv nr Elmendorf, TX",2022,212.8387097,380.25,195.4193548,232.7,207.7741935,146.7333333,91.55806452,156.0225806,142.96,130.0322581,236.2333333,239.1612903,1743.0
gsa,8181800.0,CP29,Stream Gage,8181800.0,08181800,29.23562134,-98.35562277,"San Antonio Rv nr Elmendorf, TX",2023,210.9354839,228.25,223.1612903,702.3666667,748.8064516,230.0766667,84.3516129,81.06451613,110.6266667,190.0967742,193.0666667,189.8387097,1743.0
gsa,8181800.0,CP29,Stream Gage,8181800.0,08181800,29.23562134,-98.35562277,"San Antonio Rv nr Elmendorf, TX",2024,815.8709677,284.5172414,256.6451613,297.7666667,187.0967742,254.79,280.3645161,146.483871,296.2,120.2032258,196.9966667,148.483871,1743.0
gsa,8183500.0,CP32,Stream Gage,8183500.0,08183500,28.95161264,-98.06424273,"San Antonio Rv nr Falls City, TX",2010,798.2903226,1065.535714,533.2903226,847.9,988.8387097,591.6333333,393.6774194,189.2903226,1277.4,364.1612903,383.0666667,326.7096774,2113.0
gsa,8183500.0,CP32,Stream Gage,8183500.0,08183500,28.95161264,-98.06424273,"San Antonio Rv nr Falls City, TX",2011,422.7741935,281.2857143,211.0967742,174.6,167.1806452,160.16,77.78064516,56.60645161,76.34666667,363.7290323,214.8,330.3225806,2113.0
gsa,8183500.0,CP32,Stream Gage,8183500.0,08183500,28.95161264,-98.06424273,"San Antonio Rv nr Falls City, TX",2012,430.1612903,648.7931034,457.5806452,220.9333333,744.0,123.65,285.683871,346.4709677,571.6566667,428.7419355,211.2,167.6129032,2113.0
gsa,8183500.0,CP32,Stream Gage,8183500.0,08183500,28.95161264,-98.06424273,"San Antonio Rv nr Falls City, TX",2013,438.0967742,229.3928571,179.3548387,344.1666667,1348.709677,410.3,206.0,90.79354839,203.3366667,222.8709677,205.0666667,193.9032258,2113.0
gsa,8183500.0,CP32,Stream Gage,8183500.0,08183500,28.95161264,-98.06424273,"San Antonio Rv nr Falls City, TX",2014,219.1612903,192.8214286,212.1935484,157.9666667,608.0645161,391.9333333,222.3516129,78.91290323,111.59,135.3612903,550.8,174.8064516,2113.0
gsa,8183500.0,CP32,Stream Gage,8183500.0,08183500,28.95161264,-98.06424273,"San Antonio Rv nr Falls City, TX",2015,356.8387097,223.2142857,549.5483871,971.2333333,1693.548387,953.2666667,310.2903226,133.0967742,184.8,422.0967742,742.8333333,391.4193548,2113.0
gsa,8183500.0,CP32,Stream Gage,8183500.0,08183500,28.95161264,-98.06424273,"San Antonio Rv nr Falls City, TX",2016,355.2580645,344.4137931,469.1290323,551.5333333,1391.548387,2862.9,486.1612903,1289.0,986.5666667,472.2903226,519.7333333,1470.16129,2113.0
gsa,8183500.0,CP32,Stream Gage,8183500.0,08183500,28.95161264,-98.06424273,"San Antonio Rv nr Falls City, TX",2017,686.1612903,882.9642857,612.3870968,499.3666667,285.483871,368.7,194.1290323,543.9354839,315.1666667,273.0,268.2,448.3548387,2113.0
gsa,8183500.0,CP32,Stream Gage,8183500.0,08183500,28.95161264,-98.06424273,"San Antonio Rv nr Falls City, TX",2018,280.6129032,423.6785714,586.9677419,366.1,336.3870968,147.2,259.1935484,193.016129,2181.566667,1099.741935,970.0,884.0645161,2113.0
gsa,8183500.0,CP32,Stream Gage,8183500.0,08183500,28.95161264,-98.06424273,"San Antonio Rv nr Falls City, TX",2019,808.2580645,690.8928571,549.2258065,607.9,678.2580645,777.9333333,568.7741935,183.2258065,212.1333333,369.6774194,253.9666667,277.0645161,2113.0
gsa,8183500.0,CP32,Stream Gage,8183500.0,08183500,28.95161264,-98.06424273,"San Antonio Rv nr Falls City, TX",2020,347.9032258,307.862069,314.4193548,404.4666667,572.0645161,264.6,139.4548387,141.4064516,346.4266667,150.4193548,228.9,241.1290323,2113.0
gsa,8183500.0,CP32,Stream Gage,8183500.0,08183500,28.95161264,-98.06424273,"San Antonio Rv nr Falls City, TX",2021,275.1935484,359.6071429,271.3870968,251.9,1152.645161,694.3,954.6774194,447.7741935,247.2666667,741.7096774,358.8333333,329.0,2113.0
gsa,8183500.0,CP32,Stream Gage,8183500.0,08183500,28.95161264,-98.06424273,"San Antonio Rv nr Falls City, TX",2022,230.9032258,358.7857143,190.0645161,237.8,210.8387097,127.7133333,98.31935484,159.1096774,160.2566667,136.0935484,239.4633333,290.3225806,2113.0
gsa,8183500.0,CP32,Stream Gage,8183500.0,08183500,28.95161264,-98.06424273,"San Antonio Rv nr Falls City, TX",2023,238.4516129,250.8928571,229.1612903,688.3,743.9354839,315.9666667,97.12903226,82.40645161,127.63,205.2580645,224.9666667,217.2903226,2113.0
gsa,8183500.0,CP32,Stream Gage,8183500.0,08183500,28.95161264,-98.06424273,"San Antonio Rv nr Falls City, TX",2024,654.8709677,333.6896552,285.1935484,319.9333333,217.0322581,245.3066667,270.7419355,118.0548387,258.8833333,112.1612903,206.74,185.8064516,2113.0
gsa,8183900.0,CP33,Stream Gage,8183900.0,08183900,29.77354073,-98.6976443,"Cibolo Ck nr Boerne, TX",2010,2.63130227,3.194920635,3.65744325,3.192098765,3.283918757,2.657382716,1.656774194,1.410561529,1.584197531,1.611851852,1.936691358,1.991015532,68.4
gsa,8183900.0,CP33,Stream Gage,8183900.0,08183900,29.77354073,-98.6976443,"Cibolo Ck nr Boerne, TX",2011,2.63130227,3.194920635,3.65744325,3.192098765,3.283918757,2.657382716,1.656774194,1.410561529,1.584395062,7.680967742,2.26,2.95516129,68.4
gsa,8183900.0,CP33,Stream Gage,8183900.0,08183900,29.77354073,-98.6976443,"Cibolo Ck nr Boerne, TX",2012,3.51483871,10.14827586,12.75516129,6.435333333,5.832580645,2.734,1.714193548,2.21516129,6.632666667,6.870322581,2.231,3.373548387,68.4
gsa,8183900.0,CP33,Stream Gage,8183900.0,08183900,29.77354073,-98.6976443,"Cibolo Ck nr Boerne, TX",2013,8.168387097,4.027142857,4.383870968,4.519333333,16.8916129,2.902,1.176451613,1.540967742,7.014666667,3.332903226,6.407666667,2.787096774,68.4
gsa,8183900.0,CP33,Stream Gage,8183900.0,08183900,29.77354073,-98.6976443,"Cibolo Ck nr Boerne, TX",2014,2.397741935,2.419285714,2.067741935,1.581666667,10.60354839,2.888,3.579032258,2.043225806,3.761,3.257741935,8.811333333,3.606129032,68.4
gsa,8183900.0,CP33,Stream Gage,8183900.0,08183900,29.77354073,-98.6976443,"Cibolo Ck nr Boerne, TX",2015,17.08612903,9.497142857,10.08645161,28.325,831.9606452,141.62,39.43225806,7.521612903,3.731333333,23.50258065,24.23,38.27741935,68.4
gsa,8183900.0,CP33,Stream Gage,8183900.0,08183900,29.77354073,-98.6976443,"Cibolo Ck nr Boerne, TX",2016,27.46451613,16.71034483,19.23870968,65.53333333,279.3483871,139.3533333,12.90129032,25.45064516,10.581,5.969354839,13.21133333,25.77,68.4
gsa,8183900.0,CP33,Stream Gage,8183900.0,08183900,29.77354073,-98.6976443,"Cibolo Ck nr Boerne, TX",2017,32.02806452,32.51428571,24.13548387,32.57,8.907741935,6.548666667,2.803548387,3.816774194,2.785666667,1.310645161,2.691666667,3.847741935,68.4
gsa,8183900.0,CP33,Stream Gage,8183900.0,08183900,29.77354073,-98.6976443,"Cibolo Ck nr Boerne, TX",2018,3.022580645,4.408214286,7.466129032,4.419333333,6.165806452,2.494,23.03419355,6.270645161,154.574,95.21935484,48.25333333,46.59677419,68.4
gsa,8183900.0,CP33,Stream Gage,8183900.0,08183900,29.77354073,-98.6976443,"Cibolo Ck nr Boerne, TX",2019,59.00967742,26.93928571,15.18064516,23.488,61.0483871,39.11333333,19.11193548,4.050967742,2.56,3.220645161,3.807666667,2.159032258,68.4
gsa,8183900.0,CP33,Stream Gage,8183900.0,08183900,29.77354073,-98.6976443,"Cibolo Ck nr Boerne, TX",2020,4.329354839,7.568275862,7.946774194,6.138,37.05612903,5.798,3.981935484,2.788709677,9.923,2.333548387,2.975666667,2.892258065,68.4
gsa,8183900.0,CP33,Stream Gage,8183900.0,08183900,29.77354073,-98.6976443,"Cibolo Ck nr Boerne, TX",2021,2.93516129,2.783928571,2.968387097,2.466,68.78451613,28.61,42.64451613,30.32451613,12.399,21.39806452,12.77766667,8.65,68.4
gsa,8183900.0,CP33,Stream Gage,8183900.0,08183900,29.77354073,-98.6976443,"Cibolo Ck nr Boerne, TX",2022,8.118387097,5.727857143,4.839677419,4.319,3.040322581,2.621666667,2.348064516,2.836774194,1.458666667,1.747741935,2.015666667,2.435483871,68.4
gsa,8183900.0,CP33,Stream Gage,8183900.0,08183900,29.77354073,-98.6976443,"Cibolo Ck nr Boerne, TX",2023,2.656774194,4.204285714,4.651935484,6.563,6.74,4.415666667,1.991612903,0.831290323,0.896666667,3.732258065,2.868333333,2.970322581,68.4
gsa,8183900.0,CP33,Stream Gage,8183900.0,08183900,29.77354073,-98.6976443,"Cibolo Ck nr Boerne, TX",2024,6.548064516,10.47034483,6.155806452,5.877666667,3.499032258,3.400333333,3.279032258,2.491290323,3.258,1.404193548,8.891666667,3.437096774,68.4
gsa,8185000.0,CP34,Stream Gage,8185000.0,08185000,29.59411664,-98.31106253,"Cibolo Ck at Selma, TX",2010,1.465806452,36.94571429,0.0,0.0,10.42096774,0.254,0.0,0.0,82.83733333,0.0,0.0,0.0,274.0
gsa,8185000.0,CP34,Stream Gage,8185000.0,08185000,29.59411664,-98.31106253,"Cibolo Ck at Selma, TX",2011,0.0,0.0,0.0,0.0,0.0,0.0,0.0,0.0,0.0,0.0,0.0,0.0,274.0
gsa,8185000.0,CP34,Stream Gage,8185000.0,08185000,29.59411664,-98.31106253,"Cibolo Ck at Selma, TX",2012,1.93516129,1.38,0.357096774,0.0,4.69516129,0.0,0.112258065,0.0,1.084333333,0.0,0.0,0.0,274.0
gsa,8185000.0,CP34,Stream Gage,8185000.0,08185000,29.59411664,-98.31106253,"Cibolo Ck at Selma, TX",2013,0.012903226,0.0,0.0,0.0,80.84032258,0.0,0.0,0.0,0.735666667,112.2580645,4.631,0.0,274.0
gsa,8185000.0,CP34,Stream Gage,8185000.0,08185000,29.59411664,-98.31106253,"Cibolo Ck at Selma, TX",2014,0.0,0.0,0.0,0.0,0.04,0.0,0.0,0.0,0.0,0.0,0.104666667,0.0,274.0
gsa,8185000.0,CP34,Stream Gage,8185000.0,08185000,29.59411664,-98.31106253,"Cibolo Ck at Selma, TX",2015,0.123548387,0.0,0.0,2.802,528.4522581,35.81066667,0.002258065,0.0,0.0,380.6532258,12.40733333,0.011935484,274.0
gsa,8185000.0,CP34,Stream Gage,8185000.0,08185000,29.59411664,-98.31106253,"Cibolo Ck at Selma, TX",2016,0.0,0.0,0.0,14.01266667,310.4806452,86.28866667,0.0,4.838064516,5.845666667,0.0,0.0,4.571290323,274.0
gsa,8185000.0,CP34,Stream Gage,8185000.0,08185000,29.59411664,-98.31106253,"Cibolo Ck at Selma, TX",2017,0.537741935,0.485,0.0,0.0,0.0,0.0,0.0,0.0,0.0,0.0,0.0,0.0,274.0
gsa,8185000.0,CP34,Stream Gage,8185000.0,08185000,29.59411664,-98.31106253,"Cibolo Ck at Selma, TX",2018,0.0,0.0,1.293870968,0.0,0.0,0.0,0.0,0.0,291.0676667,2.219677419,0.629,0.516451613,274.0
gsa,8185000.0,CP34,Stream Gage,8185000.0,08185000,29.59411664,-98.31106253,"Cibolo Ck at Selma, TX",2019,0.033225806,0.027142857,0.0,0.132333333,0.619032258,0.0,0.0,0.0,0.0,0.0,0.0,0.0,274.0
gsa,8185000.0,CP34,Stream Gage,8185000.0,08185000,29.59411664,-98.31106253,"Cibolo Ck at Selma, TX",2020,0.0,0.0,0.0,0.0,0.0,0.0,0.0,0.0,0.0,0.0,0.0,0.0,274.0
gsa,8185000.0,CP34,Stream Gage,8185000.0,08185000,29.59411664,-98.31106253,"Cibolo Ck at Selma, TX",2021,0.0,0.0,0.0,0.0,10.97741935,6.248333333,0.050967742,0.0,0.0,35.79258065,0.0,0.0,274.0
gsa,8185000.0,CP34,Stream Gage,8185000.0,08185000,29.59411664,-98.31106253,"Cibolo Ck at Selma, TX",2022,0.0,0.0,0.0,0.0,0.0,0.0,0.0,0.0,0.0,0.0,0.0,0.0,274.0
gsa,8185000.0,CP34,Stream Gage,8185000.0,08185000,29.59411664,-98.31106253,"Cibolo Ck at Selma, TX",2023,0.0,0.0,0.0,0.0,0.63483871,0.0,0.0,0.0,0.0,0.0,0.0,0.0,274.0
gsa,8185000.0,CP34,Stream Gage,8185000.0,08185000,29.59411664,-98.31106253,"Cibolo Ck at Selma, TX",2024,3.720967742,0.0,0.0,0.0,0.0,0.0,0.0,0.0,0.0,0.0,0.0,0.0,274.0
gsa,8186000.0,CP35,Stream Gage,8186000.0,08186000,29.01404526,-97.93028343,"Cibolo Ck nr Falls City, TX",2010,434.2709677,605.5357143,92.93548387,119.6733333,100.8129032,158.76,76.92580645,47.72903226,676.0666667,54.10967742,51.21,47.5516129,827.0
gsa,8186000.0,CP35,Stream Gage,8186000.0,08186000,29.01404526,-97.93028343,"Cibolo Ck nr Falls City, TX",2011,82.28387097,62.525,37.49032258,27.91666667,23.41612903,21.01666667,18.79032258,11.52580645,12.218,24.6483871,34.06333333,55.1483871,827.0
gsa,8186000.0,CP35,Stream Gage,8186000.0,08186000,29.01404526,-97.93028343,"Cibolo Ck nr Falls City, TX",2012,92.40967742,264.7344828,192.6096774,34.86,208.1483871,23.17666667,70.52258065,22.66451613,104.9433333,74.56451613,31.17666667,30.38064516,827.0
gsa,8186000.0,CP35,Stream Gage,8186000.0,08186000,29.01404526,-97.93028343,"Cibolo Ck nr Falls City, TX",2013,45.39677419,24.74642857,23.40322581,32.62666667,106.8193548,33.61,23.93870968,10.98483871,110.3153333,61.43225806,118.1566667,33.4483871,827.0
gsa,8186000.0,CP35,Stream Gage,8186000.0,08186000,29.01404526,-97.93028343,"Cibolo Ck nr Falls City, TX",2014,31.19354839,29.77142857,30.13870968,26.85666667,160.8354839,31.52,21.49677419,17.73548387,18.90666667,14.09032258,89.82666667,34.50322581,827.0
gsa,8186000.0,CP35,Stream Gage,8186000.0,08186000,29.01404526,-97.93028343,"Cibolo Ck nr Falls City, TX",2015,67.81935484,32.69285714,254.4903226,289.5876667,1024.65,459.41,55.72258065,33.3516129,26.57,87.31290323,342.69,67.98709677,827.0
gsa,8186000.0,CP35,Stream Gage,8186000.0,08186000,29.01404526,-97.93028343,"Cibolo Ck nr Falls City, TX",2016,60.78064516,66.48275862,113.116129,110.9133333,780.0387097,716.8766667,84.75483871,767.6774194,139.2166667,61.95806452,70.04666667,508.8709677,827.0
gsa,8186000.0,CP35,Stream Gage,8186000.0,08186000,29.01404526,-97.93028343,"Cibolo Ck nr Falls City, TX",2017,139.0290323,154.8035714,304.1870968,122.4966667,52.27419355,52.44333333,32.07741935,119.816129,39.25333333,32.19677419,31.47333333,59.39354839,827.0
gsa,8186000.0,CP35,Stream Gage,8186000.0,08186000,29.01404526,-97.93028343,"Cibolo Ck nr Falls City, TX",2018,36.20967742,73.49285714,251.3967742,64.26333333,41.13870968,20.89,21.5,12.34645161,454.242,115.3677419,91.97666667,180.4258065,827.0
gsa,8186000.0,CP35,Stream Gage,8186000.0,08186000,29.01404526,-97.93028343,"Cibolo Ck nr Falls City, TX",2019,103.8645161,55.10357143,44.4516129,71.07666667,145.1935484,89.82333333,66.1,23.95483871,27.86666667,41.20645161,31.47333333,30.31935484,827.0
gsa,8186000.0,CP35,Stream Gage,8186000.0,08186000,29.01404526,-97.93028343,"Cibolo Ck nr Falls City, TX",2020,35.47096774,34.30344828,40.47096774,62.45666667,88.20645161,30.90666667,19.99354839,17.79032258,53.53033333,22.84516129,33.61,36.98064516,827.0
gsa,8186000.0,CP35,Stream Gage,8186000.0,08186000,29.01404526,-97.93028343,"Cibolo Ck nr Falls City, TX",2021,44.36451613,42.72142857,34.27419355,32.51333333,453.9516129,432.8866667,222.0322581,48.05806452,42.68,586.6193548,65.31666667,50.00967742,827.0
gsa,8186000.0,CP35,Stream Gage,8186000.0,08186000,29.01404526,-97.93028343,"Cibolo Ck nr Falls City, TX",2022,42.56774194,65.52142857,54.03870968,56.65333333,34.00967742,20.18333333,19.5483871,19.13548387,21.13,21.1483871,29.66,118.8258065,827.0
gsa,8186000.0,CP35,Stream Gage,8186000.0,08186000,29.01404526,-97.93028343,"Cibolo Ck nr Falls City, TX",2023,32.2483871,34.16428571,32.03548387,259.26,328.8129032,60.87666667,16.03548387,12.81290323,12.41,34.54193548,33.50333333,29.77419355,827.0
gsa,8186000.0,CP35,Stream Gage,8186000.0,08186000,29.01404526,-97.93028343,"Cibolo Ck nr Falls City, TX",2024,168.8741935,71.9,38.10645161,42.48,31.7,26.73333333,41.02580645,21.24516129,27.17666667,15.98709677,23.24333333,58.88064516,827.0
gsa,8186500.0,CP36,Stream Gage,8186500.0,08186500,28.92009804,-97.77272142,"Ecleto Ck nr Runge, TX",2010,116.0941935,106.9107143,8.861290323,5.362666667,8.43,2.387333333,2.377096774,0.07516129,1.856666667,0.085483871,0.374333333,0.730967742,239.0
gsa,8186500.0,CP36,Stream Gage,8186500.0,08186500,28.92009804,-97.77272142,"Ecleto Ck nr Runge, TX",2011,1.904193548,0.398214286,0.193548387,0.046333333,0.004516129,0.0,0.0,0.0,0.0,4.397419355,0.000333333,2.871290323,239.0
gsa,8186500.0,CP36,Stream Gage,8186500.0,08186500,28.92009804,-97.77272142,"Ecleto Ck nr Runge, TX",2012,0.899354839,4.686206897,82.08612903,1.049666667,31.46774194,0.119,7.360967742,0.000645161,0.001666667,0.0,0.0,0.0,239.0
gsa,8186500.0,CP36,Stream Gage,8186500.0,08186500,28.92009804,-97.77272142,"Ecleto Ck nr Runge, TX",2013,0.208709677,0.083928571,0.226129032,0.084,2.038387097,3.002,0.0,0.0,0.883,11.67064516,0.0,0.0,239.0
gsa,8186500.0,CP36,Stream Gage,8186500.0,08186500,28.92009804,-97.77272142,"Ecleto Ck nr Runge, TX",2014,0.0,0.014642857,0.027741935,0.0,105.366129,12.55333333,0.035806452,0.0,0.0,0.0,0.0,0.0,239.0
gsa,8186500.0,CP36,Stream Gage,8186500.0,08186500,28.92009804,-97.77272142,"Ecleto Ck nr Runge, TX",2015,0.0,0.0,123.4245161,217.8683333,346.3935484,22.01333333,0.704193548,0.0,0.0,12.44387097,0.031,0.017741935,239.0
gsa,8186500.0,CP36,Stream Gage,8186500.0,08186500,28.92009804,-97.77272142,"Ecleto Ck nr Runge, TX",2016,0.013225806,12.35482759,21.90129032,5.71,55.69967742,131.1506667,0.036451613,461.3419355,20.68866667,2.118387097,1.136666667,31.86903226,239.0
gsa,8186500.0,CP36,Stream Gage,8186500.0,08186500,28.92009804,-97.77272142,"Ecleto Ck nr Runge, TX",2017,7.537419355,10.09392857,97.12387097,5.183333333,37.99096774,4.389,0.030645161,122.3990323,2.244,0.307096774,0.056666667,0.283225806,239.0
gsa,8186500.0,CP36,Stream Gage,8186500.0,08186500,28.92009804,-97.77272142,"Ecleto Ck nr Runge, TX",2018,0.082580645,6.445357143,15.60580645,1.383666667,0.007096774,0.0,0.0,0.0,60.61266667,41.81935484,75.44,57.17935484,239.0
gsa,8186500.0,CP36,Stream Gage,8186500.0,08186500,28.92009804,-97.77272142,"Ecleto Ck nr Runge, TX",2019,3.822580645,3.192142857,0.499354839,9.431666667,67.11935484,3.063,3.948387097,0.0,0.0,0.002258065,0.015333333,0.043870968,239.0
gsa,8186500.0,CP36,Stream Gage,8186500.0,08186500,28.92009804,-97.77272142,"Ecleto Ck nr Runge, TX",2020,0.042580645,0.000689655,1.818387097,0.214,29.50064516,4.393333333,0.042903226,0.0,20.93733333,0.059354839,0.374,0.869032258,239.0
gsa,8186500.0,CP36,Stream Gage,8186500.0,08186500,28.92009804,-97.77272142,"Ecleto Ck nr Runge, TX",2021,0.154516129,0.655,0.243225806,0.020333333,115.7274194,280.4,109.1409677,42.09935484,0.056,218.3616129,7.980333333,2.51,239.0
gsa,8186500.0,CP36,Stream Gage,8186500.0,08186500,28.92009804,-97.77272142,"Ecleto Ck nr Runge, TX",2022,1.167096774,0.755357143,0.328709677,0.039666667,0.538387097,0.001666667,0.0,2.87483871,1.446666667,0.0,0.064333333,0.166129032,239.0
gsa,8186500.0,CP36,Stream Gage,8186500.0,08186500,28.92009804,-97.77272142,"Ecleto Ck nr Runge, TX",2023,49.59100157,2.21107611,2.11170714,1.89117603,2.576161049,2.326146067,1.471244412,1.406666667,1.406666667,1.406666667,1.406666667,1.406666667,239.0
gsa,8186500.0,CP36,Stream Gage,8186500.0,08186500,28.92009804,-97.77272142,"Ecleto Ck nr Runge, TX",2024,1.406666667,1.406666667,1.406666667,1.406666667,1.750007853,1.719865169,24.11946237,1.33483871,0.009666667,0.0,0.0,52.28709677,239.0
gsa,8188500.0,CP37,Stream Gage,8188500.0,08188500,28.64976999,-97.38474087,"San Antonio Rv at Goliad, TX",2010,1430.258065,2109.75,733.0,1105.166667,1289.419355,877.0333333,525.7096774,275.4516129,1898.766667,484.0645161,426.6333333,357.4516129,3921.0
gsa,8188500.0,CP37,Stream Gage,8188500.0,08188500,28.64976999,-97.38474087,"San Antonio Rv at Goliad, TX",2011,551.6774194,420.6071429,308.7096774,235.4666667,226.2258065,230.3,119.8483871,66.06774194,104.3133333,447.1516129,238.1666667,410.9354839,3921.0
gsa,8188500.0,CP37,Stream Gage,8188500.0,08188500,28.64976999,-97.38474087,"San Antonio Rv at Goliad, TX",2012,536.8064516,1053.793103,1034.870968,311.6333333,1188.322581,157.1333333,377.5354839,372.0193548,591.29,609.0,291.4,216.5483871,3921.0
gsa,8188500.0,CP37,Stream Gage,8188500.0,08188500,28.64976999,-97.38474087,"San Antonio Rv at Goliad, TX",2013,494.483871,276.2857143,221.5483871,336.1666667,1547.193548,619.8333333,235.8387097,122.5806452,257.3666667,416.6774194,333.9333333,234.7419355,3921.0
gsa,8188500.0,CP37,Stream Gage,8188500.0,08188500,28.64976999,-97.38474087,"San Antonio Rv at Goliad, TX",2014,244.1612903,216.1071429,247.5483871,198.9666667,1136.322581,672.7,312.6774194,114.7451613,124.8633333,169.9677419,721.9333333,259.3225806,3921.0
gsa,8188500.0,CP37,Stream Gage,8188500.0,08188500,28.64976999,-97.38474087,"San Antonio Rv at Goliad, TX",2015,472.9032258,277.2142857,1136.612903,2045.966667,3574.096774,2078.066667,505.0322581,200.8064516,234.3333333,532.3548387,1224.933333,634.6129032,3921.0
gsa,8188500.0,CP37,Stream Gage,8188500.0,08188500,28.64976999,-97.38474087,"San Antonio Rv at Goliad, TX",2016,459.516129,443.8275862,705.483871,698.1333333,2537.709677,4408.333333,693.483871,2837.935484,1123.466667,882.2903226,651.1333333,2192.16129,3921.0
gsa,8188500.0,CP37,Stream Gage,8188500.0,08188500,28.64976999,-97.38474087,"San Antonio Rv at Goliad, TX",2017,910.0,1263.928571,1329.16129,784.7666667,462.3870968,560.2,264.2580645,1002.677419,370.5666667,410.8064516,315.4,574.8387097,3921.0
gsa,8188500.0,CP37,Stream Gage,8188500.0,08188500,28.64976999,-97.38474087,"San Antonio Rv at Goliad, TX",2018,367.2580645,574.2857143,573.4193548,907.0666667,408.6129032,228.1333333,323.8064516,220.4193548,3318.866667,1573.419355,1485.966667,1209.032258,3921.0
gsa,8188500.0,CP37,Stream Gage,8188500.0,08188500,28.64976999,-97.38474087,"San Antonio Rv at Goliad, TX",2019,858.516129,719.1428571,571.516129,703.7666667,955.5483871,721.2333333,625.8387097,222.4193548,255.1333333,441.4516129,345.9,356.4193548,3921.0
gsa,8188500.0,CP37,Stream Gage,8188500.0,08188500,28.64976999,-97.38474087,"San Antonio Rv at Goliad, TX",2020,461.9677419,440.862069,506.1612903,602.3,791.6451613,383.8666667,170.8709677,182.0322581,656.3666667,200.4516129,228.8333333,345.8064516,3921.0
gsa,8188500.0,CP37,Stream Gage,8188500.0,08188500,28.64976999,-97.38474087,"San Antonio Rv at Goliad, TX",2021,317.9032258,382.1428571,308.0322581,266.2333333,2041.225806,1901.8,2465.516129,610.9032258,239.2,1873.096774,482.8666667,425.4193548,3921.0
gsa,8188500.0,CP37,Stream Gage,8188500.0,08188500,28.64976999,-97.38474087,"San Antonio Rv at Goliad, TX",2022,312.4193548,515.8928571,285.483871,293.3,285.7741935,132.02,154.2903226,204.0451613,214.9466667,120.8741935,259.2666667,473.8709677,3921.0
gsa,8188500.0,CP37,Stream Gage,8188500.0,08188500,28.64976999,-97.38474087,"San Antonio Rv at Goliad, TX",2023,351.0,303.8214286,269.516129,1608.133333,2800.290323,599.7666667,136.383871,93.82580645,130.9033333,243.2580645,298.0,257.0322581,3921.0
gsa,8188500.0,CP37,Stream Gage,8188500.0,08188500,28.64976999,-97.38474087,"San Antonio Rv at Goliad, TX",2024,1041.225806,628.0689655,326.2258065,352.4666667,306.6774194,307.9666667,376.7096774,191.8387097,298.5333333,120.3774194,225.7333333,384.0322581,3921.0
gsa,8188800.0,CP38,Stream Gage,8188800.0,08188800,28.50584043,-96.8846108,"Guadalupe Rv nr Tivoli, TX",2010,2375.483871,2881.785714,2720.645161,2389.166667,2819.032258,2301.416667,2444.193548,1261.782258,2870.666667,1742.903226,1241.333333,1150.322581,10128.0
gsa,8188800.0,CP38,Stream Gage,8188800.0,08188800,28.50584043,-96.8846108,"Guadalupe Rv nr Tivoli, TX",2011,1688.387097,1230.357143,994.6774194,743.5333333,565.4193548,466.5,378.5483871,274.5483871,267.0333333,551.4193548,450.1333333,761.7741935,10128.0
gsa,8188800.0,CP38,Stream Gage,8188800.0,08188800,28.50584043,-96.8846108,"Guadalupe Rv nr Tivoli, TX",2012,1020.806452,2561.37931,1896.129032,1574.166667,1839.806452,801.8666667,1191.612903,587.7096774,855.6333333,1029.290323,615.4,515.5806452,10128.0
gsa,8188800.0,CP38,Stream Gage,8188800.0,08188800,28.50584043,-96.8846108,"Guadalupe Rv nr Tivoli, TX",2013,889.9032258,649.25,559.6774194,679.1333333,1072.290323,1365.033333,525.8064516,348.4193548,444.8333333,1234.354839,1734.8,834.3225806,10128.0
gsa,8188800.0,CP38,Stream Gage,8188800.0,08188800,28.50584043,-96.8846108,"Guadalupe Rv nr Tivoli, TX",2014,689.8709677,614.0,620.6774194,456.7333333,890.9677419,1323.766667,587.1935484,250.7096774,305.0666667,358.3225806,739.7666667,603.9032258,10128.0
gsa,8188800.0,CP38,Stream Gage,8188800.0,08188800,28.50584043,-96.8846108,"Guadalupe Rv nr Tivoli, TX",2015,850.8709677,786.7857143,1892.322581,1948.0,2300.193548,2502.466667,2102.903226,1170.064516,1033.6,1172.548387,2476.333333,2335.483871,10128.0
gsa,8188800.0,CP38,Stream Gage,8188800.0,08188800,28.50584043,-96.8846108,"Guadalupe Rv nr Tivoli, TX",2016,2220.0,1652.068966,2131.290323,1937.0,2739.032258,2700.25,2323.548387,2233.870968,2408.666667,2154.193548,1832.666667,2539.032258,10128.0
gsa,8188800.0,CP38,Stream Gage,8188800.0,08188800,28.50584043,-96.8846108,"Guadalupe Rv nr Tivoli, TX",2017,2371.935484,2425.0,2728.709677,2532.333333,1696.774194,1548.666667,1008.677419,1235.376344,2007.944444,1641.935484,1145.666667,1529.354839,10128.0
gsa,8188800.0,CP38,Stream Gage,8188800.0,08188800,28.50584043,-96.8846108,"Guadalupe Rv nr Tivoli, TX",2018,1208.064516,1108.357143,1195.419355,2008.333333,1093.806452,1123.833333,908.2580645,465.1290323,2176.066667,2807.741935,2914.0,2845.16129,10128.0
gsa,8188800.0,CP38,Stream Gage,8188800.0,08188800,28.50584043,-96.8846108,"Guadalupe Rv nr Tivoli, TX",2019,2912.580645,2577.857143,2136.451613,2110.0,2586.129032,2443.333333,1932.580645,989.6129032,842.2,881.0322581,1034.966667,902.2258065,10128.0
gsa,8188800.0,CP38,Stream Gage,8188800.0,08188800,28.50584043,-96.8846108,"Guadalupe Rv nr Tivoli, TX",2020,1021.83871,1040.689655,1112.806452,1552.166667,1638.935484,1597.166667,743.5806452,620.516129,1042.933333,518.516129,555.7,742.5806452,10128.0
gsa,8188800.0,CP38,Stream Gage,8188800.0,08188800,28.50584043,-96.8846108,"Guadalupe Rv nr Tivoli, TX",2021,784.5806452,792.1428571,650.9677419,570.8333333,2749.354839,2446.666667,2602.580645,1650.096774,780.9333333,2411.451613,1910.333333,1341.612903,10128.0
gsa,8188800.0,CP38,Stream Gage,8188800.0,08188800,28.50584043,-96.8846108,"Guadalupe Rv nr Tivoli, TX",2022,1080.806452,1726.071429,1088.419355,829.6333333,735.4193548,486.5333333,401.7419355,281.7483871,510.7333333,261.516129,485.9,805.0967742,10128.0
gsa,8188800.0,CP38,Stream Gage,8188800.0,08188800,28.50584043,-96.8846108,"Guadalupe Rv nr Tivoli, TX",2023,698.1612903,668.0357143,612.7741935,2220.666667,2912.258065,1279.133333,409.9032258,234.6774194,228.9,324.9677419,616.8333333,535.9677419,10128.0
gsa,8188800.0,CP38,Stream Gage,8188800.0,08188800,28.50584043,-96.8846108,"Guadalupe Rv nr Tivoli, TX",2024,1374.935484,2332.068966,1006.0,857.5,765.8064516,812.0333333,836.2903226,706.9677419,553.7666667,293.9354839,368.5066667,625.5806452,10128.0
nueces,8190000.0,CP01,Stream gage,8190000.0,08190000,29.4285415,-99.99712144,"Nueces Rv at Laguna, TX",2010,57.48709677,163.0,99.32580645,192.9033333,146.7741935,81.78333333,101.7677419,50.56129032,46.79333333,38.14193548,29.13,28.26451613,737.0
nueces,8190000.0,CP01,Stream gage,8190000.0,08190000,29.4285415,-99.99712144,"Nueces Rv at Laguna, TX",2011,33.3483871,35.29285714,33.76774194,28.32,20.62258065,12.96733333,7.244516129,12.70096774,10.09133333,16.40032258,13.10766667,18.22258065,737.0
nueces,8190000.0,CP01,Stream gage,8190000.0,08190000,29.4285415,-99.99712144,"Nueces Rv at Laguna, TX",2012,29.55806452,35.30689655,55.23225806,42.53666667,148.4709677,59.02666667,61.46129032,37.81612903,29.02666667,22.48387097,19.06,20.94193548,737.0
nueces,8190000.0,CP01,Stream gage,8190000.0,08190000,29.4285415,-99.99712144,"Nueces Rv at Laguna, TX",2013,24.98387097,29.23214286,29.96774194,28.89333333,33.82580645,108.4366667,56.16451613,24.5516129,16.38333333,48.29032258,28.64666667,42.18387097,737.0
nueces,8190000.0,CP01,Stream gage,8190000.0,08190000,29.4285415,-99.99712144,"Nueces Rv at Laguna, TX",2014,40.3483871,37.27142857,32.58064516,28.40333333,24.53548387,33.24666667,29.57419355,23.08064516,19.04666667,18.89354839,18.72333333,23.96451613,737.0
nueces,8190000.0,CP01,Stream gage,8190000.0,08190000,29.4285415,-99.99712144,"Nueces Rv at Laguna, TX",2015,29.15483871,29.22142857,32.04193548,58.06333333,1070.116129,510.2,231.9677419,91.54516129,61.12666667,123.183871,252.4,239.3225806,737.0
nueces,8190000.0,CP01,Stream gage,8190000.0,08190000,29.4285415,-99.99712144,"Nueces Rv at Laguna, TX",2016,157.5483871,113.7241379,127.4774194,159.9,304.9032258,378.6666667,126.516129,162.8225806,899.1666667,299.6451613,147.5333333,170.1290323,737.0
nueces,8190000.0,CP01,Stream gage,8190000.0,08190000,29.4285415,-99.99712144,"Nueces Rv at Laguna, TX",2017,128.516129,107.1928571,107.2032258,227.68,115.1774194,136.71,55.9483871,34.70967742,54.23333333,91.48387097,75.32666667,75.93870968,737.0
nueces,8190000.0,CP01,Stream gage,8190000.0,08190000,29.4285415,-99.99712144,"Nueces Rv at Laguna, TX",2018,66.84193548,63.31785714,68.45483871,47.51666667,62.42258065,33.27666667,20.6,203.0290323,780.63,4729.967742,818.2333333,433.8387097,737.0
nueces,8190000.0,CP01,Stream gage,8190000.0,08190000,29.4285415,-99.99712144,"Nueces Rv at Laguna, TX",2019,281.3870968,195.4642857,154.5483871,147.0666667,185.8064516,498.7333333,189.3870968,102.7322581,75.43333333,65.29032258,70.42666667,69.41290323,737.0
nueces,8190000.0,CP01,Stream gage,8190000.0,08190000,29.4285415,-99.99712144,"Nueces Rv at Laguna, TX",2020,73.21935484,75.38965517,96.69354839,111.59,75.53548387,54.32333333,35.16774194,26.20645161,30.61666667,34.43225806,37.44333333,41.78709677,737.0
nueces,8190000.0,CP01,Stream gage,8190000.0,08190000,29.4285415,-99.99712144,"Nueces Rv at Laguna, TX",2021,54.16129032,56.15357143,53.31935484,47.72,86.94516129,84.84333333,74.36774194,58.39354839,43.56666667,43.57741935,40.99666667,39.32258065,737.0
nueces,8190000.0,CP01,Stream gage,8190000.0,08190000,29.4285415,-99.99712144,"Nueces Rv at Laguna, TX",2022,39.13225806,37.51071429,32.88064516,28.82333333,24.89354839,16.31333333,14.41290323,90.38129032,238.6333333,94.17096774,73.34,72.88709677,737.0
nueces,8190000.0,CP01,Stream gage,8190000.0,08190000,29.4285415,-99.99712144,"Nueces Rv at Laguna, TX",2023,60.86129032,53.84642857,49.57741935,44.89,51.90322581,93.96333333,49.48064516,24.8516129,17.26,188.9096774,109.2633333,75.0,737.0
nueces,8190000.0,CP01,Stream gage,8190000.0,08190000,29.4285415,-99.99712144,"Nueces Rv at Laguna, TX",2024,60.37419355,53.91724138,49.13870968,37.63,30.56774194,20.7,134.5032258,51.92258065,51.53666667,31.51612903,41.28,26.32258065,737.0
nueces,8190500.0,CP02,Stream gage,8190500.0,08190500,29.48137668,-100.2386882,"W Nueces Rv nr Brackettville, TX",2010,0.431612903,2.906785714,0.394516129,1.817666667,0.622580645,1.279666667,5.426774194,0.43,0.333,0.180967742,0.157666667,0.156129032,694.0
nueces,8190500.0,CP02,Stream gage,8190500.0,08190500,29.48137668,-100.2386882,"W Nueces Rv nr Brackettville, TX",2011,0.146129032,0.111428571,0.081290323,0.035333333,0.005483871,0.0,0.0,0.0,0.0,0.0,0.0,0.0,694.0
nueces,8190500.0,CP02,Stream gage,8190500.0,08190500,29.48137668,-100.2386882,"W Nueces Rv nr Brackettville, TX",2012,0.0,0.0,0.0,0.01,1.711612903,0.013333333,0.906451613,0.001935484,0.0,0.0,0.0,0.0,694.0
nueces,8190500.0,CP02,Stream gage,8190500.0,08190500,29.48137668,-100.2386882,"W Nueces Rv nr Brackettville, TX",2013,0.0,0.0,0.0,0.0,4.601935484,8.566,1.749677419,0.039032258,0.004,0.007096774,0.0,0.000967742,694.0
nueces,8190500.0,CP02,Stream gage,8190500.0,08190500,29.48137668,-100.2386882,"W Nueces Rv nr Brackettville, TX",2014,0.0,0.0,0.0,0.0,0.0,0.028,0.0,0.0,0.0,0.0,0.0,0.0,694.0
nueces,8190500.0,CP02,Stream gage,8190500.0,08190500,29.48137668,-100.2386882,"W Nueces Rv nr Brackettville, TX",2015,0.0,0.0,0.1,0.919,157.1590323,30.13533333,1.482580645,0.04,0.0,0.179677419,0.196333333,0.047419355,694.0
nueces,8190500.0,CP02,Stream gage,8190500.0,08190500,29.48137668,-100.2386882,"W Nueces Rv nr Brackettville, TX",2016,0.0,0.0,0.0,3.582,0.921612903,0.116666667,0.0,0.824193548,851.4946667,68.67903226,1.055,0.764516129,694.0
nueces,8190500.0,CP02,Stream gage,8190500.0,08190500,29.48137668,-100.2386882,"W Nueces Rv nr Brackettville, TX",2017,0.05483871,0.059285714,0.048064516,76.59866667,1.684516129,0.151333333,0.032580645,0.275483871,1.986,11.44516129,1.461,0.757419355,694.0
nueces,8190500.0,CP02,Stream gage,8190500.0,08190500,29.48137668,-100.2386882,"W Nueces Rv nr Brackettville, TX",2018,0.112258065,0.046428571,0.042580645,0.064666667,0.426774194,0.007333333,0.000967742,0.002258065,279.6123333,1039.812903,143.5566667,43.83225806,694.0
nueces,8190500.0,CP02,Stream gage,8190500.0,08190500,29.48137668,-100.2386882,"W Nueces Rv nr Brackettville, TX",2019,9.917419355,2.937857143,0.787741935,0.397666667,1.783225806,916.7693333,7.943548387,1.588387097,0.301666667,0.165806452,0.085666667,0.057741935,694.0
nueces,8190500.0,CP02,Stream gage,8190500.0,08190500,29.48137668,-100.2386882,"W Nueces Rv nr Brackettville, TX",2020,0.032258065,0.027586207,0.13516129,0.698,0.086451613,0.043333333,0.008387097,0.007096774,0.250333333,0.151290323,0.151333333,0.174516129,694.0
nueces,8190500.0,CP02,Stream gage,8190500.0,08190500,29.48137668,-100.2386882,"W Nueces Rv nr Brackettville, TX",2021,0.204193548,0.164642857,0.137741935,0.056666667,0.35483871,0.036,0.019677419,0.226774194,0.046666667,0.045806452,0.035333333,0.046451613,694.0
nueces,8190500.0,CP02,Stream gage,8190500.0,08190500,29.48137668,-100.2386882,"W Nueces Rv nr Brackettville, TX",2022,0.03,0.029285714,0.008709677,0.000333333,0.0,0.0,0.0,0.096129032,0.500666667,0.145483871,0.013333333,0.000322581,694.0
nueces,8190500.0,CP02,Stream gage,8190500.0,08190500,29.48137668,-100.2386882,"W Nueces Rv nr Brackettville, TX",2023,0.0,0.0,0.0,0.0,0.007096774,0.078666667,0.003225806,0.0,0.0,0.0,0.0,0.0,694.0
nueces,8190500.0,CP02,Stream gage,8190500.0,08190500,29.48137668,-100.2386882,"W Nueces Rv nr Brackettville, TX",2024,0.0,0.0,0.0,0.0,0.0,0.0,124.4129032,2.906129032,6.229,0.219032258,0.100333333,0.038064516,694.0
nueces,8192000.0,CP03,Stream gage,8192000.0,08192000,29.12385385,-99.89405585,"Nueces Rv bl Uvalde, TX",2010,5.13516129,6.6825,6.457096774,8.903,9.619032258,11.35866667,10.43774194,7.718709677,8.209666667,7.026451613,6.762666667,6.947096774,1861.0
nueces,8192000.0,CP03,Stream gage,8192000.0,08192000,29.12385385,-99.89405585,"Nueces Rv bl Uvalde, TX",2011,6.144193548,5.063214286,5.161935484,4.178666667,2.457741935,1.133666667,0.608709677,0.18483871,0.018,0.197741935,0.899,1.548709677,1861.0
nueces,8192000.0,CP03,Stream gage,8192000.0,08192000,29.12385385,-99.89405585,"Nueces Rv bl Uvalde, TX",2012,1.273225806,0.887241379,0.597096774,0.226,0.366129032,0.000333333,0.0,0.0,0.0,0.0,0.0,0.0,1861.0
nueces,8192000.0,CP03,Stream gage,8192000.0,08192000,29.12385385,-99.89405585,"Nueces Rv bl Uvalde, TX",2013,0.0,0.0,0.0,0.0,0.0,0.0,0.009032258,0.0,0.0,0.0,0.0,0.0,1861.0
nueces,8192000.0,CP03,Stream gage,8192000.0,08192000,29.12385385,-99.89405585,"Nueces Rv bl Uvalde, TX",2014,0.0,0.0,0.0,0.0,0.0,0.0,0.0,0.0,0.0,0.0,0.0,0.0,1861.0
nueces,8192000.0,CP03,Stream gage,8192000.0,08192000,29.12385385,-99.89405585,"Nueces Rv bl Uvalde, TX",2015,0.0,0.0,0.0,0.0,757.306129,265.9,107.5032258,27.00322581,14.53666667,57.63129032,48.72666667,109.4419355,1861.0
nueces,8192000.0,CP03,Stream gage,8192000.0,08192000,29.12385385,-99.89405585,"Nueces Rv bl Uvalde, TX",2016,54.45483871,34.27931034,36.80322581,24.19,106.8258065,269.77,54.06774194,70.20322581,1578.666667,458.1290323,100.9233333,116.516129,1861.0
nueces,8192000.0,CP03,Stream gage,8192000.0,08192000,29.12385385,-99.89405585,"Nueces Rv bl Uvalde, TX",2017,69.6516129,50.64642857,52.51290323,188.72,75.10322581,71.29,34.62903226,27.18064516,22.68666667,17.63225806,16.98333333,18.8,1861.0
nueces,8192000.0,CP03,Stream gage,8192000.0,08192000,29.12385385,-99.89405585,"Nueces Rv bl Uvalde, TX",2018,20.16451613,19.69285714,20.06129032,19.15666667,15.25806452,10.03333333,7.186451613,85.22354839,902.0043333,5952.451613,888.2,435.0,1861.0
nueces,8192000.0,CP03,Stream gage,8192000.0,08192000,29.12385385,-99.89405585,"Nueces Rv bl Uvalde, TX",2019,280.7741935,197.7142857,151.3548387,124.9333333,181.1935484,909.2333333,174.6129032,77.77096774,51.06,41.74516129,37.25333333,36.09677419,1861.0
nueces,8192000.0,CP03,Stream gage,8192000.0,08192000,29.12385385,-99.89405585,"Nueces Rv bl Uvalde, TX",2020,35.96451613,34.1862069,31.86774194,37.98666667,33.32903226,26.12,19.15483871,14.33548387,12.79,11.7,11.53333333,11.33548387,1861.0
nueces,8192000.0,CP03,Stream gage,8192000.0,08192000,29.12385385,-99.89405585,"Nueces Rv bl Uvalde, TX",2021,11.8,11.68214286,10.39903226,9.439333333,9.842258065,7.870333333,6.780967742,7.632258065,5.968333333,7.024193548,6.657666667,6.281290323,1861.0
nueces,8192000.0,CP03,Stream gage,8192000.0,08192000,29.12385385,-99.89405585,"Nueces Rv bl Uvalde, TX",2022,5.898387097,6.22,4.98,4.190333333,3.887096774,1.775666667,0.813548387,0.50516129,20.234,6.607741935,4.692,3.441612903,1861.0
nueces,8192000.0,CP03,Stream gage,8192000.0,08192000,29.12385385,-99.89405585,"Nueces Rv bl Uvalde, TX",2023,2.610322581,2.106071429,1.720645161,1.348666667,1.847419355,1.194333333,0.318387097,0.0,0.0,16.02129032,4.443666667,3.480967742,1861.0
nueces,8192000.0,CP03,Stream gage,8192000.0,08192000,29.12385385,-99.89405585,"Nueces Rv bl Uvalde, TX",2024,1.95,1.579655172,1.306129032,0.722333333,5.496129032,0.694666667,0.0,0.0,0.0,0.0,0.0,0.0,1861.0
nueces,8193000.0,CP04,Stream gage,8193000.0,08193000,28.5003834,-99.68234247,"Nueces Rv nr Asherton, TX",2010,0.0,14.7125,0.033225806,32.61633333,1.587741935,1.59,0.0,0.0,0.0,0.0,0.0,0.0,4082.0
nueces,8193000.0,CP04,Stream gage,8193000.0,08193000,28.5003834,-99.68234247,"Nueces Rv nr Asherton, TX",2011,0.0,0.0,0.0,0.0,0.0,0.0,0.0,0.0,0.0,285.6219355,0.0,0.0,4082.0
nueces,8193000.0,CP04,Stream gage,8193000.0,08193000,28.5003834,-99.68234247,"Nueces Rv nr Asherton, TX",2012,0.0,0.0,0.0,7.700666667,212.1722581,0.0,0.0,0.0,0.0,162.6309677,0.0,0.0,4082.0
nueces,8193000.0,CP04,Stream gage,8193000.0,08193000,28.5003834,-99.68234247,"Nueces Rv nr Asherton, TX",2013,0.0,0.0,0.0,0.0,0.0,1140.726667,0.496451613,0.0,0.0,1273.401935,0.21,0.0,4082.0
nueces,8193000.0,CP04,Stream gage,8193000.0,08193000,28.5003834,-99.68234247,"Nueces Rv nr Asherton, TX",2014,0.0,0.0,0.0,0.0,0.0,111.0133333,3.987096774,0.0,0.0,0.004516129,0.0,0.0,4082.0
nueces,8193000.0,CP04,Stream gage,8193000.0,08193000,28.5003834,-99.68234247,"Nueces Rv nr Asherton, TX",2015,0.0,0.0,0.0,7.397666667,2571.354839,491.2133333,47.50806452,0.0,0.0,739.17,115.7946667,48.99451613,4082.0
nueces,8193000.0,CP04,Stream gage,8193000.0,08193000,28.5003834,-99.68234247,"Nueces Rv nr Asherton, TX",2016,31.92645161,0.883793103,27.5183871,4.124,120.0754839,178.5633333,3.495806452,318.2790323,689.7236667,483.3225806,130.8533333,138.5096774,4082.0
nueces,8193000.0,CP04,Stream gage,8193000.0,08193000,28.5003834,-99.68234247,"Nueces Rv nr Asherton, TX",2017,53.43225806,32.95,33.0483871,160.5266667,54.87419355,54.38733333,0.113548387,0.0,49.43666667,75.00516129,0.0,0.0,4082.0
nueces,8193000.0,CP04,Stream gage,8193000.0,08193000,28.5003834,-99.68234247,"Nueces Rv nr Asherton, TX",2018,0.0,0.0,0.0,0.0,0.0,0.0,0.0,0.0,1382.423,4500.903226,1074.033333,565.483871,4082.0
nueces,8193000.0,CP04,Stream gage,8193000.0,08193000,28.5003834,-99.68234247,"Nueces Rv nr Asherton, TX",2019,378.1290323,258.1428571,175.483871,120.5,179.9677419,956.5333333,192.3677419,27.64032258,2.926666667,0.146129032,5.543333333,1.54,4082.0
nueces,8193000.0,CP04,Stream gage,8193000.0,08193000,28.5003834,-99.68234247,"Nueces Rv nr Asherton, TX",2020,0.254516129,6.504137931,3.228387097,0.0,0.0,0.0,0.0,0.0,0.0,0.0,0.0,0.0,4082.0
nueces,8193000.0,CP04,Stream gage,8193000.0,08193000,28.5003834,-99.68234247,"Nueces Rv nr Asherton, TX",2021,0.0,0.0,0.0,0.0,4.72,130.6736667,2.047741935,65.18419355,0.0,0.0,0.0,0.0,4082.0
nueces,8193000.0,CP04,Stream gage,8193000.0,08193000,28.5003834,-99.68234247,"Nueces Rv nr Asherton, TX",2022,0.0,0.0,0.0,0.0,0.0,0.0,0.0,2.096451613,404.7233333,0.0,0.0,0.0,4082.0
nueces,8193000.0,CP04,Stream gage,8193000.0,08193000,28.5003834,-99.68234247,"Nueces Rv nr Asherton, TX",2023,0.0,0.0,0.0,0.0,174.8696774,11.19,9.353548387,78.2516129,2.723333333,0.0,0.0,0.0,4082.0
nueces,8193000.0,CP04,Stream gage,8193000.0,08193000,28.5003834,-99.68234247,"Nueces Rv nr Asherton, TX",2024,0.0,0.0,0.0,0.0,0.0,0.0,0.0,0.0,7.682,0.0,0.0,0.0,4082.0
nueces,8194000.0,CP05,Stream gage,8194000.0,08194000,28.42603017,-99.24084538,"Nueces Rv at Cotulla, TX",2010,0.320322581,56.30678571,0.072903226,164.1483333,14.65354839,7.698666667,1.296129032,0.0,0.0,0.0,0.0,0.0,5171.0
nueces,8194000.0,CP05,Stream gage,8194000.0,08194000,28.42603017,-99.24084538,"Nueces Rv at Cotulla, TX",2011,0.0,0.0,0.0,0.0,0.0,0.0,0.0,0.0,0.0,147.3280645,0.301666667,0.013225806,5171.0
nueces,8194000.0,CP05,Stream gage,8194000.0,08194000,28.42603017,-99.24084538,"Nueces Rv at Cotulla, TX",2012,0.052258065,0.136896552,0.740967742,0.596666667,226.7570968,0.121,0.0,0.0,0.0,91.90483871,0.0,0.0,5171.0
nueces,8194000.0,CP05,Stream gage,8194000.0,08194000,28.42603017,-99.24084538,"Nueces Rv at Cotulla, TX",2013,0.0,0.033214286,0.0,0.043666667,0.0,928.1736667,1.355483871,0.026774194,0.0,2286.73871,6.163666667,0.193870968,5171.0
nueces,8194000.0,CP05,Stream gage,8194000.0,08194000,28.42603017,-99.24084538,"Nueces Rv at Cotulla, TX",2014,0.057419355,0.208214286,0.160322581,0.000333333,0.001612903,57.25466667,77.53741935,0.0,0.000333333,0.000322581,0.012,0.016451613,5171.0
nueces,8194000.0,CP05,Stream gage,8194000.0,08194000,28.42603017,-99.24084538,"Nueces Rv at Cotulla, TX",2015,0.021612903,0.0,0.113225806,14.26933333,3118.962581,810.9433333,50.57064516,0.0,0.0,510.5516129,89.654,33.40967742,5171.0
nueces,8194000.0,CP05,Stream gage,8194000.0,08194000,28.42603017,-99.24084538,"Nueces Rv at Cotulla, TX",2016,33.07741935,5.160689655,28.29354839,9.563,139.5090323,200.6866667,5.146129032,329.3496774,60.98133333,792.4516129,111.84,117.1193548,5171.0
nueces,8194000.0,CP05,Stream gage,8194000.0,08194000,28.42603017,-99.24084538,"Nueces Rv at Cotulla, TX",2017,51.34516129,28.13571429,27.5,122.7433333,42.21612903,48.32366667,0.211612903,0.004193548,970.1666667,681.4348387,0.494,0.733225806,5171.0
nueces,8194000.0,CP05,Stream gage,8194000.0,08194000,28.42603017,-99.24084538,"Nueces Rv at Cotulla, TX",2018,0.655483871,0.562142857,0.149677419,0.038,0.0,0.0,0.0,0.0,1503.957333,4172.258065,1256.666667,570.5806452,5171.0
nueces,8194000.0,CP05,Stream gage,8194000.0,08194000,28.42603017,-99.24084538,"Nueces Rv at Cotulla, TX",2019,363.0645161,247.8928571,168.0967742,117.7666667,157.4903226,879.2666667,197.0387097,37.79612903,1.833666667,0.193870968,0.030333333,0.340645161,5171.0
nueces,8194000.0,CP05,Stream gage,8194000.0,08194000,28.42603017,-99.24084538,"Nueces Rv at Cotulla, TX",2020,0.051290323,0.029655172,1.648709677,0.279666667,0.048387097,18.16666667,0.170322581,0.095806452,0.0,0.0,0.0,0.0,5171.0
nueces,8194000.0,CP05,Stream gage,8194000.0,08194000,28.42603017,-99.24084538,"Nueces Rv at Cotulla, TX",2021,0.0,0.0,0.0,0.0,0.0,108.4493333,24.23129032,77.0083871,0.006,0.010645161,0.0,0.0,5171.0
nueces,8194000.0,CP05,Stream gage,8194000.0,08194000,28.42603017,-99.24084538,"Nueces Rv at Cotulla, TX",2022,0.0,0.0,0.0,0.0,0.0,1.167,0.0,8.135483871,301.3756667,0.063225806,0.018333333,0.031290323,5171.0
nueces,8194000.0,CP05,Stream gage,8194000.0,08194000,28.42603017,-99.24084538,"Nueces Rv at Cotulla, TX",2023,0.03516129,0.048214286,0.018709677,0.0,100.3332258,4.804333333,0.023870968,162.2545161,17.132,0.016451613,0.0,0.000645161,5171.0
nueces,8194000.0,CP05,Stream gage,8194000.0,08194000,28.42603017,-99.24084538,"Nueces Rv at Cotulla, TX",2024,0.0,0.01137931,0.08,0.207333333,0.006451613,0.002333333,0.071290323,0.353870968,185.6493333,0.034516129,0.000666667,0.002258065,5171.0
nueces,8194500.0,CP06,Stream gage,8194500.0,08194500,28.30893456,-98.55727829,"Nueces Rv nr Tilden, TX",2010,194.0993548,257.3382143,10.19741935,256.3786667,148.4806452,28.07166667,445.2883871,13.65096774,6.388333333,0.329354839,0.0,0.0,8093.0
nueces,8194500.0,CP06,Stream gage,8194500.0,08194500,28.30893456,-98.55727829,"Nueces Rv nr Tilden, TX",2011,0.282903226,0.838214286,0.163225806,0.0,0.0,0.0,8.648387097,0.0,0.0,101.4148387,0.672333333,0.0,8093.0
nueces,8194500.0,CP06,Stream gage,8194500.0,08194500,28.30893456,-98.55727829,"Nueces Rv nr Tilden, TX",2012,0.0,0.0,49.25806452,6.597,271.5812903,4.115333333,0.0,0.0,1.066666667,149.3364516,7.137,0.022258065,8093.0
nueces,8194500.0,CP06,Stream gage,8194500.0,08194500,28.30893456,-98.55727829,"Nueces Rv nr Tilden, TX",2013,0.0,13.01714286,0.0,0.0,1.781290323,374.2166667,382.0551613,1.123225806,4.020333333,5609.332258,74.58866667,0.411935484,8093.0
nueces,8194500.0,CP06,Stream gage,8194500.0,08194500,28.30893456,-98.55727829,"Nueces Rv nr Tilden, TX",2014,0.155483871,0.194642857,0.15,0.014,15.59419355,2.857666667,79.53806452,0.013548387,0.0,21.56677419,0.0,0.0,8093.0
nueces,8194500.0,CP06,Stream gage,8194500.0,08194500,28.30893456,-98.55727829,"Nueces Rv nr Tilden, TX",2015,0.0,0.0,42.37741935,163.277,2620.683871,3272.566667,77.23709677,0.060645161,26.599,281.946129,79.594,18.27225806,8093.0
nueces,8194500.0,CP06,Stream gage,8194500.0,08194500,28.30893456,-98.55727829,"Nueces Rv nr Tilden, TX",2016,35.81290323,6.303448276,13.81451613,14.827,94.37580645,253.9333333,18.33064516,382.9987097,305.8033333,980.2580645,133.5833333,137.1870968,8093.0
nueces,8194500.0,CP06,Stream gage,8194500.0,08194500,28.30893456,-98.55727829,"Nueces Rv nr Tilden, TX",2017,60.07096774,33.85714286,134.2354839,201.57,56.9,52.36,1.159354839,5.260967742,113.5363333,2476.109677,3.266333333,2.094193548,8093.0
nueces,8194500.0,CP06,Stream gage,8194500.0,08194500,28.30893456,-98.55727829,"Nueces Rv nr Tilden, TX",2018,0.828387097,0.232857143,0.148387097,0.007333333,0.003225806,0.0,0.0,0.0,2764.0,3978.032258,2472.8,602.9032258,8093.0
nueces,8194500.0,CP06,Stream gage,8194500.0,08194500,28.30893456,-98.55727829,"Nueces Rv nr Tilden, TX",2019,365.1612903,249.4642857,180.0967742,113.6466667,219.7516129,592.7,200.1,31.91451613,0.090333333,0.000322581,0.0,0.0,8093.0
nueces,8194500.0,CP06,Stream gage,8194500.0,08194500,28.30893456,-98.55727829,"Nueces Rv nr Tilden, TX",2020,0.0,0.0,0.0,18.49133333,24.0716129,18.92833333,0.0,5.753870968,36.72266667,2.809677419,0.0,0.0,8093.0
nueces,8194500.0,CP06,Stream gage,8194500.0,08194500,28.30893456,-98.55727829,"Nueces Rv nr Tilden, TX",2021,0.0,0.0,0.0,0.0,45.70612903,377.928,72.13322581,77.94741935,0.017666667,0.0,0.0,0.0,8093.0
nueces,8194500.0,CP06,Stream gage,8194500.0,08194500,28.30893456,-98.55727829,"Nueces Rv nr Tilden, TX",2022,0.0,0.0,0.0,0.0,0.0,0.0,0.0,1635.637419,720.0033333,0.309032258,0.141333333,0.129032258,8093.0
nueces,8194500.0,CP06,Stream gage,8194500.0,08194500,28.30893456,-98.55727829,"Nueces Rv nr Tilden, TX",2023,0.091935484,0.533214286,0.003870968,48.73766667,89.36032258,5.694,0.0,36.53870968,99.53733333,18.89774194,0.0,0.0,8093.0
nueces,8194500.0,CP06,Stream gage,8194500.0,08194500,28.30893456,-98.55727829,"Nueces Rv nr Tilden, TX",2024,0.0,0.0,0.91,0.000666667,12.7516129,298.1373333,187.8916129,1.612258065,120.2913333,0.00483871,0.0,0.0,8093.0
nueces,8195000.0,CP07,Stream gage,8195000.0,08195000,29.48849558,-99.70482744,"Frio Rv at Concan, TX",2010,34.26451613,93.13928571,64.53225806,166.9366667,122.1741935,69.73333333,48.01290323,19.93870968,32.03666667,25.97419355,23.46,27.38064516,389.0
nueces,8195000.0,CP07,Stream gage,8195000.0,08195000,29.48849558,-99.70482744,"Frio Rv at Concan, TX",2011,31.47096774,30.61071429,27.83225806,20.01333333,12.90387097,7.431333333,1.388709677,1.539677419,2.116333333,9.153870968,19.21333333,32.88064516,389.0
nueces,8195000.0,CP07,Stream gage,8195000.0,08195000,29.48849558,-99.70482744,"Frio Rv at Concan, TX",2012,37.06129032,39.72068966,57.52903226,38.39,172.7580645,52.59666667,97.84193548,43.99032258,35.91,30.97419355,24.91,27.10322581,389.0
nueces,8195000.0,CP07,Stream gage,8195000.0,08195000,29.48849558,-99.70482744,"Frio Rv at Concan, TX",2013,35.69354839,33.25,27.37096774,23.73333333,50.71612903,37.26333333,18.1516129,8.527741935,11.00733333,17.74516129,27.51333333,29.3516129,389.0
nueces,8195000.0,CP07,Stream gage,8195000.0,08195000,29.48849558,-99.70482744,"Frio Rv at Concan, TX",2014,24.74516129,22.84285714,21.16774194,17.71333333,102.0612903,52.81333333,27.23870968,14.77741935,13.72,13.77741935,18.64333333,21.73548387,389.0
nueces,8195000.0,CP07,Stream gage,8195000.0,08195000,29.48849558,-99.70482744,"Frio Rv at Concan, TX",2015,24.22258065,26.98214286,27.8,35.77,704.1645161,383.4,211.8709677,83.22580645,51.54333333,46.50967742,119.35,166.9677419,389.0
nueces,8195000.0,CP07,Stream gage,8195000.0,08195000,29.48849558,-99.70482744,"Frio Rv at Concan, TX",2016,122.1290323,92.19655172,95.64193548,99.12333333,152.5129032,272.9333333,109.483871,123.4129032,310.8,178.5483871,107.7333333,116.8806452,389.0
nueces,8195000.0,CP07,Stream gage,8195000.0,08195000,29.48849558,-99.70482744,"Frio Rv at Concan, TX",2017,102.2709677,109.0321429,107.6580645,127.5533333,94.11612903,84.01,43.66451613,31.66129032,32.20333333,51.82580645,46.58333333,48.38064516,389.0
nueces,8195000.0,CP07,Stream gage,8195000.0,08195000,29.48849558,-99.70482744,"Frio Rv at Concan, TX",2018,43.0,41.28214286,38.56774194,32.72666667,41.04193548,21.90666667,15.18354839,17.11322581,794.3533333,1540.83871,410.0,214.6774194,389.0
nueces,8195000.0,CP07,Stream gage,8195000.0,08195000,29.48849558,-99.70482744,"Frio Rv at Concan, TX",2019,161.483871,120.0357143,96.75483871,81.63666667,138.4677419,105.0333333,70.88709677,38.57096774,28.52333333,31.31290323,40.96,43.51612903,389.0
nueces,8195000.0,CP07,Stream gage,8195000.0,08195000,29.48849558,-99.70482744,"Frio Rv at Concan, TX",2020,46.9,44.99655172,49.84193548,49.38,35.29354839,28.79666667,15.56451613,10.73,17.733,16.64193548,18.15,22.74516129,389.0
nueces,8195000.0,CP07,Stream gage,8195000.0,08195000,29.48849558,-99.70482744,"Frio Rv at Concan, TX",2021,30.03870968,29.3,27.80322581,24.36,54.20322581,83.16,32.30967742,19.53225806,14.91666667,19.9483871,20.73333333,23.90645161,389.0
nueces,8195000.0,CP07,Stream gage,8195000.0,08195000,29.48849558,-99.70482744,"Frio Rv at Concan, TX",2022,24.21290323,24.32142857,19.37741935,15.10333333,10.74677419,2.88,1.013870968,2.979032258,13.73633333,14.53548387,16.89666667,23.27419355,389.0
nueces,8195000.0,CP07,Stream gage,8195000.0,08195000,29.48849558,-99.70482744,"Frio Rv at Concan, TX",2023,23.45806452,21.66071429,20.35483871,15.87666667,28.44516129,39.92666667,14.58870968,4.611935484,0.082666667,12.30258065,12.98133333,17.5483871,389.0
nueces,8195000.0,CP07,Stream gage,8195000.0,08195000,29.48849558,-99.70482744,"Frio Rv at Concan, TX",2024,19.39677419,20.27586207,17.76774194,11.62366667,8.736129032,4.450666667,11.06419355,12.03451613,5.311666667,2.782580645,14.28466667,11.51451613,389.0
nueces,8196000.0,CP08,Stream gage,8196000.0,08196000,29.50466449,-99.78144643,"Dry Frio Rv nr Reagan Wells, TX",2010,13.12451613,68.41785714,17.87419355,118.32,43.66774194,16.14666667,9.60516129,2.057419355,3.978666667,5.58483871,3.931666667,3.671935484,126.0
nueces,8196000.0,CP08,Stream gage,8196000.0,08196000,29.50466449,-99.78144643,"Dry Frio Rv nr Reagan Wells, TX",2011,4.046129032,4.409285714,4.264193548,2.630333333,1.529677419,0.471,0.680322581,0.833870968,0.353333333,3.342580645,4.431666667,5.150645161,126.0
nueces,8196000.0,CP08,Stream gage,8196000.0,08196000,29.50466449,-99.78144643,"Dry Frio Rv nr Reagan Wells, TX",2012,4.876129032,6.160689655,11.7883871,9.077666667,115.9270968,13.878,48.49903226,8.373870968,16.53933333,6.001612903,4.364666667,4.008709677,126.0
nueces,8196000.0,CP08,Stream gage,8196000.0,08196000,29.50466449,-99.78144643,"Dry Frio Rv nr Reagan Wells, TX",2013,4.38483871,2.248214286,1.497419355,2.284333333,3.249677419,13.856,3.574193548,0.979354839,1.398333333,16.37709677,2.784,2.817096774,126.0
nueces,8196000.0,CP08,Stream gage,8196000.0,08196000,29.50466449,-99.78144643,"Dry Frio Rv nr Reagan Wells, TX",2014,2.610322581,3.896071429,3.95483871,2.235666667,37.14612903,11.15366667,5.352580645,14.68419355,8.154666667,4.236451613,4.467333333,3.863225806,126.0
nueces,8196000.0,CP08,Stream gage,8196000.0,08196000,29.50466449,-99.78144643,"Dry Frio Rv nr Reagan Wells, TX",2015,5.098709677,4.980714286,5.137741935,19.66866667,473.9741935,238.9333333,114.6032258,23.77096774,11.18266667,22.10096774,93.77333333,76.57419355,126.0
nueces,8196000.0,CP08,Stream gage,8196000.0,08196000,29.50466449,-99.78144643,"Dry Frio Rv nr Reagan Wells, TX",2016,37.26451613,24.22413793,23.59354839,82.61333333,131.5774194,164.2633333,16.18677419,47.25806452,51.16,41.09032258,20.98333333,46.69032258,126.0
nueces,8196000.0,CP08,Stream gage,8196000.0,08196000,29.50466449,-99.78144643,"Dry Frio Rv nr Reagan Wells, TX",2017,24.53870968,25.83571429,26.88709677,71.42666667,21.21290323,20.69333333,8.947419355,5.831612903,8.927,15.18483871,8.647666667,10.62419355,126.0
nueces,8196000.0,CP08,Stream gage,8196000.0,08196000,29.50466449,-99.78144643,"Dry Frio Rv nr Reagan Wells, TX",2018,7.059677419,7.65,7.76483871,6.111666667,18.00516129,3.325333333,1.754516129,64.22774194,472.479,569.2903226,147.4533333,59.82580645,126.0
nueces,8196000.0,CP08,Stream gage,8196000.0,08196000,29.50466449,-99.78144643,"Dry Frio Rv nr Reagan Wells, TX",2019,39.48064516,28.50714286,22.54516129,19.02666667,41.83225806,66.76,15.56419355,7.627741935,5.098333333,4.589354839,6.261333333,6.421935484,126.0
nueces,8196000.0,CP08,Stream gage,8196000.0,08196000,29.50466449,-99.78144643,"Dry Frio Rv nr Reagan Wells, TX",2020,9.219677419,8.342413793,10.4416129,10.01933333,4.410322581,3.418333333,1.28,0.993548387,1.359333333,0.849354839,1.091666667,1.672258065,126.0
nueces,8196000.0,CP08,Stream gage,8196000.0,08196000,29.50466449,-99.78144643,"Dry Frio Rv nr Reagan Wells, TX",2021,5.428064516,5.361071429,4.835806452,4.114,23.17258065,7.617666667,3.06516129,2.926774194,2.516333333,3.718709677,3.612333333,4.084516129,126.0
nueces,8196000.0,CP08,Stream gage,8196000.0,08196000,29.50466449,-99.78144643,"Dry Frio Rv nr Reagan Wells, TX",2022,3.327741935,3.262142857,2.483548387,1.610666667,1.480645161,0.391,0.011290323,1.353548387,27.62966667,7.789032258,8.086,10.44064516,126.0
nueces,8196000.0,CP08,Stream gage,8196000.0,08196000,29.50466449,-99.78144643,"Dry Frio Rv nr Reagan Wells, TX",2023,4.739677419,4.380357143,4.108709677,2.813666667,30.34419355,28.91333333,4.811290323,0.623870968,0.174,1.391935484,2.612333333,3.992580645,126.0
nueces,8196000.0,CP08,Stream gage,8196000.0,08196000,29.50466449,-99.78144643,"Dry Frio Rv nr Reagan Wells, TX",2024,4.087096774,4.334827586,3.267419355,1.949666667,1.958387097,0.683,0.307096774,0.180322581,0.084,0.04516129,1.934,1.970645161,126.0
nueces,8197500.0,CP09,Stream gage,8197500.0,08197500,29.24510605,-99.67417388,"Frio Rv bl Dry Frio Rv nr Uvalde, TX",2010,0.0,0.0,0.0,0.0,0.0,0.0,0.0,0.0,0.0,0.0,0.0,0.0,631.0
nueces,8197500.0,CP09,Stream gage,8197500.0,08197500,29.24510605,-99.67417388,"Frio Rv bl Dry Frio Rv nr Uvalde, TX",2011,0.0,0.0,0.0,0.0,0.0,0.0,0.0,0.0,0.0,0.0,0.0,0.0,631.0
nueces,8197500.0,CP09,Stream gage,8197500.0,08197500,29.24510605,-99.67417388,"Frio Rv bl Dry Frio Rv nr Uvalde, TX",2012,0.0,0.0,0.0,0.0,39.12967742,0.0,0.0,0.0,0.0,0.0,0.0,0.0,631.0
nueces,8197500.0,CP09,Stream gage,8197500.0,08197500,29.24510605,-99.67417388,"Frio Rv bl Dry Frio Rv nr Uvalde, TX",2013,0.0,0.0,0.0,0.0,0.0,0.0,0.0,0.0,0.0,0.0,0.0,0.0,631.0
nueces,8197500.0,CP09,Stream gage,8197500.0,08197500,29.24510605,-99.67417388,"Frio Rv bl Dry Frio Rv nr Uvalde, TX",2014,0.0,0.0,0.0,0.0,26.51387097,0.0,0.0,0.0,0.0,0.0,0.0,0.0,631.0
nueces,8197500.0,CP09,Stream gage,8197500.0,08197500,29.24510605,-99.67417388,"Frio Rv bl Dry Frio Rv nr Uvalde, TX",2015,0.0,0.0,0.0,0.0,718.6812903,37.44766667,0.569354839,0.0,0.0,0.0,0.0,0.0,631.0
nueces,8197500.0,CP09,Stream gage,8197500.0,08197500,29.24510605,-99.67417388,"Frio Rv bl Dry Frio Rv nr Uvalde, TX",2016,0.0,0.0,0.0,0.0,13.05806452,13.848,0.0,35.39354839,90.45333333,0.032580645,0.0,0.0,631.0
nueces,8197500.0,CP09,Stream gage,8197500.0,08197500,29.24510605,-99.67417388,"Frio Rv bl Dry Frio Rv nr Uvalde, TX",2017,0.0,0.0,0.0,0.0,0.0,0.0,0.0,0.0,0.0,0.0,0.0,0.0,631.0
nueces,8197500.0,CP09,Stream gage,8197500.0,08197500,29.24510605,-99.67417388,"Frio Rv bl Dry Frio Rv nr Uvalde, TX",2018,0.0,0.0,0.0,0.0,0.0,0.0,0.0,3.016129032,585.15,931.9790323,80.37366667,2.313225806,631.0
nueces,8197500.0,CP09,Stream gage,8197500.0,08197500,29.24510605,-99.67417388,"Frio Rv bl Dry Frio Rv nr Uvalde, TX",2019,0.513548387,0.0075,0.0,0.0,0.0,9.700666667,0.0,0.0,0.0,0.0,0.0,0.0,631.0
nueces,8197500.0,CP09,Stream gage,8197500.0,08197500,29.24510605,-99.67417388,"Frio Rv bl Dry Frio Rv nr Uvalde, TX",2020,0.0,0.0,0.0,0.0,0.0,0.0,0.0,0.0,0.0,0.0,0.0,0.0,631.0
nueces,8197500.0,CP09,Stream gage,8197500.0,08197500,29.24510605,-99.67417388,"Frio Rv bl Dry Frio Rv nr Uvalde, TX",2021,0.0,0.0,0.0,0.0,0.613225806,0.0,0.0,0.0,0.0,0.0,0.0,0.0,631.0
nueces,8197500.0,CP09,Stream gage,8197500.0,08197500,29.24510605,-99.67417388,"Frio Rv bl Dry Frio Rv nr Uvalde, TX",2022,0.0,0.0,0.0,0.0,0.0,0.0,0.0,0.0,0.0,0.0,0.0,0.0,631.0
nueces,8197500.0,CP09,Stream gage,8197500.0,08197500,29.24510605,-99.67417388,"Frio Rv bl Dry Frio Rv nr Uvalde, TX",2023,0.0,0.0,0.0,0.0,0.0,0.0,0.0,0.0,0.0,0.0,0.0,0.0,631.0
nueces,8197500.0,CP09,Stream gage,8197500.0,08197500,29.24510605,-99.67417388,"Frio Rv bl Dry Frio Rv nr Uvalde, TX",2024,0.0,0.0,0.0,0.0,0.0,0.0,0.0,0.0,0.0,0.0,0.0,0.0,631.0
nueces,8198000.0,CP12,Stream gage,8198000.0,08198000,29.49121072,-99.49279958,"Sabinal Rv nr Sabinal, TX",2010,2.731612903,45.59892857,34.7483871,204.42,93.26129032,44.05,28.60967742,13.68483871,8.818333333,7.173225806,4.480333333,4.557096774,206.0
nueces,8198000.0,CP12,Stream gage,8198000.0,08198000,29.49121072,-99.49279958,"Sabinal Rv nr Sabinal, TX",2011,4.928387097,5.442142857,4.624516129,2.628666667,1.084193548,0.000333333,0.0,0.0,0.0,0.0,0.0,0.0,206.0
nueces,8198000.0,CP12,Stream gage,8198000.0,08198000,29.49121072,-99.49279958,"Sabinal Rv nr Sabinal, TX",2012,0.0,0.0,45.39354839,11.07066667,69.67193548,15.156,9.838387097,1.390322581,0.894,0.516129032,0.0,0.0,206.0
nueces,8198000.0,CP12,Stream gage,8198000.0,08198000,29.49121072,-99.49279958,"Sabinal Rv nr Sabinal, TX",2013,0.546129032,1.524285714,2.175483871,1.938666667,2.229677419,2.235333333,0.211612903,0.0,0.0,0.0,0.0,0.0,206.0
nueces,8198000.0,CP12,Stream gage,8198000.0,08198000,29.49121072,-99.49279958,"Sabinal Rv nr Sabinal, TX",2014,0.0,0.0,0.0,0.0,94.23870968,7.417333333,5.02516129,6.828064516,2.271333333,1.08483871,0.637,0.671290323,206.0
nueces,8198000.0,CP12,Stream gage,8198000.0,08198000,29.49121072,-99.49279958,"Sabinal Rv nr Sabinal, TX",2015,0.753548387,0.417857143,1.177741935,2.397666667,490.5983871,185.3333333,65.17741935,30.61290323,14.99266667,11.28516129,21.61666667,50.96129032,206.0
nueces,8198000.0,CP12,Stream gage,8198000.0,08198000,29.49121072,-99.49279958,"Sabinal Rv nr Sabinal, TX",2016,46.70967742,37.39655172,33.68064516,38.07333333,155.4258065,250.8666667,60.62580645,37.57419355,40.11666667,43.23225806,33.0,46.79354839,206.0
nueces,8198000.0,CP12,Stream gage,8198000.0,08198000,29.49121072,-99.49279958,"Sabinal Rv nr Sabinal, TX",2017,36.01290323,46.43928571,53.35483871,49.85,27.20645161,19.61333333,8.259677419,4.815483871,1.748666667,1.437419355,2.111333333,2.548709677,206.0
nueces,8198000.0,CP12,Stream gage,8198000.0,08198000,29.49121072,-99.49279958,"Sabinal Rv nr Sabinal, TX",2018,3.784516129,4.327142857,4.049354839,3.128666667,21.66064516,3.229,1.336774194,0.110645161,567.9876667,590.3548387,204.9,107.683871,206.0
nueces,8198000.0,CP12,Stream gage,8198000.0,08198000,29.49121072,-99.49279958,"Sabinal Rv nr Sabinal, TX",2019,82.16774194,60.72142857,44.25483871,36.07,90.0516129,47.50333333,26.52258065,11.52322581,5.162333333,3.098387097,3.657333333,2.923225806,206.0
nueces,8198000.0,CP12,Stream gage,8198000.0,08198000,29.49121072,-99.49279958,"Sabinal Rv nr Sabinal, TX",2020,4.909677419,7.281034483,10.40741935,10.77166667,9.732258065,11.60566667,2.941290323,1.03516129,0.205,0.002580645,0.0,0.0,206.0
nueces,8198000.0,CP12,Stream gage,8198000.0,08198000,29.49121072,-99.49279958,"Sabinal Rv nr Sabinal, TX",2021,0.002258065,0.169642857,0.336774194,0.989333333,22.07387097,7.417,3.71516129,1.640322581,0.998333333,0.893870968,0.880333333,1.300322581,206.0
nueces,8198000.0,CP12,Stream gage,8198000.0,08198000,29.49121072,-99.49279958,"Sabinal Rv nr Sabinal, TX",2022,1.520645161,1.587142857,1.242258065,0.985666667,0.215483871,0.0,0.0,0.0,0.0,0.0,0.0,0.0,206.0
nueces,8198000.0,CP12,Stream gage,8198000.0,08198000,29.49121072,-99.49279958,"Sabinal Rv nr Sabinal, TX",2023,0.0,0.0,0.0,0.0,0.387741935,4.882,0.58,0.015483871,0.0,0.0,0.0,0.0,206.0
nueces,8198000.0,CP12,Stream gage,8198000.0,08198000,29.49121072,-99.49279958,"Sabinal Rv nr Sabinal, TX",2024,0.0,0.0,0.0,0.0,0.0,0.0,0.0,0.0,0.0,0.0,3.173333333,0.000967742,206.0
nueces,8198500.0,CP13,Stream gage,8198500.0,08198500,29.31490665,-99.48067548,"Sabinal Rv at Sabinal, TX",2010,0.710322581,1.119285714,0.978709677,153.948,4.49,2.766,1.813225806,1.093225806,1.415,0.908064516,0.432,0.671612903,241.0
nueces,8198500.0,CP13,Stream gage,8198500.0,08198500,29.31490665,-99.48067548,"Sabinal Rv at Sabinal, TX",2011,0.552903226,0.615714286,0.31,0.053,0.071290323,0.042333333,0.020645161,0.0,0.0,0.280645161,1.357,0.924516129,241.0
nueces,8198500.0,CP13,Stream gage,8198500.0,08198500,29.31490665,-99.48067548,"Sabinal Rv at Sabinal, TX",2012,0.402903226,0.243793103,16.30935484,4.394666667,26.61419355,2.217,1.199677419,0.992903226,0.525,0.377741935,0.269666667,0.236451613,241.0
nueces,8198500.0,CP13,Stream gage,8198500.0,08198500,29.31490665,-99.48067548,"Sabinal Rv at Sabinal, TX",2013,0.306774194,0.298928571,0.375806452,0.285,0.075806452,0.309333333,0.080967742,0.0,0.491333333,0.346774194,0.311,0.201935484,241.0
nueces,8198500.0,CP13,Stream gage,8198500.0,08198500,29.31490665,-99.48067548,"Sabinal Rv at Sabinal, TX",2014,0.098709677,0.030357143,0.02516129,0.027666667,67.01645161,2.093666667,1.251290323,0.766774194,0.419333333,0.13483871,1.284666667,0.310322581,241.0
nueces,8198500.0,CP13,Stream gage,8198500.0,08198500,29.31490665,-99.48067548,"Sabinal Rv at Sabinal, TX",2015,0.298387097,0.081071429,0.199354839,0.888666667,397.6812903,73.77166667,4.680645161,2.701612903,1.896666667,1.438709677,5.748333333,2.445483871,241.0
nueces,8198500.0,CP13,Stream gage,8198500.0,08198500,29.31490665,-99.48067548,"Sabinal Rv at Sabinal, TX",2016,2.191290323,1.843448276,1.848387097,1.340666667,59.70354839,122.461,2.578387097,3.20516129,1.967333333,1.130322581,3.568666667,3.510645161,241.0
nueces,8198500.0,CP13,Stream gage,8198500.0,08198500,29.31490665,-99.48067548,"Sabinal Rv at Sabinal, TX",2017,0.736451613,0.421428571,0.773225806,0.992333333,0.834193548,0.868666667,0.486451613,0.438064516,0.342666667,0.369032258,0.529333333,0.547096774,241.0
nueces,8198500.0,CP13,Stream gage,8198500.0,08198500,29.31490665,-99.48067548,"Sabinal Rv at Sabinal, TX",2018,0.485806452,0.447857143,0.503548387,0.405666667,0.348387097,0.120666667,0.069032258,0.007419355,412.541,409.8935484,127.6933333,20.3316129,241.0
nueces,8198500.0,CP13,Stream gage,8198500.0,08198500,29.31490665,-99.48067548,"Sabinal Rv at Sabinal, TX",2019,6.385483871,4.451428571,3.46483871,3.022,3.451290323,2.489,1.599677419,0.760967742,0.770666667,1.207741935,2.251,2.509354839,241.0
nueces,8198500.0,CP13,Stream gage,8198500.0,08198500,29.31490665,-99.48067548,"Sabinal Rv at Sabinal, TX",2020,1.168709677,0.404137931,0.57483871,0.533,0.374516129,0.511333333,0.33,0.123225806,0.149666667,0.072903226,0.447333333,0.724516129,241.0
nueces,8198500.0,CP13,Stream gage,8198500.0,08198500,29.31490665,-99.48067548,"Sabinal Rv at Sabinal, TX",2021,2.167741935,4.824285714,2.19516129,0.527666667,2.807419355,0.853333333,0.694516129,0.899677419,0.302666667,0.256774194,0.452666667,0.073870968,241.0
nueces,8198500.0,CP13,Stream gage,8198500.0,08198500,29.31490665,-99.48067548,"Sabinal Rv at Sabinal, TX",2022,0.06516129,0.287857143,0.166774194,0.230666667,0.231290323,0.064,0.0,0.109354839,0.027333333,0.025806452,0.042333333,0.080322581,241.0
nueces,8198500.0,CP13,Stream gage,8198500.0,08198500,29.31490665,-99.48067548,"Sabinal Rv at Sabinal, TX",2023,0.122903226,0.088571429,0.085483871,0.016666667,1.631612903,0.416666667,0.092580645,0.015806452,0.037333333,0.12,0.318666667,0.310322581,241.0
nueces,8198500.0,CP13,Stream gage,8198500.0,08198500,29.31490665,-99.48067548,"Sabinal Rv at Sabinal, TX",2024,0.33483871,0.378965517,0.347419355,0.113,0.019032258,0.0,0.0,0.0,0.0,0.0,0.0,0.0,241.0
nueces,8200000.0,CP18,Stream gage,8200000.0,08200000,29.56945248,-99.24687502,"Hondo Ck nr Tarpley, TX",2010,25.21290323,137.1642857,63.96129032,190.11,209.4645161,61.16666667,34.39677419,10.64225806,11.38633333,5.839677419,3.161333333,2.463870968,95.6
nueces,8200000.0,CP18,Stream gage,8200000.0,08200000,29.56945248,-99.24687502,"Hondo Ck nr Tarpley, TX",2011,2.697741935,1.994285714,1.310645161,0.553333333,0.174516129,0.005333333,0.0,0.501612903,0.0,0.007741935,0.000666667,0.289032258,95.6
nueces,8200000.0,CP18,Stream gage,8200000.0,08200000,29.56945248,-99.24687502,"Hondo Ck nr Tarpley, TX",2012,0.274193548,1.815517241,15.59258065,6.280333333,12.64645161,3.129666667,2.212903226,0.219677419,0.452,0.451935484,0.192333333,0.245483871,95.6
nueces,8200000.0,CP18,Stream gage,8200000.0,08200000,29.56945248,-99.24687502,"Hondo Ck nr Tarpley, TX",2013,2.218387097,1.327142857,1.216774194,0.813666667,3.49,2.612666667,0.133225806,0.005806452,0.0,0.0,0.002666667,0.0,95.6
nueces,8200000.0,CP18,Stream gage,8200000.0,08200000,29.56945248,-99.24687502,"Hondo Ck nr Tarpley, TX",2014,0.0,0.0,0.0,0.0,27.30322581,4.411,2.709354839,11.15387097,4.421666667,0.659354839,1.177333333,0.826129032,95.6
nueces,8200000.0,CP18,Stream gage,8200000.0,08200000,29.56945248,-99.24687502,"Hondo Ck nr Tarpley, TX",2015,5.087741935,4.883928571,5.50516129,15.33033333,479.6096774,228.4666667,58.33548387,12.11612903,5.490666667,6.031290323,27.29633333,31.17096774,95.6
nueces,8200000.0,CP18,Stream gage,8200000.0,08200000,29.56945248,-99.24687502,"Hondo Ck nr Tarpley, TX",2016,19.11290323,13.41724138,17.97967742,19.95666667,228.9848387,214.6066667,30.48709677,42.57258065,24.83333333,13.37193548,8.747,23.2816129,95.6
nueces,8200000.0,CP18,Stream gage,8200000.0,08200000,29.56945248,-99.24687502,"Hondo Ck nr Tarpley, TX",2017,17.68064516,21.91785714,28.76451613,29.36,13.4683871,9.914,5.108064516,7.066774194,2.224,1.387096774,1.234666667,1.377096774,95.6
nueces,8200000.0,CP18,Stream gage,8200000.0,08200000,29.56945248,-99.24687502,"Hondo Ck nr Tarpley, TX",2018,1.109032258,1.595357143,1.666451613,1.220333333,24.75096774,2.439333333,3.687741935,1.031612903,225.4,154.3451613,62.31,25.43548387,95.6
nueces,8200000.0,CP18,Stream gage,8200000.0,08200000,29.56945248,-99.24687502,"Hondo Ck nr Tarpley, TX",2019,27.18387097,21.96428571,16.18709677,15.32,46.48709677,17.69333333,5.956129032,1.91,1.594666667,1.068387097,1.416,1.67,95.6
nueces,8200000.0,CP18,Stream gage,8200000.0,08200000,29.56945248,-99.24687502,"Hondo Ck nr Tarpley, TX",2020,1.698387097,1.438275862,2.227741935,2.572333333,2.167741935,3.601,0.864516129,0.31,0.399333333,0.008387097,0.026,0.037419355,95.6
nueces,8200000.0,CP18,Stream gage,8200000.0,08200000,29.56945248,-99.24687502,"Hondo Ck nr Tarpley, TX",2021,0.151935484,0.162857143,0.197096774,1.549,6.117419355,2.059666667,8.977419355,1.720645161,0.931666667,1.995806452,1.524333333,0.960645161,95.6
nueces,8200000.0,CP18,Stream gage,8200000.0,08200000,29.56945248,-99.24687502,"Hondo Ck nr Tarpley, TX",2022,0.462580645,0.298928571,0.160967742,0.215,0.383225806,0.030666667,0.0,1.239677419,0.516333333,0.097096774,0.357,0.449354839,95.6
nueces,8200000.0,CP18,Stream gage,8200000.0,08200000,29.56945248,-99.24687502,"Hondo Ck nr Tarpley, TX",2023,0.226451613,0.115,0.074193548,2.329,6.366774194,8.414333333,0.685483871,0.161935484,0.470333333,0.053870968,0.185333333,0.226774194,95.6
nueces,8200000.0,CP18,Stream gage,8200000.0,08200000,29.56945248,-99.24687502,"Hondo Ck nr Tarpley, TX",2024,0.590967742,1.980344828,0.729032258,0.362,0.169032258,0.104333333,0.463870968,0.742903226,0.795666667,0.0,0.328,0.11516129,95.6
nueces,8201500.0,CP16,Stream gage,8201500.0,08201500,29.57349225,-99.40302156,"Seco Ck at Miller Rh nr Utopia, TX",2010,6.98516129,49.01428571,23.72903226,91.28333333,35.38709677,19.837,11.00129032,2.091612903,0.41,0.128064516,0.0,0.000322581,45.0
nueces,8201500.0,CP16,Stream gage,8201500.0,08201500,29.57349225,-99.40302156,"Seco Ck at Miller Rh nr Utopia, TX",2011,0.0,0.008571429,0.0,0.0,0.0,0.000333333,0.0,0.035806452,0.0,0.0,0.0,0.0,45.0
nueces,8201500.0,CP16,Stream gage,8201500.0,08201500,29.57349225,-99.40302156,"Seco Ck at Miller Rh nr Utopia, TX",2012,0.005483871,0.048275862,6.186451613,0.000333333,0.008709677,0.0,0.077419355,0.0,0.19,0.0,0.0,0.0,45.0
nueces,8201500.0,CP16,Stream gage,8201500.0,08201500,29.57349225,-99.40302156,"Seco Ck at Miller Rh nr Utopia, TX",2013,0.041290323,0.0,0.0,0.0,1.516774194,0.641,0.010645161,0.0,0.007333333,0.0,0.0,0.0,45.0
nueces,8201500.0,CP16,Stream gage,8201500.0,08201500,29.57349225,-99.40302156,"Seco Ck at Miller Rh nr Utopia, TX",2014,0.0,0.0,0.0,0.0,12.20516129,8.808,2.077419355,1.827419355,3.074666667,1.418387097,1.555,1.232258065,45.0
nueces,8201500.0,CP16,Stream gage,8201500.0,08201500,29.57349225,-99.40302156,"Seco Ck at Miller Rh nr Utopia, TX",2015,2.547741935,4.204285714,3.379354839,3.738666667,124.0277419,63.61666667,19.12645161,4.839032258,2.075333333,1.88483871,7.266,19.60967742,45.0
nueces,8201500.0,CP16,Stream gage,8201500.0,08201500,29.57349225,-99.40302156,"Seco Ck at Miller Rh nr Utopia, TX",2016,13.55806452,10.16310345,8.485483871,7.301333333,54.81225806,73.63666667,13.5983871,6.529354839,10.535,7.15,5.099333333,17.73258065,45.0
nueces,8201500.0,CP16,Stream gage,8201500.0,08201500,29.57349225,-99.40302156,"Seco Ck at Miller Rh nr Utopia, TX",2017,12.51935484,12.07142857,12.88064516,10.70366667,4.247741935,2.239,1.260322581,0.94,0.394,0.575483871,0.640666667,0.979677419,45.0
nueces,8201500.0,CP16,Stream gage,8201500.0,08201500,29.57349225,-99.40302156,"Seco Ck at Miller Rh nr Utopia, TX",2018,0.926451613,1.114642857,0.802258065,0.392,8.176774194,2.897,1.489032258,0.123548387,161.474,114.0870968,45.43333333,22.92903226,45.0
nueces,8201500.0,CP16,Stream gage,8201500.0,08201500,29.57349225,-99.40302156,"Seco Ck at Miller Rh nr Utopia, TX",2019,17.4516129,10.88285714,6.373225806,5.673,21.12064516,9.926,4.459032258,2.462580645,1.602,0.645806452,0.959,0.901935484,45.0
nueces,8201500.0,CP16,Stream gage,8201500.0,08201500,29.57349225,-99.40302156,"Seco Ck at Miller Rh nr Utopia, TX",2020,1.428709677,1.306206897,1.334516129,1.391,1.45,2.722333333,0.748709677,0.352903226,0.001666667,0.0,0.000333333,0.00516129,45.0
nueces,8201500.0,CP16,Stream gage,8201500.0,08201500,29.57349225,-99.40302156,"Seco Ck at Miller Rh nr Utopia, TX",2021,0.084193548,0.314642857,0.307096774,0.204333333,1.755483871,1.271,0.34516129,0.000645161,0.0,0.002580645,0.146333333,0.072580645,45.0
nueces,8201500.0,CP16,Stream gage,8201500.0,08201500,29.57349225,-99.40302156,"Seco Ck at Miller Rh nr Utopia, TX",2022,0.156129032,0.237857143,0.137741935,0.000666667,0.153870968,0.0,0.0,0.990322581,1.165,0.12,0.328333333,0.586451613,45.0
nueces,8201500.0,CP16,Stream gage,8201500.0,08201500,29.57349225,-99.40302156,"Seco Ck at Miller Rh nr Utopia, TX",2023,0.117096774,0.473571429,0.089677419,0.741666667,2.152903226,1.683666667,0.397096774,0.004516129,0.000333333,0.000322581,0.0,0.000322581,45.0
nueces,8201500.0,CP16,Stream gage,8201500.0,08201500,29.57349225,-99.40302156,"Seco Ck at Miller Rh nr Utopia, TX",2024,0.0,0.003103448,0.001612903,0.008,0.002258065,0.011666667,0.509677419,0.044516129,0.021,0.0,1.919666667,0.045483871,45.0
nueces,8202700.0,CP17,Stream gage,8202700.0,08202700,29.37083561,-99.28823271,"Seco Ck at Rowe Rh nr D'Hanis, TX",2010,0.0,0.0,0.0,38.092,25.93483871,0.0,0.0,0.0,0.0,0.0,0.0,0.0,168.0
nueces,8202700.0,CP17,Stream gage,8202700.0,08202700,29.37083561,-99.28823271,"Seco Ck at Rowe Rh nr D'Hanis, TX",2011,0.0,0.0,0.0,0.0,0.0,0.0,0.0,0.0,0.0,0.0,0.0,0.0,168.0
nueces,8202700.0,CP17,Stream gage,8202700.0,08202700,29.37083561,-99.28823271,"Seco Ck at Rowe Rh nr D'Hanis, TX",2012,0.0,0.0,0.0,0.0,0.0,0.0,0.0,0.0,0.0,0.0,0.0,0.0,168.0
nueces,8202700.0,CP17,Stream gage,8202700.0,08202700,29.37083561,-99.28823271,"Seco Ck at Rowe Rh nr D'Hanis, TX",2013,0.0,0.0,0.0,0.0,0.0,0.0,0.0,0.0,0.0,0.0,0.0,0.0,168.0
nueces,8202700.0,CP17,Stream gage,8202700.0,08202700,29.37083561,-99.28823271,"Seco Ck at Rowe Rh nr D'Hanis, TX",2014,0.0,0.0,0.0,0.0,93.22709677,0.002333333,0.0,0.0,0.0,0.0,0.0,0.0,168.0
nueces,8202700.0,CP17,Stream gage,8202700.0,08202700,29.37083561,-99.28823271,"Seco Ck at Rowe Rh nr D'Hanis, TX",2015,0.0,0.0,0.0,0.0,122.9429032,0.337,0.0,0.0,0.0,0.0,0.0,0.0,168.0
nueces,8202700.0,CP17,Stream gage,8202700.0,08202700,29.37083561,-99.28823271,"Seco Ck at Rowe Rh nr D'Hanis, TX",2016,0.0,0.0,0.0,0.0,41.21935484,14.275,0.0,0.0,0.0,0.0,0.0,0.0,168.0
nueces,8202700.0,CP17,Stream gage,8202700.0,08202700,29.37083561,-99.28823271,"Seco Ck at Rowe Rh nr D'Hanis, TX",2017,0.0,0.0,0.0,0.0,0.0,0.0,0.0,0.0,0.0,0.0,0.0,0.0,168.0
nueces,8202700.0,CP17,Stream gage,8202700.0,08202700,29.37083561,-99.28823271,"Seco Ck at Rowe Rh nr D'Hanis, TX",2018,0.0,0.0,0.0,0.0,0.0,0.0,0.0,0.0,32.99333333,0.0,0.0,0.0,168.0
nueces,8202700.0,CP17,Stream gage,8202700.0,08202700,29.37083561,-99.28823271,"Seco Ck at Rowe Rh nr D'Hanis, TX",2019,0.0,0.0,0.0,0.0,0.0,0.0,0.0,0.0,0.0,0.0,0.0,0.0,168.0
nueces,8202700.0,CP17,Stream gage,8202700.0,08202700,29.37083561,-99.28823271,"Seco Ck at Rowe Rh nr D'Hanis, TX",2020,0.0,0.0,0.0,0.0,0.0,0.0,0.0,0.0,0.0,0.0,0.0,0.0,168.0
nueces,8202700.0,CP17,Stream gage,8202700.0,08202700,29.37083561,-99.28823271,"Seco Ck at Rowe Rh nr D'Hanis, TX",2021,0.0,0.0,0.0,0.0,0.0,0.0,0.0,0.0,0.0,0.0,0.0,0.0,168.0
nueces,8202700.0,CP17,Stream gage,8202700.0,08202700,29.37083561,-99.28823271,"Seco Ck at Rowe Rh nr D'Hanis, TX",2022,0.0,0.0,0.0,0.0,0.0,0.0,0.0,0.0,0.0,0.0,0.0,0.0,168.0
nueces,8202700.0,CP17,Stream gage,8202700.0,08202700,29.37083561,-99.28823271,"Seco Ck at Rowe Rh nr D'Hanis, TX",2023,0.0,0.0,0.0,0.0,0.0,0.0,0.0,0.0,0.0,0.0,0.0,0.0,168.0
nueces,8202700.0,CP17,Stream gage,8202700.0,08202700,29.37083561,-99.28823271,"Seco Ck at Rowe Rh nr D'Hanis, TX",2024,0.0,0.0,0.0,0.0,0.0,0.0,0.0,0.0,0.074333333,0.0,0.0,0.0,168.0
nueces,8205500.0,CP25,Stream gage,8205500.0,08205500,28.73702317,-99.14443726,"Frio Rv nr Derby, TX",2010,3.645483871,17.95821429,4.338709677,223.514,387.7625806,7.138,3.809032258,0.018064516,70.75333333,1.490967742,0.007,0.0,3429.0
nueces,8205500.0,CP25,Stream gage,8205500.0,08205500,28.73702317,-99.14443726,"Frio Rv nr Derby, TX",2011,2.01516129,4.378571429,0.425806452,0.0,0.0,0.0,0.0,0.0,0.0,27.90129032,0.0,0.0,3429.0
nueces,8205500.0,CP25,Stream gage,8205500.0,08205500,28.73702317,-99.14443726,"Frio Rv nr Derby, TX",2012,0.0,0.0,0.0,0.0,2.362903226,0.0,0.0,8.741290323,1.915,71.60612903,0.0,0.0,3429.0
nueces,8205500.0,CP25,Stream gage,8205500.0,08205500,28.73702317,-99.14443726,"Frio Rv nr Derby, TX",2013,0.0,0.0,0.0,0.0,0.0,0.0,0.0,0.0,0.0,0.0,0.0,0.0,3429.0
nueces,8205500.0,CP25,Stream gage,8205500.0,08205500,28.73702317,-99.14443726,"Frio Rv nr Derby, TX",2014,0.0,0.0,0.0,0.0,190.2580645,0.0,0.037419355,0.0,0.0,0.0,0.0,0.0,3429.0
nueces,8205500.0,CP25,Stream gage,8205500.0,08205500,28.73702317,-99.14443726,"Frio Rv nr Derby, TX",2015,0.0,0.0,0.0,5.223333333,1286.447419,159.0146667,7.047741935,0.0,0.0,62.68806452,0.111333333,0.0,3429.0
nueces,8205500.0,CP25,Stream gage,8205500.0,08205500,28.73702317,-99.14443726,"Frio Rv nr Derby, TX",2016,0.0,7.386206897,0.713225806,0.0,136.2229032,585.211,0.000967742,92.96258065,68.47,10.24322581,0.0,6.349032258,3429.0
nueces,8205500.0,CP25,Stream gage,8205500.0,08205500,28.73702317,-99.14443726,"Frio Rv nr Derby, TX",2017,0.000322581,0.0,0.0,0.0,61.71935484,0.989666667,0.0,0.0,32.715,58.68258065,1.454666667,7.500322581,3429.0
nueces,8205500.0,CP25,Stream gage,8205500.0,08205500,28.73702317,-99.14443726,"Frio Rv nr Derby, TX",2018,10.31258065,8.275,22.7416129,17.23333333,41.90419355,0.0,0.0,0.0,1624.033333,1562.387097,404.81,74.6516129,3429.0
nueces,8205500.0,CP25,Stream gage,8205500.0,08205500,28.73702317,-99.14443726,"Frio Rv nr Derby, TX",2019,48.88387097,42.71428571,30.05806452,21.91666667,35.16129032,45.78,11.11451613,0.762258065,2.424,9.532903226,17.11,17.39354839,3429.0
nueces,8205500.0,CP25,Stream gage,8205500.0,08205500,28.73702317,-99.14443726,"Frio Rv nr Derby, TX",2020,19.20967742,21.32413793,19.46129032,20.70433333,11.77290323,8.637333333,0.006774194,0.0,0.0,0.0,0.0,0.0,3429.0
nueces,8205500.0,CP25,Stream gage,8205500.0,08205500,28.73702317,-99.14443726,"Frio Rv nr Derby, TX",2021,0.0,0.0,0.0,0.0,283.2525806,62.99,18.45225806,0.220322581,0.0,0.0,0.0,0.0,3429.0
nueces,8205500.0,CP25,Stream gage,8205500.0,08205500,28.73702317,-99.14443726,"Frio Rv nr Derby, TX",2022,0.0,0.0,0.0,0.0,0.0,0.0,0.0,0.0,0.0,0.0,0.0,0.0,3429.0
nueces,8205500.0,CP25,Stream gage,8205500.0,08205500,28.73702317,-99.14443726,"Frio Rv nr Derby, TX",2023,0.0,0.0,0.0,0.0,59.11451613,5.571666667,0.0,0.0,0.0,0.0,0.0,0.0,3429.0
nueces,8205500.0,CP25,Stream gage,8205500.0,08205500,28.73702317,-99.14443726,"Frio Rv nr Derby, TX",2024,0.0,0.0,0.0,0.0,0.0,0.0,0.0,0.0,0.0,0.0,0.0,0.0,3429.0
nueces,8206700.0,CP26,Stream gage,8206700.0,08206700,28.58695216,-98.54593272,"San Miguel Ck nr Tilden, TX",2010,32.47032258,66.32964286,1.241935484,140.6766667,19.94709677,3.502333333,0.949032258,0.0,75.712,2.092903226,0.117666667,0.064193548,783.0
nueces,8206700.0,CP26,Stream gage,8206700.0,08206700,28.58695216,-98.54593272,"San Miguel Ck nr Tilden, TX",2011,0.612258065,0.203928571,0.01,0.0,0.0,0.0,0.0,0.0,0.0,18.65322581,0.0,0.0,783.0
nueces,8206700.0,CP26,Stream gage,8206700.0,08206700,28.58695216,-98.54593272,"San Miguel Ck nr Tilden, TX",2012,0.0,0.0,5.200967742,0.0,42.27935484,0.0,0.0,0.0,70.99233333,3.742258065,0.0,0.0,783.0
nueces,8206700.0,CP26,Stream gage,8206700.0,08206700,28.58695216,-98.54593272,"San Miguel Ck nr Tilden, TX",2013,0.602258065,1.458214286,0.0,0.0,0.639354839,0.017666667,0.355806452,0.059032258,1.236,0.0,0.0,0.0,783.0
nueces,8206700.0,CP26,Stream gage,8206700.0,08206700,28.58695216,-98.54593272,"San Miguel Ck nr Tilden, TX",2014,0.0,0.0,0.0,0.0,26.62193548,0.331333333,0.080322581,0.0,3.22,0.0,0.006666667,0.0,783.0
nueces,8206700.0,CP26,Stream gage,8206700.0,08206700,28.58695216,-98.54593272,"San Miguel Ck nr Tilden, TX",2015,0.551612903,0.0,17.48064516,91.82633333,379.6267742,25.87966667,2.216774194,0.010645161,0.0,0.03,0.417333333,0.0,783.0
nueces,8206700.0,CP26,Stream gage,8206700.0,08206700,28.58695216,-98.54593272,"San Miguel Ck nr Tilden, TX",2016,0.100322581,71.96241379,0.451290323,0.032666667,44.17774194,184.426,5.302580645,373.2241935,6.504333333,1.405806452,0.47,35.91419355,783.0
nueces,8206700.0,CP26,Stream gage,8206700.0,08206700,28.58695216,-98.54593272,"San Miguel Ck nr Tilden, TX",2017,2.091612903,1.485,11.94064516,0.876333333,6.247096774,0.130333333,0.0,18.57193548,2.107333333,1.337741935,0.0,0.0,783.0
nueces,8206700.0,CP26,Stream gage,8206700.0,08206700,28.58695216,-98.54593272,"San Miguel Ck nr Tilden, TX",2018,0.0,0.0,0.0,0.0,3.415806452,0.0,0.245483871,0.0,414.312,141.6967742,64.427,13.13387097,783.0
nueces,8206700.0,CP26,Stream gage,8206700.0,08206700,28.58695216,-98.54593272,"San Miguel Ck nr Tilden, TX",2019,2.738064516,1.608571429,0.387419355,1.140333333,4.388387097,9.542,0.756129032,0.0,0.0,0.0,0.0,0.0,783.0
nueces,8206700.0,CP26,Stream gage,8206700.0,08206700,28.58695216,-98.54593272,"San Miguel Ck nr Tilden, TX",2020,0.0,0.0,0.637419355,0.538333333,6.591290323,0.456333333,0.0,0.0,7.652,0.0,0.0,0.0,783.0
nueces,8206700.0,CP26,Stream gage,8206700.0,08206700,28.58695216,-98.54593272,"San Miguel Ck nr Tilden, TX",2021,0.0,0.0,0.0,0.001,157.7048387,131.381,126.5351613,23.08967742,0.0,1.522258065,0.0,0.0,783.0
nueces,8206700.0,CP26,Stream gage,8206700.0,08206700,28.58695216,-98.54593272,"San Miguel Ck nr Tilden, TX",2022,0.0,0.0,0.0,0.0,0.024193548,0.0,0.0,4.017419355,23.05233333,0.0,0.0,0.0,783.0
nueces,8206700.0,CP26,Stream gage,8206700.0,08206700,28.58695216,-98.54593272,"San Miguel Ck nr Tilden, TX",2023,0.0,0.0,0.0,2.513666667,0.981935484,0.0,0.0,0.0,0.0,0.012903226,0.0,0.0,783.0
nueces,8206700.0,CP26,Stream gage,8206700.0,08206700,28.58695216,-98.54593272,"San Miguel Ck nr Tilden, TX",2024,0.816129032,0.023103448,0.0,0.0,0.0,0.027,0.0,0.0,0.0,0.0,0.0,0.0,783.0
nueces,8208000.0,CP28,Stream gage,8208000.0,08208000,28.62213623,-98.28437227,"Atascosa Rv at Whitsett, TX",2010,344.7783871,366.2964286,24.30967742,536.41,183.4193548,199.9,69.51935484,7.070645161,69.98733333,4.315806452,7.340333333,5.831612903,1171.0
nueces,8208000.0,CP28,Stream gage,8208000.0,08208000,28.62213623,-98.28437227,"Atascosa Rv at Whitsett, TX",2011,29.25258065,7.029285714,7.561612903,3.227666667,1.449354839,2.135666667,0.742580645,0.440322581,5.962333333,22.01,1.089333333,8.859032258,1171.0
nueces,8208000.0,CP28,Stream gage,8208000.0,08208000,28.62213623,-98.28437227,"Atascosa Rv at Whitsett, TX",2012,2.837096774,6.495517241,76.26419355,5.495,174.7929032,2.684666667,2.729354839,16.34516129,39.853,24.64193548,1.432666667,1.319032258,1171.0
nueces,8208000.0,CP28,Stream gage,8208000.0,08208000,28.62213623,-98.28437227,"Atascosa Rv at Whitsett, TX",2013,21.23193548,5.521428571,3.07516129,8.059333333,71.71096774,4.048,1.483548387,1.574193548,10.41266667,17.38483871,1.508,1.80483871,1171.0
nueces,8208000.0,CP28,Stream gage,8208000.0,08208000,28.62213623,-98.28437227,"Atascosa Rv at Whitsett, TX",2014,1.252258065,2.144285714,1.393870968,0.531333333,274.9790323,95.63333333,14.29709677,0.500645161,14.47733333,2.514516129,13.933,3.530322581,1171.0
nueces,8208000.0,CP28,Stream gage,8208000.0,08208000,28.62213623,-98.28437227,"Atascosa Rv at Whitsett, TX",2015,25.06451613,2.945,333.1758065,445.501,1853.483871,61.60666667,18.23451613,5.512258065,1.825666667,30.03935484,19.66633333,8.231935484,1171.0
nueces,8208000.0,CP28,Stream gage,8208000.0,08208000,28.62213623,-98.28437227,"Atascosa Rv at Whitsett, TX",2016,18.4083871,62.79793103,48.41225806,4.785,59.14741935,189.119,2.132903226,607.9293548,183.23,16.95612903,8.627333333,76.28806452,1171.0
nueces,8208000.0,CP28,Stream gage,8208000.0,08208000,28.62213623,-98.28437227,"Atascosa Rv at Whitsett, TX",2017,10.67580645,14.37535714,52.00903226,13.832,15.01741935,19.86233333,2.562580645,4.550645161,8.254,8.121935484,2.485,7.073870968,1171.0
nueces,8208000.0,CP28,Stream gage,8208000.0,08208000,28.62213623,-98.28437227,"Atascosa Rv at Whitsett, TX",2018,2.830645161,6.169642857,5.840967742,5.332666667,3.983548387,0.0,1.149354839,0.018709677,366.3443333,137.316129,94.98333333,20.63967742,1171.0
nueces,8208000.0,CP28,Stream gage,8208000.0,08208000,28.62213623,-98.28437227,"Atascosa Rv at Whitsett, TX",2019,9.879354839,8.718928571,6.038387097,23.92266667,105.4464516,3.59,8.819677419,0.0,0.0,0.007741935,0.018333333,0.0,1171.0
nueces,8208000.0,CP28,Stream gage,8208000.0,08208000,28.62213623,-98.28437227,"Atascosa Rv at Whitsett, TX",2020,0.168064516,1.392758621,45.28451613,35.14733333,132.8354839,7.525333333,0.457096774,0.781612903,104.652,2.201612903,0.473,3.401290323,1171.0
nueces,8208000.0,CP28,Stream gage,8208000.0,08208000,28.62213623,-98.28437227,"Atascosa Rv at Whitsett, TX",2021,2.850645161,8.471785714,1.433225806,0.682666667,355.0,695.5066667,277.1483871,65.70645161,4.864666667,23.44225806,3.278333333,3.786129032,1171.0
nueces,8208000.0,CP28,Stream gage,8208000.0,08208000,28.62213623,-98.28437227,"Atascosa Rv at Whitsett, TX",2022,3.92,3.856071429,2.890967742,2.767333333,2.121290323,0.251333333,0.510967742,29.57870968,42.14333333,2.19,3.465,2.404516129,1171.0
nueces,8208000.0,CP28,Stream gage,8208000.0,08208000,28.62213623,-98.28437227,"Atascosa Rv at Whitsett, TX",2023,1.747096774,3.024642857,1.848387097,300.4223333,491.1683871,26.21633333,3.462580645,1.199677419,0.840666667,0.73516129,4.110666667,2.910967742,1171.0
nueces,8208000.0,CP28,Stream gage,8208000.0,08208000,28.62213623,-98.28437227,"Atascosa Rv at Whitsett, TX",2024,3.026129032,14.58310345,8.419677419,9.436333333,15.7516129,2.450333333,13.26709677,12.28322581,22.285,1.599032258,1.701666667,0.0,1171.0
nueces,8210000.0,CP29,Stream gage,8210000.0,08210000,28.43641281,-98.18542985,"Nueces Rv nr Three Rivers, TX",2010,585.2129032,670.4107143,58.24193548,1258.223333,466.9451613,278.1933333,557.4677419,62.27419355,138.0633333,32.5516129,36.93666667,33.47419355,15427.0
nueces,8210000.0,CP29,Stream gage,8210000.0,08210000,28.43641281,-98.18542985,"Nueces Rv nr Three Rivers, TX",2011,68.48709677,50.75357143,44.97741935,31.17333333,33.76451613,32.70333333,34.74193548,29.36451613,35.69,125.3129032,29.37,34.21290323,15427.0
nueces,8210000.0,CP29,Stream gage,8210000.0,08210000,28.43641281,-98.18542985,"Nueces Rv nr Three Rivers, TX",2012,29.02903226,32.33793103,171.9096774,70.52666667,529.5032258,34.76666667,30.50322581,73.60322581,222.4766667,166.5935484,82.47333333,109.0774194,15427.0
nueces,8210000.0,CP29,Stream gage,8210000.0,08210000,28.43641281,-98.18542985,"Nueces Rv nr Three Rivers, TX",2013,85.55483871,66.36071429,166.2483871,166.0333333,405.3483871,328.2966667,358.5451613,29.71612903,54.15333333,4443.529032,221.2333333,33.3483871,15427.0
nueces,8210000.0,CP29,Stream gage,8210000.0,08210000,28.43641281,-98.18542985,"Nueces Rv nr Three Rivers, TX",2014,32.32258065,30.58928571,30.33870968,27.71333333,339.3451613,160.47,84.49354839,27.93870968,42.6,40.59354839,44.42333333,30.14516129,15427.0
nueces,8210000.0,CP29,Stream gage,8210000.0,08210000,28.43641281,-98.18542985,"Nueces Rv nr Three Rivers, TX",2015,50.28064516,31.85,432.7322581,676.2466667,3682.251613,3179.033333,127.0774194,37.35483871,45.78333333,305.1677419,158.4266667,75.91290323,15427.0
nueces,8210000.0,CP29,Stream gage,8210000.0,08210000,28.43641281,-98.18542985,"Nueces Rv nr Three Rivers, TX",2016,100.9870968,133.8310345,108.5870968,52.88,145.716129,527.0,44.65806452,1102.474194,536.8166667,787.9354839,165.6666667,229.4645161,15427.0
nueces,8210000.0,CP29,Stream gage,8210000.0,08210000,28.43641281,-98.18542985,"Nueces Rv nr Three Rivers, TX",2017,96.74516129,76.38214286,279.9451613,217.9566667,109.316129,94.38333333,31.31612903,32.38064516,64.35666667,2449.696774,37.64333333,37.12580645,15427.0
nueces,8210000.0,CP29,Stream gage,8210000.0,08210000,28.43641281,-98.18542985,"Nueces Rv nr Three Rivers, TX",2018,33.69032258,34.02142857,32.32258065,34.47666667,33.41290323,29.37333333,31.72258065,26.90322581,2179.166667,3116.870968,2508.066667,610.516129,15427.0
nueces,8210000.0,CP29,Stream gage,8210000.0,08210000,28.43641281,-98.18542985,"Nueces Rv nr Three Rivers, TX",2019,393.3225806,300.6785714,222.0967742,233.2333333,391.0967742,514.8333333,257.7741935,75.26129032,34.42333333,28.92903226,31.58666667,31.12903226,15427.0
nueces,8210000.0,CP29,Stream gage,8210000.0,08210000,28.43641281,-98.18542985,"Nueces Rv nr Three Rivers, TX",2020,29.55806452,28.80689655,92.85483871,97.54333333,181.1709677,64.44666667,29.97741935,31.21935484,198.14,31.42903226,29.68,32.99354839,15427.0
nueces,8210000.0,CP29,Stream gage,8210000.0,08210000,28.43641281,-98.18542985,"Nueces Rv nr Three Rivers, TX",2021,31.6,36.31428571,29.79354839,28.08333333,653.5064516,1157.22,523.3903226,186.6258065,44.34333333,64.79354839,34.45333333,30.03548387,15427.0
nueces,8210000.0,CP29,Stream gage,8210000.0,08210000,28.43641281,-98.18542985,"Nueces Rv nr Three Rivers, TX",2022,33.94193548,34.79642857,31.87741935,31.43333333,30.24193548,28.4,28.74193548,1637.874194,836.86,31.97419355,33.87333333,32.78709677,15427.0
nueces,8210000.0,CP29,Stream gage,8210000.0,08210000,28.43641281,-98.18542985,"Nueces Rv nr Three Rivers, TX",2023,48.9483871,48.63928571,30.18387097,453.7666667,789.4774194,78.01666667,30.42258065,39.64516129,138.6,44.67419355,31.64333333,28.92903226,15427.0
nueces,8210000.0,CP29,Stream gage,8210000.0,08210000,28.43641281,-98.18542985,"Nueces Rv nr Three Rivers, TX",2024,38.06129032,55.4137931,40.07419355,27.05666667,58.82903226,269.0433333,255.6580645,38.99677419,165.4966667,24.54516129,26.58666667,26.02580645,15427.0
nueces,8211000.0,CP30,Stream gage,8211000.0,08211000,28.0381952,-97.86035902,"Nueces Rv nr Mathis, TX",2010,85.15645161,52.21428571,63.42258065,75.81666667,301.1612903,521.8666667,217.5877419,98.14193548,178.3666667,71.65483871,66.17,61.69032258,16503.0
nueces,8211000.0,CP30,Stream gage,8211000.0,08211000,28.0381952,-97.86035902,"Nueces Rv nr Mathis, TX",2011,64.03225806,60.66428571,84.48387097,104.0933333,122.3064516,137.6766667,102.9645161,156.1612903,195.9333333,109.3032258,203.4666667,88.87096774,16503.0
nueces,8211000.0,CP30,Stream gage,8211000.0,08211000,28.0381952,-97.86035902,"Nueces Rv nr Mathis, TX",2012,82.06129032,52.4,88.99354839,112.17,163.6580645,469.7666667,133.4580645,185.3548387,104.34,113.6483871,85.64,80.01935484,16503.0
nueces,8211000.0,CP30,Stream gage,8211000.0,08211000,28.0381952,-97.86035902,"Nueces Rv nr Mathis, TX",2013,70.91935484,64.31785714,84.82903226,81.73,69.80645161,128.83,100.1677419,107.7580645,82.36666667,304.0741935,248.6566667,78.83548387,16503.0
nueces,8211000.0,CP30,Stream gage,8211000.0,08211000,28.0381952,-97.86035902,"Nueces Rv nr Mathis, TX",2014,72.46129032,114.4035714,62.29032258,80.63666667,130.8967742,543.6,355.8903226,107.016129,84.86,83.33225806,66.87333333,76.16129032,16503.0
nueces,8211000.0,CP30,Stream gage,8211000.0,08211000,28.0381952,-97.86035902,"Nueces Rv nr Mathis, TX",2015,75.56129032,52.24642857,56.19677419,55.57033333,3217.570968,3179.433333,94.42258065,138.0967742,131.0,177.4516129,189.8866667,96.05483871,16503.0
nueces,8211000.0,CP30,Stream gage,8211000.0,08211000,28.0381952,-97.86035902,"Nueces Rv nr Mathis, TX",2016,158.1064516,97.16206897,104.4032258,70.44666667,114.8645161,530.8333333,209.7580645,153.1290323,308.5066667,234.016129,81.46333333,98.03870968,16503.0
nueces,8211000.0,CP30,Stream gage,8211000.0,08211000,28.0381952,-97.86035902,"Nueces Rv nr Mathis, TX",2017,102.5290323,92.07142857,85.90967742,104.82,166.5483871,145.13,97.74193548,107.4193548,72.01666667,801.4096774,64.50666667,63.53225806,16503.0
nueces,8211000.0,CP30,Stream gage,8211000.0,08211000,28.0381952,-97.86035902,"Nueces Rv nr Mathis, TX",2018,67.78709677,58.525,72.17741935,96.95666667,124.0774194,104.1713333,126.7612903,105.7903226,796.71,3337.096774,2848.3,645.8064516,16503.0
nueces,8211000.0,CP30,Stream gage,8211000.0,08211000,28.0381952,-97.86035902,"Nueces Rv nr Mathis, TX",2019,362.5387097,255.2857143,175.3870968,216.2466667,325.5806452,331.49,204.4774194,116.8709677,142.1033333,77.86451613,64.89,64.72580645,16503.0
nueces,8211000.0,CP30,Stream gage,8211000.0,08211000,28.0381952,-97.86035902,"Nueces Rv nr Mathis, TX",2020,54.99354839,63.77586207,84.01290323,150.5566667,84.73548387,182.4333333,124.6193548,102.0903226,182.15,89.52580645,85.75,71.46774194,16503.0
nueces,8211000.0,CP30,Stream gage,8211000.0,08211000,28.0381952,-97.86035902,"Nueces Rv nr Mathis, TX",2021,59.50967742,78.66071429,69.34516129,77.41,88.44516129,282.4866667,137.0548387,90.7483871,125.46,87.47419355,79.2,75.38709677,16503.0
nueces,8211000.0,CP30,Stream gage,8211000.0,08211000,28.0381952,-97.86035902,"Nueces Rv nr Mathis, TX",2022,81.51612903,82.35,98.08064516,107.36,113.0096774,123.6,146.2258065,135.4741935,311.0333333,135.7806452,76.79333333,88.20967742,16503.0
nueces,8211000.0,CP30,Stream gage,8211000.0,08211000,28.0381952,-97.86035902,"Nueces Rv nr Mathis, TX",2023,88.3483871,85.61428571,99.14516129,107.3366667,245.1096774,352.1666667,196.2580645,124.7225806,132.4333333,97.11935484,95.83,102.0903226,16503.0
nueces,8211000.0,CP30,Stream gage,8211000.0,08211000,28.0381952,-97.86035902,"Nueces Rv nr Mathis, TX",2024,84.83225806,91.74482759,86.44193548,102.18,114.5064516,107.5333333,113.6903226,104.2774194,95.05,104.1258065,90.90333333,80.51935484,16503.0
nueces,8211500.0,CP31,Stream gage,8211500.0,08211500,27.88293094,-97.62587786,"Nueces Rv at Calallen, TX",2010,108.9567742,78.2425,4.883548387,64.73533333,126.7541935,418.3333333,300.5174194,5.076451613,425.9976667,8.242903226,4.231666667,4.97,16684.0
nueces,8211500.0,CP31,Stream gage,8211500.0,08211500,27.88293094,-97.62587786,"Nueces Rv at Calallen, TX",2011,20.11322581,2.845714286,2.691935484,4.720666667,8.153225806,4.047333333,1.52,2.97516129,8.615666667,6.988709677,3.015333333,2.25516129,16684.0
nueces,8211500.0,CP31,Stream gage,8211500.0,08211500,27.88293094,-97.62587786,"Nueces Rv at Calallen, TX",2012,1.293548387,3.993103448,1.041612903,17.073,20.24064516,250.2266667,14.42419355,2.050322581,1.872333333,0.962258065,0.087333333,0.0,16684.0
nueces,8211500.0,CP31,Stream gage,8211500.0,08211500,27.88293094,-97.62587786,"Nueces Rv at Calallen, TX",2013,0.012580645,0.0,0.0,2.76,2.977419355,0.034,0.044193548,0.044516129,10.859,141.9958065,117.47,0.202903226,16684.0
nueces,8211500.0,CP31,Stream gage,8211500.0,08211500,27.88293094,-97.62587786,"Nueces Rv at Calallen, TX",2014,0.078064516,0.232142857,0.042258065,0.05,0.536451613,290.9133333,221.9893548,1.88,2.966,4.107419355,7.256666667,2.271935484,16684.0
nueces,8211500.0,CP31,Stream gage,8211500.0,08211500,27.88293094,-97.62587786,"Nueces Rv at Calallen, TX",2015,0.117419355,0.458214286,48.30741935,76.99566667,1948.654516,2268.633333,11.06903226,7.837741935,7.983333333,21.18096774,113.256,5.259677419,16684.0
nueces,8211500.0,CP31,Stream gage,8211500.0,08211500,27.88293094,-97.62587786,"Nueces Rv at Calallen, TX",2016,10.09387097,20.7137931,48.18645161,8.605333333,15.5183871,306.1,89.33193548,0.648387097,133.8603333,188.8622581,1.365,22.73935484,16684.0
nueces,8211500.0,CP31,Stream gage,8211500.0,08211500,27.88293094,-97.62587786,"Nueces Rv at Calallen, TX",2017,9.033225806,1.236071429,7.00516129,6.007,19.36870968,17.2,0.733225806,11.2816129,11.472,574.4687097,17.15,5.308064516,16684.0
nueces,8211500.0,CP31,Stream gage,8211500.0,08211500,27.88293094,-97.62587786,"Nueces Rv at Calallen, TX",2018,4.453225806,0.704285714,0.042903226,2.315666667,1.001290323,39.60866667,12.24645161,1.529032258,488.7466667,2342.580645,2826.233333,598.0645161,16684.0
nueces,8211500.0,CP31,Stream gage,8211500.0,08211500,27.88293094,-97.62587786,"Nueces Rv at Calallen, TX",2019,317.3387097,217.1642857,136.516129,175.8533333,265.016129,207.4366667,79.13,3.830967742,4.393333333,0.521935484,5.587666667,7.302903226,16684.0
nueces,8211500.0,CP31,Stream gage,8211500.0,08211500,27.88293094,-97.62587786,"Nueces Rv at Calallen, TX",2020,0.503870968,3.719655172,13.73935484,103.878,7.856451613,27.567,23.33935484,2.511935484,79.68033333,12.59193548,3.21,3.14,16684.0
nueces,8211500.0,CP31,Stream gage,8211500.0,08211500,27.88293094,-97.62587786,"Nueces Rv at Calallen, TX",2021,0.920967742,6.899285714,0.157419355,0.955,142.8106452,147.5933333,279.3396774,3.570322581,4.959666667,65.1716129,1.655333333,0.538709677,16684.0
nueces,8211500.0,CP31,Stream gage,8211500.0,08211500,27.88293094,-97.62587786,"Nueces Rv at Calallen, TX",2022,0.706129032,0.848571429,0.258064516,0.496333333,2.589677419,0.001666667,0.500967742,18.74709677,83.71666667,16.87225806,19.71733333,2.839677419,16684.0
nueces,8211500.0,CP31,Stream gage,8211500.0,08211500,27.88293094,-97.62587786,"Nueces Rv at Calallen, TX",2023,2.334516129,0.657857143,0.479354839,34.787,93.88387097,106.9666667,25.24322581,12.58806452,3.859333333,7.120322581,3.272666667,1.30483871,16684.0
nueces,8211500.0,CP31,Stream gage,8211500.0,08211500,27.88293094,-97.62587786,"Nueces Rv at Calallen, TX",2024,10.2783871,3.073448276,2.302580645,0.0,0.0,14.98966667,7.342903226,1.687419355,0.136,0.435483871,0.599333333,1.26,16684.0
RioGRande,8364000.0,AM2000,,8364000.0,08364000,31.78267077,-106.5286595,,2010,1.056129032,1.048928571,17.11064516,21.06666667,18.72903226,28.30333333,30.9,29.40645161,15.7,4.929354839,0.86,0.669032258,32210.0
RioGRande,8364000.0,AM2000,,8364000.0,08364000,31.78267077,-106.5286595,,2011,0.599032258,0.635714286,11.83258065,19.75333333,11.75096774,17.91,18.95806452,16.60322581,8.726,0.321935484,0.266666667,0.313548387,32210.0
RioGRande,8364000.0,AM2000,,8364000.0,08364000,31.78267077,-106.5286595,,2012,0.320645161,0.281724138,0.250645161,11.75133333,3.030645161,11.134,13.59,15.34193548,5.814333333,0.229032258,0.209333333,0.222580645,32210.0
RioGRande,8364000.0,AM2000,,8364000.0,08364000,31.78267077,-106.5286595,,2013,0.228064516,0.234642857,0.244516129,0.182,0.076129032,12.783,10.35709677,0.336774194,1.532333333,0.347741935,0.323666667,0.313225806,32210.0
RioGRande,8364000.0,AM2000,,8364000.0,08364000,31.78267077,-106.5286595,,2014,0.288064516,0.296071429,0.242903226,0.143333333,0.366774194,15.21133333,19.99677419,10.72419355,0.652333333,0.438064516,0.368,0.309032258,32210.0
RioGRande,8364000.0,AM2000,,8364000.0,08364000,31.78267077,-106.5286595,,2015,0.292903226,0.301428571,0.290645161,0.135666667,0.173225806,19.96333333,21.68709677,20.07096774,15.39533333,0.712258065,0.302333333,0.382580645,32210.0
RioGRande,8364000.0,AM2000,,8364000.0,08364000,31.78267077,-106.5286595,,2016,0.34483871,0.295172414,0.874516129,15.32666667,12.38451613,18.56333333,25.58064516,23.4516129,8.371333333,0.734516129,0.321333333,0.317741935,32210.0
RioGRande,8364000.0,AM2000,,8364000.0,08364000,31.78267077,-106.5286595,,2017,0.335806452,0.305357143,0.263548387,16.75466667,15.70645161,20.41,23.16774194,21.15483871,20.94,6.439032258,0.59,0.428387097,32210.0
RioGRande,8364000.0,AM2000,,8364000.0,08364000,31.78267077,-106.5286595,,2018,0.347096774,0.33,10.73290323,17.78333333,13.65354839,19.70333333,23.16451613,20.6,14.026,1.242580645,0.553,0.457096774,32210.0
RioGRande,8364000.0,AM2000,,8364000.0,08364000,31.78267077,-106.5286595,,2019,0.436774194,0.406785714,0.375806452,0.330333333,0.241612903,15.78866667,18.73225806,19.36774194,18.52666667,7.48666129,0.525338889,0.403548387,32210.0
RioGRande,8364000.0,AM2000,,8364000.0,08364000,31.78267077,-106.5286595,,2020,0.357096774,0.328275862,9.569032258,18.31,16.44516129,23.07333333,27.22258065,24.88064516,16.12766667,0.760645161,0.315,0.306774194,32210.0
RioGRande,8364000.0,AM2000,,8364000.0,08364000,31.78267077,-106.5286595,,2021,0.293225806,0.293928571,0.243548387,0.175666667,0.144193548,15.552,14.58,13.99903226,1.759,0.594193548,0.597,0.623548387,32210.0
RioGRande,8364000.0,AM2000,,8364000.0,08364000,31.78267077,-106.5286595,,2022,0.37733871,0.191071429,0.162903226,0.168333333,0.238709677,13.179,17.04193548,14.94483871,0.386333333,0.435483871,0.312333333,0.288064516,32210.0
RioGRande,8364000.0,AM2000,,8364000.0,08364000,31.78267077,-106.5286595,,2023,0.302903226,0.241071429,0.254193548,0.249666667,9.823548387,20.50666667,22.72580645,22.37419355,20.20666667,5.588709677,0.270666667,0.289354839,32210.0
RioGRande,8364000.0,AM2000,,8364000.0,08364000,31.78267077,-106.5286595,,2024,0.257419355,0.227586207,15.22935484,15.68833333,16.20645161,22.84666667,26.51935484,24.46129032,18.259,0.654516129,0.278666667,0.273715054,32210.0
RioGRande,8364000.0,AT2000,,8364000.0,08364000,31.80227667,-106.5420299,,2010,1.056129032,1.048928571,17.11064516,21.06666667,18.72903226,28.30333333,30.9,29.40645161,15.7,4.929354839,0.86,0.669032258,32210.0
RioGRande,8364000.0,AT2000,,8364000.0,08364000,31.80227667,-106.5420299,,2011,0.599032258,0.635714286,11.83258065,19.75333333,11.75096774,17.91,18.95806452,16.60322581,8.726,0.321935484,0.266666667,0.313548387,32210.0
RioGRande,8364000.0,AT2000,,8364000.0,08364000,31.80227667,-106.5420299,,2012,0.320645161,0.281724138,0.250645161,11.75133333,3.030645161,11.134,13.59,15.34193548,5.814333333,0.229032258,0.209333333,0.222580645,32210.0
RioGRande,8364000.0,AT2000,,8364000.0,08364000,31.80227667,-106.5420299,,2013,0.228064516,0.234642857,0.244516129,0.182,0.076129032,12.783,10.35709677,0.336774194,1.532333333,0.347741935,0.323666667,0.313225806,32210.0
RioGRande,8364000.0,AT2000,,8364000.0,08364000,31.80227667,-106.5420299,,2014,0.288064516,0.296071429,0.242903226,0.143333333,0.366774194,15.21133333,19.99677419,10.72419355,0.652333333,0.438064516,0.368,0.309032258,32210.0
RioGRande,8364000.0,AT2000,,8364000.0,08364000,31.80227667,-106.5420299,,2015,0.292903226,0.301428571,0.290645161,0.135666667,0.173225806,19.96333333,21.68709677,20.07096774,15.39533333,0.712258065,0.302333333,0.382580645,32210.0
RioGRande,8364000.0,AT2000,,8364000.0,08364000,31.80227667,-106.5420299,,2016,0.34483871,0.295172414,0.874516129,15.32666667,12.38451613,18.56333333,25.58064516,23.4516129,8.371333333,0.734516129,0.321333333,0.317741935,32210.0
RioGRande,8364000.0,AT2000,,8364000.0,08364000,31.80227667,-106.5420299,,2017,0.335806452,0.305357143,0.263548387,16.75466667,15.70645161,20.41,23.16774194,21.15483871,20.94,6.439032258,0.59,0.428387097,32210.0
RioGRande,8364000.0,AT2000,,8364000.0,08364000,31.80227667,-106.5420299,,2018,0.347096774,0.33,10.73290323,17.78333333,13.65354839,19.70333333,23.16451613,20.6,14.026,1.242580645,0.553,0.457096774,32210.0
RioGRande,8364000.0,AT2000,,8364000.0,08364000,31.80227667,-106.5420299,,2019,0.436774194,0.406785714,0.375806452,0.330333333,0.241612903,15.78866667,18.73225806,19.36774194,18.52666667,7.48666129,0.525338889,0.403548387,32210.0
RioGRande,8364000.0,AT2000,,8364000.0,08364000,31.80227667,-106.5420299,,2020,0.357096774,0.328275862,9.569032258,18.31,16.44516129,23.07333333,27.22258065,24.88064516,16.12766667,0.760645161,0.315,0.306774194,32210.0
RioGRande,8364000.0,AT2000,,8364000.0,08364000,31.80227667,-106.5420299,,2021,0.293225806,0.293928571,0.243548387,0.175666667,0.144193548,15.552,14.58,13.99903226,1.759,0.594193548,0.597,0.623548387,32210.0
RioGRande,8364000.0,AT2000,,8364000.0,08364000,31.80227667,-106.5420299,,2022,0.37733871,0.191071429,0.162903226,0.168333333,0.238709677,13.179,17.04193548,14.94483871,0.386333333,0.435483871,0.312333333,0.288064516,32210.0
RioGRande,8364000.0,AT2000,,8364000.0,08364000,31.80227667,-106.5420299,,2023,0.302903226,0.241071429,0.254193548,0.249666667,9.823548387,20.50666667,22.72580645,22.37419355,20.20666667,5.588709677,0.270666667,0.289354839,32210.0
RioGRande,8364000.0,AT2000,,8364000.0,08364000,31.80227667,-106.5420299,,2024,0.257419355,0.227586207,15.22935484,15.68833333,16.20645161,22.84666667,26.51935484,24.46129032,18.259,0.654516129,0.278666667,0.273715054,32210.0
RioGRande,8370500.0,AM1000,,8370500.0,08370500,31.08717021,-105.6093899,,2010,5.137741935,5.378571429,3.127741935,3.972666667,3.407741935,3.499666667,7.316774194,6.764193548,5.69,4.958387097,4.365666667,4.389677419,31944.0
RioGRande,8370500.0,AM1000,,8370500.0,08370500,31.08717021,-105.6093899,,2011,3.878709677,2.633928571,0.904516129,1.567333333,1.116451613,0.466666667,0.496129032,1.025483871,0.284666667,0.037096774,0.394666667,1.936774194,31944.0
RioGRande,8370500.0,AM1000,,8370500.0,08370500,31.08717021,-105.6093899,,2012,2.071935484,1.083448276,0.264516129,0.18,0.040322581,0.0,0.0,0.0,0.0,0.0,0.0,0.0,31944.0
RioGRande,8370500.0,AM1000,,8370500.0,08370500,31.08717021,-105.6093899,,2013,0.401612903,0.235,0.037096774,0.017666667,0.000645161,0.011,0.269032258,0.038064516,0.595333333,0.0,0.088666667,0.922258065,31944.0
RioGRande,8370500.0,AM1000,,8370500.0,08370500,31.08717021,-105.6093899,,2014,1.007419355,0.2125,0.040645161,0.051,0.03,0.205,0.218387097,0.935483871,0.867,0.05,0.398333333,1.288387097,31944.0
RioGRande,8370500.0,AM1000,,8370500.0,08370500,31.08717021,-105.6093899,,2015,1.048709677,0.617142857,0.242580645,0.073333333,0.051612903,0.099666667,1.220645161,0.360322581,0.07,1.518387097,2.349333333,3.133225806,31944.0
RioGRande,8370500.0,AM1000,,8370500.0,08370500,31.08717021,-105.6093899,,2016,4.291612903,1.347241379,0.518064516,0.118666667,0.638387097,0.277333333,0.446129032,0.331931587,0.422758055,0.45,0.45,0.45,31944.0
RioGRande,8370500.0,AM1000,,8370500.0,08370500,31.08717021,-105.6093899,,2017,0.45,0.45,0.289832714,0.17513197,0.292258065,1.56,5.550967742,10.41,4.647666667,8.293870968,4.600666667,4.363870968,31944.0
RioGRande,8370500.0,AM1000,,8370500.0,08370500,31.08717021,-105.6093899,,2018,3.661612903,1.647857143,0.599274194,0.776333333,0.987741935,0.540166667,0.654605263,0.23606678,0.584,0.995483871,1.357666667,1.751612903,31944.0
RioGRande,8370500.0,AM1000,,8370500.0,08370500,31.08717021,-105.6093899,,2019,1.567096774,0.903928571,0.387096774,0.374333333,0.313548387,0.435,0.342278592,0.272221408,1.235333333,9.271290323,2.798,5.933870968,31944.0
RioGRande,8370500.0,AM1000,,8370500.0,08370500,31.08717021,-105.6093899,,2020,5.39,4.02,7.2,2.688666667,1.656774194,0.817666667,1.837741935,1.708709677,2.417666667,1.263548387,1.904,2.850645161,31944.0
RioGRande,8370500.0,AM1000,,8370500.0,08370500,31.08717021,-105.6093899,,2021,3.668709677,2.115357143,0.467741935,0.157,0.691397849,0.823333333,0.70594086,5.84483871,2.961,1.489677419,2.115333333,3.335806452,31944.0
RioGRande,8370500.0,AM1000,,8370500.0,08370500,31.08717021,-105.6093899,,2022,2.999677419,1.419285714,0.37,0.156666667,0.010645161,0.306333333,0.284516129,6.488064516,2.306666667,1.897419355,2.216,3.80516129,31944.0
RioGRande,8370500.0,AM1000,,8370500.0,08370500,31.08717021,-105.6093899,,2023,3.03,1.038571429,0.179354839,0.057333333,0.032903226,0.145333333,0.037419355,0.197741935,0.226333333,0.901290323,1.058666667,1.791290323,31944.0
RioGRande,8370500.0,AM1000,,8370500.0,08370500,31.08717021,-105.6093899,,2024,2.059354839,1.384827586,0.725806452,1.593333333,1.413225806,0.391666667,1.187741935,1.080967742,2.479,0.992258065,0.809,1.841005296,31944.0
RioGRande,8370500.0,AT1000,,8370500.0,08370500,31.08716667,-105.6093899,,2010,5.137741935,5.378571429,3.127741935,3.972666667,3.407741935,3.499666667,7.316774194,6.764193548,5.69,4.958387097,4.365666667,4.389677419,31944.0
RioGRande,8370500.0,AT1000,,8370500.0,08370500,31.08716667,-105.6093899,,2011,3.878709677,2.633928571,0.904516129,1.567333333,1.116451613,0.466666667,0.496129032,1.025483871,0.284666667,0.037096774,0.394666667,1.936774194,31944.0
RioGRande,8370500.0,AT1000,,8370500.0,08370500,31.08716667,-105.6093899,,2012,2.071935484,1.083448276,0.264516129,0.18,0.040322581,0.0,0.0,0.0,0.0,0.0,0.0,0.0,31944.0
RioGRande,8370500.0,AT1000,,8370500.0,08370500,31.08716667,-105.6093899,,2013,0.401612903,0.235,0.037096774,0.017666667,0.000645161,0.011,0.269032258,0.038064516,0.595333333,0.0,0.088666667,0.922258065,31944.0
RioGRande,8370500.0,AT1000,,8370500.0,08370500,31.08716667,-105.6093899,,2014,1.007419355,0.2125,0.040645161,0.051,0.03,0.205,0.218387097,0.935483871,0.867,0.05,0.398333333,1.288387097,31944.0
RioGRande,8370500.0,AT1000,,8370500.0,08370500,31.08716667,-105.6093899,,2015,1.048709677,0.617142857,0.242580645,0.073333333,0.051612903,0.099666667,1.220645161,0.360322581,0.07,1.518387097,2.349333333,3.133225806,31944.0
RioGRande,8370500.0,AT1000,,8370500.0,08370500,31.08716667,-105.6093899,,2016,4.291612903,1.347241379,0.518064516,0.118666667,0.638387097,0.277333333,0.446129032,0.331931587,0.422758055,0.45,0.45,0.45,31944.0
RioGRande,8370500.0,AT1000,,8370500.0,08370500,31.08716667,-105.6093899,,2017,0.45,0.45,0.289832714,0.17513197,0.292258065,1.56,5.550967742,10.41,4.647666667,8.293870968,4.600666667,4.363870968,31944.0
RioGRande,8370500.0,AT1000,,8370500.0,08370500,31.08716667,-105.6093899,,2018,3.661612903,1.647857143,0.599274194,0.776333333,0.987741935,0.540166667,0.654605263,0.23606678,0.584,0.995483871,1.357666667,1.751612903,31944.0
RioGRande,8370500.0,AT1000,,8370500.0,08370500,31.08716667,-105.6093899,,2019,1.567096774,0.903928571,0.387096774,0.374333333,0.313548387,0.435,0.342278592,0.272221408,1.235333333,9.271290323,2.798,5.933870968,31944.0
RioGRande,8370500.0,AT1000,,8370500.0,08370500,31.08716667,-105.6093899,,2020,5.39,4.02,7.2,2.688666667,1.656774194,0.817666667,1.837741935,1.708709677,2.417666667,1.263548387,1.904,2.850645161,31944.0
RioGRande,8370500.0,AT1000,,8370500.0,08370500,31.08716667,-105.6093899,,2021,3.668709677,2.115357143,0.467741935,0.157,0.691397849,0.823333333,0.70594086,5.84483871,2.961,1.489677419,2.115333333,3.335806452,31944.0
RioGRande,8370500.0,AT1000,,8370500.0,08370500,31.08716667,-105.6093899,,2022,2.999677419,1.419285714,0.37,0.156666667,0.010645161,0.306333333,0.284516129,6.488064516,2.306666667,1.897419355,2.216,3.80516129,31944.0
RioGRande,8370500.0,AT1000,,8370500.0,08370500,31.08716667,-105.6093899,,2023,3.03,1.038571429,0.179354839,0.057333333,0.032903226,0.145333333,0.037419355,0.197741935,0.226333333,0.901290323,1.058666667,1.791290323,31944.0
RioGRande,8370500.0,AT1000,,8370500.0,08370500,31.08716667,-105.6093899,,2024,2.059354839,1.384827586,0.725806452,1.593333333,1.413225806,0.391666667,1.187741935,1.080967742,2.479,0.992258065,0.809,1.841005296,31944.0
RioGRande,8371500.0,BM1000,,8371500.0,08371500,29.60367089,-104.4523104,,2010,4.587096774,4.735714286,3.086451613,4.233666667,1.719354839,0.981666667,3.472258065,3.36483871,5.926,4.705806452,3.316666667,3.89516129,37906.0
RioGRande,8371500.0,BM1000,,8371500.0,08371500,29.60367089,-104.4523104,,2011,3.346451613,2.860714286,0.921612903,0.208333333,0.14483871,0.567,0.233870968,0.342580645,2.117,0.302903226,0.070333333,0.266451613,37906.0
RioGRande,8371500.0,BM1000,,8371500.0,08371500,29.60367089,-104.4523104,,2012,0.109354839,0.067931034,0.170967742,0.111,1.212258065,0.104666667,1.73,1.084516129,1.016666667,0.225483871,0.064,0.051935484,37906.0
RioGRande,8371500.0,BM1000,,8371500.0,08371500,29.60367089,-104.4523104,,2013,0.416774194,0.039642857,0.042580645,0.109666667,0.051290323,0.841,1.91,0.685806452,1.071666667,0.337741935,0.408666667,0.395806452,37906.0
RioGRande,8371500.0,BM1000,,8371500.0,08371500,29.60367089,-104.4523104,,2014,0.316774194,0.207142857,0.076129032,0.065666667,0.111612903,0.399,0.55516129,2.090967742,2.809333333,1.537096774,0.589666667,0.75483871,37906.0
RioGRande,8371500.0,BM1000,,8371500.0,08371500,29.60367089,-104.4523104,,2015,0.929354839,0.5975,0.563870968,0.142666667,0.710645161,0.66,4.543225806,0.79516129,0.830666667,2.951290323,2.163333333,2.179032258,37906.0
RioGRande,8371500.0,BM1000,,8371500.0,08371500,29.60367089,-104.4523104,,2016,2.123870968,1.564482759,0.697419355,0.234333333,0.389677419,0.425666667,0.146129032,1.266774194,3.050666667,2.761290323,1.507,1.977741935,37906.0
RioGRande,8371500.0,BM1000,,8371500.0,08371500,29.60367089,-104.4523104,,2017,3.028064516,2.124642857,0.950967742,0.118,0.185806452,0.109666667,2.09483871,2.698387097,3.442666667,4.999354839,3.24,3.175806452,37906.0
RioGRande,8371500.0,BM1000,,8371500.0,08371500,29.60367089,-104.4523104,,2018,3.399354839,2.49,1.077741935,0.270333333,0.343548387,0.418666667,0.885483871,0.903548387,3.234666667,1.097741935,2.459,1.912903226,37906.0
RioGRande,8371500.0,BM1000,,8371500.0,08371500,29.60367089,-104.4523104,,2019,2.441935484,1.8725,0.868387097,0.349333333,0.201290323,0.391666667,0.322258065,0.159677419,1.119333333,1.979032258,2.128666667,2.188709677,37906.0
RioGRande,8371500.0,BM1000,,8371500.0,08371500,29.60367089,-104.4523104,,2020,3.025806452,2.653103448,2.368709677,1.545333333,0.107741935,0.198,0.200322581,0.213225806,2.693333333,0.032258065,0.011,0.177741935,37906.0
RioGRande,8371500.0,BM1000,,8371500.0,08371500,29.60367089,-104.4523104,,2021,0.474193548,0.476785714,0.023225806,0.118333333,0.190967742,0.116333333,0.779032258,0.560322581,1.88175,0.585645161,0.02,0.695483871,37906.0
RioGRande,8371500.0,BM1000,,8371500.0,08371500,29.60367089,-104.4523104,,2022,1.135483871,1.229642857,0.227096774,0.007333333,0.01,0.009,0.076774194,4.872903226,10.165,2.102258065,1.173666667,1.748064516,37906.0
RioGRande,8371500.0,BM1000,,8371500.0,08371500,29.60367089,-104.4523104,,2023,2.355483871,1.568214286,0.277096774,0.166333333,0.087096774,0.025333333,0.372903226,0.242903226,0.280666667,0.0,0.028,0.007096774,37906.0
RioGRande,8371500.0,BM1000,,8371500.0,08371500,29.60367089,-104.4523104,,2024,0.063225806,0.0,0.0,0.175,0.01483871,0.0,0.020967742,0.0,0.230333333,0.011290323,0.005,0.0,37906.0
RioGRande,8371500.0,BT1000,,8371500.0,08371500,29.60366667,-104.45231,,2010,4.587096774,4.735714286,3.086451613,4.233666667,1.719354839,0.981666667,3.472258065,3.36483871,5.926,4.705806452,3.316666667,3.89516129,37906.0
RioGRande,8371500.0,BT1000,,8371500.0,08371500,29.60366667,-104.45231,,2011,3.346451613,2.860714286,0.921612903,0.208333333,0.14483871,0.567,0.233870968,0.342580645,2.117,0.302903226,0.070333333,0.266451613,37906.0
RioGRande,8371500.0,BT1000,,8371500.0,08371500,29.60366667,-104.45231,,2012,0.109354839,0.067931034,0.170967742,0.111,1.212258065,0.104666667,1.73,1.084516129,1.016666667,0.225483871,0.064,0.051935484,37906.0
RioGRande,8371500.0,BT1000,,8371500.0,08371500,29.60366667,-104.45231,,2013,0.416774194,0.039642857,0.042580645,0.109666667,0.051290323,0.841,1.91,0.685806452,1.071666667,0.337741935,0.408666667,0.395806452,37906.0
RioGRande,8371500.0,BT1000,,8371500.0,08371500,29.60366667,-104.45231,,2014,0.316774194,0.207142857,0.076129032,0.065666667,0.111612903,0.399,0.55516129,2.090967742,2.809333333,1.537096774,0.589666667,0.75483871,37906.0
RioGRande,8371500.0,BT1000,,8371500.0,08371500,29.60366667,-104.45231,,2015,0.929354839,0.5975,0.563870968,0.142666667,0.710645161,0.66,4.543225806,0.79516129,0.830666667,2.951290323,2.163333333,2.179032258,37906.0
RioGRande,8371500.0,BT1000,,8371500.0,08371500,29.60366667,-104.45231,,2016,2.123870968,1.564482759,0.697419355,0.234333333,0.389677419,0.425666667,0.146129032,1.266774194,3.050666667,2.761290323,1.507,1.977741935,37906.0
RioGRande,8371500.0,BT1000,,8371500.0,08371500,29.60366667,-104.45231,,2017,3.028064516,2.124642857,0.950967742,0.118,0.185806452,0.109666667,2.09483871,2.698387097,3.442666667,4.999354839,3.24,3.175806452,37906.0
RioGRande,8371500.0,BT1000,,8371500.0,08371500,29.60366667,-104.45231,,2018,3.399354839,2.49,1.077741935,0.270333333,0.343548387,0.418666667,0.885483871,0.903548387,3.234666667,1.097741935,2.459,1.912903226,37906.0
RioGRande,8371500.0,BT1000,,8371500.0,08371500,29.60366667,-104.45231,,2019,2.441935484,1.8725,0.868387097,0.349333333,0.201290323,0.391666667,0.322258065,0.159677419,1.119333333,1.979032258,2.128666667,2.188709677,37906.0
RioGRande,8371500.0,BT1000,,8371500.0,08371500,29.60366667,-104.45231,,2020,3.025806452,2.653103448,2.368709677,1.545333333,0.107741935,0.198,0.200322581,0.213225806,2.693333333,0.032258065,0.011,0.177741935,37906.0
RioGRande,8371500.0,BT1000,,8371500.0,08371500,29.60366667,-104.45231,,2021,0.474193548,0.476785714,0.023225806,0.118333333,0.190967742,0.116333333,0.779032258,0.560322581,1.88175,0.585645161,0.02,0.695483871,37906.0
RioGRande,8371500.0,BT1000,,8371500.0,08371500,29.60366667,-104.45231,,2022,1.135483871,1.229642857,0.227096774,0.007333333,0.01,0.009,0.076774194,4.872903226,10.165,2.102258065,1.173666667,1.748064516,37906.0
RioGRande,8371500.0,BT1000,,8371500.0,08371500,29.60366667,-104.45231,,2023,2.355483871,1.568214286,0.277096774,0.166333333,0.087096774,0.025333333,0.372903226,0.242903226,0.280666667,0.0,0.028,0.007096774,37906.0
RioGRande,8371500.0,BT1000,,8371500.0,08371500,29.60366667,-104.45231,,2024,0.063225806,0.0,0.0,0.175,0.01483871,0.0,0.020967742,0.0,0.230333333,0.011290323,0.005,0.0,37906.0
RioGRande,8373000.0,FM1000,,8373000.0,08373000,29.57194167,-104.4408228,,2010,1.467096774,31.30357143,2.459354839,2.123,1.135483871,1.676333333,10.24064516,33.36903226,50.40666667,24.45322581,1.305666667,0.923225806,26107.88378142417
RioGRande,8373000.0,FM1000,,8373000.0,08373000,29.57194167,-104.4408228,,2011,0.760967742,0.746785714,0.859032258,1.073333333,1.213225806,3.72,21.94935484,3.031612903,6.456333333,2.041290323,0.694333333,0.657096774,26107.88378142417
RioGRande,8373000.0,FM1000,,8373000.0,08373000,29.57194167,-104.4408228,,2012,0.563548387,0.398275862,0.620645161,1.431666667,4.60516129,0.827333333,22.86612903,8.326129032,8.773333333,1.903548387,0.474,0.36483871,26107.88378142417
RioGRande,8373000.0,FM1000,,8373000.0,08373000,29.57194167,-104.4408228,,2013,2.547096774,0.276785714,0.431290323,0.671333333,1.977096774,16.87033333,79.44354839,100.983871,87.51,21.74419355,12.84633333,10.83032258,26107.88378142417
RioGRande,8373000.0,FM1000,,8373000.0,08373000,29.57194167,-104.4408228,,2014,7.675483871,3.9725,1.56516129,1.045666667,0.910645161,4.019333333,1.449354839,11.18096774,120.9023333,43.71935484,22.96333333,14.09483871,26107.88378142417
RioGRande,8373000.0,FM1000,,8373000.0,08373000,29.57194167,-104.4408228,,2015,3.037741935,2.062857143,3.881935484,0.797333333,1.015483871,2.182333333,14.87322581,2.726129032,5.389666667,17.78354839,21.39333333,18.5483871,26107.88378142417
RioGRande,8373000.0,FM1000,,8373000.0,08373000,29.57194167,-104.4408228,,2016,1.717419355,0.672068966,0.975806452,0.708666667,3.843225806,5.92,1.846774194,14.98548387,42.25333333,22.6483871,5.723666667,11.02258065,26107.88378142417
RioGRande,8373000.0,FM1000,,8373000.0,08373000,29.57194167,-104.4408228,,2017,17.26129032,6.768928571,0.891290323,0.918666667,6.722903226,3.432,33.21258065,131.886129,86.68333333,34.13548387,19.15666667,10.18032258,26107.88378142417
RioGRande,8373000.0,FM1000,,8373000.0,08373000,29.57194167,-104.4408228,,2018,3.570322581,2.466428571,0.95516129,0.922,2.311612903,1.280666667,3.159032258,7.514193548,18.388,19.6483871,16.27,2.567419355,26107.88378142417
RioGRande,8373000.0,FM1000,,8373000.0,08373000,29.57194167,-104.4408228,,2019,0.654516129,1.313214286,7.673870968,6.395333333,1.35516129,9.513,1.628064516,1.429032258,8.395666667,12.06354839,15.51666667,14.60645161,26107.88378142417
RioGRande,8373000.0,FM1000,,8373000.0,08373000,29.57194167,-104.4408228,,2020,6.612580645,0.682758621,0.767096774,0.896,1.657741935,9.873666667,14.71870968,11.49483871,39.48,24.86774194,18.69133333,2.156129032,26107.88378142417
RioGRande,8373000.0,FM1000,,8373000.0,08373000,29.57194167,-104.4408228,,2021,1.607741935,0.609642857,0.517741935,0.756333333,1.450967742,7.384666667,8.738709677,10.0283871,1.859333333,0.95483871,0.324333333,0.292903226,26107.88378142417
RioGRande,8373000.0,FM1000,,8373000.0,08373000,29.57194167,-104.4408228,,2022,0.270645161,0.265357143,0.271935484,0.276666667,0.311290323,1.615666667,2.959032258,48.66612903,182.5066667,48.87096774,10.375,5.51516129,26107.88378142417
RioGRande,8373000.0,FM1000,,8373000.0,08373000,29.57194167,-104.4408228,,2023,3.061612903,2.6425,1.322258065,1.370666667,10.11516129,1.814666667,1.595483871,1.447741935,5.220666667,0.536774194,0.343666667,0.298387097,26107.88378142417
RioGRande,8373000.0,FM1000,,8373000.0,08373000,29.57194167,-104.4408228,,2024,0.425806452,0.191034483,0.200967742,0.432666667,0.362258065,0.540333333,5.511612903,1.064516129,9.682333333,0.541290323,0.309666667,0.176129032,26107.88378142417
RioGRande,8374000.0,CT7000,,8374000.0,08374000,29.52330667,-104.2885,,2010,0.01,0.0175,0.011290323,0.217666667,0.331290323,0.106666667,0.777096774,0.117741935,0.255666667,0.011935484,0.024333333,0.034516129,1504.0
RioGRande,8374000.0,CT7000,,8374000.0,08374000,29.52330667,-104.2885,,2011,0.027741935,0.021071429,0.016129032,0.01,0.01,0.01,0.007741935,0.007419355,0.514,0.01,0.01,0.01,1504.0
RioGRande,8374000.0,CT7000,,8374000.0,08374000,29.52330667,-104.2885,,2012,0.01,0.01,0.01,0.008666667,0.02,0.026333333,1.030645161,0.08516129,1.912666667,0.033548387,0.010666667,0.021612903,1504.0
RioGRande,8374000.0,CT7000,,8374000.0,08374000,29.52330667,-104.2885,,2013,0.024193548,0.02,0.018387097,0.021666667,0.01,1.611,0.043548387,0.043225806,0.012,0.01,0.01,0.011612903,1504.0
RioGRande,8374000.0,CT7000,,8374000.0,08374000,29.52330667,-104.2885,,2014,0.01,0.01,0.01,0.01,0.001290323,0.016666667,0.378064516,0.989032258,6.376666667,0.021935484,0.019,0.019677419,1504.0
RioGRande,8374000.0,CT7000,,8374000.0,08374000,29.52330667,-104.2885,,2015,0.019677419,0.022142857,0.025806452,0.013,0.001612903,0.084666667,0.376129032,0.001612903,0.472666667,0.0,0.0,0.0,1504.0
RioGRande,8374000.0,CT7000,,8374000.0,08374000,29.52330667,-104.2885,,2016,0.0,0.00862069,0.004516129,0.0,0.030967742,0.218333333,0.0,0.078387097,0.011,0.0,0.0,0.0,1504.0
RioGRande,8374000.0,CT7000,,8374000.0,08374000,29.52330667,-104.2885,,2017,0.01,0.065714286,0.036129032,0.000333333,0.023225806,0.093,1.016451613,0.298064516,0.001333333,0.0,0.0,0.0,1504.0
RioGRande,8374000.0,CT7000,,8374000.0,08374000,29.52330667,-104.2885,,2018,0.0,0.0,0.0,0.0,0.0,0.418,0.029677419,0.287096774,0.616666667,0.005806452,0.0,0.0,1504.0
RioGRande,8374000.0,CT7000,,8374000.0,08374000,29.52330667,-104.2885,,2019,0.0,0.0,0.0,0.0,0.000967742,0.854666667,0.080645161,0.280322581,0.810666667,0.024193548,0.374666667,0.0,1504.0
RioGRande,8374000.0,CT7000,,8374000.0,08374000,29.52330667,-104.2885,,2020,0.012903226,0.0,0.0,0.0,0.037741935,0.0,0.011612903,0.0,0.106666667,0.0,0.0,0.0,1504.0
RioGRande,8374000.0,CT7000,,8374000.0,08374000,29.52330667,-104.2885,,2021,0.0,0.0,0.0,0.0,0.026129032,0.129972222,0.15,0.642258065,0.100666667,0.0,0.0,0.0,1504.0
RioGRande,8374000.0,CT7000,,8374000.0,08374000,29.52330667,-104.2885,,2022,0.005483871,0.001785714,0.0,0.0,0.0,0.015333333,0.23,2.523870968,0.019,0.176451613,0.089333333,0.091935484,1504.0
RioGRande,8374000.0,CT7000,,8374000.0,08374000,29.52330667,-104.2885,,2023,0.134516129,0.038928571,0.018064516,0.012666667,0.665806452,0.010333333,0.007419355,0.037096774,0.004666667,0.0,0.0,0.0,1504.0
RioGRande,8374000.0,CT7000,,8374000.0,08374000,29.52330667,-104.2885,,2024,0.0,0.0,0.0,0.0,0.0,0.0,0.044112903,0.0,12.81466667,0.0,0.0,0.0,1504.0
RioGRande,8374200.0,CM6000,,8374200.0,08374200,29.51888864,-104.2867649,,2010,6.12483871,32.58571429,5.709677419,7.124666667,3.418709677,4.274333333,14.54548387,35.26032258,54.82666667,29.40516129,5.217333333,4.943870968,66203.0
RioGRande,8374200.0,CM6000,,8374200.0,08374200,29.51888864,-104.2867649,,2011,3.946129032,3.665357143,2.066774194,1.459,1.633870968,5.254,17.5816129,4.030645161,8.060333333,2.566451613,0.877666667,0.921290323,66203.0
RioGRande,8374200.0,CM6000,,8374200.0,08374200,29.51888864,-104.2867649,,2012,0.798387097,0.64,0.911935484,1.446333333,5.182903226,1.015333333,17.04870968,10.34064516,13.91633333,2.980645161,0.801666667,0.737096774,66203.0
RioGRande,8374200.0,CM6000,,8374200.0,08374200,29.51888864,-104.2867649,,2013,3.988064516,0.623928571,0.643870968,1.026,2.044193548,17.35266667,77.73483871,110.7193548,92.72666667,20.05548387,14.61266667,11.35096774,66203.0
RioGRande,8374200.0,CM6000,,8374200.0,08374200,29.51888864,-104.2867649,,2014,8.423870968,4.4275,2.106774194,1.451,1.101935484,3.953333333,2.472258065,14.65354839,123.792,48.31935484,26.07666667,15.51935484,66203.0
RioGRande,8374200.0,CM6000,,8374200.0,08374200,29.51888864,-104.2867649,,2015,4.438387097,3.383214286,6.180322581,1.441666667,2.13516129,3.167,18.16258065,3.51483871,7.331,21.97096774,24.95333333,22.23387097,66203.0
RioGRande,8374200.0,CM6000,,8374200.0,08374200,29.51888864,-104.2867649,,2016,4.232258065,2.505172414,1.93516129,1.2,4.490322581,7.376,2.605483871,18.66032258,47.94,27.4516129,8.106,13.25225806,66203.0
RioGRande,8374200.0,CM6000,,8374200.0,08374200,29.51888864,-104.2867649,,2017,19.40322581,9.243214286,2.14483871,1.282333333,6.308387097,4.698333333,31.65129032,115.1990323,81.22333333,33.6483871,19.51,13.4083871,66203.0
RioGRande,8374200.0,CM6000,,8374200.0,08374200,29.51888864,-104.2867649,,2018,7.415806452,4.783571429,2.617096774,1.659333333,2.76516129,3.539,4.209677419,9.244193548,21.01566667,18.90645161,16.705,5.110322581,66203.0
RioGRande,8374200.0,CM6000,,8374200.0,08374200,29.51888864,-104.2867649,,2019,3.120967742,3.180357143,9.553225806,7.448,2.063548387,11.73833333,2.181612903,1.987096774,10.329,14.32322581,19.82,18.78064516,66203.0
RioGRande,8374200.0,CM6000,,8374200.0,08374200,29.51888864,-104.2867649,,2020,10.81645161,3.425517241,3.212903226,2.709666667,2.145806452,9.971,15.30645161,12.18677419,41.58666667,24.66129032,18.543,2.315483871,66203.0
RioGRande,8374200.0,CM6000,,8374200.0,08374200,29.51888864,-104.2867649,,2021,2.121935484,1.262142857,0.752903226,0.945333333,2.647741935,10.13766667,11.04516129,10.58709677,3.76,1.233870968,0.352,1.120322581,66203.0
RioGRande,8374200.0,CM6000,,8374200.0,08374200,29.51888864,-104.2867649,,2022,1.629032258,1.47,0.599354839,0.285,0.296774194,2.716333333,2.898709677,51.92129032,157.37,43.07096774,11.67,7.496451613,66203.0
RioGRande,8374200.0,CM6000,,8374200.0,08374200,29.51888864,-104.2867649,,2023,5.071612903,4.445357143,1.970322581,1.522333333,15.03967742,2.298666667,2.178387097,1.692258065,6.389,0.519354839,0.418,0.429354839,66203.0
RioGRande,8374200.0,CM6000,,8374200.0,08374200,29.51888864,-104.2867649,,2024,0.610967742,0.304827586,0.244193548,0.462666667,0.333870968,0.16,3.053548387,0.742903226,10.31433333,0.334193548,0.256,0.17483871,66203.0
RioGRande,8374200.0,CT6000,,8374200.0,08374200,29.51887667,-104.28661,,2010,6.12483871,32.58571429,5.709677419,7.124666667,3.418709677,4.274333333,14.54548387,35.26032258,54.82666667,29.40516129,5.217333333,4.943870968,66203.0
RioGRande,8374200.0,CT6000,,8374200.0,08374200,29.51887667,-104.28661,,2011,3.946129032,3.665357143,2.066774194,1.459,1.633870968,5.254,17.5816129,4.030645161,8.060333333,2.566451613,0.877666667,0.921290323,66203.0
RioGRande,8374200.0,CT6000,,8374200.0,08374200,29.51887667,-104.28661,,2012,0.798387097,0.64,0.911935484,1.446333333,5.182903226,1.015333333,17.04870968,10.34064516,13.91633333,2.980645161,0.801666667,0.737096774,66203.0
RioGRande,8374200.0,CT6000,,8374200.0,08374200,29.51887667,-104.28661,,2013,3.988064516,0.623928571,0.643870968,1.026,2.044193548,17.35266667,77.73483871,110.7193548,92.72666667,20.05548387,14.61266667,11.35096774,66203.0
RioGRande,8374200.0,CT6000,,8374200.0,08374200,29.51887667,-104.28661,,2014,8.423870968,4.4275,2.106774194,1.451,1.101935484,3.953333333,2.472258065,14.65354839,123.792,48.31935484,26.07666667,15.51935484,66203.0
RioGRande,8374200.0,CT6000,,8374200.0,08374200,29.51887667,-104.28661,,2015,4.438387097,3.383214286,6.180322581,1.441666667,2.13516129,3.167,18.16258065,3.51483871,7.331,21.97096774,24.95333333,22.23387097,66203.0
RioGRande,8374200.0,CT6000,,8374200.0,08374200,29.51887667,-104.28661,,2016,4.232258065,2.505172414,1.93516129,1.2,4.490322581,7.376,2.605483871,18.66032258,47.94,27.4516129,8.106,13.25225806,66203.0
RioGRande,8374200.0,CT6000,,8374200.0,08374200,29.51887667,-104.28661,,2017,19.40322581,9.243214286,2.14483871,1.282333333,6.308387097,4.698333333,31.65129032,115.1990323,81.22333333,33.6483871,19.51,13.4083871,66203.0
RioGRande,8374200.0,CT6000,,8374200.0,08374200,29.51887667,-104.28661,,2018,7.415806452,4.783571429,2.617096774,1.659333333,2.76516129,3.539,4.209677419,9.244193548,21.01566667,18.90645161,16.705,5.110322581,66203.0
RioGRande,8374200.0,CT6000,,8374200.0,08374200,29.51887667,-104.28661,,2019,3.120967742,3.180357143,9.553225806,7.448,2.063548387,11.73833333,2.181612903,1.987096774,10.329,14.32322581,19.82,18.78064516,66203.0
RioGRande,8374200.0,CT6000,,8374200.0,08374200,29.51887667,-104.28661,,2020,10.81645161,3.425517241,3.212903226,2.709666667,2.145806452,9.971,15.30645161,12.18677419,41.58666667,24.66129032,18.543,2.315483871,66203.0
RioGRande,8374200.0,CT6000,,8374200.0,08374200,29.51887667,-104.28661,,2021,2.121935484,1.262142857,0.752903226,0.945333333,2.647741935,10.13766667,11.04516129,10.58709677,3.76,1.233870968,0.352,1.120322581,66203.0
RioGRande,8374200.0,CT6000,,8374200.0,08374200,29.51887667,-104.28661,,2022,1.629032258,1.47,0.599354839,0.285,0.296774194,2.716333333,2.898709677,51.92129032,157.37,43.07096774,11.67,7.496451613,66203.0
RioGRande,8374200.0,CT6000,,8374200.0,08374200,29.51887667,-104.28661,,2023,5.071612903,4.445357143,1.970322581,1.522333333,15.03967742,2.298666667,2.178387097,1.692258065,6.389,0.519354839,0.418,0.429354839,66203.0
RioGRande,8374200.0,CT6000,,8374200.0,08374200,29.51887667,-104.28661,,2024,0.610967742,0.304827586,0.244193548,0.462666667,0.333870968,0.16,3.053548387,0.742903226,10.31433333,0.334193548,0.256,0.17483871,66203.0
RioGRande,8374500.0,CT5000,,8374500.0,08374500,29.20011667,-103.60584,,2010,0.077096774,0.112142857,0.077096774,1.147,0.117096774,0.514,1.640645161,0.704193548,0.902333333,0.090967742,0.068,0.078709677,1070.0
RioGRande,8374500.0,CT5000,,8374500.0,08374500,29.20011667,-103.60584,,2011,0.060645161,0.0725,0.061935484,0.040666667,0.030967742,0.035,0.270322581,0.478387097,0.766666667,0.027096774,0.026666667,0.03,1070.0
RioGRande,8374500.0,CT5000,,8374500.0,08374500,29.20011667,-103.60584,,2012,0.031935484,0.024137931,0.013548387,0.012666667,1.886774194,0.090666667,2.010967742,0.80483871,5.932666667,1.968064516,0.046333333,0.051290323,1070.0
RioGRande,8374500.0,CT5000,,8374500.0,08374500,29.20011667,-103.60584,,2013,0.993870968,0.045357143,0.043870968,0.037666667,0.03483871,0.474,0.637419355,0.486129032,0.321333333,0.319677419,0.057333333,0.050967742,1070.0
RioGRande,8374500.0,CT5000,,8374500.0,08374500,29.20011667,-103.60584,,2014,0.04,0.040714286,0.033870968,0.121333333,0.020967742,2.834666667,1.241290323,2.145483871,8.581666667,0.053225806,6.842333333,0.063548387,1070.0
RioGRande,8374500.0,CT5000,,8374500.0,08374500,29.20011667,-103.60584,,2015,0.062903226,0.079285714,0.492580645,0.278666667,2.551612903,4.636,5.551290323,0.420322581,1.202,1.696774194,0.047,0.059354839,1070.0
RioGRande,8374500.0,CT5000,,8374500.0,08374500,29.20011667,-103.60584,,2016,0.040645161,0.040344828,0.047096774,0.422,1.05,4.223333333,1.025806452,10.44451613,0.497333333,0.061935484,0.154,0.282903226,1070.0
RioGRande,8374500.0,CT5000,,8374500.0,08374500,29.20011667,-103.60584,,2017,0.059032258,0.055714286,0.046774194,0.173,3.723548387,0.651333333,3.478064516,5.332258065,0.38,0.070322581,0.068666667,0.069032258,1070.0
RioGRande,8374500.0,CT5000,,8374500.0,08374500,29.20011667,-103.60584,,2018,0.067419355,0.059642857,0.052580645,0.043666667,0.124193548,1.051,0.149032258,0.097096774,3.968,3.452903226,0.124333333,0.073870968,1070.0
RioGRande,8374500.0,CT5000,,8374500.0,08374500,29.20011667,-103.60584,,2019,0.050967742,0.059642857,0.03516129,0.145333333,0.26,3.902,2.010967742,2.332580645,2.705,0.077741935,0.052222222,0.077741935,1070.0
RioGRande,8374500.0,CT5000,,8374500.0,08374500,29.20011667,-103.60584,,2020,0.056451613,0.049310345,0.053870968,0.044333333,0.058037634,0.071,0.083548387,0.029677419,1.034333333,0.049677419,0.066666667,0.066774194,1070.0
RioGRande,8374500.0,CT5000,,8374500.0,08374500,29.20011667,-103.60584,,2021,0.045483871,0.032857143,0.048709677,0.017,1.405806452,1.803666667,0.6,2.412903226,0.132333333,0.020322581,0.024333333,0.014516129,1070.0
RioGRande,8374500.0,CT5000,,8374500.0,08374500,29.20011667,-103.60584,,2022,0.011935484,0.011785714,0.017096774,0.013333333,0.093548387,1.399666667,5.398387097,7.610322581,3.269666667,3.551935484,0.050333333,0.070645161,1070.0
RioGRande,8374500.0,CT5000,,8374500.0,08374500,29.20011667,-103.60584,,2023,0.057741935,0.043214286,0.066451613,0.024666667,11.41806452,0.099,0.044193548,0.802903226,0.044666667,0.743548387,0.235666667,0.03516129,1070.0
RioGRande,8374500.0,CT5000,,8374500.0,08374500,29.20011667,-103.60584,,2024,0.030645161,0.032068966,0.030967742,0.023,0.017096774,0.020333333,0.197419355,0.169354839,0.227333333,0.004516129,0.0,0.004516129,1070.0
RioGRande,8375000.0,CM4000,,8375000.0,08375000,29.03356404,-103.3889665,,2010,6.512258065,27.995,7.887741935,9.215666667,2.807096774,6.352,14.23741935,31.97806452,48.50333333,27.24870968,6.053,4.813225806,67760.0
RioGRande,8375000.0,CM4000,,8375000.0,08375000,29.03356404,-103.3889665,,2011,4.580645161,3.975357143,1.840645161,0.900666667,0.539032258,2.999333333,16.12258065,4.462258065,8.628333333,2.552258065,0.586666667,0.897419355,67760.0
RioGRande,8375000.0,CM4000,,8375000.0,08375000,29.03356404,-103.3889665,,2012,0.88516129,0.643103448,0.472580645,1.224666667,7.199677419,2.534666667,23.34419355,10.35483871,14.432,8.067096774,1.043333333,0.793225806,67760.0
RioGRande,8375000.0,CM4000,,8375000.0,08375000,29.03356404,-103.3889665,,2013,5.319354839,0.635,0.424516129,0.324666667,1.210322581,17.43533333,70.70645161,105.4806452,75.39,25.68419355,13.53666667,13.02580645,67760.0
RioGRande,8375000.0,CM4000,,8375000.0,08375000,29.03356404,-103.3889665,,2014,10.09129032,6.148214286,2.189677419,1.749,0.570967742,5.969333333,5.23483871,16.53935484,112.2476667,50.29354839,31.50666667,17.13612903,67760.0
RioGRande,8375000.0,CM4000,,8375000.0,08375000,29.03356404,-103.3889665,,2015,7.118709677,4.768928571,6.602580645,2.631,3.640645161,5.069,22.09096774,3.437096774,6.498,21.01129032,19.42666667,21.17612903,67760.0
RioGRande,8375000.0,CM4000,,8375000.0,08375000,29.03356404,-103.3889665,,2016,5.314193548,3.147931034,1.842903226,0.959333333,3.68,13.493,3.632580645,36.51258065,46.63666667,23.06129032,11.06933333,11.1516129,67760.0
RioGRande,8375000.0,CM4000,,8375000.0,08375000,29.03356404,-103.3889665,,2017,16.6483871,9.6475,2.612580645,1.373666667,10.71129032,7.498666667,26.23548387,111.2077419,90.89333333,37.95806452,21.84666667,14.74967742,67760.0
RioGRande,8375000.0,CM4000,,8375000.0,08375000,29.03356404,-103.3889665,,2018,8.208387097,6.030357143,3.014193548,1.366,1.940322581,4.040333333,3.913548387,8.55,24.88533333,18.61612903,17.53,4.43,67760.0
RioGRande,8375000.0,CM4000,,8375000.0,08375000,29.03356404,-103.3889665,,2019,2.949677419,3.272142857,6.961290323,7.788666667,3.229677419,22.42333333,4.572258065,2.561612903,16.20533333,12.09870968,16.96,15.57741935,67760.0
RioGRande,8375000.0,CM4000,,8375000.0,08375000,29.03356404,-103.3889665,,2020,10.55,4.133448276,3.182580645,2.108666667,0.853870968,8.326333333,12.44645161,9.310967742,30.82,19.73870968,16.66666667,3.087096774,67760.0
RioGRande,8375000.0,CM4000,,8375000.0,08375000,29.03356404,-103.3889665,,2021,2.530322581,1.615,0.806774194,0.355333333,3.920322581,7.281,11.44903226,14.31129032,3.472666667,1.567419355,0.26,0.424193548,67760.0
RioGRande,8375000.0,CM4000,,8375000.0,08375000,29.03356404,-103.3889665,,2022,1.297096774,1.059285714,0.522580645,0.037,0.014193548,2.508666667,4.090645161,43.99,153.3333333,53.53225806,13.65366667,7.103548387,67760.0
RioGRande,8375000.0,CM4000,,8375000.0,08375000,29.03356404,-103.3889665,,2023,5.959032258,4.756071429,2.725483871,1.553333333,22.07322581,2.097333333,0.958709677,1.556451613,5.524666667,1.286129032,0.321666667,0.287419355,67760.0
RioGRande,8375000.0,CM4000,,8375000.0,08375000,29.03356404,-103.3889665,,2024,0.490322581,0.284827586,0.222258065,0.016666667,0.053870968,0.651333333,6.584193548,0.491612903,19.09,0.309677419,0.0,0.008387097,67760.0
RioGRande,8375000.0,CT4000,,8375000.0,08375000,29.03469667,-103.39096,,2010,6.512258065,27.995,7.887741935,9.215666667,2.807096774,6.352,14.23741935,31.97806452,48.50333333,27.24870968,6.053,4.813225806,67760.0
RioGRande,8375000.0,CT4000,,8375000.0,08375000,29.03469667,-103.39096,,2011,4.580645161,3.975357143,1.840645161,0.900666667,0.539032258,2.999333333,16.12258065,4.462258065,8.628333333,2.552258065,0.586666667,0.897419355,67760.0
RioGRande,8375000.0,CT4000,,8375000.0,08375000,29.03469667,-103.39096,,2012,0.88516129,0.643103448,0.472580645,1.224666667,7.199677419,2.534666667,23.34419355,10.35483871,14.432,8.067096774,1.043333333,0.793225806,67760.0
RioGRande,8375000.0,CT4000,,8375000.0,08375000,29.03469667,-103.39096,,2013,5.319354839,0.635,0.424516129,0.324666667,1.210322581,17.43533333,70.70645161,105.4806452,75.39,25.68419355,13.53666667,13.02580645,67760.0
RioGRande,8375000.0,CT4000,,8375000.0,08375000,29.03469667,-103.39096,,2014,10.09129032,6.148214286,2.189677419,1.749,0.570967742,5.969333333,5.23483871,16.53935484,112.2476667,50.29354839,31.50666667,17.13612903,67760.0
RioGRande,8375000.0,CT4000,,8375000.0,08375000,29.03469667,-103.39096,,2015,7.118709677,4.768928571,6.602580645,2.631,3.640645161,5.069,22.09096774,3.437096774,6.498,21.01129032,19.42666667,21.17612903,67760.0
RioGRande,8375000.0,CT4000,,8375000.0,08375000,29.03469667,-103.39096,,2016,5.314193548,3.147931034,1.842903226,0.959333333,3.68,13.493,3.632580645,36.51258065,46.63666667,23.06129032,11.06933333,11.1516129,67760.0
RioGRande,8375000.0,CT4000,,8375000.0,08375000,29.03469667,-103.39096,,2017,16.6483871,9.6475,2.612580645,1.373666667,10.71129032,7.498666667,26.23548387,111.2077419,90.89333333,37.95806452,21.84666667,14.74967742,67760.0
RioGRande,8375000.0,CT4000,,8375000.0,08375000,29.03469667,-103.39096,,2018,8.208387097,6.030357143,3.014193548,1.366,1.940322581,4.040333333,3.913548387,8.55,24.88533333,18.61612903,17.53,4.43,67760.0
RioGRande,8375000.0,CT4000,,8375000.0,08375000,29.03469667,-103.39096,,2019,2.949677419,3.272142857,6.961290323,7.788666667,3.229677419,22.42333333,4.572258065,2.561612903,16.20533333,12.09870968,16.96,15.57741935,67760.0
RioGRande,8375000.0,CT4000,,8375000.0,08375000,29.03469667,-103.39096,,2020,10.55,4.133448276,3.182580645,2.108666667,0.853870968,8.326333333,12.44645161,9.310967742,30.82,19.73870968,16.66666667,3.087096774,67760.0
RioGRande,8375000.0,CT4000,,8375000.0,08375000,29.03469667,-103.39096,,2021,2.530322581,1.615,0.806774194,0.355333333,3.920322581,7.281,11.44903226,14.31129032,3.472666667,1.567419355,0.26,0.424193548,67760.0
RioGRande,8375000.0,CT4000,,8375000.0,08375000,29.03469667,-103.39096,,2022,1.297096774,1.059285714,0.522580645,0.037,0.014193548,2.508666667,4.090645161,43.99,153.3333333,53.53225806,13.65366667,7.103548387,67760.0
RioGRande,8375000.0,CT4000,,8375000.0,08375000,29.03469667,-103.39096,,2023,5.959032258,4.756071429,2.725483871,1.553333333,22.07322581,2.097333333,0.958709677,1.556451613,5.524666667,1.286129032,0.321666667,0.287419355,67760.0
RioGRande,8375000.0,CT4000,,8375000.0,08375000,29.03469667,-103.39096,,2024,0.490322581,0.284827586,0.222258065,0.016666667,0.053870968,0.651333333,6.584193548,0.491612903,19.09,0.309677419,0.0,0.008387097,67760.0
RioGRande,8377200.0,CM3000,,8377200.0,08377200,29.78006244,-101.7580536,,2010,13.85483871,33.225,19.84516129,19.484,17.09935484,11.514,191.6045161,23.29903226,37.23,22.88064516,13.33,13.41290323,80742.0
RioGRande,8377200.0,CM3000,,8377200.0,08377200,29.78006244,-101.7580536,,2011,11.68709677,12.16071429,11.5583871,7.423,6.997419355,8.510333333,20.30903226,18.09354839,19.67666667,9.129677419,7.425333333,7.929354839,80742.0
RioGRande,8377200.0,CM3000,,8377200.0,08377200,29.78006244,-101.7580536,,2012,7.957096774,8.033103448,7.708387097,10.81133333,23.82677419,11.49966667,30.58387097,19.06387097,15.12833333,29.74193548,8.333666667,7.962903226,80742.0
RioGRande,8377200.0,CM3000,,8377200.0,08377200,29.78006244,-101.7580536,,2013,16.51806452,8.079642857,6.534516129,6.793,8.628709677,21.71466667,58.0683871,128.1935484,98.97333333,44.26451613,20.26666667,20.12580645,80742.0
RioGRande,8377200.0,CM3000,,8377200.0,08377200,29.78006244,-101.7580536,,2014,16.03548387,12.31071429,8.796129032,8.815666667,7.234193548,12.36266667,11.66903226,22.20870968,100.963,73.34193548,41.54666667,26.57419355,80742.0
RioGRande,8377200.0,CM3000,,8377200.0,08377200,29.78006244,-101.7580536,,2015,13.88709677,11.75714286,14.23451613,11.34433333,11.18516129,22.3,30.57419355,10.74,13.81166667,39.96903226,26.34,31.83548387,80742.0
RioGRande,8377200.0,CM3000,,8377200.0,08377200,29.78006244,-101.7580536,,2016,12.66129032,9.882413793,8.182580645,7.147,11.66354839,17.82666667,11.90322581,50.36,64.09,30.91290323,19.69666667,18.06451613,80742.0
RioGRande,8377200.0,CM3000,,8377200.0,08377200,29.78006244,-101.7580536,,2017,25.34516129,19.47142857,10.6483871,10.584,21.85870968,24.00466667,41.87129032,118.1290323,118.5933333,51.32258065,30.99666667,24.78387097,80742.0
RioGRande,8377200.0,CM3000,,8377200.0,08377200,29.78006244,-101.7580536,,2018,16.23870968,13.075,9.698387097,7.179333333,8.642580645,9.493333333,12.63419355,22.06870968,69.21,42.98064516,29.47666667,16.30645161,80742.0
RioGRande,8377200.0,CM3000,,8377200.0,08377200,29.78006244,-101.7580536,,2019,14.01612903,12.81428571,16.11612903,17.23666667,17.15806452,38.36666667,16.98709677,10.77677419,29.25666667,21.61290323,26.97666667,26.44193548,80742.0
RioGRande,8377200.0,CM3000,,8377200.0,08377200,29.78006244,-101.7580536,,2020,21.29354839,13.43448276,16.46451613,9.165,10.70451613,15.57,21.84193548,15.38064516,40.62,30.20967742,27.70333333,11.86064516,80742.0
RioGRande,8377200.0,CM3000,,8377200.0,08377200,29.78006244,-101.7580536,,2021,9.339354839,8.557142857,7.414193548,6.314333333,20.10129032,13.35033333,29.59419355,27.16451613,11.90033333,12.27580645,7.158333333,6.718064516,80742.0
RioGRande,8377200.0,CM3000,,8377200.0,08377200,29.78006244,-101.7580536,,2022,7.198064516,7.788571429,7.154516129,5.935,10.21580645,13.101,11.14225806,90.76419355,186.64,88.16774194,25.88,17.12903226,80742.0
RioGRande,8377200.0,CM3000,,8377200.0,08377200,29.78006244,-101.7580536,,2023,13.72258065,12.2,10.10645161,7.909333333,33.76580645,15.80166667,7.573548387,33.62935484,11.63466667,9.459677419,6.984333333,6.858064516,80742.0
RioGRande,8377200.0,CM3000,,8377200.0,08377200,29.78006244,-101.7580536,,2024,6.978387097,6.914137931,6.210645161,5.436,5.480645161,8.549333333,13.24419355,7.393225806,24.73666667,5.966774194,5.591666667,6.121935484,80742.0
RioGRande,8377200.0,CT3000,,8377200.0,08377200,29.78037667,-101.75864,,2010,13.85483871,33.225,19.84516129,19.484,17.09935484,11.514,191.6045161,23.29903226,37.23,22.88064516,13.33,13.41290323,80742.0
RioGRande,8377200.0,CT3000,,8377200.0,08377200,29.78037667,-101.75864,,2011,11.68709677,12.16071429,11.5583871,7.423,6.997419355,8.510333333,20.30903226,18.09354839,19.67666667,9.129677419,7.425333333,7.929354839,80742.0
RioGRande,8377200.0,CT3000,,8377200.0,08377200,29.78037667,-101.75864,,2012,7.957096774,8.033103448,7.708387097,10.81133333,23.82677419,11.49966667,30.58387097,19.06387097,15.12833333,29.74193548,8.333666667,7.962903226,80742.0
RioGRande,8377200.0,CT3000,,8377200.0,08377200,29.78037667,-101.75864,,2013,16.51806452,8.079642857,6.534516129,6.793,8.628709677,21.71466667,58.0683871,128.1935484,98.97333333,44.26451613,20.26666667,20.12580645,80742.0
RioGRande,8377200.0,CT3000,,8377200.0,08377200,29.78037667,-101.75864,,2014,16.03548387,12.31071429,8.796129032,8.815666667,7.234193548,12.36266667,11.66903226,22.20870968,100.963,73.34193548,41.54666667,26.57419355,80742.0
RioGRande,8377200.0,CT3000,,8377200.0,08377200,29.78037667,-101.75864,,2015,13.88709677,11.75714286,14.23451613,11.34433333,11.18516129,22.3,30.57419355,10.74,13.81166667,39.96903226,26.34,31.83548387,80742.0
RioGRande,8377200.0,CT3000,,8377200.0,08377200,29.78037667,-101.75864,,2016,12.66129032,9.882413793,8.182580645,7.147,11.66354839,17.82666667,11.90322581,50.36,64.09,30.91290323,19.69666667,18.06451613,80742.0
RioGRande,8377200.0,CT3000,,8377200.0,08377200,29.78037667,-101.75864,,2017,25.34516129,19.47142857,10.6483871,10.584,21.85870968,24.00466667,41.87129032,118.1290323,118.5933333,51.32258065,30.99666667,24.78387097,80742.0
RioGRande,8377200.0,CT3000,,8377200.0,08377200,29.78037667,-101.75864,,2018,16.23870968,13.075,9.698387097,7.179333333,8.642580645,9.493333333,12.63419355,22.06870968,69.21,42.98064516,29.47666667,16.30645161,80742.0
RioGRande,8377200.0,CT3000,,8377200.0,08377200,29.78037667,-101.75864,,2019,14.01612903,12.81428571,16.11612903,17.23666667,17.15806452,38.36666667,16.98709677,10.77677419,29.25666667,21.61290323,26.97666667,26.44193548,80742.0
RioGRande,8377200.0,CT3000,,8377200.0,08377200,29.78037667,-101.75864,,2020,21.29354839,13.43448276,16.46451613,9.165,10.70451613,15.57,21.84193548,15.38064516,40.62,30.20967742,27.70333333,11.86064516,80742.0
RioGRande,8377200.0,CT3000,,8377200.0,08377200,29.78037667,-101.75864,,2021,9.339354839,8.557142857,7.414193548,6.314333333,20.10129032,13.35033333,29.59419355,27.16451613,11.90033333,12.27580645,7.158333333,6.718064516,80742.0
RioGRande,8377200.0,CT3000,,8377200.0,08377200,29.78037667,-101.75864,,2022,7.198064516,7.788571429,7.154516129,5.935,10.21580645,13.101,11.14225806,90.76419355,186.64,88.16774194,25.88,17.12903226,80742.0
RioGRande,8377200.0,CT3000,,8377200.0,08377200,29.78037667,-101.75864,,2023,13.72258065,12.2,10.10645161,7.909333333,33.76580645,15.80166667,7.573548387,33.62935484,11.63466667,9.459677419,6.984333333,6.858064516,80742.0
RioGRande,8377200.0,CT3000,,8377200.0,08377200,29.78037667,-101.75864,,2024,6.978387097,6.914137931,6.210645161,5.436,5.480645161,8.549333333,13.24419355,7.393225806,24.73666667,5.966774194,5.591666667,6.121935484,80742.0
RioGRande,8407500.0,GT5000,,8407500.0,08407500,32.07550667,-104.03896,,2010,54.35806452,59.06071429,49.70967742,49.21,45.01290323,34.37666667,93.82903226,58.50645161,90.26,69.48709677,324.45,79.53548387,19540.0
RioGRande,8407500.0,GT5000,,8407500.0,08407500,32.07550667,-104.03896,,2011,66.53548387,61.01428571,53.54516129,38.19666667,32.65483871,22.65333333,19.39032258,15.83870968,19.42333333,18.6516129,26.08666667,34.78064516,19540.0
RioGRande,8407500.0,GT5000,,8407500.0,08407500,32.07550667,-104.03896,,2012,31.21935484,29.66551724,26.08709677,22.29333333,25.29677419,13.80333333,20.6383871,16.27322581,20.35266667,28.42258065,29.24666667,30.1516129,19540.0
RioGRande,8407500.0,GT5000,,8407500.0,08407500,32.07550667,-104.03896,,2013,33.25806452,27.81071429,22.26129032,14.75133333,11.38258065,16.21466667,37.92258065,16.64129032,439.405,151.5032258,39.59,38.24516129,19540.0
RioGRande,8407500.0,GT5000,,8407500.0,08407500,32.07550667,-104.03896,,2014,57.08709677,51.17142857,41.55806452,42.33,287.0548387,38.12333333,33.59677419,56.04193548,1565.92,98.76129032,93.61333333,80.25806452,19540.0
RioGRande,8407500.0,GT5000,,8407500.0,08407500,32.07550667,-104.03896,,2015,80.03225806,75.03928571,72.47741935,72.28,85.99354839,66.48333333,69.97741935,319.1903226,467.2,189.4903226,93.01,82.27419355,19540.0
RioGRande,8407500.0,GT5000,,8407500.0,08407500,32.07550667,-104.03896,,2016,254.916129,169.5896552,75.52580645,73.61666667,63.68064516,62.99,59.84516129,128.3903226,106.1766667,81.47096774,88.28,83.88387097,19540.0
RioGRande,8407500.0,GT5000,,8407500.0,08407500,32.07550667,-104.03896,,2017,77.4483871,65.91428571,59.59032258,59.09666667,61.28387097,56.62333333,54.24193548,72.37419355,72.34333333,64.79677419,69.72666667,64.41612903,19540.0
RioGRande,8407500.0,GT5000,,8407500.0,08407500,32.07550667,-104.03896,,2018,62.4483871,52.59642857,40.00967742,50.47333333,37.1483871,39.23333333,50.02258065,55.9516129,75.53333333,98.08709677,79.82666667,65.23870968,19540.0
RioGRande,8407500.0,GT5000,,8407500.0,08407500,32.07550667,-104.03896,,2019,59.53548387,50.91428571,46.53870968,68.51333333,53.94193548,94.64666667,69.46129032,54.41290323,61.01,73.8483871,66.29333333,60.57096774,19540.0
RioGRande,8407500.0,GT5000,,8407500.0,08407500,32.07550667,-104.03896,,2020,78.98709677,65.10689655,66.20322581,46.82,47.75483871,44.32,37.41935484,43.49677419,45.29666667,39.59354839,49.08,45.25483871,19540.0
RioGRande,8407500.0,GT5000,,8407500.0,08407500,32.07550667,-104.03896,,2021,46.77096774,45.2,35.39677419,29.05333333,41.37096774,220.1466667,235.0548387,193.9967742,59.05333333,56.92903226,58.25333333,55.20322581,19540.0
RioGRande,8407500.0,GT5000,,8407500.0,08407500,32.07550667,-104.03896,,2022,52.91290323,48.60714286,43.50645161,43.2,31.40645161,32.24,30.9,49.08709677,48.92333333,53.1,60.95,56.19032258,19540.0
RioGRande,8407500.0,GT5000,,8407500.0,08407500,32.07550667,-104.03896,,2023,53.38709677,43.22142857,35.75806452,37.98,40.0516129,35.51333333,27.37096774,35.32580645,44.73666667,87.01290323,61.14,56.53870968,19540.0
RioGRande,8407500.0,GT5000,,8407500.0,08407500,32.07550667,-104.03896,,2024,50.37419355,44.48965517,35.93225806,40.36,28.01935484,38.04333333,29.91290323,23.77096774,46.88333333,38.0,52.66,46.4516129,19540.0
RioGRande,8408500.0,GT4000,,8408500.0,08408500,32.02326667,-104.05436,,2010,2.516451613,2.283214286,2.247419355,2.519333333,1.350322581,25.99433333,17.29193548,3.317419355,27.351,2.603225806,2.601333333,3.154193548,689.0
RioGRande,8408500.0,GT4000,,8408500.0,08408500,32.02326667,-104.05436,,2011,3.262258065,2.748928571,2.315483871,1.818666667,0.893870968,0.256,0.0,0.000322581,1.892,0.414516129,1.313666667,1.649032258,689.0
RioGRande,8408500.0,GT4000,,8408500.0,08408500,32.02326667,-104.05436,,2012,1.555483871,1.951724138,1.43,0.999666667,4.361935484,0.337666667,14.26741935,0.124516129,0.095,0.532903226,0.840333333,1.212903226,689.0
RioGRande,8408500.0,GT4000,,8408500.0,08408500,32.02326667,-104.05436,,2013,2.065483871,1.67,1.41516129,0.979666667,0.468709677,0.0,66.23064516,3.399677419,113.4786667,4.82483871,4.325666667,3.748709677,689.0
RioGRande,8408500.0,GT4000,,8408500.0,08408500,32.02326667,-104.05436,,2014,2.322903226,1.900714286,1.39483871,1.102,0.709677419,0.113333333,2.528387097,0.727419355,784.4703333,6.649354839,4.847333333,4.474516129,689.0
RioGRande,8408500.0,GT4000,,8408500.0,08408500,32.02326667,-104.05436,,2015,4.978709677,5.65,5.691935484,5.314333333,4.932258065,3.325333333,3.400322581,2.826774194,17.35833333,22.38806452,6.603333333,6.624516129,689.0
RioGRande,8408500.0,GT4000,,8408500.0,08408500,32.02326667,-104.05436,,2016,5.960322581,4.803103448,4.484516129,3.747666667,2.605806452,1.424666667,0.337096774,56.20709677,11.31966667,3.189354839,4.519,3.728387097,689.0
RioGRande,8408500.0,GT4000,,8408500.0,08408500,32.02326667,-104.05436,,2017,3.298387097,2.951428571,2.360645161,1.499,0.610967742,0.185333333,0.738709677,6.77,29.49733333,2.537096774,2.317333333,2.729032258,689.0
RioGRande,8408500.0,GT4000,,8408500.0,08408500,32.02326667,-104.05436,,2018,2.907096774,2.800714286,2.316451613,1.590333333,0.755483871,0.098333333,0.259354839,0.585806452,4.546,9.048709677,2.060333333,2.107419355,689.0
RioGRande,8408500.0,GT4000,,8408500.0,08408500,32.02326667,-104.05436,,2019,2.185483871,1.8625,2.864516129,1.63,0.762903226,2.610666667,1.215483871,0.0,0.067,0.055806452,0.907666667,1.292580645,689.0
RioGRande,8408500.0,GT4000,,8408500.0,08408500,32.02326667,-104.05436,,2020,1.144193548,1.190344828,1.563225806,0.631666667,0.016451613,0.0,0.0,0.0,0.0,0.0,0.0,0.0,689.0
RioGRande,8408500.0,GT4000,,8408500.0,08408500,32.02326667,-104.05436,,2021,0.0,0.216428571,0.426774194,0.225333333,17.30516129,47.98666667,11.40774194,93.95387097,2.087,1.075806452,1.078666667,1.315483871,689.0
RioGRande,8408500.0,GT4000,,8408500.0,08408500,32.02326667,-104.05436,,2022,1.022258065,0.746071429,0.654193548,0.404333333,0.0,2.511,3.448709677,8.361290323,5.550666667,1.286451613,0.555666667,1.100322581,689.0
RioGRande,8408500.0,GT4000,,8408500.0,08408500,32.02326667,-104.05436,,2023,1.604516129,1.540714286,0.820645161,0.235,0.433225806,0.113333333,0.0,15.57032258,0.0,0.0,0.0,0.0,689.0
RioGRande,8408500.0,GT4000,,8408500.0,08408500,32.02326667,-104.05436,,2024,0.0,0.173793103,0.313225806,0.136666667,0.0,0.0,0.0,2.248387097,2.179333333,0.0,0.0,0.0,689.0
RioGRande,8412500.0,GT3000,,8412500.0,08412500,31.87278667,-103.83167,"Pecos Rv nr Orla, TX",2010,8.779354839,8.566071429,20.40645161,23.03866667,139.0787097,172.6066667,72.90967742,126.1741935,46.73,28.00258065,24.19966667,8.278064516,25070.0
RioGRande,8412500.0,GT3000,,8412500.0,08412500,31.87278667,-103.83167,"Pecos Rv nr Orla, TX",2011,8.500322581,22.75964286,18.24903226,125.4506667,97.75806452,140.5633333,63.44741935,54.58064516,13.299,2.089677419,0.176666667,0.0,25070.0
RioGRande,8412500.0,GT3000,,8412500.0,08412500,31.87278667,-103.83167,"Pecos Rv nr Orla, TX",2012,0.0,0.0,0.0,3.113333333,3.247741935,0.089,1.654516129,0.294516129,0.0,0.0,0.0,0.0,25070.0
RioGRande,8412500.0,GT3000,,8412500.0,08412500,31.87278667,-103.83167,"Pecos Rv nr Orla, TX",2013,0.027741935,0.0,0.0,0.0,0.0,0.0,0.118064516,0.174516129,0.442333333,0.0,0.0,0.0,25070.0
RioGRande,8412500.0,GT3000,,8412500.0,08412500,31.87278667,-103.83167,"Pecos Rv nr Orla, TX",2014,0.0,0.0,0.0,0.0,0.0,0.238,0.0,0.0,1465.668,346.8387097,43.07666667,10.32129032,25070.0
RioGRande,8412500.0,GT3000,,8412500.0,08412500,31.87278667,-103.83167,"Pecos Rv nr Orla, TX",2015,9.270322581,7.840357143,193.9883871,155.4666667,141.2903226,140.9666667,134.0193548,181.8064516,113.8866667,121.2548387,49.72333333,28.85806452,25070.0
RioGRande,8412500.0,GT3000,,8412500.0,08412500,31.87278667,-103.83167,"Pecos Rv nr Orla, TX",2016,212.2806452,94.40689655,32.78064516,27.34666667,50.01935484,64.65666667,80.2483871,83.37741935,40.67,23.00612903,19.74533333,17.98387097,25070.0
RioGRande,8412500.0,GT3000,,8412500.0,08412500,31.87278667,-103.83167,"Pecos Rv nr Orla, TX",2017,13.73870968,33.41071429,25.24516129,40.17602778,121.8483871,137.75,98.7516129,50.28580645,52.73,4.48483871,3.074333333,3.033225806,25070.0
RioGRande,8412500.0,GT3000,,8412500.0,08412500,31.87278667,-103.83167,"Pecos Rv nr Orla, TX",2018,2.21516129,18.88785714,19.1716129,17.89533333,184.9719355,86.68866667,52.77580645,31.6083871,23.49733333,40.73612903,2.46,1.850967742,25070.0
RioGRande,8412500.0,GT3000,,8412500.0,08412500,31.87278667,-103.83167,"Pecos Rv nr Orla, TX",2019,1.985806452,21.16357143,16.02322581,17.48733333,33.17064516,37.69333333,42.73903226,38.92967742,44.89366667,22.57709677,3.018333333,1.960645161,25070.0
RioGRande,8412500.0,GT3000,,8412500.0,08412500,31.87278667,-103.83167,"Pecos Rv nr Orla, TX",2020,2.065806452,2.363103448,26.46387097,35.564,40.12774194,117.0166667,83.13548387,45.04516129,49.60433333,29.53806452,16.681,0.787419355,25070.0
RioGRande,8412500.0,GT3000,,8412500.0,08412500,31.87278667,-103.83167,"Pecos Rv nr Orla, TX",2021,0.844193548,0.952142857,21.72709677,18.04333333,41.73870968,65.174,14.35354839,63.91225806,25.04133333,13.80935484,10.288,0.566774194,25070.0
RioGRande,8412500.0,GT3000,,8412500.0,08412500,31.87278667,-103.83167,"Pecos Rv nr Orla, TX",2022,0.189032258,20.95071429,2.83516129,40.306,26.41419355,30.778,47.96870968,44.73548387,21.20933333,131.556129,20.32333333,2.097096774,25070.0
RioGRande,8412500.0,GT3000,,8412500.0,08412500,31.87278667,-103.83167,"Pecos Rv nr Orla, TX",2023,1.879354839,20.02928571,133.8045161,6.853666667,30.86225806,30.93966667,52.53741935,34.48483871,48.505,213.7519355,22.645,19.21193548,25070.0
RioGRande,8412500.0,GT3000,,8412500.0,08412500,31.87278667,-103.83167,"Pecos Rv nr Orla, TX",2024,0.970967742,24.16896552,0.609677419,0.207333333,0.027419355,0.0,0.0,0.123870968,1.32,0.0,0.0,0.206774194,25070.0
RioGRande,8446500.0,GT2000,,8446500.0,08446500,31.11329667,-102.4178,"Pecos Rv nr Girvin, TX",2010,25.18709677,26.4,24.45806452,22.06666667,13.76774194,15.413,44.09677419,24.79677419,28.44,35.37096774,34.02333333,28.07741935,37300.0
RioGRande,8446500.0,GT2000,,8446500.0,08446500,31.11329667,-102.4178,"Pecos Rv nr Girvin, TX",2011,25.49032258,27.03571429,20.30967742,17.25566667,8.882580645,13.21333333,23.58870968,8.395806452,6.569,9.814516129,13.701,15.72580645,37300.0
RioGRande,8446500.0,GT2000,,8446500.0,08446500,31.11329667,-102.4178,"Pecos Rv nr Girvin, TX",2012,17.67741935,16.53103448,15.96774194,10.76666667,12.6683871,5.584,11.86774194,4.707741935,6.145666667,31.97096774,13.41666667,13.46129032,37300.0
RioGRande,8446500.0,GT2000,,8446500.0,08446500,31.11329667,-102.4178,"Pecos Rv nr Girvin, TX",2013,17.56774194,14.52857143,14.06774194,11.24733333,9.197419355,7.06,5.625806452,4.313548387,4.511,14.66935484,11.76933333,13.55806452,37300.0
RioGRande,8446500.0,GT2000,,8446500.0,08446500,31.11329667,-102.4178,"Pecos Rv nr Girvin, TX",2014,12.62258065,12.45,10.23516129,7.873333333,4.916451613,4.146,3.152903226,4.716774194,43.09333333,638.5806452,129.8266667,71.50967742,37300.0
RioGRande,8446500.0,GT2000,,8446500.0,08446500,31.11329667,-102.4178,"Pecos Rv nr Girvin, TX",2015,47.5516129,38.76071429,113.1193548,156.3333333,131.9935484,55.20666667,27.15483871,27.22258065,23.66666667,120.6516129,65.27333333,57.31612903,37300.0
RioGRande,8446500.0,GT2000,,8446500.0,08446500,31.11329667,-102.4178,"Pecos Rv nr Girvin, TX",2016,131.7870968,140.8517241,50.89354839,31.89666667,17.60032258,23.35,28.00322581,46.5483871,41.95666667,29.36129032,25.22666667,28.07419355,37300.0
RioGRande,8446500.0,GT2000,,8446500.0,08446500,31.11329667,-102.4178,"Pecos Rv nr Girvin, TX",2017,22.59032258,21.375,30.83548387,27.28666667,13.33032258,7.039333333,17.10032258,24.69354839,13.07766667,73.17741935,21.66333333,18.78387097,37300.0
RioGRande,8446500.0,GT2000,,8446500.0,08446500,31.11329667,-102.4178,"Pecos Rv nr Girvin, TX",2018,16.26451613,10.22464286,11.41935484,12.73,13.74580645,43.94666667,7.230967742,7.598709677,22.63633333,43.10967742,30.26,19.6516129,37300.0
RioGRande,8446500.0,GT2000,,8446500.0,08446500,31.11329667,-102.4178,"Pecos Rv nr Girvin, TX",2019,20.40967742,21.56785714,21.56129032,27.69,32.31290323,9.649666667,8.193225806,5.213548387,6.256,6.124193548,8.269333333,8.843870968,37300.0
RioGRande,8446500.0,GT2000,,8446500.0,08446500,31.11329667,-102.4178,"Pecos Rv nr Girvin, TX",2020,8.546129032,12.72689655,16.2516129,15.53333333,8.113548387,6.519333333,8.22516129,6.940967742,10.31933333,4.31,8.912333333,9.954193548,37300.0
RioGRande,8446500.0,GT2000,,8446500.0,08446500,31.11329667,-102.4178,"Pecos Rv nr Girvin, TX",2021,11.67580645,10.87642857,11.30741935,9.417666667,8.315806452,8.380333333,6.187096774,7.196129032,3.181666667,4.976774194,5.692,7.262903226,37300.0
RioGRande,8446500.0,GT2000,,8446500.0,08446500,31.11329667,-102.4178,"Pecos Rv nr Girvin, TX",2022,5.823548387,7.544285714,8.184193548,6.387,7.74516129,3.922666667,1.939032258,4.023548387,8.539333333,19.87290323,17.13333333,11.94935484,37300.0
RioGRande,8446500.0,GT2000,,8446500.0,08446500,31.11329667,-102.4178,"Pecos Rv nr Girvin, TX",2023,10.92741935,9.836428571,8.6,7.928666667,5.55,3.402,1.601612903,1.020645161,2.29,5.576129032,10.448,8.335483871,37300.0
RioGRande,8446500.0,GT2000,,8446500.0,08446500,31.11329667,-102.4178,"Pecos Rv nr Girvin, TX",2024,5.99483871,6.333103448,7.466774194,5.511666667,3.6,3.431666667,2.542903226,2.611612903,5.085,4.267419355,7.515666667,6.483548387,37300.0
RioGRande,8447410.0,GT1000,,8447410.0,08447410,29.80254667,-101.4426101,,2010,4.409677419,6.107857143,4.477741935,7.362,11.48032258,3.5,45.34193548,8.979677419,6.026666667,4.809677419,4.371333333,5.271612903,44015.0
RioGRande,8447410.0,GT1000,,8447410.0,08447410,29.80254667,-101.4426101,,2011,4.619677419,4.682142857,4.063548387,3.116,2.806774194,2.182666667,1.888709677,1.837096774,1.932333333,2.89,2.905333333,3.27,44015.0
RioGRande,8447410.0,GT1000,,8447410.0,08447410,29.80254667,-101.4426101,,2012,3.429354839,3.436551724,3.207741935,3.286333333,11.26064516,3.866333333,3.109354839,2.582258065,10.01466667,6.900322581,4.309666667,3.956774194,44015.0
RioGRande,8447410.0,GT1000,,8447410.0,08447410,29.80254667,-101.4426101,,2013,4.097741935,3.461071429,3.186451613,3.812,2.800645161,2.074333333,2.153548387,1.727419355,22.12733333,7.022903226,5.131666667,4.431612903,44015.0
RioGRande,8447410.0,GT1000,,8447410.0,08447410,29.80254667,-101.4426101,,2014,4.012903226,3.668571429,3.284516129,2.835666667,15.44387097,51.02066667,5.357096774,3.396129032,4.689666667,17.06225806,9.357666667,6.667096774,44015.0
RioGRande,8447410.0,GT1000,,8447410.0,08447410,29.80254667,-101.4426101,,2015,5.231612903,4.535357143,5.224516129,6.788333333,7.548709677,6.019666667,4.459032258,3.185806452,2.867666667,6.238064516,6.204666667,5.351935484,44015.0
RioGRande,8447410.0,GT1000,,8447410.0,08447410,29.80254667,-101.4426101,,2016,5.936129032,7.497241379,5.73483871,4.186333333,3.67483871,7.507333333,4.676774194,3.686129032,5.239333333,4.497096774,4.129333333,4.318387097,44015.0
RioGRande,8447410.0,GT1000,,8447410.0,08447410,29.80254667,-101.4426101,,2017,3.861935484,3.951785714,3.673548387,17.88033333,4.784516129,3.536666667,5.951290323,3.083225806,4.221,5.24516129,3.693666667,3.499354839,44015.0
RioGRande,8447410.0,GT1000,,8447410.0,08447410,29.80254667,-101.4426101,,2018,3.289032258,3.028214286,2.728709677,2.324666667,2.472580645,1.629,2.126451613,1.983548387,5.306333333,19.40516129,13.44,8.362258065,44015.0
RioGRande,8447410.0,GT1000,,8447410.0,08447410,29.80254667,-101.4426101,,2019,6.642258065,6.029642857,5.582903226,4.950333333,5.186451613,5.813,3.989354839,3.213548387,3.234333333,3.473225806,3.914666667,3.983870968,44015.0
RioGRande,8447410.0,GT1000,,8447410.0,08447410,29.80254667,-101.4426101,,2020,4.113548387,4.083103448,4.189677419,3.226333333,2.543225806,1.987333333,1.741935484,1.668709677,3.608,2.697419355,2.678333333,2.866129032,44015.0
RioGRande,8447410.0,GT1000,,8447410.0,08447410,29.80254667,-101.4426101,,2021,3.058064516,2.928571429,2.741935484,2.478,2.451290323,2.228666667,1.883870968,2.327741935,1.868666667,2.708387097,2.541333333,2.628709677,44015.0
RioGRande,8447410.0,GT1000,,8447410.0,08447410,29.80254667,-101.4426101,,2022,2.595483871,2.633571429,2.427741935,2.507333333,2.56483871,1.252,1.115806452,12.6483871,6.795,4.378064516,3.314666667,2.983225806,44015.0
RioGRande,8447410.0,GT1000,,8447410.0,08447410,29.80254667,-101.4426101,,2023,2.811290323,2.877857143,2.658387097,2.178333333,3.858064516,3.911666667,1.994516129,1.440967742,1.739666667,6.332903226,4.399,3.80516129,44015.0
RioGRande,8447410.0,GT1000,,8447410.0,08447410,29.80254667,-101.4426101,,2024,3.705806452,3.338275862,3.142258065,2.484666667,5.847741935,4.442,2.328064516,2.044193548,4.027333333,2.481612903,2.599666667,2.838064516,44015.0
RioGRande,8449000.0,CT2100,,8449000.0,08449000,29.96378667,-101.1455201,,2010,3.517741935,4.271428571,3.830967742,10.67033333,5.357419355,4.358,13.75709677,4.382903226,3.083333333,3.592903226,4.997333333,4.850645161,2766.0
RioGRande,8449000.0,CT2100,,8449000.0,08449000,29.96378667,-101.1455201,,2011,4.59483871,4.376428571,4.273548387,4.127,4.780967742,3.849666667,3.913225806,3.932258065,3.673,4.269677419,3.867,3.86,2766.0
RioGRande,8449000.0,CT2100,,8449000.0,08449000,29.96378667,-101.1455201,,2012,3.738387097,3.57862069,3.576129032,3.709,5.091935484,4.265333333,3.756774194,3.290967742,4.011,4.316451613,3.957666667,3.634193548,2766.0
RioGRande,8449000.0,CT2100,,8449000.0,08449000,29.96378667,-101.1455201,,2013,3.541290323,3.3625,3.289677419,3.352,3.906129032,3.669666667,3.313225806,3.077096774,21.883,5.447741935,3.040666667,2.173225806,2766.0
RioGRande,8449000.0,CT2100,,8449000.0,08449000,29.96378667,-101.1455201,,2014,1.751290323,1.525714286,1.448387097,1.340666667,1.190322581,1.045666667,0.906451613,0.77483871,1.243333333,1.691935484,1.576666667,1.438064516,2766.0
RioGRande,8449000.0,CT2100,,8449000.0,08449000,29.96378667,-101.1455201,,2015,1.241612903,0.961428571,0.922903226,0.914666667,0.887419355,0.864333333,0.847741935,0.831290323,0.873333333,1.064193548,1.258,1.257096774,2766.0
RioGRande,8449000.0,CT2100,,8449000.0,08449000,29.96378667,-101.1455201,,2016,1.256774194,1.15862069,1.351290323,1.347333333,1.367096774,1.791,2.269354839,2.031612903,2.013333333,1.879677419,1.677333333,1.533870968,2766.0
RioGRande,8449000.0,CT2100,,8449000.0,08449000,29.96378667,-101.1455201,,2017,1.34,1.265,1.25516129,2.887,1.562903226,1.484333333,1.373225806,1.378064516,1.616,2.226774194,1.665,1.471935484,2766.0
RioGRande,8449000.0,CT2100,,8449000.0,08449000,29.96378667,-101.1455201,,2018,1.278064516,1.221785714,1.229354839,1.261,1.402580645,1.331333333,1.308387097,1.178709677,4.700666667,21.91967742,3.209333333,3.123225806,2766.0
RioGRande,8449000.0,CT2100,,8449000.0,08449000,29.96378667,-101.1455201,,2019,3.003548387,2.780357143,2.67516129,2.609333333,3.647741935,2.940333333,2.654516129,2.485806452,2.415,2.32,2.261,2.135806452,2766.0
RioGRande,8449000.0,CT2100,,8449000.0,08449000,29.96378667,-101.1455201,,2020,2.05,1.998965517,2.247096774,2.291333333,2.396451613,2.372333333,2.201612903,2.000645161,2.423333333,2.41483871,2.891666667,2.721290323,2766.0
RioGRande,8449000.0,CT2100,,8449000.0,08449000,29.96378667,-101.1455201,,2021,2.496774194,2.313571429,2.36516129,2.590333333,2.77516129,2.912,3.070967742,3.349677419,2.886666667,2.808709677,2.477333333,2.27516129,2766.0
RioGRande,8449000.0,CT2100,,8449000.0,08449000,29.96378667,-101.1455201,,2022,2.058709677,1.931428571,1.901290323,2.238333333,1.18483871,1.046666667,1.016774194,3.755483871,5.734333333,1.339032258,1.176,1.006774194,2766.0
RioGRande,8449000.0,CT2100,,8449000.0,08449000,29.96378667,-101.1455201,,2023,0.79516129,0.677142857,0.719032258,0.869,1.122580645,1.622666667,0.976451613,0.821612903,0.772,0.947419355,1.197333333,1.041935484,2766.0
RioGRande,8449000.0,CT2100,,8449000.0,08449000,29.96378667,-101.1455201,,2024,0.840322581,0.703793103,0.852258065,0.967,1.159677419,1.350333333,1.298064516,1.12483871,1.446,0.995806452,0.886,0.803548387,2766.0
RioGRande,8449400.0,CT2000,,8449400.0,08449400,29.67886667,-101.0025101,,2010,6.795483871,7.055714286,6.02516129,22.778,14.61354839,10.317,25.53193548,8.542258065,8.494333333,7.210967742,6.219,5.908387097,3961.0
RioGRande,8449400.0,CT2000,,8449400.0,08449400,29.67886667,-101.0025101,,2011,8.700967742,5.305357143,5.817741935,5.033,6.326129032,4.586,4.197741935,4.276774194,3.522,11.36483871,5.185666667,5.28,3961.0
RioGRande,8449400.0,CT2000,,8449400.0,08449400,29.67886667,-101.0025101,,2012,5.245806452,4.344827586,4.159677419,4.074666667,5.273870968,4.030333333,3.506774194,3.561290323,3.389,4.998064516,3.813333333,3.617096774,3961.0
RioGRande,8449400.0,CT2000,,8449400.0,08449400,29.67886667,-101.0025101,,2013,3.602580645,3.521785714,3.219032258,3.076666667,3.420322581,2.955333333,2.705806452,2.481290323,31.479,6.997096774,5.261666667,4.677096774,3961.0
RioGRande,8449400.0,CT2000,,8449400.0,08449400,29.67886667,-101.0025101,,2014,4.163225806,3.908214286,3.654193548,3.163666667,2.872580645,4.184666667,3.342258065,2.969677419,3.504333333,3.731290323,4.953333333,3.63,3961.0
RioGRande,8449400.0,CT2000,,8449400.0,08449400,29.67886667,-101.0025101,,2015,3.269032258,2.895714286,2.936774194,2.794,3.168709677,3.417666667,3.069032258,2.917741935,2.831666667,6.775806452,6.748333333,4.580645161,3961.0
RioGRande,8449400.0,CT2000,,8449400.0,08449400,29.67886667,-101.0025101,,2016,3.976774194,3.741034483,5.322580645,5.534,5.08,10.491,6.574193548,9.551935484,9.343666667,7.286129032,5.912333333,6.224193548,3961.0
RioGRande,8449400.0,CT2000,,8449400.0,08449400,29.67886667,-101.0025101,,2017,5.101935484,4.6275,4.162258065,5.867333333,7.327419355,9.375333333,4.960322581,4.236129032,5.644,7.475483871,5.356666667,4.958064516,3961.0
RioGRande,8449400.0,CT2000,,8449400.0,08449400,29.67886667,-101.0025101,,2018,4.382903226,4.284642857,3.767096774,3.189666667,3.148709677,2.981,2.931935484,2.713548387,24.60533333,39.50322581,15.1,11.71935484,3961.0
RioGRande,8449400.0,CT2000,,8449400.0,08449400,29.67886667,-101.0025101,,2019,10.60322581,9.9025,9.395806452,8.279666667,9.982903226,13.10966667,10.32258065,9.118064516,8.528666667,7.881935484,7.547333333,7.007741935,3961.0
RioGRande,8449400.0,CT2000,,8449400.0,08449400,29.67886667,-101.0025101,,2020,6.759032258,6.547931034,8.611612903,7.493666667,6.536774194,6.333,5.847419355,5.300645161,8.127333333,7.050967742,6.749666667,6.67516129,3961.0
RioGRande,8449400.0,CT2000,,8449400.0,08449400,29.67886667,-101.0025101,,2021,6.532903226,6.244642857,5.410322581,5.146,5.033225806,4.897666667,5.714516129,4.718387097,4.393666667,4.986774194,4.398333333,4.42,3961.0
RioGRande,8449400.0,CT2000,,8449400.0,08449400,29.67886667,-101.0025101,,2022,4.537419355,4.465714286,4.183870968,3.627666667,3.860645161,3.191333333,2.983548387,5.244516129,12.04333333,6.649354839,4.845,4.26516129,3961.0
RioGRande,8449400.0,CT2000,,8449400.0,08449400,29.67886667,-101.0025101,,2023,3.888387097,3.647857143,3.576774194,3.131333333,3.220967742,4.573,2.891612903,2.820645161,2.670666667,3.144516129,4.434,3.933225806,3961.0
RioGRande,8449400.0,CT2000,,8449400.0,08449400,29.67886667,-101.0025101,,2024,3.562580645,3.28137931,2.897419355,2.661333333,2.508709677,2.421666667,13.75419355,3.232580645,3.791333333,3.278387097,3.206666667,3.038387097,3961.0
RioGRande,8451800.0,CM1000,,8451800.0,08451800,29.32918672,-100.9302705,,2010,31.17419355,50.38214286,68.52580645,36.98,37.6,80.76666667,547.0258065,163.9903226,56.00666667,95.02903226,25.88666667,14.90322581,100847.65999119818
RioGRande,8451800.0,CM1000,,8451800.0,08451800,29.32918672,-100.9302705,,2011,23.3516129,33.66785714,25.41935484,42.21,69.69032258,74.04666667,43.96129032,47.43548387,44.04666667,42.38064516,41.18333333,41.01612903,100847.65999119818
RioGRande,8451800.0,CM1000,,8451800.0,08451800,29.32918672,-100.9302705,,2012,142.0,151.6896552,84.39677419,45.46666667,139.0903226,44.92,39.37419355,86.03225806,101.8666667,53.02903226,34.23333333,94.43548387,100847.65999119818
RioGRande,8451800.0,CM1000,,8451800.0,08451800,29.32918672,-100.9302705,,2013,188.783871,123.4535714,33.19677419,99.38333333,29.7516129,25.34333333,23.90322581,29.36451613,41.19666667,33.6483871,26.3,26.63548387,100847.65999119818
RioGRande,8451800.0,CM1000,,8451800.0,08451800,29.32918672,-100.9302705,,2014,27.31290323,27.00714286,26.82903226,128.5666667,97.41935484,48.27666667,33.0483871,26.55806452,27.22666667,25.15483871,25.33666667,26.78387097,100847.65999119818
RioGRande,8451800.0,CM1000,,8451800.0,08451800,29.32918672,-100.9302705,,2015,26.78064516,26.45714286,27.5,28.0,30.9,27.95,27.60967742,27.60967742,27.99666667,28.69677419,26.88333333,27.25483871,100847.65999119818
RioGRande,8451800.0,CM1000,,8451800.0,08451800,29.32918672,-100.9302705,,2016,29.2483871,26.00344828,28.45967742,27.13333333,28.41612903,27.61333333,25.28387097,32.61612903,29.59333333,27.54516129,27.00333333,26.52580645,100847.65999119818
RioGRande,8451800.0,CM1000,,8451800.0,08451800,29.32918672,-100.9302705,,2017,132.0548387,50.23928571,58.32258065,225.6,107.7806452,51.10666667,56.07419355,88.61290323,87.99333333,27.48387097,24.92666667,27.80967742,100847.65999119818
RioGRande,8451800.0,CM1000,,8451800.0,08451800,29.32918672,-100.9302705,,2018,30.53548387,28.65714286,28.16935484,92.63333333,65.48903226,80.70333333,52.4516129,100.0903226,55.34333333,28.15846774,26.23208333,24.23548387,100847.65999119818
RioGRande,8451800.0,CM1000,,8451800.0,08451800,29.32918672,-100.9302705,,2019,28.76129032,27.64642857,26.47419355,147.7833333,114.9193548,29.79333333,27.86774194,68.3,56.96,34.88709677,34.92666667,31.54193548,100847.65999119818
RioGRande,8451800.0,CM1000,,8451800.0,08451800,29.32918672,-100.9302705,,2020,42.33870968,65.0862069,169.9193548,92.2,106.3903226,24.69,46.28387097,34.96129032,31.1,32.15967742,31.54,33.03548387,100847.65999119818
RioGRande,8451800.0,CM1000,,8451800.0,08451800,29.32918672,-100.9302705,,2021,30.20645161,56.98571429,32.09354839,83.75333333,49.88387097,24.71,22.81935484,22.67419355,23.32333333,32.17741935,30.66,29.85483871,100847.65999119818
RioGRande,8451800.0,CM1000,,8451800.0,08451800,29.32918672,-100.9302705,,2022,27.90322581,22.69642857,60.72903226,72.95333333,60.07096774,40.39,52.71612903,38.4516129,21.65666667,21.16774194,21.81666667,21.90645161,100847.65999119818
RioGRande,8451800.0,CM1000,,8451800.0,08451800,29.32918672,-100.9302705,,2023,21.82258065,53.64285714,87.97419355,181.5533333,20.01612903,25.62666667,40.77741935,40.02580645,39.12333333,53.22580645,53.71666667,26.33225806,100847.65999119818
RioGRande,8451800.0,CM1000,,8451800.0,08451800,29.32918672,-100.9302705,,2024,52.57096774,105.5517241,28.70645161,20.65666667,31.89032258,47.44666667,22.03225806,22.17741935,23.00333333,21.61612903,21.80666667,21.10967742,100847.65999119818
RioGRande,8451800.0,CT1000,,8451800.0,08451800,29.32918667,-100.9302701,,2010,31.17419355,50.38214286,68.52580645,36.98,37.6,80.76666667,547.0258065,163.9903226,56.00666667,95.02903226,25.88666667,14.90322581,100847.65999119818
RioGRande,8451800.0,CT1000,,8451800.0,08451800,29.32918667,-100.9302701,,2011,23.3516129,33.66785714,25.41935484,42.21,69.69032258,74.04666667,43.96129032,47.43548387,44.04666667,42.38064516,41.18333333,41.01612903,100847.65999119818
RioGRande,8451800.0,CT1000,,8451800.0,08451800,29.32918667,-100.9302701,,2012,142.0,151.6896552,84.39677419,45.46666667,139.0903226,44.92,39.37419355,86.03225806,101.8666667,53.02903226,34.23333333,94.43548387,100847.65999119818
RioGRande,8451800.0,CT1000,,8451800.0,08451800,29.32918667,-100.9302701,,2013,188.783871,123.4535714,33.19677419,99.38333333,29.7516129,25.34333333,23.90322581,29.36451613,41.19666667,33.6483871,26.3,26.63548387,100847.65999119818
RioGRande,8451800.0,CT1000,,8451800.0,08451800,29.32918667,-100.9302701,,2014,27.31290323,27.00714286,26.82903226,128.5666667,97.41935484,48.27666667,33.0483871,26.55806452,27.22666667,25.15483871,25.33666667,26.78387097,100847.65999119818
RioGRande,8451800.0,CT1000,,8451800.0,08451800,29.32918667,-100.9302701,,2015,26.78064516,26.45714286,27.5,28.0,30.9,27.95,27.60967742,27.60967742,27.99666667,28.69677419,26.88333333,27.25483871,100847.65999119818
RioGRande,8451800.0,CT1000,,8451800.0,08451800,29.32918667,-100.9302701,,2016,29.2483871,26.00344828,28.45967742,27.13333333,28.41612903,27.61333333,25.28387097,32.61612903,29.59333333,27.54516129,27.00333333,26.52580645,100847.65999119818
RioGRande,8451800.0,CT1000,,8451800.0,08451800,29.32918667,-100.9302701,,2017,132.0548387,50.23928571,58.32258065,225.6,107.7806452,51.10666667,56.07419355,88.61290323,87.99333333,27.48387097,24.92666667,27.80967742,100847.65999119818
RioGRande,8451800.0,CT1000,,8451800.0,08451800,29.32918667,-100.9302701,,2018,30.53548387,28.65714286,28.16935484,92.63333333,65.48903226,80.70333333,52.4516129,100.0903226,55.34333333,28.15846774,26.23208333,24.23548387,100847.65999119818
RioGRande,8451800.0,CT1000,,8451800.0,08451800,29.32918667,-100.9302701,,2019,28.76129032,27.64642857,26.47419355,147.7833333,114.9193548,29.79333333,27.86774194,68.3,56.96,34.88709677,34.92666667,31.54193548,100847.65999119818
RioGRande,8451800.0,CT1000,,8451800.0,08451800,29.32918667,-100.9302701,,2020,42.33870968,65.0862069,169.9193548,92.2,106.3903226,24.69,46.28387097,34.96129032,31.1,32.15967742,31.54,33.03548387,100847.65999119818
RioGRande,8451800.0,CT1000,,8451800.0,08451800,29.32918667,-100.9302701,,2021,30.20645161,56.98571429,32.09354839,83.75333333,49.88387097,24.71,22.81935484,22.67419355,23.32333333,32.17741935,30.66,29.85483871,100847.65999119818
RioGRande,8451800.0,CT1000,,8451800.0,08451800,29.32918667,-100.9302701,,2022,27.90322581,22.69642857,60.72903226,72.95333333,60.07096774,40.39,52.71612903,38.4516129,21.65666667,21.16774194,21.81666667,21.90645161,100847.65999119818
RioGRande,8451800.0,CT1000,,8451800.0,08451800,29.32918667,-100.9302701,,2023,21.82258065,53.64285714,87.97419355,181.5533333,20.01612903,25.62666667,40.77741935,40.02580645,39.12333333,53.22580645,53.71666667,26.33225806,100847.65999119818
RioGRande,8451800.0,CT1000,,8451800.0,08451800,29.32918667,-100.9302701,,2024,52.57096774,105.5517241,28.70645161,20.65666667,31.89032258,47.44666667,22.03225806,22.17741935,23.00333333,21.61612903,21.80666667,21.10967742,100847.65999119818
RioGRande,8453000.0,DT9000,,8453000.0,08453000,29.33105667,-100.8898101,,2010,3.918709677,4.073928571,3.600322581,4.532,4.454193548,3.400333333,3.093548387,3.163870968,3.870666667,3.509032258,3.386666667,2.802903226,46.0
RioGRande,8453000.0,DT9000,,8453000.0,08453000,29.33105667,-100.8898101,,2011,3.219032258,2.884285714,2.328387097,2.124333333,2.282580645,1.819333333,1.432258065,2.409677419,1.88,1.731612903,1.809333333,2.054516129,46.0
RioGRande,8453000.0,DT9000,,8453000.0,08453000,29.33105667,-100.8898101,,2012,2.530645161,2.415517241,1.689677419,1.488333333,1.949032258,1.529333333,1.419354839,1.199677419,1.454666667,1.508064516,1.387,1.500322581,46.0
RioGRande,8453000.0,DT9000,,8453000.0,08453000,29.33105667,-100.8898101,,2013,1.48483871,1.686071429,1.307096774,0.953,1.026451613,1.158666667,1.843548387,1.066451613,1.64,3.201290323,1.516333333,1.668064516,46.0
RioGRande,8453000.0,DT9000,,8453000.0,08453000,29.33105667,-100.8898101,,2014,1.907096774,1.849642857,1.229677419,1.088,0.818709677,1.310666667,0.755483871,0.801612903,1.617666667,1.229032258,1.678333333,1.440645161,46.0
RioGRande,8453000.0,DT9000,,8453000.0,08453000,29.33105667,-100.8898101,,2015,1.733225806,1.751785714,1.466774194,1.260333333,3.42,2.862333333,2.172580645,2.161290323,2.132333333,2.852258065,2.625666667,2.96,46.0
RioGRande,8453000.0,DT9000,,8453000.0,08453000,29.33105667,-100.8898101,,2016,3.361935484,3.328275862,3.043870968,3.679333333,2.985483871,2.627666667,2.471290323,4.523548387,4.636,3.349032258,3.573333333,4.000645161,46.0
RioGRande,8453000.0,DT9000,,8453000.0,08453000,29.33105667,-100.8898101,,2017,4.021290323,3.885357143,3.329677419,4.983,3.723225806,3.408,3.13516129,3.059354839,3.396666667,3.30483871,3.235,3.706451613,46.0
RioGRande,8453000.0,DT9000,,8453000.0,08453000,29.33105667,-100.8898101,,2018,4.124516129,3.877857143,3.239032258,3.019666667,2.572903226,2.533666667,2.761935484,2.966129032,4.113666667,4.57,3.862333333,4.107419355,46.0
RioGRande,8453000.0,DT9000,,8453000.0,08453000,29.33105667,-100.8898101,,2019,3.852903226,3.996428571,3.719032258,3.550333333,4.30516129,5.523,3.601612903,3.586129032,3.989333333,4.084516129,4.122,4.318064516,46.0
RioGRande,8453000.0,DT9000,,8453000.0,08453000,29.33105667,-100.8898101,,2020,4.749032258,4.285862069,3.665806452,3.453333333,3.39,3.671666667,2.894516129,2.817419355,3.29,2.968064516,3.088333333,3.471935484,46.0
RioGRande,8453000.0,DT9000,,8453000.0,08453000,29.33105667,-100.8898101,,2021,3.969354839,3.981428571,3.421612903,3.065,3.140645161,3.391333333,3.083548387,2.612903226,2.276333333,3.112258065,2.323666667,2.273870968,46.0
RioGRande,8453000.0,DT9000,,8453000.0,08453000,29.33105667,-100.8898101,,2022,2.409354839,2.323214286,1.782580645,1.622666667,1.990967742,1.226,1.091612903,1.663548387,2.516666667,1.557419355,1.446666667,1.662903226,46.0
RioGRande,8453000.0,DT9000,,8453000.0,08453000,29.33105667,-100.8898101,,2023,1.782580645,1.791428571,1.207741935,1.124333333,1.533870968,1.021333333,0.960322581,0.760322581,0.769333333,0.86,1.144,1.290322581,46.0
RioGRande,8453000.0,DT9000,,8453000.0,08453000,29.33105667,-100.8898101,,2024,1.407096774,1.266551724,0.882903226,0.721333333,0.682580645,0.638333333,0.700645161,1.410645161,2.481333333,1.703225806,1.450333333,1.522903226,46.0
RioGRande,8455000.0,DT8000,,8455000.0,08455000,29.14618667,-100.7190301,,2010,0.107096774,0.047142857,0.046774194,0.102333333,0.678709677,0.101,0.121290323,0.017096774,0.052,0.06516129,0.044,0.067741935,249.0
RioGRande,8455000.0,DT8000,,8455000.0,08455000,29.14618667,-100.7190301,,2011,0.053870968,0.052142857,0.040322581,0.016666667,0.0,0.0,0.0,0.0,0.0,0.0,0.12,0.0,249.0
RioGRande,8455000.0,DT8000,,8455000.0,08455000,29.14618667,-100.7190301,,2012,0.0,0.0,0.0,0.0,0.0,0.0,0.0,0.0,0.0,0.0,0.0,0.0,249.0
RioGRande,8455000.0,DT8000,,8455000.0,08455000,29.14618667,-100.7190301,,2013,0.0,0.0,0.0,0.0,0.27483871,2.761666667,0.003225806,0.0,0.0,0.0,0.0,0.0,249.0
RioGRande,8455000.0,DT8000,,8455000.0,08455000,29.14618667,-100.7190301,,2014,0.0,0.0,0.0,0.0,0.135483871,1.673,0.006774194,0.021612903,0.0,0.0,0.0,0.0,249.0
RioGRande,8455000.0,DT8000,,8455000.0,08455000,29.14618667,-100.7190301,,2015,0.0,0.0,0.009677419,0.023666667,0.016129032,0.022666667,0.003870968,0.0,0.0,1.013870968,0.419666667,0.501612903,249.0
RioGRande,8455000.0,DT8000,,8455000.0,08455000,29.14618667,-100.7190301,,2016,0.574516129,0.494827586,0.513548387,0.516666667,0.503548387,0.507666667,0.090967742,2.628064516,1.095333333,1.08,1.118333333,1.109032258,249.0
RioGRande,8455000.0,DT8000,,8455000.0,08455000,29.14618667,-100.7190301,,2017,1.030645161,1.016071429,0.95516129,4.810666667,0.949354839,2.389666667,0.495483871,0.365483871,0.352666667,0.459032258,0.451333333,0.512580645,249.0
RioGRande,8455000.0,DT8000,,8455000.0,08455000,29.14618667,-100.7190301,,2018,0.45483871,0.383214286,0.292258065,0.167333333,0.051612903,0.002333333,0.0,0.238709677,0.177666667,3.56483871,1.468333333,1.55,249.0
RioGRande,8455000.0,DT8000,,8455000.0,08455000,29.14618667,-100.7190301,,2019,1.300322581,1.296071429,1.370645161,1.185,1.04516129,6.061666667,1.35516129,1.06,1.002,1.063225806,1.008333333,0.922580645,249.0
RioGRande,8455000.0,DT8000,,8455000.0,08455000,29.14618667,-100.7190301,,2020,0.827741935,0.747586207,0.772903226,0.606,0.296774194,0.173333333,0.014516129,0.0,0.0,0.000645161,0.040666667,0.131935484,249.0
RioGRande,8455000.0,DT8000,,8455000.0,08455000,29.14618667,-100.7190301,,2021,0.193870968,0.208571429,0.196451613,0.186666667,0.177741935,0.157666667,0.086451613,0.125483871,0.001333333,0.0,0.0,0.0,249.0
RioGRande,8455000.0,DT8000,,8455000.0,08455000,29.14618667,-100.7190301,,2022,0.00483871,0.113928571,0.023225806,0.002,0.0,0.0,0.0,0.0,0.0,0.0,0.0,0.0,249.0
RioGRande,8455000.0,DT8000,,8455000.0,08455000,29.14618667,-100.7190301,,2023,0.0,0.0,0.0,0.0,0.0,0.0,0.0,0.0,0.0,0.0,0.0,0.0,249.0
RioGRande,8455000.0,DT8000,,8455000.0,08455000,29.14618667,-100.7190301,,2024,0.0,0.0,0.0,0.0,0.0,0.0,0.0,0.0,0.002333333,0.0,0.100666667,0.0,249.0
RioGRande,8455500.0,DM7000,,8455500.0,08455500,29.08265135,-100.7934653,,2010,2.917419355,4.202857143,1.4,7.978,14.23709677,10.77533333,160.0548387,37.23548387,25.52,21.05483871,17.51,11.39483871,759.7597046793563
RioGRande,8455500.0,DM7000,,8455500.0,08455500,29.08265135,-100.7934653,,2011,7.504516129,7.69,4.941612903,3.477666667,2.446129032,1.364,0.956129032,1.46516129,1.222333333,2.099354839,1.829,1.152580645,759.7597046793563
RioGRande,8455500.0,DM7000,,8455500.0,08455500,29.08265135,-100.7934653,,2012,1.469677419,1.205517241,1.360967742,1.824333333,7.049032258,1.929666667,0.507096774,0.410322581,12.21633333,13.96129032,4.856666667,2.251290323,759.7597046793563
RioGRande,8455500.0,DM7000,,8455500.0,08455500,29.08265135,-100.7934653,,2013,3.132903226,1.8175,0.964193548,0.725,2.49,3.865333333,3.786129032,6.551290323,8.958,14.71935484,10.68633333,7.86516129,759.7597046793563
RioGRande,8455500.0,DM7000,,8455500.0,08455500,29.08265135,-100.7934653,,2014,5.179354839,3.333214286,0.936451613,1.053333333,1.383870968,4.066333333,1.609032258,0.98483871,3.870666667,7.408709677,12.101,9.09,759.7597046793563
RioGRande,8455500.0,DM7000,,8455500.0,08455500,29.08265135,-100.7934653,,2015,5.459677419,3.403571429,2.362903226,7.798333333,10.13064516,10.99233333,7.257741935,6.983225806,5.086333333,7.789677419,7.239333333,2.915806452,759.7597046793563
RioGRande,8455500.0,DM7000,,8455500.0,08455500,29.08265135,-100.7934653,,2016,2.352258065,1.17862069,3.468064516,2.133333333,1.216774194,1.681666667,1.19,5.666129032,15.24,10.57580645,11.35933333,10.25548387,759.7597046793563
RioGRande,8455500.0,DM7000,,8455500.0,08455500,29.08265135,-100.7934653,,2017,6.852258065,3.093571429,2.674516129,7.274,1.710322581,2.610333333,1.050645161,0.928387097,9.817,24.55806452,16.16333333,10.55225806,759.7597046793563
RioGRande,8455500.0,DM7000,,8455500.0,08455500,29.08265135,-100.7934653,,2018,9.81,7.389285714,4.156774194,1.596666667,0.922903226,0.444333333,0.400645161,0.90516129,13.819,22.77419355,17.96666667,13.20645161,759.7597046793563
RioGRande,8455500.0,DM7000,,8455500.0,08455500,29.08265135,-100.7934653,,2019,10.25419355,8.836071429,5.38516129,3.349,4.943548387,9.344666667,4.46483871,1.659677419,1.243333333,2.3,1.141,2.039354839,759.7597046793563
RioGRande,8455500.0,DM7000,,8455500.0,08455500,29.08265135,-100.7934653,,2020,1.284193548,0.993103448,1.055483871,0.828,0.251612903,0.469333333,0.337096774,0.159354839,2.899666667,2.099354839,0.574333333,0.587096774,759.7597046793563
RioGRande,8455500.0,DM7000,,8455500.0,08455500,29.08265135,-100.7934653,,2021,0.666774194,0.873571429,0.719677419,0.629,0.818064516,3.289333333,1.622258065,0.64516129,0.367333333,1.377419355,0.425666667,0.481612903,759.7597046793563
RioGRande,8455500.0,DM7000,,8455500.0,08455500,29.08265135,-100.7934653,,2022,0.859677419,0.591071429,0.247741935,0.186,0.168387097,0.045666667,0.041612903,4.416129032,15.52633333,8.880645161,5.038,4.038064516,759.7597046793563
RioGRande,8455500.0,DM7000,,8455500.0,08455500,29.08265135,-100.7934653,,2023,3.895806452,2.884285714,1.101290323,1.102666667,2.922580645,2.356,0.500967742,3.142903226,4.982666667,1.939032258,1.731666667,1.208064516,759.7597046793563
RioGRande,8455500.0,DM7000,,8455500.0,08455500,29.08265135,-100.7934653,,2024,1.146774194,1.000344828,0.751612903,0.489,0.345483871,0.303666667,1.169032258,0.422903226,3.910333333,1.663225806,5.239,2.109032258,759.7597046793563
RioGRande,8457100.0,DM6000,,8457100.0,08457100,28.89312836,-100.6342483,,2010,0.739032258,1.011428571,0.386451613,48.61833333,8.048709677,8.048333333,300.4551613,16.56774194,10.76133333,14.00322581,6.494333333,5.05516129,223.08778106698097
RioGRande,8457100.0,DM6000,,8457100.0,08457100,28.89312836,-100.6342483,,2011,2.871290323,3.629642857,2.546451613,1.067666667,0.403870968,0.118333333,0.612580645,0.456129032,0.001333333,0.0,0.0,0.0,223.08778106698097
RioGRande,8457100.0,DM6000,,8457100.0,08457100,28.89312836,-100.6342483,,2012,0.0,0.0,0.056451613,0.0,0.948709677,0.0,0.0,0.0,1.496666667,0.0,0.0,0.0,223.08778106698097
RioGRande,8457100.0,DM6000,,8457100.0,08457100,28.89312836,-100.6342483,,2013,0.0,0.0,0.356774194,1.924666667,0.653225806,1.723,0.0,0.0,12.77633333,5.477419355,3.311666667,2.648709677,223.08778106698097
RioGRande,8457100.0,DM6000,,8457100.0,08457100,28.89312836,-100.6342483,,2014,1.574193548,1.098928571,0.58,0.652333333,0.172580645,2.071333333,1.235483871,0.050967742,0.0,0.0,6.453,3.362258065,223.08778106698097
RioGRande,8457100.0,DM6000,,8457100.0,08457100,28.89312836,-100.6342483,,2015,2.302580645,8.741785714,1.002258065,0.063,1.68516129,0.879333333,0.0,0.069677419,0.946666667,7.900967742,0.391,0.002580645,223.08778106698097
RioGRande,8457100.0,DM6000,,8457100.0,08457100,28.89312836,-100.6342483,,2016,0.0,0.0,0.0,0.127666667,0.480645161,0.185,0.399677419,1.276129032,7.35,5.940322581,6.296,3.819677419,223.08778106698097
RioGRande,8457100.0,DM6000,,8457100.0,08457100,28.89312836,-100.6342483,,2017,0.158709677,0.007857143,0.0,0.628666667,2.461935484,0.092333333,0.01483871,0.012258065,42.28666667,34.29451613,5.883666667,5.614193548,223.08778106698097
RioGRande,8457100.0,DM6000,,8457100.0,08457100,28.89312836,-100.6342483,,2018,4.764193548,0.005357143,0.001612903,0.048666667,0.041612903,0.0,0.016774194,0.0,43.23633333,17.27387097,10.43633333,6.857419355,223.08778106698097
RioGRande,8457100.0,DM6000,,8457100.0,08457100,28.89312836,-100.6342483,,2019,6.403225806,2.929285714,2.783870968,0.712333333,0.097419355,0.078,0.350322581,0.575806452,0.0,0.012903226,0.0,0.0,223.08778106698097
RioGRande,8457100.0,DM6000,,8457100.0,08457100,28.89312836,-100.6342483,,2020,0.0,0.0,0.0,0.0,0.0,0.0,0.0,0.0,0.0,0.0,0.0,0.0,223.08778106698097
RioGRande,8457100.0,DM6000,,8457100.0,08457100,28.89312836,-100.6342483,,2021,0.0,0.0,0.0,0.0,0.0,0.075,0.140645161,0.001290323,0.0,0.001612903,0.0,0.0,223.08778106698097
RioGRande,8457100.0,DM6000,,8457100.0,08457100,28.89312836,-100.6342483,,2022,0.0,0.0,0.0,0.0,0.0,0.0,0.0,2.166451613,3.085333333,0.527741935,1.168,0.838709677,223.08778106698097
RioGRande,8457100.0,DM6000,,8457100.0,08457100,28.89312836,-100.6342483,,2023,0.365806452,0.098571429,0.0,0.851666667,0.32516129,0.0,0.013870968,0.146774194,0.018,0.0,0.0,0.0,223.08778106698097
RioGRande,8457100.0,DM6000,,8457100.0,08457100,28.89312836,-100.6342483,,2024,0.0,0.0,0.0,0.0,0.0,0.0,0.0,0.0,0.035,0.0,5.261333333,0.608709677,223.08778106698097
RioGRande,8458000.0,DM5000,,8458000.0,08458000,28.71420586,-100.5108163,,2010,27.45806452,51.98214286,72.40322581,96.35333333,94.32580645,105.4066667,1023.593548,205.0935484,90.64333333,123.1967742,53.70666667,31.67096774,33.08351111327181
RioGRande,8458000.0,DM5000,,8458000.0,08458000,28.71420586,-100.5108163,,2011,33.0516129,57.83928571,31.25806452,42.11,55.43548387,63.62,35.79032258,37.91935484,35.79333333,40.64193548,39.98333333,39.70322581,33.08351111327181
RioGRande,8458000.0,DM5000,,8458000.0,08458000,28.71420586,-100.5108163,,2012,123.583871,148.1034483,81.61935484,38.99333333,122.5096774,37.36,39.07419355,77.81935484,117.01,68.77741935,44.00666667,84.69677419,33.08351111327181
RioGRande,8458000.0,DM5000,,8458000.0,08458000,28.71420586,-100.5108163,,2013,152.0806452,130.5571429,36.36451613,118.5033333,40.2516129,79.38333333,25.65483871,27.04516129,55.73,63.92580645,38.82666667,37.78387097,33.08351111327181
RioGRande,8458000.0,DM5000,,8458000.0,08458000,28.71420586,-100.5108163,,2014,31.15483871,28.31428571,24.58387097,120.1033333,93.11612903,93.44666667,32.54516129,19.75483871,30.53666667,32.0,45.53333333,38.69032258,33.08351111327181
RioGRande,8458000.0,DM5000,,8458000.0,08458000,28.71420586,-100.5108163,,2015,34.37419355,35.21785714,30.25806452,32.65666667,60.69032258,43.66666667,32.12903226,29.52258065,30.16666667,54.42903226,36.05,32.86129032,33.08351111327181
RioGRande,8458000.0,DM5000,,8458000.0,08458000,28.71420586,-100.5108163,,2016,31.75806452,28.78275862,30.54193548,31.99333333,33.66129032,27.21333333,23.98064516,53.62903226,62.60333333,49.54516129,51.01666667,47.17741935,33.08351111327181
RioGRande,8458000.0,DM5000,,8458000.0,08458000,28.71420586,-100.5108163,,2017,152.016129,55.56785714,50.48709677,251.3333333,127.9419355,50.03666667,46.10322581,73.71935484,123.7366667,88.83548387,47.21666667,44.17096774,33.08351111327181
RioGRande,8458000.0,DM5000,,8458000.0,08458000,28.71420586,-100.5108163,,2018,45.87096774,36.71785714,28.68064516,86.09333333,77.87096774,58.50333333,40.19032258,76.68709677,117.18,80.43870968,58.5,48.30967742,33.08351111327181
RioGRande,8458000.0,DM5000,,8458000.0,08458000,28.71420586,-100.5108163,,2019,45.5,39.86071429,35.19354839,156.24,145.0935484,57.28333333,29.45806452,50.3483871,48.25,31.7,33.63,37.29677419,33.08351111327181
RioGRande,8458000.0,DM5000,,8458000.0,08458000,28.71420586,-100.5108163,,2020,45.37419355,62.99655172,190.1354839,81.72666667,87.4516129,28.42333333,40.28387097,29.92580645,40.92,44.4878855,41.02833333,41.21775966,33.08351111327181
RioGRande,8458000.0,DM5000,,8458000.0,08458000,28.71420586,-100.5108163,,2021,38.78064516,55.16071429,31.35483871,72.23333333,49.20645161,29.60333333,28.23225806,25.46774194,21.74333333,38.45806452,35.53666667,30.9,33.08351111327181
RioGRande,8458000.0,DM5000,,8458000.0,08458000,28.71420586,-100.5108163,,2022,27.40322581,21.46428571,54.89677419,62.76,53.55483871,28.19666667,44.65806452,51.76129032,53.06,28.18387097,25.68,23.38709677,33.08351111327181
RioGRande,8458000.0,DM5000,,8458000.0,08458000,28.71420586,-100.5108163,,2023,21.66711492,22.39166058,19.36186783,33.18384484,31.16775019,21.67263427,19.49801172,20.89808597,25.55659847,27.3943569,23.30188406,21.86213184,33.08351111327181
RioGRande,8458000.0,DM5000,,8458000.0,08458000,28.71420586,-100.5108163,,2024,21.66711492,22.27246671,19.3140335,33.82261722,30.79243462,21.51104007,19.38210544,21.25684349,25.41021313,27.39159723,23.27336743,23.29992162,33.08351111327181
RioGRande,8458000.0,DT5000,,8458000.0,08458000,28.71420667,-100.5108201,,2010,27.45806452,51.98214286,72.40322581,96.35333333,94.32580645,105.4066667,1023.593548,205.0935484,90.64333333,123.1967742,53.70666667,31.67096774,33.08351111327181
RioGRande,8458000.0,DT5000,,8458000.0,08458000,28.71420667,-100.5108201,,2011,33.0516129,57.83928571,31.25806452,42.11,55.43548387,63.62,35.79032258,37.91935484,35.79333333,40.64193548,39.98333333,39.70322581,33.08351111327181
RioGRande,8458000.0,DT5000,,8458000.0,08458000,28.71420667,-100.5108201,,2012,123.583871,148.1034483,81.61935484,38.99333333,122.5096774,37.36,39.07419355,77.81935484,117.01,68.77741935,44.00666667,84.69677419,33.08351111327181
RioGRande,8458000.0,DT5000,,8458000.0,08458000,28.71420667,-100.5108201,,2013,152.0806452,130.5571429,36.36451613,118.5033333,40.2516129,79.38333333,25.65483871,27.04516129,55.73,63.92580645,38.82666667,37.78387097,33.08351111327181
RioGRande,8458000.0,DT5000,,8458000.0,08458000,28.71420667,-100.5108201,,2014,31.15483871,28.31428571,24.58387097,120.1033333,93.11612903,93.44666667,32.54516129,19.75483871,30.53666667,32.0,45.53333333,38.69032258,33.08351111327181
RioGRande,8458000.0,DT5000,,8458000.0,08458000,28.71420667,-100.5108201,,2015,34.37419355,35.21785714,30.25806452,32.65666667,60.69032258,43.66666667,32.12903226,29.52258065,30.16666667,54.42903226,36.05,32.86129032,33.08351111327181
RioGRande,8458000.0,DT5000,,8458000.0,08458000,28.71420667,-100.5108201,,2016,31.75806452,28.78275862,30.54193548,31.99333333,33.66129032,27.21333333,23.98064516,53.62903226,62.60333333,49.54516129,51.01666667,47.17741935,33.08351111327181
RioGRande,8458000.0,DT5000,,8458000.0,08458000,28.71420667,-100.5108201,,2017,152.016129,55.56785714,50.48709677,251.3333333,127.9419355,50.03666667,46.10322581,73.71935484,123.7366667,88.83548387,47.21666667,44.17096774,33.08351111327181
RioGRande,8458000.0,DT5000,,8458000.0,08458000,28.71420667,-100.5108201,,2018,45.87096774,36.71785714,28.68064516,86.09333333,77.87096774,58.50333333,40.19032258,76.68709677,117.18,80.43870968,58.5,48.30967742,33.08351111327181
RioGRande,8458000.0,DT5000,,8458000.0,08458000,28.71420667,-100.5108201,,2019,45.5,39.86071429,35.19354839,156.24,145.0935484,57.28333333,29.45806452,50.3483871,48.25,31.7,33.63,37.29677419,33.08351111327181
RioGRande,8458000.0,DT5000,,8458000.0,08458000,28.71420667,-100.5108201,,2020,45.37419355,62.99655172,190.1354839,81.72666667,87.4516129,28.42333333,40.28387097,29.92580645,40.92,44.4878855,41.02833333,41.21775966,33.08351111327181
RioGRande,8458000.0,DT5000,,8458000.0,08458000,28.71420667,-100.5108201,,2021,38.78064516,55.16071429,31.35483871,72.23333333,49.20645161,29.60333333,28.23225806,25.46774194,21.74333333,38.45806452,35.53666667,30.9,33.08351111327181
RioGRande,8458000.0,DT5000,,8458000.0,08458000,28.71420667,-100.5108201,,2022,27.40322581,21.46428571,54.89677419,62.76,53.55483871,28.19666667,44.65806452,51.76129032,53.06,28.18387097,25.68,23.38709677,33.08351111327181
RioGRande,8458000.0,DT5000,,8458000.0,08458000,28.71420667,-100.5108201,,2023,21.66711492,22.39166058,19.36186783,33.18384484,31.16775019,21.67263427,19.49801172,20.89808597,25.55659847,27.3943569,23.30188406,21.86213184,33.08351111327181
RioGRande,8458000.0,DT5000,,8458000.0,08458000,28.71420667,-100.5108201,,2024,21.66711492,22.27246671,19.3140335,33.82261722,30.79243462,21.51104007,19.38210544,21.25684349,25.41021313,27.39159723,23.27336743,23.29992162,33.08351111327181
RioGRande,8458150.0,DM4000,,8458150.0,08458150,28.66823944,-100.5170284,,2010,1.829032258,2.027857143,1.409677419,12.153,5.491935484,2.451,49.95032258,17.50967742,12.30666667,10.33677419,8.121666667,7.339032258,1194.4336315793876
RioGRande,8458150.0,DM4000,,8458150.0,08458150,28.66823944,-100.5170284,,2011,6.709677419,6.135714286,4.486451613,2.855666667,1.695806452,1.007,0.571290323,0.359677419,0.118666667,0.759677419,0.798,1.019677419,1194.4336315793876
RioGRande,8458150.0,DM4000,,8458150.0,08458150,28.66823944,-100.5170284,,2012,1.193225806,1.646551724,1.009032258,0.626333333,1.418064516,0.169,0.062903226,0.02,0.034,0.059354839,0.094,0.228064516,1194.4336315793876
RioGRande,8458150.0,DM4000,,8458150.0,08458150,28.66823944,-100.5170284,,2013,0.646129032,0.721785714,0.177096774,0.123666667,0.335806452,17.84566667,1.014516129,0.26516129,0.558,1.556129032,2.305333333,2.272258065,1194.4336315793876
RioGRande,8458150.0,DM4000,,8458150.0,08458150,28.66823944,-100.5170284,,2014,2.366451613,2.239642857,1.321935484,0.623333333,0.499032258,0.260666667,0.119032258,0.092903226,0.122666667,0.186774194,0.589,1.116774194,1194.4336315793876
RioGRande,8458150.0,DM4000,,8458150.0,08458150,28.66823944,-100.5170284,,2015,1.984516129,2.144642857,1.343548387,1.070666667,2.517741935,1.308333333,0.746774194,0.238709677,0.219333333,2.205483871,1.531666667,1.329032258,1194.4336315793876
RioGRande,8458150.0,DM4000,,8458150.0,08458150,28.66823944,-100.5170284,,2016,1.388709677,1.399655172,1.001612903,0.924666667,0.809032258,0.249333333,0.040322581,0.089354839,0.183333333,0.205483871,1.320666667,2.552258065,1194.4336315793876
RioGRande,8458150.0,DM4000,,8458150.0,08458150,28.66823944,-100.5170284,,2017,2.141612903,1.626428571,0.99483871,0.521333333,0.325806452,0.335333333,0.171935484,0.050645161,0.642333333,2.356129032,4.026333333,3.866451613,1194.4336315793876
RioGRande,8458150.0,DM4000,,8458150.0,08458150,28.66823944,-100.5170284,,2018,3.338064516,2.253928571,1.107419355,0.640333333,0.214516129,0.065333333,0.051290323,0.011290323,5.221333333,5.158064516,6.245666667,5.033548387,1194.4336315793876
RioGRande,8458150.0,DM4000,,8458150.0,08458150,28.66823944,-100.5170284,,2019,4.080322581,2.748214286,1.653225806,1.06,1.056451613,1.265,0.462903226,0.062258065,0.04,0.07,0.222666667,0.385806452,1194.4336315793876
RioGRande,8458150.0,DM4000,,8458150.0,08458150,28.66823944,-100.5170284,,2020,0.637096774,0.686551724,0.252258065,0.144666667,0.236129032,0.050666667,0.028064516,0.017096774,0.094,0.03483871,0.04,0.087741935,1194.4336315793876
RioGRande,8458150.0,DM4000,,8458150.0,08458150,28.66823944,-100.5170284,,2021,0.198709677,0.313928571,0.172258065,0.059666667,0.119677419,0.761666667,0.166129032,0.065483871,0.000666667,0.007419355,0.004333333,0.030967742,1194.4336315793876
RioGRande,8458150.0,DM4000,,8458150.0,08458150,28.66823944,-100.5170284,,2022,0.093548387,0.136428571,0.067096774,0.066,0.790645161,0.032666667,0.066129032,1.231935484,0.264,0.111935484,0.103333333,0.236129032,1194.4336315793876
RioGRande,8458150.0,DM4000,,8458150.0,08458150,28.66823944,-100.5170284,,2023,0.262580645,0.290357143,0.222258065,0.272,0.31516129,0.291333333,0.104516129,0.138064516,0.056,0.003225806,0.026,0.012258065,1194.4336315793876
RioGRande,8458150.0,DM4000,,8458150.0,08458150,28.66823944,-100.5170284,,2024,0.047419355,0.076206897,0.086129032,0.048,0.020967742,0.005333333,0.0,0.000645161,0.147,0.000967742,0.0,0.026774194,1194.4336315793876
RioGRande,8459000.0,DM3000,,8459000.0,08459000,27.49384534,-99.49027194,,2010,30.94193548,53.70357143,81.37741935,99.27666667,85.74516129,100.58,947.683871,272.9677419,109.8966667,139.8387097,64.82,41.46451613,132578.0
RioGRande,8459000.0,DM3000,,8459000.0,08459000,27.49384534,-99.49027194,,2011,41.34516129,60.44642857,27.29677419,38.78333333,56.46129032,71.17,27.76129032,36.87096774,33.44,49.27741935,44.47666667,44.52580645,132578.0
RioGRande,8459000.0,DM3000,,8459000.0,08459000,27.49384534,-99.49027194,,2012,122.9129032,168.0689655,97.61935484,36.68333333,136.316129,34.04333333,40.52903226,76.90967742,128.0333333,84.55483871,41.18666667,70.27419355,132578.0
RioGRande,8459000.0,DM3000,,8459000.0,08459000,27.49384534,-99.49027194,,2013,150.8741935,134.8178571,28.81290323,117.5833333,56.66451613,108.0766667,21.03870968,20.49032258,61.51666667,89.43225806,45.13333333,36.96774194,132578.0
RioGRande,8459000.0,DM3000,,8459000.0,08459000,27.49384534,-99.49027194,,2014,35.75806452,34.025,24.98709677,101.13,106.6903226,104.6033333,39.53225806,16.79387097,27.94666667,25.2,42.13333333,36.22580645,132578.0
RioGRande,8459000.0,DM3000,,8459000.0,08459000,27.49384534,-99.49027194,,2015,35.23548387,37.05,35.6516129,37.56,72.9,50.63,29.18064516,23.01935484,23.46,53.3516129,36.23333333,29.26129032,132578.0
RioGRande,8459000.0,DM3000,,8459000.0,08459000,27.49384534,-99.49027194,,2016,29.31935484,24.14482759,27.19354839,25.11,22.57741935,18.426,15.49032258,42.36451613,62.19333333,47.72258065,52.47666667,49.82258065,132578.0
RioGRande,8459000.0,DM3000,,8459000.0,08459000,27.49384534,-99.49027194,,2017,136.0870968,53.43928571,51.29354839,220.9766667,129.6225806,45.45666667,39.28064516,65.5483871,159.2366667,105.916129,51.85,46.30322581,132578.0
RioGRande,8459000.0,DM3000,,8459000.0,08459000,27.49384534,-99.49027194,,2018,45.18387097,31.21071429,23.86129032,62.45266667,77.62290323,49.19266667,34.1516129,72.64516129,152.3766667,84.90322581,66.54666667,55.64193548,132578.0
RioGRande,8459000.0,DM3000,,8459000.0,08459000,27.49384534,-99.49027194,,2019,52.0483871,43.74642857,35.90967742,132.9233333,148.0322581,51.73333333,21.34516129,45.09645161,46.72666667,22.0483871,25.17666667,30.21612903,132578.0
RioGRande,8459000.0,DM3000,,8459000.0,08459000,27.49384534,-99.49027194,,2020,38.78064516,52.62413793,178.4548387,65.88666667,76.85483871,17.68733333,29.3,21.44516129,29.93666667,28.10967742,33.99,35.05483871,132578.0
RioGRande,8459000.0,DM3000,,8459000.0,08459000,27.49384534,-99.49027194,,2021,40.89677419,58.24642857,38.45483871,56.69666667,51.50645161,29.87233333,28.50806452,25.37645161,10.07466667,25.8,30.58666667,31.61612903,132578.0
RioGRande,8459000.0,DM3000,,8459000.0,08459000,27.49384534,-99.49027194,,2022,29.11612903,24.16071429,47.79354839,59.86666667,61.64516129,21.31833333,41.42258065,39.54516129,66.69666667,32.4516129,30.53,30.8,132578.0
RioGRande,8459000.0,DM3000,,8459000.0,08459000,27.49384534,-99.49027194,,2023,29.50645161,53.07142857,63.08387097,202.7933333,34.15483871,17.08966667,27.12258065,29.92580645,31.73333333,39.97419355,45.34666667,23.2,132578.0
RioGRande,8459000.0,DM3000,,8459000.0,08459000,27.49384534,-99.49027194,,2024,37.7483871,96.57241379,33.52903226,18.63333333,22.70645161,47.90333333,15.07870968,12.0883871,32.36666667,15.63548387,25.48333333,21.08387097,132578.0
RioGRande,8459000.0,DT3000,,8459000.0,08459000,27.49384667,-99.49027011,,2010,30.94193548,53.70357143,81.37741935,99.27666667,85.74516129,100.58,947.683871,272.9677419,109.8966667,139.8387097,64.82,41.46451613,132578.0
RioGRande,8459000.0,DT3000,,8459000.0,08459000,27.49384667,-99.49027011,,2011,41.34516129,60.44642857,27.29677419,38.78333333,56.46129032,71.17,27.76129032,36.87096774,33.44,49.27741935,44.47666667,44.52580645,132578.0
RioGRande,8459000.0,DT3000,,8459000.0,08459000,27.49384667,-99.49027011,,2012,122.9129032,168.0689655,97.61935484,36.68333333,136.316129,34.04333333,40.52903226,76.90967742,128.0333333,84.55483871,41.18666667,70.27419355,132578.0
RioGRande,8459000.0,DT3000,,8459000.0,08459000,27.49384667,-99.49027011,,2013,150.8741935,134.8178571,28.81290323,117.5833333,56.66451613,108.0766667,21.03870968,20.49032258,61.51666667,89.43225806,45.13333333,36.96774194,132578.0
RioGRande,8459000.0,DT3000,,8459000.0,08459000,27.49384667,-99.49027011,,2014,35.75806452,34.025,24.98709677,101.13,106.6903226,104.6033333,39.53225806,16.79387097,27.94666667,25.2,42.13333333,36.22580645,132578.0
RioGRande,8459000.0,DT3000,,8459000.0,08459000,27.49384667,-99.49027011,,2015,35.23548387,37.05,35.6516129,37.56,72.9,50.63,29.18064516,23.01935484,23.46,53.3516129,36.23333333,29.26129032,132578.0
RioGRande,8459000.0,DT3000,,8459000.0,08459000,27.49384667,-99.49027011,,2016,29.31935484,24.14482759,27.19354839,25.11,22.57741935,18.426,15.49032258,42.36451613,62.19333333,47.72258065,52.47666667,49.82258065,132578.0
RioGRande,8459000.0,DT3000,,8459000.0,08459000,27.49384667,-99.49027011,,2017,136.0870968,53.43928571,51.29354839,220.9766667,129.6225806,45.45666667,39.28064516,65.5483871,159.2366667,105.916129,51.85,46.30322581,132578.0
RioGRande,8459000.0,DT3000,,8459000.0,08459000,27.49384667,-99.49027011,,2018,45.18387097,31.21071429,23.86129032,62.45266667,77.62290323,49.19266667,34.1516129,72.64516129,152.3766667,84.90322581,66.54666667,55.64193548,132578.0
RioGRande,8459000.0,DT3000,,8459000.0,08459000,27.49384667,-99.49027011,,2019,52.0483871,43.74642857,35.90967742,132.9233333,148.0322581,51.73333333,21.34516129,45.09645161,46.72666667,22.0483871,25.17666667,30.21612903,132578.0
RioGRande,8459000.0,DT3000,,8459000.0,08459000,27.49384667,-99.49027011,,2020,38.78064516,52.62413793,178.4548387,65.88666667,76.85483871,17.68733333,29.3,21.44516129,29.93666667,28.10967742,33.99,35.05483871,132578.0
RioGRande,8459000.0,DT3000,,8459000.0,08459000,27.49384667,-99.49027011,,2021,40.89677419,58.24642857,38.45483871,56.69666667,51.50645161,29.87233333,28.50806452,25.37645161,10.07466667,25.8,30.58666667,31.61612903,132578.0
RioGRande,8459000.0,DT3000,,8459000.0,08459000,27.49384667,-99.49027011,,2022,29.11612903,24.16071429,47.79354839,59.86666667,61.64516129,21.31833333,41.42258065,39.54516129,66.69666667,32.4516129,30.53,30.8,132578.0
RioGRande,8459000.0,DT3000,,8459000.0,08459000,27.49384667,-99.49027011,,2023,29.50645161,53.07142857,63.08387097,202.7933333,34.15483871,17.08966667,27.12258065,29.92580645,31.73333333,39.97419355,45.34666667,23.2,132578.0
RioGRande,8459000.0,DT3000,,8459000.0,08459000,27.49384667,-99.49027011,,2024,37.7483871,96.57241379,33.52903226,18.63333333,22.70645161,47.90333333,15.07870968,12.0883871,32.36666667,15.63548387,25.48333333,21.08387097,132578.0
RioGRande,8459700.0,DM2000,,8459700.0,08459700,26.83623252,-99.56259853,,2010,2.17516129,2.211785714,1.937741935,20.08466667,2.033548387,1.457,983.4070968,239.7903226,178.14,131.0967742,25.26666667,18.9883871,0.42556178420571367
RioGRande,8459700.0,DM2000,,8459700.0,08459700,26.83623252,-99.56259853,,2011,35.47741935,41.10714286,42.22580645,5.521333333,2.734516129,10.84366667,8.361612903,5.974516129,4.469666667,4.033548387,2.517333333,2.785806452,0.42556178420571367
RioGRande,8459700.0,DM2000,,8459700.0,08459700,26.83623252,-99.56259853,,2012,2.578387097,2.798275862,2.433548387,1.650333333,3.9,4.156,1.899677419,0.865483871,0.856,1.084516129,0.689333333,0.736774194,0.42556178420571367
RioGRande,8459700.0,DM2000,,8459700.0,08459700,26.83623252,-99.56259853,,2013,0.882258065,0.696428571,0.654516129,3.0,14.02225806,7.362,4.542580645,0.820645161,45.21933333,35.03290323,7.122666667,5.648064516,0.42556178420571367
RioGRande,8459700.0,DM2000,,8459700.0,08459700,26.83623252,-99.56259853,,2014,5.297096774,4.232857143,3.404516129,2.198,4.768064516,38.25166667,3.652903226,1.779677419,6.613,7.361290323,6.839333333,4.072580645,0.42556178420571367
RioGRande,8459700.0,DM2000,,8459700.0,08459700,26.83623252,-99.56259853,,2015,3.939354839,2.991071429,3.591612903,6.797666667,2.808064516,1.875666667,0.770645161,0.256451613,1.065666667,1.30483871,1.367333333,36.96193548,0.42556178420571367
RioGRande,8459700.0,DM2000,,8459700.0,08459700,26.83623252,-99.56259853,,2016,9.430322581,1.909655172,5.543225806,1.691,3.422903226,3.990333333,1.48516129,10.24322581,4.082666667,2.459354839,7.651333333,4.159677419,0.42556178420571367
RioGRande,8459700.0,DM2000,,8459700.0,08459700,26.83623252,-99.56259853,,2017,3.308387097,2.996428571,2.106774194,2.440666667,1.50516129,3.483,0.503548387,1.056129032,39.97533333,119.1064516,6.779,4.947741935,0.42556178420571367
RioGRande,8459700.0,DM2000,,8459700.0,08459700,26.83623252,-99.56259853,,2018,4.380322581,3.7225,2.361290323,1.528333333,2.029677419,0.430333333,0.53516129,0.188387097,8.302,5.991612903,3.105666667,2.03516129,0.42556178420571367
RioGRande,8459700.0,DM2000,,8459700.0,08459700,26.83623252,-99.56259853,,2019,2.031290323,2.020714286,1.573870968,0.748666667,1.237096774,0.235333333,0.181612903,0.0,3.947,0.457419355,0.201333333,0.104193548,0.42556178420571367
RioGRande,8459700.0,DM2000,,8459700.0,08459700,26.83623252,-99.56259853,,2020,0.17516129,0.199310345,14.08709677,0.799666667,4.133548387,3.015666667,4.369677419,5.592258065,2.972666667,1.041935484,0.578,0.702903226,0.42556178420571367
RioGRande,8459700.0,DM2000,,8459700.0,08459700,26.83623252,-99.56259853,,2021,0.988387097,0.769642857,0.380645161,0.104,0.253548387,1.342,1.421290323,1.107096774,0.0,0.529677419,0.094666667,0.0,0.42556178420571367
RioGRande,8459700.0,DM2000,,8459700.0,08459700,26.83623252,-99.56259853,,2022,0.0,0.0,0.0,0.0,0.0,0.0,0.0,0.513225806,12.58533333,0.605483871,0.057333333,0.0,0.42556178420571367
RioGRande,8459700.0,DM2000,,8459700.0,08459700,26.83623252,-99.56259853,,2023,0.0,0.0,0.0,0.0,2.937419355,0.451333333,0.679677419,0.0,1.196333333,1.555483871,0.087333333,0.003870968,0.42556178420571367
RioGRande,8459700.0,DM2000,,8459700.0,08459700,26.83623252,-99.56259853,,2024,0.0,0.0,3.477096774,0.046666667,0.661290323,8.780666667,3.900967742,0.668709677,9.493333333,2.518064516,1.531666667,1.499032258,0.42556178420571367
RioGRande,8461300.0,DM1000,,8461300.0,08461300,26.54965163,-99.16771608,,2010,19.97741935,13.80714286,36.76451613,61.20333333,232.9258065,86.85666667,1175.464516,464.8806452,213.6033333,306.5322581,68.01333333,139.7612903,159270.0
RioGRande,8461300.0,DM1000,,8461300.0,08461300,26.54965163,-99.16771608,,2011,138.9645161,69.55,69.48387097,270.1,218.516129,91.71,60.18064516,80.50322581,67.94,62.22903226,47.84333333,67.03870968,159270.0
RioGRande,8461300.0,DM1000,,8461300.0,08461300,26.54965163,-99.16771608,,2012,168.0451613,27.23103448,66.01935484,173.2533333,189.9129032,117.6433333,66.40322581,70.12258065,57.74333333,52.72258065,42.09666667,49.21612903,159270.0
RioGRande,8461300.0,DM1000,,8461300.0,08461300,26.54965163,-99.16771608,,2013,107.7774194,56.81785714,124.2290323,207.7066667,29.08387097,56.11,49.9483871,54.82580645,19.66333333,33.31935484,22.56,18.99290323,159270.0
RioGRande,8461300.0,DM1000,,8461300.0,08461300,26.54965163,-99.16771608,,2014,10.33967742,11.51892857,16.26774194,138.3866667,168.1096774,86.42733333,56.03387097,63.67677419,12.68166667,17.41677419,9.235,9.200322581,159270.0
RioGRande,8461300.0,DM1000,,8461300.0,08461300,26.54965163,-99.16771608,,2015,5.240645161,12.86464286,4.828387097,5.860333333,3.516451613,0.869666667,4.649032258,38.23,14.33,23.46677419,8.013333333,15.70709677,159270.0
RioGRande,8461300.0,DM1000,,8461300.0,08461300,26.54965163,-99.16771608,,2016,23.47806452,45.42068966,52.4483871,190.8766667,108.583871,36.04433333,74.70322581,58.27419355,39.96333333,40.72258065,29.36666667,38.28387097,159270.0
RioGRande,8461300.0,DM1000,,8461300.0,08461300,26.54965163,-99.16771608,,2017,187.4516129,50.81071429,63.85483871,235.0333333,165.8548387,73.98433333,68.6483871,54.46451613,45.90333333,23.48064516,31.73666667,34.56129032,159270.0
RioGRande,8461300.0,DM1000,,8461300.0,08461300,26.54965163,-99.16771608,,2018,62.76451613,41.07142857,129.8258065,245.4,153.2774194,71.75666667,57.37419355,68.61935484,24.45066667,15.5516129,23.89333333,37.95806452,159270.0
RioGRande,8461300.0,DM1000,,8461300.0,08461300,26.54965163,-99.16771608,,2019,127.6935484,38.34642857,40.27354839,166.5733333,179.6774194,82.85333333,60.27096774,69.08709677,26.92333333,34.03225806,29.24666667,32.0516129,159270.0
RioGRande,8461300.0,DM1000,,8461300.0,08461300,26.54965163,-99.16771608,,2020,61.41612903,60.17586207,179.1129032,133.8233333,61.67516129,31.023,57.26935484,17.49193548,15.22,26.98709677,30.00666667,26.36451613,159270.0
RioGRande,8461300.0,DM1000,,8461300.0,08461300,26.54965163,-99.16771608,,2021,48.84516129,43.06071429,71.3483871,64.92,21.50645161,27.52,9.329032258,26.21290323,31.57666667,29.26451613,18.19766667,19.40967742,159270.0
RioGRande,8461300.0,DM1000,,8461300.0,08461300,26.54965163,-99.16771608,,2022,16.84516129,14.41071429,29.45483871,59.15333333,53.92258065,58.63666667,63.62580645,29.03870968,15.946,32.07096774,19.75,17.87741935,159270.0
RioGRande,8461300.0,DM1000,,8461300.0,08461300,26.54965163,-99.16771608,,2023,30.78064516,42.98571429,118.4064516,68.311,14.73290323,58.13766667,52.1516129,43.44193548,41.79333333,26.17096774,18.29,18.29677419,159270.0
RioGRande,8461300.0,DM1000,,8461300.0,08461300,26.54965163,-99.16771608,,2024,22.01935484,18.95862069,20.56774194,122.1766667,105.2806452,24.074,16.65290323,26.2516129,13.74666667,15.89,20.08666667,7.622580645,159270.0
RioGRande,8461300.0,DT1000,,8461300.0,08461300,26.55782667,-99.16235011,,2010,19.97741935,13.80714286,36.76451613,61.20333333,232.9258065,86.85666667,1175.464516,464.8806452,213.6033333,306.5322581,68.01333333,139.7612903,159270.0
RioGRande,8461300.0,DT1000,,8461300.0,08461300,26.55782667,-99.16235011,,2011,138.9645161,69.55,69.48387097,270.1,218.516129,91.71,60.18064516,80.50322581,67.94,62.22903226,47.84333333,67.03870968,159270.0
RioGRande,8461300.0,DT1000,,8461300.0,08461300,26.55782667,-99.16235011,,2012,168.0451613,27.23103448,66.01935484,173.2533333,189.9129032,117.6433333,66.40322581,70.12258065,57.74333333,52.72258065,42.09666667,49.21612903,159270.0
RioGRande,8461300.0,DT1000,,8461300.0,08461300,26.55782667,-99.16235011,,2013,107.7774194,56.81785714,124.2290323,207.7066667,29.08387097,56.11,49.9483871,54.82580645,19.66333333,33.31935484,22.56,18.99290323,159270.0
RioGRande,8461300.0,DT1000,,8461300.0,08461300,26.55782667,-99.16235011,,2014,10.33967742,11.51892857,16.26774194,138.3866667,168.1096774,86.42733333,56.03387097,63.67677419,12.68166667,17.41677419,9.235,9.200322581,159270.0
RioGRande,8461300.0,DT1000,,8461300.0,08461300,26.55782667,-99.16235011,,2015,5.240645161,12.86464286,4.828387097,5.860333333,3.516451613,0.869666667,4.649032258,38.23,14.33,23.46677419,8.013333333,15.70709677,159270.0
RioGRande,8461300.0,DT1000,,8461300.0,08461300,26.55782667,-99.16235011,,2016,23.47806452,45.42068966,52.4483871,190.8766667,108.583871,36.04433333,74.70322581,58.27419355,39.96333333,40.72258065,29.36666667,38.28387097,159270.0
RioGRande,8461300.0,DT1000,,8461300.0,08461300,26.55782667,-99.16235011,,2017,187.4516129,50.81071429,63.85483871,235.0333333,165.8548387,73.98433333,68.6483871,54.46451613,45.90333333,23.48064516,31.73666667,34.56129032,159270.0
RioGRande,8461300.0,DT1000,,8461300.0,08461300,26.55782667,-99.16235011,,2018,62.76451613,41.07142857,129.8258065,245.4,153.2774194,71.75666667,57.37419355,68.61935484,24.45066667,15.5516129,23.89333333,37.95806452,159270.0
RioGRande,8461300.0,DT1000,,8461300.0,08461300,26.55782667,-99.16235011,,2019,127.6935484,38.34642857,40.27354839,166.5733333,179.6774194,82.85333333,60.27096774,69.08709677,26.92333333,34.03225806,29.24666667,32.0516129,159270.0
RioGRande,8461300.0,DT1000,,8461300.0,08461300,26.55782667,-99.16235011,,2020,61.41612903,60.17586207,179.1129032,133.8233333,61.67516129,31.023,57.26935484,17.49193548,15.22,26.98709677,30.00666667,26.36451613,159270.0
RioGRande,8461300.0,DT1000,,8461300.0,08461300,26.55782667,-99.16235011,,2021,48.84516129,43.06071429,71.3483871,64.92,21.50645161,27.52,9.329032258,26.21290323,31.57666667,29.26451613,18.19766667,19.40967742,159270.0
RioGRande,8461300.0,DT1000,,8461300.0,08461300,26.55782667,-99.16235011,,2022,16.84516129,14.41071429,29.45483871,59.15333333,53.92258065,58.63666667,63.62580645,29.03870968,15.946,32.07096774,19.75,17.87741935,159270.0
RioGRande,8461300.0,DT1000,,8461300.0,08461300,26.55782667,-99.16235011,,2023,30.78064516,42.98571429,118.4064516,68.311,14.73290323,58.13766667,52.1516129,43.44193548,41.79333333,26.17096774,18.29,18.29677419,159270.0
RioGRande,8461300.0,DT1000,,8461300.0,08461300,26.55782667,-99.16235011,,2024,22.01935484,18.95862069,20.56774194,122.1766667,105.2806452,24.074,16.65290323,26.2516129,13.74666667,15.89,20.08666667,7.622580645,159270.0
RioGRande,8462000.0,EM4000,,8462000.0,08462000,26.44971812,-99.14738732,,2010,1.020967742,1.015357143,1.003870968,1.147,1.041935484,1.024333333,1.020322581,24.44258065,88.77,64.88387097,32.01666667,5.081290323,1656.7249040028646
RioGRande,8462000.0,EM4000,,8462000.0,08462000,26.44971812,-99.14738732,,2011,0.8,0.8,0.8,0.8,0.8,0.8,1.020322581,0.8,0.8,0.8,0.88,0.88,1656.7249040028646
RioGRande,8462000.0,EM4000,,8462000.0,08462000,26.44971812,-99.14738732,,2012,0.791935484,0.75,1.078387097,0.952,1.020967742,1.320333333,0.956774194,0.88,0.856,0.899677419,0.880333333,0.88,1656.7249040028646
RioGRande,8462000.0,EM4000,,8462000.0,08462000,26.44971812,-99.14738732,,2013,0.887419355,0.88,0.66,0.836666667,0.836774194,1.753333333,1.456129032,1.441935484,1.589666667,1.40516129,1.437,1.411612903,1656.7249040028646
RioGRande,8462000.0,EM4000,,8462000.0,08462000,26.44971812,-99.14738732,,2014,1.4,1.300714286,1.246451613,1.148,1.015806452,0.871,0.594516129,0.593548387,1.502333333,2.332580645,2.291333333,2.210967742,1656.7249040028646
RioGRande,8462000.0,EM4000,,8462000.0,08462000,26.44971812,-99.14738732,,2015,1.984516129,0.559642857,0.54516129,0.594333333,0.829677419,0.887333333,0.669677419,0.55,1.326333333,0.667096774,0.608666667,0.459677419,1656.7249040028646
RioGRande,8462000.0,EM4000,,8462000.0,08462000,26.44971812,-99.14738732,,2016,0.429032258,0.742413793,1.610645161,0.390666667,0.382903226,0.515666667,0.411935484,0.374193548,1.822,0.52483871,0.457,0.62,1656.7249040028646
RioGRande,8462000.0,EM4000,,8462000.0,08462000,26.44971812,-99.14738732,,2017,0.609032258,0.654285714,0.752580645,0.72,0.839354839,0.43,0.394516129,0.253225806,0.293,0.324193548,0.203333333,0.324193548,1656.7249040028646
RioGRande,8462000.0,EM4000,,8462000.0,08462000,26.44971812,-99.14738732,,2018,0.494193548,0.305357143,0.34,0.370666667,0.32516129,0.313666667,0.264516129,0.257419355,3.538,0.33483871,0.134666667,0.119677419,1656.7249040028646
RioGRande,8462000.0,EM4000,,8462000.0,08462000,26.44971812,-99.14738732,,2019,0.106129032,0.108928571,0.154193548,0.283,0.476451613,0.289,0.299032258,0.258709677,0.329333333,0.339677419,0.377333333,0.347419355,1656.7249040028646
RioGRande,8462000.0,EM4000,,8462000.0,08462000,26.44971812,-99.14738732,,2020,0.340967742,0.326206897,0.439354839,1.509666667,1.373870968,0.594333333,0.584516129,0.437419355,0.446333333,0.656129032,0.690333333,0.656451613,1656.7249040028646
RioGRande,8462000.0,EM4000,,8462000.0,08462000,26.44971812,-99.14738732,,2021,0.674516129,0.6425,0.522258065,0.516,0.596774194,0.727,0.647741935,0.62483871,0.748,0.762903226,0.656666667,0.617741935,1656.7249040028646
RioGRande,8462000.0,EM4000,,8462000.0,08462000,26.44971812,-99.14738732,,2022,0.58,0.627857143,0.312580645,0.0,3.582258065,0.000666667,0.0,0.0,0.024333333,0.021612903,0.0,0.0,1656.7249040028646
RioGRande,8462000.0,EM4000,,8462000.0,08462000,26.44971812,-99.14738732,,2023,0.0,0.0,0.0,0.0,0.0,0.0,0.0,0.0,0.0,0.0,0.0,0.0,1656.7249040028646
RioGRande,8462000.0,EM4000,,8462000.0,08462000,26.44971812,-99.14738732,,2024,0.0,0.0,0.0,0.0,0.0,0.0,0.0,0.0,0.0,0.0,0.0,0.0,1656.7249040028646
RioGRande,8464200.0,EM3000,,8464200.0,08464200,26.31992891,-98.84276,,2010,0.0,0.0,0.0,0.0,0.0,0.0,382.7167742,169.5193548,103.9733333,220.6774194,45.75466667,1.820645161,151175.9698878764
RioGRande,8464200.0,EM3000,,8464200.0,08464200,26.31992891,-98.84276,,2011,0.0,0.0,0.0,0.0,0.0,0.0,0.0,0.0,0.0,0.0,0.0,0.0,151175.9698878764
RioGRande,8464200.0,EM3000,,8464200.0,08464200,26.31992891,-98.84276,,2012,0.0,0.0,0.0,0.0,0.0,0.0,0.0,0.0,0.0,0.0,0.0,0.0,151175.9698878764
RioGRande,8464200.0,EM3000,,8464200.0,08464200,26.31992891,-98.84276,,2013,0.0,0.0,0.0,0.343,0.163548387,0.117333333,0.0,0.117741935,0.133,0.128709677,0.0,0.0,151175.9698878764
RioGRande,8464200.0,EM3000,,8464200.0,08464200,26.31992891,-98.84276,,2014,0.0,0.0,0.0,0.0,0.0,0.0,0.0,0.0,3.767333333,0.0,0.0,0.0,151175.9698878764
RioGRande,8464200.0,EM3000,,8464200.0,08464200,26.31992891,-98.84276,,2015,0.0,0.0,0.0,51.75333333,193.5806452,123.9266667,73.77741935,18.1183871,0.0,0.0,0.0,0.0,151175.9698878764
RioGRande,8464200.0,EM3000,,8464200.0,08464200,26.31992891,-98.84276,,2016,0.0,0.0,0.0,0.0,0.0,0.0,0.0,0.0,0.0,0.0,0.0,0.0,151175.9698878764
RioGRande,8464200.0,EM3000,,8464200.0,08464200,26.31992891,-98.84276,,2017,0.0,0.0,0.0,0.0,0.0,0.0,0.0,0.0,0.0,0.0,0.0,0.0,151175.9698878764
RioGRande,8464200.0,EM3000,,8464200.0,08464200,26.31992891,-98.84276,,2018,0.0,0.0,0.0,0.0,3.529677419,5.94,0.0,0.0,0.0,0.0,0.0,0.0,151175.9698878764
RioGRande,8464200.0,EM3000,,8464200.0,08464200,26.31992891,-98.84276,,2019,0.0,0.0,0.0,0.0,0.0,0.0,0.0,0.0,0.0,0.0,0.0,0.0,151175.9698878764
RioGRande,8464200.0,EM3000,,8464200.0,08464200,26.31992891,-98.84276,,2020,0.0,0.0,0.0,0.0,0.0,0.0,17.82258065,8.261290323,9.343333333,0.0,0.0,0.0,151175.9698878764
RioGRande,8464200.0,EM3000,,8464200.0,08464200,26.31992891,-98.84276,,2021,0.0,60.09285714,16.31612903,0.0,2.74516129,0.0,0.0,0.0,0.0,0.0,0.0,0.0,151175.9698878764
RioGRande,8464200.0,EM3000,,8464200.0,08464200,26.31992891,-98.84276,,2022,0.0,0.0,0.0,0.0,2.474193548,0.0,0.0,0.0,0.0,0.0,0.0,0.0,151175.9698878764
RioGRande,8464200.0,EM3000,,8464200.0,08464200,26.31992891,-98.84276,,2023,0.0,0.0,0.0,0.0,0.0,0.0,0.0,0.0,0.0,0.0,0.0,0.0,151175.9698878764
RioGRande,8464200.0,EM3000,,8464200.0,08464200,26.31992891,-98.84276,,2024,0.0,0.0,0.0,0.0,0.0,0.0,0.0,0.0,0.0,0.0,0.0,0.0,151175.9698878764
RioGRande,8464700.0,EM2000,,8464700.0,08464700,26.36798374,-98.81004046,,2010,23.01612903,17.41785714,40.30322581,64.83333333,228.7741935,86.81666667,1674.632258,809.8064516,388.8666667,620.2258065,137.42,145.6451613,174362.0
RioGRande,8464700.0,EM2000,,8464700.0,08464700,26.36798374,-98.81004046,,2011,150.4612903,77.18214286,72.87741935,269.5,240.6129032,107.2966667,70.08709677,92.11935484,75.56666667,68.6,48.07333333,65.07419355,174362.0
RioGRande,8464700.0,EM2000,,8464700.0,08464700,26.36798374,-98.81004046,,2012,172.1096774,31.50344828,65.94193548,178.38,194.6193548,116.92,67.69677419,72.92903226,56.72333333,48.34193548,39.44666667,43.41935484,174362.0
RioGRande,8464700.0,EM2000,,8464700.0,08464700,26.36798374,-98.81004046,,2013,100.9935484,51.61071429,113.8903226,210.0933333,33.36129032,58.84,51.76451613,59.07741935,25.82333333,32.4,26.39333333,21.11290323,174362.0
RioGRande,8464700.0,EM2000,,8464700.0,08464700,26.36798374,-98.81004046,,2014,13.08870968,14.07892857,18.44193548,130.9766667,172.6483871,86.98333333,57.17096774,70.19032258,22.45333333,17.79806452,13.06466667,12.79096774,174362.0
RioGRande,8464700.0,EM2000,,8464700.0,08464700,26.36798374,-98.81004046,,2015,7.783870968,14.49642857,10.31967742,65.75333333,198.916129,121.9733333,82.40322581,62.34193548,18.2,26.57419355,10.64833333,19.50645161,174362.0
RioGRande,8464700.0,EM2000,,8464700.0,08464700,26.36798374,-98.81004046,,2016,23.22645161,44.40344828,51.71612903,191.0666667,116.0225806,40.41333333,75.78064516,58.28709677,40.59333333,37.50645161,29.02333333,34.31935484,174362.0
RioGRande,8464700.0,EM2000,,8464700.0,08464700,26.36798374,-98.81004046,,2017,187.9225806,51.51428571,60.84193548,227.2,172.6419355,74.86666667,71.25806452,57.86451613,47.99,24.89354839,34.83333333,34.66451613,174362.0
RioGRande,8464700.0,EM2000,,8464700.0,08464700,26.36798374,-98.81004046,,2018,63.63225806,43.96071429,130.4032258,254.0,159.0967742,88.37666667,56.34516129,70.87096774,37.45733333,10.09129032,24.68333333,38.32258065,174362.0
RioGRande,8464700.0,EM2000,,8464700.0,08464700,26.36798374,-98.81004046,,2019,126.1290323,40.84642857,42.91290323,155.5266667,179.3612903,88.79666667,59.35806452,71.33870968,31.75,33.85483871,30.95,32.00322581,174362.0
RioGRande,8464700.0,EM2000,,8464700.0,08464700,26.36798374,-98.81004046,,2020,58.42258065,59.21034483,170.9064516,137.67,70.37419355,31.81433333,79.06516129,25.9,26.23133333,27.68709677,31.00666667,29.19032258,174362.0
RioGRande,8464700.0,EM2000,,8464700.0,08464700,26.36798374,-98.81004046,,2021,44.93225806,89.11071429,87.84516129,66.05,26.58677419,32.533,17.54419355,28.12903226,32.37333333,26.86774194,22.06333333,21.86774194,174362.0
RioGRande,8464700.0,EM2000,,8464700.0,08464700,26.36798374,-98.81004046,,2022,20.12903226,17.32178571,28.93548387,62.27,57.11548387,59.672,64.43225806,30.85516129,20.53333333,32.14193548,23.64,27.53870968,174362.0
RioGRande,8464700.0,EM2000,,8464700.0,08464700,26.36798374,-98.81004046,,2023,41.13548387,40.45714286,112.916129,72.05666667,17.29193548,56.07333333,52.77741935,43.44516129,43.75,28.12258065,21.38666667,19.97419355,174362.0
RioGRande,8464700.0,EM2000,,8464700.0,08464700,26.36798374,-98.81004046,,2024,22.4483871,19.27586207,19.4,124.6633333,114.2645161,26.16433333,18.06870968,28.21290323,30.48,39.6483871,31.24,31.70645161,174362.0
RioGRande,8464700.0,ET2000,,8464700.0,08464700,26.36728667,-98.80399012,,2010,23.01612903,17.41785714,40.30322581,64.83333333,228.7741935,86.81666667,1674.632258,809.8064516,388.8666667,620.2258065,137.42,145.6451613,174362.0
RioGRande,8464700.0,ET2000,,8464700.0,08464700,26.36728667,-98.80399012,,2011,150.4612903,77.18214286,72.87741935,269.5,240.6129032,107.2966667,70.08709677,92.11935484,75.56666667,68.6,48.07333333,65.07419355,174362.0
RioGRande,8464700.0,ET2000,,8464700.0,08464700,26.36728667,-98.80399012,,2012,172.1096774,31.50344828,65.94193548,178.38,194.6193548,116.92,67.69677419,72.92903226,56.72333333,48.34193548,39.44666667,43.41935484,174362.0
RioGRande,8464700.0,ET2000,,8464700.0,08464700,26.36728667,-98.80399012,,2013,100.9935484,51.61071429,113.8903226,210.0933333,33.36129032,58.84,51.76451613,59.07741935,25.82333333,32.4,26.39333333,21.11290323,174362.0
RioGRande,8464700.0,ET2000,,8464700.0,08464700,26.36728667,-98.80399012,,2014,13.08870968,14.07892857,18.44193548,130.9766667,172.6483871,86.98333333,57.17096774,70.19032258,22.45333333,17.79806452,13.06466667,12.79096774,174362.0
RioGRande,8464700.0,ET2000,,8464700.0,08464700,26.36728667,-98.80399012,,2015,7.783870968,14.49642857,10.31967742,65.75333333,198.916129,121.9733333,82.40322581,62.34193548,18.2,26.57419355,10.64833333,19.50645161,174362.0
RioGRande,8464700.0,ET2000,,8464700.0,08464700,26.36728667,-98.80399012,,2016,23.22645161,44.40344828,51.71612903,191.0666667,116.0225806,40.41333333,75.78064516,58.28709677,40.59333333,37.50645161,29.02333333,34.31935484,174362.0
RioGRande,8464700.0,ET2000,,8464700.0,08464700,26.36728667,-98.80399012,,2017,187.9225806,51.51428571,60.84193548,227.2,172.6419355,74.86666667,71.25806452,57.86451613,47.99,24.89354839,34.83333333,34.66451613,174362.0
RioGRande,8464700.0,ET2000,,8464700.0,08464700,26.36728667,-98.80399012,,2018,63.63225806,43.96071429,130.4032258,254.0,159.0967742,88.37666667,56.34516129,70.87096774,37.45733333,10.09129032,24.68333333,38.32258065,174362.0
RioGRande,8464700.0,ET2000,,8464700.0,08464700,26.36728667,-98.80399012,,2019,126.1290323,40.84642857,42.91290323,155.5266667,179.3612903,88.79666667,59.35806452,71.33870968,31.75,33.85483871,30.95,32.00322581,174362.0
RioGRande,8464700.0,ET2000,,8464700.0,08464700,26.36728667,-98.80399012,,2020,58.42258065,59.21034483,170.9064516,137.67,70.37419355,31.81433333,79.06516129,25.9,26.23133333,27.68709677,31.00666667,29.19032258,174362.0
RioGRande,8464700.0,ET2000,,8464700.0,08464700,26.36728667,-98.80399012,,2021,44.93225806,89.11071429,87.84516129,66.05,26.58677419,32.533,17.54419355,28.12903226,32.37333333,26.86774194,22.06333333,21.86774194,174362.0
RioGRande,8464700.0,ET2000,,8464700.0,08464700,26.36728667,-98.80399012,,2022,20.12903226,17.32178571,28.93548387,62.27,57.11548387,59.672,64.43225806,30.85516129,20.53333333,32.14193548,23.64,27.53870968,174362.0
RioGRande,8464700.0,ET2000,,8464700.0,08464700,26.36728667,-98.80399012,,2023,41.13548387,40.45714286,112.916129,72.05666667,17.29193548,56.07333333,52.77741935,43.44516129,43.75,28.12258065,21.38666667,19.97419355,174362.0
RioGRande,8464700.0,ET2000,,8464700.0,08464700,26.36728667,-98.80399012,,2024,22.4483871,19.27586207,19.4,124.6633333,114.2645161,26.16433333,18.06870968,28.21290323,30.48,39.6483871,31.24,31.70645161,174362.0
RioGRande,8469200.0,EM1000,,8469200.0,08469200,26.1372429,-98.33492046,,2010,15.77290323,13.84642857,28.45419355,36.48333333,70.91935484,63.03,793.5064516,620.8548387,335.1,564.6451613,151.53,52.62258065,176112.0
RioGRande,8469200.0,EM1000,,8469200.0,08469200,26.1372429,-98.33492046,,2011,59.5,75.42142857,62.23548387,87.07333333,93.8516129,88.28333333,52.97741935,71.42580645,56.12666667,51.58387097,40.06666667,29.82903226,176112.0
RioGRande,8469200.0,EM1000,,8469200.0,08469200,26.1372429,-98.33492046,,2012,56.34193548,31.01034483,44.53870968,60.59,79.66129032,93.29,58.02903226,57.51612903,44.2,38.37096774,29.10333333,23.18709677,176112.0
RioGRande,8469200.0,EM1000,,8469200.0,08469200,26.1372429,-98.33492046,,2013,33.17096774,45.27142857,50.56774194,65.87,24.33870968,46.59,38.52903226,40.02580645,20.20666667,24.25483871,18.44533333,13.99935484,176112.0
RioGRande,8469200.0,EM1000,,8469200.0,08469200,26.1372429,-98.33492046,,2014,13.30774194,15.96571429,10.86064516,43.24,60.28387097,65.87333333,43.89354839,47.03548387,19.56466667,13.48903226,12.96733333,15.42258065,176112.0
RioGRande,8469200.0,EM1000,,8469200.0,08469200,26.1372429,-98.33492046,,2015,12.43709677,17.47857143,12.29483871,46.12666667,108.3419355,102.4266667,66.42258065,44.72580645,19.12833333,19.83741935,11.643,17.30645161,176112.0
RioGRande,8469200.0,EM1000,,8469200.0,08469200,26.1372429,-98.33492046,,2016,19.4483871,34.89655172,30.47709677,62.37666667,64.13870968,34.151,61.46129032,48.07419355,32.50333333,31.27096774,23.68666667,19.66451613,176112.0
RioGRande,8469200.0,EM1000,,8469200.0,08469200,26.1372429,-98.33492046,,2017,49.60967742,42.88214286,28.85483871,81.9,90.64193548,64.53,55.4,41.95483871,34.04666667,16.16967742,24.37,18.35806452,176112.0
RioGRande,8469200.0,EM1000,,8469200.0,08469200,26.1372429,-98.33492046,,2018,36.13548387,34.78571429,55.7,73.20666667,87.98064516,96.43333333,49.72903226,53.67419355,34.63,15.54709677,19.94,21.23870968,176112.0
RioGRande,8469200.0,EM1000,,8469200.0,08469200,26.1372429,-98.33492046,,2019,47.10967742,36.15714286,33.00967742,43.05,81.27419355,71.08,50.09354839,53.81935484,20.75,22.00967742,21.08,21.28709677,176112.0
RioGRande,8469200.0,EM1000,,8469200.0,08469200,26.1372429,-98.33492046,,2020,41.76129032,52.62413793,66.5483871,68.61333333,88.29677419,39.14333333,135.6258065,30.16612903,20.25,24.75483871,27.27,24.13225806,176112.0
RioGRande,8469200.0,EM1000,,8469200.0,08469200,26.1372429,-98.33492046,,2021,45.76451613,42.16785714,50.22580645,53.38333333,29.7083871,39.72166667,31.40225806,25.95483871,24.96566667,18.0,16.98066667,15.06290323,176112.0
RioGRande,8469200.0,EM1000,,8469200.0,08469200,26.1372429,-98.33492046,,2022,15.69516129,13.89071429,22.59032258,55.975,62.08709677,54.72,56.98387097,22.54129032,11.21833333,20.13903226,15.28266667,12.19225806,176112.0
RioGRande,8469200.0,EM1000,,8469200.0,08469200,26.1372429,-98.33492046,,2023,16.61935484,16.55294118,17.89601518,28.27607843,31.29867173,29.83686275,26.11005693,21.93244782,12.56941176,10.50929791,9.979607843,8.922960152,176112.0
RioGRande,8469200.0,EM1000,,8469200.0,08469200,26.1372429,-98.33492046,,2024,16.61935484,16.53549696,18.12675522,28.6227451,30.94193548,29.8745098,26.16318786,21.69411765,12.24470588,10.63681214,9.847843137,8.991271347,176112.0
RioGRande,8469200.0,ET1000,,8469200.0,08469200,26.13724668,-98.33492013,,2010,15.77290323,13.84642857,28.45419355,36.48333333,70.91935484,63.03,793.5064516,620.8548387,335.1,564.6451613,151.53,52.62258065,176112.0
RioGRande,8469200.0,ET1000,,8469200.0,08469200,26.13724668,-98.33492013,,2011,59.5,75.42142857,62.23548387,87.07333333,93.8516129,88.28333333,52.97741935,71.42580645,56.12666667,51.58387097,40.06666667,29.82903226,176112.0
RioGRande,8469200.0,ET1000,,8469200.0,08469200,26.13724668,-98.33492013,,2012,56.34193548,31.01034483,44.53870968,60.59,79.66129032,93.29,58.02903226,57.51612903,44.2,38.37096774,29.10333333,23.18709677,176112.0
RioGRande,8469200.0,ET1000,,8469200.0,08469200,26.13724668,-98.33492013,,2013,33.17096774,45.27142857,50.56774194,65.87,24.33870968,46.59,38.52903226,40.02580645,20.20666667,24.25483871,18.44533333,13.99935484,176112.0
RioGRande,8469200.0,ET1000,,8469200.0,08469200,26.13724668,-98.33492013,,2014,13.30774194,15.96571429,10.86064516,43.24,60.28387097,65.87333333,43.89354839,47.03548387,19.56466667,13.48903226,12.96733333,15.42258065,176112.0
RioGRande,8469200.0,ET1000,,8469200.0,08469200,26.13724668,-98.33492013,,2015,12.43709677,17.47857143,12.29483871,46.12666667,108.3419355,102.4266667,66.42258065,44.72580645,19.12833333,19.83741935,11.643,17.30645161,176112.0
RioGRande,8469200.0,ET1000,,8469200.0,08469200,26.13724668,-98.33492013,,2016,19.4483871,34.89655172,30.47709677,62.37666667,64.13870968,34.151,61.46129032,48.07419355,32.50333333,31.27096774,23.68666667,19.66451613,176112.0
RioGRande,8469200.0,ET1000,,8469200.0,08469200,26.13724668,-98.33492013,,2017,49.60967742,42.88214286,28.85483871,81.9,90.64193548,64.53,55.4,41.95483871,34.04666667,16.16967742,24.37,18.35806452,176112.0
RioGRande,8469200.0,ET1000,,8469200.0,08469200,26.13724668,-98.33492013,,2018,36.13548387,34.78571429,55.7,73.20666667,87.98064516,96.43333333,49.72903226,53.67419355,34.63,15.54709677,19.94,21.23870968,176112.0
RioGRande,8469200.0,ET1000,,8469200.0,08469200,26.13724668,-98.33492013,,2019,47.10967742,36.15714286,33.00967742,43.05,81.27419355,71.08,50.09354839,53.81935484,20.75,22.00967742,21.08,21.28709677,176112.0
RioGRande,8469200.0,ET1000,,8469200.0,08469200,26.13724668,-98.33492013,,2020,41.76129032,52.62413793,66.5483871,68.61333333,88.29677419,39.14333333,135.6258065,30.16612903,20.25,24.75483871,27.27,24.13225806,176112.0
RioGRande,8469200.0,ET1000,,8469200.0,08469200,26.13724668,-98.33492013,,2021,45.76451613,42.16785714,50.22580645,53.38333333,29.7083871,39.72166667,31.40225806,25.95483871,24.96566667,18.0,16.98066667,15.06290323,176112.0
RioGRande,8469200.0,ET1000,,8469200.0,08469200,26.13724668,-98.33492013,,2022,15.69516129,13.89071429,22.59032258,55.975,62.08709677,54.72,56.98387097,22.54129032,11.21833333,20.13903226,15.28266667,12.19225806,176112.0
RioGRande,8469200.0,ET1000,,8469200.0,08469200,26.13724668,-98.33492013,,2023,16.61935484,16.55294118,17.89601518,28.27607843,31.29867173,29.83686275,26.11005693,21.93244782,12.56941176,10.50929791,9.979607843,8.922960152,176112.0
RioGRande,8469200.0,ET1000,,8469200.0,08469200,26.13724668,-98.33492013,,2024,16.61935484,16.53549696,18.12675522,28.6227451,30.94193548,29.8745098,26.16318786,21.69411765,12.24470588,10.63681214,9.847843137,8.991271347,176112.0
,,,,,08103900,30.91156805,-98.0369676,"S Fk Rocky Ck nr Briggs, TX",2010,46.97967742,130.0,55.3483871,18.297,4.044516129,0.595666667,0.507419355,0.0,35.03733333,0.072903226,0.025666667,0.075806452,33.3
,,,,,08103900,30.91156805,-98.0369676,"S Fk Rocky Ck nr Briggs, TX",2011,0.656129032,0.343571429,0.392903226,0.111666667,37.10645161,0.0,0.0,0.0,0.0,5.557741935,0.0,0.0,33.3
,,,,,08103900,30.91156805,-98.0369676,"S Fk Rocky Ck nr Briggs, TX",2012,0.0,12.52103448,182.0916129,3.469666667,0.941935484,0.134,0.319354839,0.0,0.0,0.0,0.0,0.0,33.3
,,,,,08103900,30.91156805,-98.0369676,"S Fk Rocky Ck nr Briggs, TX",2013,0.0,0.0,1.950645161,0.013,2.538387097,0.002666667,0.863870968,0.0,18.84933333,0.0,0.0,0.038709677,33.3
,,,,,08103900,30.91156805,-98.0369676,"S Fk Rocky Ck nr Briggs, TX",2014,0.277419355,0.0625,0.0,0.0,1.200967742,0.010333333,0.0,0.0,0.142,0.0,0.42,0.0,33.3
,,,,,08103900,30.91156805,-98.0369676,"S Fk Rocky Ck nr Briggs, TX",2015,0.12516129,0.025,1.46516129,1.099,124.4274194,12.127,0.871935484,0.0,0.0,121.9403226,52.09333333,55.25483871,33.3
,,,,,08103900,30.91156805,-98.0369676,"S Fk Rocky Ck nr Briggs, TX",2016,12.2916129,6.179655172,63.6083871,46.25666667,190.7451613,201.7366667,2.976129032,66.94032258,11.614,2.459677419,9.417,8.137741935,33.3
,,,,,08103900,30.91156805,-98.0369676,"S Fk Rocky Ck nr Briggs, TX",2017,32.30709677,21.67178571,14.90064516,75.849,6.696774194,1.329666667,0.134516129,17.52774194,0.008333333,0.0,0.0,0.0,33.3
,,,,,08103900,30.91156805,-98.0369676,"S Fk Rocky Ck nr Briggs, TX",2018,0.0,0.085,0.063870968,0.0,73.68709677,7.419,0.0,0.0,0.526666667,282.6748387,28.0,92.28387097,33.3
,,,,,08103900,30.91156805,-98.0369676,"S Fk Rocky Ck nr Briggs, TX",2019,95.96451613,15.925,7.736129032,11.827,339.6635484,23.96866667,2.119032258,0.078709677,0.0,0.0,0.0,0.0,33.3
,,,,,08103900,30.91156805,-98.0369676,"S Fk Rocky Ck nr Briggs, TX",2020,0.0,0.090344828,0.749354839,36.84333333,96.32096774,0.562666667,0.0,0.0,6.140333333,0.0,0.0,0.0,33.3
,,,,,08103900,30.91156805,-98.0369676,"S Fk Rocky Ck nr Briggs, TX",2021,0.0,0.0,0.002258065,0.0,13.79387097,66.63566667,2.044193548,0.127096774,0.0,0.994193548,0.261666667,0.0,33.3
,,,,,08103900,30.91156805,-98.0369676,"S Fk Rocky Ck nr Briggs, TX",2022,0.0,0.082142857,0.0,0.0,9.006129032,200.0296667,0.028709677,12.38709677,0.595333333,0.0,2.247,0.0,33.3
,,,,,08103900,30.91156805,-98.0369676,"S Fk Rocky Ck nr Briggs, TX",2023,0.264193548,0.165357143,0.029677419,0.083,0.513548387,0.009666667,0.0,0.0,0.616,0.742580645,0.0,29.72096774,33.3
,,,,,08103900,30.91156805,-98.0369676,"S Fk Rocky Ck nr Briggs, TX",2024,3.640645161,6.67,3.413870968,22.646,59.04870968,2.518666667,0.107419355,0.0,0.0,0.0,0.0,0.0,33.3
,,,,,08103940,30.97252778,-97.7785278,"Lampasas Rv at Ding Dong, TX",2010,859.5895676,989.9480243,925.6348662,1193.078298,1452.663006,1458.0,841.7106383,558.6498284,446.706383,495.5398765,552.4544681,557.7492107,1195.0
,,,,,08103940,30.97252778,-97.7785278,"Lampasas Rv at Ding Dong, TX",2011,859.5895676,989.9480243,925.6348662,1193.078298,1452.663006,1458.0,841.7106383,558.6498284,446.706383,495.5398765,552.4544681,557.7492107,1195.0
,,,,,08103940,30.97252778,-97.7785278,"Lampasas Rv at Ding Dong, TX",2012,859.5895676,985.8347762,923.9670556,1214.379574,1452.663006,1458.0,811.5566232,556.9820178,444.2246809,499.8761839,552.7302128,587.3695264,1195.0
,,,,,08103940,30.97252778,-97.7785278,"Lampasas Rv at Ding Dong, TX",2013,859.5895676,989.9480243,925.6348662,1193.078298,1452.663006,1458.0,841.7106383,558.6498284,446.706383,495.5398765,552.4544681,557.7492107,1195.0
,,,,,08103940,30.97252778,-97.7785278,"Lampasas Rv at Ding Dong, TX",2014,859.5895676,989.9480243,925.6348662,1193.078298,1452.663006,1458.0,841.7106383,558.6498284,446.706383,495.5398765,552.4544681,557.7492107,1195.0
,,,,,08103940,30.97252778,-97.7785278,"Lampasas Rv at Ding Dong, TX",2015,859.5895676,989.9480243,925.6348662,1193.078298,1452.663006,1458.0,841.7106383,558.6498284,446.706383,495.5398765,552.4544681,714.6579272,1195.0
,,,,,08103940,30.97252778,-97.7785278,"Lampasas Rv at Ding Dong, TX",2016,339.0,215.2758621,1139.290323,1376.6,1909.387097,2063.266667,168.0709677,519.3032258,297.8933333,71.97096774,130.37,96.02258065,1195.0
,,,,,08103940,30.97252778,-97.7785278,"Lampasas Rv at Ding Dong, TX",2017,223.8129032,354.1785714,283.9032258,960.5,152.1258065,403.5333333,40.30967742,40.9516129,21.55,22.24193548,19.16666667,25.46129032,1195.0
,,,,,08103940,30.97252778,-97.7785278,"Lampasas Rv at Ding Dong, TX",2018,17.93548387,47.51071429,30.46774194,24.24333333,121.9419355,16.66533333,7.989677419,29.08064516,91.13933333,4999.948387,933.8,1739.612903,1195.0
,,,,,08103940,30.97252778,-97.7785278,"Lampasas Rv at Ding Dong, TX",2019,2053.451613,502.1785714,414.2903226,354.0333333,1599.290323,560.5333333,232.9419355,41.70967742,24.10666667,21.35483871,23.9,22.71612903,1195.0
,,,,,08103940,30.97252778,-97.7785278,"Lampasas Rv at Ding Dong, TX",2020,29.61935484,73.92758621,269.8709677,505.31,228.1096774,46.48666667,13.77387097,10.19741935,2223.900667,54.7483871,43.16333333,45.49032258,1195.0
,,,,,08103940,30.97252778,-97.7785278,"Lampasas Rv at Ding Dong, TX",2021,57.27419355,42.04642857,40.27096774,51.15666667,538.9741935,409.35,229.616129,36.80645161,24.97666667,97.58064516,57.39,24.28709677,1195.0
,,,,,08103940,30.97252778,-97.7785278,"Lampasas Rv at Ding Dong, TX",2022,23.31290323,24.725,18.85806452,24.92333333,107.8093548,91.64766667,4.261612903,44.08,15.87166667,43.92677419,137.6793333,25.25806452,1195.0
,,,,,08103940,30.97252778,-97.7785278,"Lampasas Rv at Ding Dong, TX",2023,27.43548387,29.69285714,33.14516129,85.49333333,85.16774194,17.188,3.08483871,0.0,70.88166667,621.0780645,22.12666667,51.78709677,1195.0
,,,,,08103940,30.97252778,-97.7785278,"Lampasas Rv at Ding Dong, TX",2024,77.50322581,98.02758621,49.39032258,334.8566667,7757.612903,536.1333333,98.90645161,33.63548387,28.64666667,14.09354839,16.78,21.87096774,1195.0
,,,,,08104300,30.9443472,-97.534075,"Salado Ck at Salado, TX",2010,10.46526055,11.79773352,11.3926799,9.342948718,12.27667494,11.31570513,7.731389578,6.839950372,8.268990385,7.871433002,8.279647436,8.58560794,136.0
,,,,,08104300,30.9443472,-97.534075,"Salado Ck at Salado, TX",2011,10.46526055,11.79773352,11.3926799,9.342948718,12.27667494,11.31570513,7.731389578,6.839950372,8.268990385,7.871433002,8.279647436,8.58560794,136.0
,,,,,08104300,30.9443472,-97.534075,"Salado Ck at Salado, TX",2012,10.46526055,11.7821618,11.31978908,9.500801282,12.23945409,11.20673077,7.630583127,6.80366005,8.381810897,7.819478908,8.266826923,8.844602978,136.0
,,,,,08104300,30.9443472,-97.534075,"Salado Ck at Salado, TX",2013,10.46526055,11.79773352,9.754975186,8.093333333,9.359354839,6.251333333,7.99483871,4.627419355,6.366333333,14.14032258,21.358,28.49306452,136.0
,,,,,08104300,30.9443472,-97.534075,"Salado Ck at Salado, TX",2014,21.58387097,15.11428571,13.05483871,12.16166667,11.2683871,12.87566667,6.725483871,4.96483871,7.137,6.373870968,8.546666667,9.691612903,136.0
,,,,,08104300,30.9443472,-97.534075,"Salado Ck at Salado, TX",2015,41.15806452,19.975,53.22903226,15.18666667,895.3009677,139.15,45.83548387,33.3483871,26.38666667,401.1967742,151.8233333,165.1096774,136.0
,,,,,08104300,30.9443472,-97.534075,"Salado Ck at Salado, TX",2016,69.13225806,38.19310345,220.2064516,180.28,428.5741935,365.6033333,56.67096774,340.5387097,56.56333333,38.26129032,38.90666667,38.84193548,136.0
,,,,,08104300,30.9443472,-97.534075,"Salado Ck at Salado, TX",2017,83.87741935,96.67857143,47.98709677,173.0066667,38.28709677,30.30333333,20.03548387,27.20322581,17.33333333,16.13225806,14.57666667,15.53225806,136.0
,,,,,08104300,30.9443472,-97.534075,"Salado Ck at Salado, TX",2018,15.18387097,14.16785714,15.19354839,11.744,9.202903226,5.544,4.693870968,5.160645161,46.84133333,333.5064516,72.73,231.2483871,136.0
,,,,,08104300,30.9443472,-97.534075,"Salado Ck at Salado, TX",2019,442.3548387,67.71785714,49.05483871,324.53,1060.193548,106.32,49.98709677,31.77419355,23.11666667,20.61612903,23.15,19.80322581,136.0
,,,,,08104300,30.9443472,-97.534075,"Salado Ck at Salado, TX",2020,22.76774194,46.97931034,81.34193548,77.20666667,26.5,13.70333333,11.8,8.667096774,18.84766667,13.7516129,10.735,12.65645161,136.0
,,,,,08104300,30.9443472,-97.534075,"Salado Ck at Salado, TX",2021,20.36451613,16.31428571,16.02258065,12.00833333,52.64193548,281.96,103.516129,36.51935484,24.07333333,43.41290323,41.01,119.8354839,136.0
,,,,,08104300,30.9443472,-97.534075,"Salado Ck at Salado, TX",2022,23.83225806,43.525,28.56774194,21.51666667,13.99935484,11.71533333,7.306451613,7.556129032,6.491,5.749354839,7.367333333,7.632580645,136.0
,,,,,08104300,30.9443472,-97.534075,"Salado Ck at Salado, TX",2023,8.0,26.39214286,18.27935484,21.33633333,14.59258065,10.44366667,5.372580645,4.031612903,5.487333333,5.948709677,4.628666667,37.18774194,136.0
,,,,,08104300,30.9443472,-97.534075,"Salado Ck at Salado, TX",2024,168.4516129,42.57241379,27.42580645,472.1266667,357.0322581,243.0166667,42.48064516,24.6516129,22.39,14.20322581,13.09333333,13.80322581,136.0
,,,,,08105095,30.70324685,-97.6663985,"Berry Ck at Airport Rd nr Georgetown, TX",2010,207.0451613,241.6714286,154.1870968,44.88333333,11.60419355,2.742,1.598709677,0.0,989.9333333,6.126129032,0.377666667,0.0,71.4
,,,,,08105095,30.70324685,-97.6663985,"Berry Ck at Airport Rd nr Georgetown, TX",2011,0.0,0.0,0.0,0.0,0.0,0.0,0.0,0.0,0.0,0.0,0.0,0.0,71.4
,,,,,08105095,30.70324685,-97.6663985,"Berry Ck at Airport Rd nr Georgetown, TX",2012,0.0,53.21758621,240.82,3.9,0.0,0.0,0.0,72.22129032,0.0,0.0,0.0,0.0,71.4
,,,,,08105095,30.70324685,-97.6663985,"Berry Ck at Airport Rd nr Georgetown, TX",2013,31.4216129,0.0,3.64516129,0.0,0.0,0.0,0.365483871,0.0,43.754,37.74193548,8.473666667,0.0,71.4
,,,,,08105095,30.70324685,-97.6663985,"Berry Ck at Airport Rd nr Georgetown, TX",2014,0.0,0.0,0.0,0.0,18.5083871,0.0,21.26548387,0.0,0.000666667,0.0,1.461,0.0,71.4
,,,,,08105095,30.70324685,-97.6663985,"Berry Ck at Airport Rd nr Georgetown, TX",2015,6.594193548,0.0,18.01548387,1.220666667,644.8709677,132.97,26.2,4.797096774,0.199666667,184.2458065,77.52666667,71.57096774,71.4
,,,,,08105095,30.70324685,-97.6663985,"Berry Ck at Airport Rd nr Georgetown, TX",2016,21.95806452,8.666896552,138.8303226,278.909,242.9483871,344.09,53.83548387,92.12806452,17.99333333,6.184193548,6.036,11.55806452,71.4
,,,,,08105095,30.70324685,-97.6663985,"Berry Ck at Airport Rd nr Georgetown, TX",2017,47.48483871,85.3725,44.36774194,43.31866667,6.140645161,19.90366667,0.0,64.97032258,0.476666667,0.0,0.0,0.001612903,71.4
,,,,,08105095,30.70324685,-97.6663985,"Berry Ck at Airport Rd nr Georgetown, TX",2018,0.0,0.0,0.77483871,0.0,0.0,0.0,0.0,0.0,80.002,248.3177419,36.02,198.4193548,71.4
,,,,,08105095,30.70324685,-97.6663985,"Berry Ck at Airport Rd nr Georgetown, TX",2019,267.5967742,35.525,16.60322581,180.9433333,464.9064516,64.15333333,11.70451613,0.342258065,0.0,0.0,0.0,0.0,71.4
,,,,,08105095,30.70324685,-97.6663985,"Berry Ck at Airport Rd nr Georgetown, TX",2020,0.0,26.97655172,12.69225806,38.77233333,8.533225806,0.804,0.0,0.0,1.938666667,0.0,0.0,0.0,71.4
,,,,,08105095,30.70324685,-97.6663985,"Berry Ck at Airport Rd nr Georgetown, TX",2021,0.008709677,0.0,0.0,0.0,88.19258065,255.3233333,41.28709677,3.39516129,0.0,89.59483871,9.075333333,0.093225806,71.4
,,,,,08105095,30.70324685,-97.6663985,"Berry Ck at Airport Rd nr Georgetown, TX",2022,0.0,1.975,0.0,0.0,0.0,0.0,0.0,40.40967742,0.0,0.0,1.622333333,0.0,71.4
,,,,,08105095,30.70324685,-97.6663985,"Berry Ck at Airport Rd nr Georgetown, TX",2023,0.0,1.271785714,0.0,1.678333333,0.006774194,0.0,0.0,0.0,0.0,0.0,0.0,20.67677419,71.4
,,,,,08105095,30.70324685,-97.6663985,"Berry Ck at Airport Rd nr Georgetown, TX",2024,48.92580645,10.92068966,2.866129032,33.62,127.1645161,23.70166667,7.706451613,0.04516129,0.0,0.0,0.0,0.0,71.4
,,,,,08105505,30.70216667,-97.4341667,"Willis Ck nr Granger, TX",2010,60.20645161,245.6535714,100.3709677,520.41,16.01064516,38.90266667,8.407096774,1.67,376.0166667,6.311290323,5.334,4.594193548,57.8
,,,,,08105505,30.70216667,-97.4341667,"Willis Ck nr Granger, TX",2011,7.346774194,7.385,5.068709677,5.198666667,0.58516129,0.0,0.0,0.0,0.0,0.0,0.0,0.887096774,57.8
,,,,,08105505,30.70216667,-97.4341667,"Willis Ck nr Granger, TX",2012,4.25,98.1962069,150.7035484,5.616333333,1.816774194,0.0,3.372580645,0.0,0.0,0.0,0.0,0.0,57.8
,,,,,08105505,30.70216667,-97.4341667,"Willis Ck nr Granger, TX",2013,10.76774194,0.0,0.480967742,0.0,0.846129032,0.0,3.55483871,0.0,0.0,345.8064516,18.087,12.91516129,57.8
,,,,,08105505,30.70216667,-97.4341667,"Willis Ck nr Granger, TX",2014,10.30741935,5.753571429,5.610322581,16.38566667,25.08612903,3.394333333,6.325483871,0.346129032,104.778,12.5016129,200.3086667,13.01483871,57.8
,,,,,08105505,30.70216667,-97.4341667,"Willis Ck nr Granger, TX",2015,205.2870968,26.31785714,211.2451613,23.754,1286.530968,165.6166667,34.29193548,3.639354839,1.429666667,568.6793548,239.5733333,245.3709677,57.8
,,,,,08105505,30.70216667,-97.4341667,"Willis Ck nr Granger, TX",2016,38.22903226,26.8137931,237.1516129,929.0033333,903.4483871,396.7033333,11.00096774,489.8290323,25.22666667,14.94193548,28.23333333,26.69354839,57.8
,,,,,08105505,30.70216667,-97.4341667,"Willis Ck nr Granger, TX",2017,53.21290323,37.2,38.92258065,155.28,14.01516129,5.657333333,2.034193548,67.66451613,6.981666667,20.65322581,5.207666667,19.59903226,57.8
,,,,,08105505,30.70216667,-97.4341667,"Willis Ck nr Granger, TX",2018,8.646451613,13.41892857,146.7977419,18.693,7.192258065,1.617333333,0.326451613,0.011935484,61.19,412.3706452,43.63,269.2290323,57.8
,,,,,08105505,30.70216667,-97.4341667,"Willis Ck nr Granger, TX",2019,394.5548387,29.87857143,17.67741935,311.4,656.3483871,61.01,7.809354839,1.157096774,0.052666667,1.166129032,0.278666667,3.736129032,57.8
,,,,,08105505,30.70216667,-97.4341667,"Willis Ck nr Granger, TX",2020,6.503870968,11.86103448,11.22709677,37.56933333,4.594193548,0.801666667,0.099032258,0.001935484,1.785,0.0,0.0,0.829032258,57.8
,,,,,08105505,30.70216667,-97.4341667,"Willis Ck nr Granger, TX",2021,1.999032258,4.849642857,18.95580645,5.201666667,60.81096774,214.9886667,28.61096774,59.99032258,3.269666667,66.62903226,31.10533333,59.01548387,57.8
,,,,,08105505,30.70216667,-97.4341667,"Willis Ck nr Granger, TX",2022,16.72580645,86.87857143,52.2483871,17.23,12.02935484,1.263333333,0.066129032,8.967741935,1.156333333,0.022903226,14.30733333,4.325483871,57.8
,,,,,08105505,30.70216667,-97.4341667,"Willis Ck nr Granger, TX",2023,3.308387097,12.86107143,7.825483871,126.709,37.36612903,3.203333333,0.109032258,0.001935484,0.0,2.229032258,0.362333333,44.21580645,57.8
,,,,,08105505,30.70216667,-97.4341667,"Willis Ck nr Granger, TX",2024,106.4780645,50.04137931,16.56451613,317.8413333,373.3677419,192.3533333,109.056129,4.129354839,1.615,0.712258065,0.791666667,1.682580645,57.8
,,,,,08105872,30.52518056,-97.7499917,"Brushy Ck at Cedar Park, TX",2010,0.0,0.0,0.0,0.0,0.0,0.0,0.0,0.0,0.0,0.0,0.0,0.0,43.6
,,,,,08105872,30.52518056,-97.7499917,"Brushy Ck at Cedar Park, TX",2011,0.0,0.0,0.0,0.0,0.0,0.0,0.0,0.0,0.0,0.0,0.0,0.0,43.6
,,,,,08105872,30.52518056,-97.7499917,"Brushy Ck at Cedar Park, TX",2012,0.0,0.0,0.0,0.0,0.0,0.0,0.0,0.0,0.0,0.0,0.0,0.0,43.6
,,,,,08105872,30.52518056,-97.7499917,"Brushy Ck at Cedar Park, TX",2013,0.0,0.0,0.0,0.0,0.0,0.0,0.0,0.0,0.0,0.0,0.0,0.0,43.6
,,,,,08105872,30.52518056,-97.7499917,"Brushy Ck at Cedar Park, TX",2014,0.0,0.0,0.0,0.0,0.0,0.0,0.0,0.0,18.70333333,14.13548387,41.96733333,16.68387097,43.6
,,,,,08105872,30.52518056,-97.7499917,"Brushy Ck at Cedar Park, TX",2015,53.80645161,22.48928571,80.62903226,89.21333333,326.6806452,313.9166667,43.07096774,13.34516129,25.59666667,165.0106452,116.3166667,69.77419355,43.6
,,,,,08105872,30.52518056,-97.7499917,"Brushy Ck at Cedar Park, TX",2016,39.77096774,24.49724138,56.46870968,166.9233333,143.6322581,190.8233333,10.0716129,200.9780645,22.39,12.34290323,38.22333333,38.64516129,43.6
,,,,,08105872,30.52518056,-97.7499917,"Brushy Ck at Cedar Park, TX",2017,50.26129032,50.6,36.79354839,31.16333333,17.57096774,23.99866667,21.11870968,144.6012903,32.54666667,21.74225806,7.571666667,27.09645161,43.6
,,,,,08105872,30.52518056,-97.7499917,"Brushy Ck at Cedar Park, TX",2018,11.23483871,22.58607143,36.49032258,18.51,35.73419355,26.87433333,15.13064516,8.591612903,65.17633333,205.0322581,68.56333333,186.3709677,43.6
,,,,,08105872,30.52518056,-97.7499917,"Brushy Ck at Cedar Park, TX",2019,169.0645161,34.04285714,25.96129032,131.6833333,134.8806452,90.14,19.47451613,8.250645161,3.125666667,21.15516129,17.82333333,16.42096774,43.6
,,,,,08105872,30.52518056,-97.7499917,"Brushy Ck at Cedar Park, TX",2020,11.1083871,32.24206897,50.36774194,54.75333333,55.67741935,19.272,6.955483871,10.14516129,37.20833333,23.69032258,13.709,27.51870968,43.6
,,,,,08105872,30.52518056,-97.7499917,"Brushy Ck at Cedar Park, TX",2021,34.06129032,35.41071429,18.74516129,16.89533333,166.1645161,139.3166667,42.41290323,35.42903226,37.13266667,88.46451613,46.66666667,31.2483871,43.6
,,,,,08105872,30.52518056,-97.7499917,"Brushy Ck at Cedar Park, TX",2022,17.70645161,40.80357143,39.46451613,22.12066667,31.60645161,28.106,4.588064516,180.5051613,35.14333333,27.70935484,37.94,9.551935484,43.6
,,,,,08105872,30.52518056,-97.7499917,"Brushy Ck at Cedar Park, TX",2023,10.32193548,61.36785714,34.33225806,89.73666667,92.63870968,24.40333333,5.781612903,2.099032258,32.985,50.4516129,30.12666667,45.66451613,43.6
,,,,,08105872,30.52518056,-97.7499917,"Brushy Ck at Cedar Park, TX",2024,124.7129032,49.11034483,21.52903226,42.45666667,138.4612903,42.68666667,80.95806452,18.08129032,12.969,12.90612903,26.23966667,33.95129032,43.6
,,,,,08105883,30.51290556,-97.6864361,"Brushy Ck at IH 35, Round Rock, TX",2010,27.99305492,29.85714286,26.4390021,27.02322946,46.09284474,31.29754485,16.41908069,12.71589144,16.78564684,20.23987937,27.71501416,20.59471808,70.5
,,,,,08105883,30.51290556,-97.6864361,"Brushy Ck at IH 35, Round Rock, TX",2011,27.99305492,29.85714286,26.4390021,27.02322946,46.09284474,31.29754485,16.41908069,12.71589144,16.78564684,20.23987937,27.71501416,20.59471808,70.5
,,,,,08105883,30.51290556,-97.6864361,"Brushy Ck at IH 35, Round Rock, TX",2012,27.99305492,29.79896454,26.31938225,27.58829084,45.81641232,30.74183192,16.3054921,12.70986018,16.87601511,20.53340035,27.59140699,20.59471808,70.5
,,,,,08105883,30.51290556,-97.6864361,"Brushy Ck at IH 35, Round Rock, TX",2013,27.99305492,29.85714286,26.4390021,27.02322946,46.09284474,31.29754485,16.41908069,12.71589144,16.78564684,20.23987937,27.71501416,20.59471808,70.5
,,,,,08105883,30.51290556,-97.6864361,"Brushy Ck at IH 35, Round Rock, TX",2014,27.99305492,29.85714286,26.4390021,27.02322946,46.09284474,31.29754485,16.41908069,12.71589144,16.78564684,20.23987937,69.2415864,26.28387097,70.5
,,,,,08105883,30.51290556,-97.6864361,"Brushy Ck at IH 35, Round Rock, TX",2015,100.1967742,40.93928571,140.5774194,115.4366667,518.1935484,494.5533333,74.54516129,20.50322581,28.64333333,347.5870968,256.0866667,114.1096774,70.5
,,,,,08105883,30.51290556,-97.6864361,"Brushy Ck at IH 35, Round Rock, TX",2016,55.89677419,61.49655172,111.0322581,265.1,208.5387097,325.2966667,36.59354839,361.4354839,50.55,25.48709677,64.35333333,67.28064516,70.5
,,,,,08105883,30.51290556,-97.6864361,"Brushy Ck at IH 35, Round Rock, TX",2017,112.3709677,78.25,60.0516129,47.66666667,32.41612903,49.01333333,32.52322581,254.1419355,65.35,46.14193548,22.44,53.45483871,70.5
,,,,,08105883,30.51290556,-97.6864361,"Brushy Ck at IH 35, Round Rock, TX",2018,21.85483871,41.66428571,70.00645161,33.96,53.95483871,34.98733333,46.28612903,12.99258065,171.034,296.4612903,91.10333333,272.9677419,70.5
,,,,,08105883,30.51290556,-97.6864361,"Brushy Ck at IH 35, Round Rock, TX",2019,248.9709677,59.26428571,43.3,185.0533333,224.5258065,135.2666667,40.92258065,12.80967742,12.33933333,40.21870968,34.6,31.16774194,70.5
,,,,,08105883,30.51290556,-97.6864361,"Brushy Ck at IH 35, Round Rock, TX",2020,53.64193548,82.1862069,114.0967742,98.38666667,97.79032258,34.14,15.03354839,14.84645161,65.81733333,21.47419355,16.99333333,37.35483871,70.5
,,,,,08105883,30.51290556,-97.6864361,"Brushy Ck at IH 35, Round Rock, TX",2021,60.0,53.31071429,36.84193548,29.66333333,303.2096774,217.9833333,88.19354839,76.18709677,77.20666667,184.1064516,89.41666667,55.47741935,70.5
,,,,,08105883,30.51290556,-97.6864361,"Brushy Ck at IH 35, Round Rock, TX",2022,32.55483871,88.09642857,121.3935484,31.23333333,29.54516129,40.618,6.309354839,241.3635484,65.15666667,51.14516129,67.76,37.00322581,70.5
,,,,,08105883,30.51290556,-97.6864361,"Brushy Ck at IH 35, Round Rock, TX",2023,23.90645161,70.575,35.94193548,141.2166667,148.4451613,39.64,9.603870968,3.950645161,50.507,83.10967742,58.79,76.23548387,70.5
,,,,,08105883,30.51290556,-97.6864361,"Brushy Ck at IH 35, Round Rock, TX",2024,195.5129032,76.15172414,39.29032258,60.18333333,170.8548387,60.62666667,68.93870968,44.20967742,18.385,6.485483871,36.861,22.44516129,70.5
,,,,,08105886,30.46555556,-97.7878889,"Lake Ck at Lake Ck Pkwy nr Austin, TX",2010,1.86673366,1.918036649,1.808887012,1.956408377,2.41317345,5.213401396,26.47516129,1.963870968,206.863,1.076129032,1.058666667,2.767096774,2.15
,,,,,08105886,30.46555556,-97.7878889,"Lake Ck at Lake Ck Pkwy nr Austin, TX",2011,5.400967742,1.249642857,1.050967742,1.130333333,7.114193548,4.465,0.841290323,0.869032258,0.785,25.52677419,8.330666667,8.871290323,2.15
,,,,,08105886,30.46555556,-97.7878889,"Lake Ck at Lake Ck Pkwy nr Austin, TX",2012,11.10967742,11.21689655,16.04,1.218333333,54.69967742,0.705666667,73.68709677,11.45645161,9.543,3.312903226,1.154666667,0.487419355,2.15
,,,,,08105886,30.46555556,-97.7878889,"Lake Ck at Lake Ck Pkwy nr Austin, TX",2013,7.856451613,0.789642857,0.81483871,33.64533333,14.00419355,7.350333333,50.55612903,0.694516129,32.11766667,54.00967742,21.381,10.07322581,2.15
,,,,,08105886,30.46555556,-97.7878889,"Lake Ck at Lake Ck Pkwy nr Austin, TX",2014,1.021612903,2.488214286,3.07,2.438666667,48.15129032,20.75433333,28.61451613,1.004193548,43.62166667,8.847096774,9.183333333,1.517419355,2.15
,,,,,08105886,30.46555556,-97.7878889,"Lake Ck at Lake Ck Pkwy nr Austin, TX",2015,11.07258065,1.861785714,6.670645161,9.339,100.6958065,59.77266667,2.323225806,1.613870968,2.282666667,121.2083871,11.43233333,10.08806452,2.15
,,,,,08105886,30.46555556,-97.7878889,"Lake Ck at Lake Ck Pkwy nr Austin, TX",2016,2.42516129,5.976206897,14.06483871,34.47866667,21.5616129,111.39,8.585806452,45.01806452,5.146666667,0.828064516,27.88466667,3.232580645,2.15
,,,,,08105886,30.46555556,-97.7878889,"Lake Ck at Lake Ck Pkwy nr Austin, TX",2017,14.21580645,7.348928571,5.921935484,3.155333333,7.515483871,13.41166667,0.928064516,36.99806452,12.80833333,4.276774194,1.325333333,8.762903226,2.15
,,,,,08105886,30.46555556,-97.7878889,"Lake Ck at Lake Ck Pkwy nr Austin, TX",2018,1.142580645,4.77,18.05870968,1.597333333,8.160645161,14.976,36.12387097,8.738387097,53.24,31.33451613,4.575666667,53.3616129,2.15
,,,,,08105886,30.46555556,-97.7878889,"Lake Ck at Lake Ck Pkwy nr Austin, TX",2019,9.663548387,1.529642857,1.990645161,41.522,25.16483871,26.017,5.207741935,0.624193548,0.825,8.262903226,1.366666667,1.277741935,2.15
,,,,,08105886,30.46555556,-97.7878889,"Lake Ck at Lake Ck Pkwy nr Austin, TX",2020,5.035806452,7.082758621,9.282258065,4.855,36.15870968,6.381,0.631290323,5.625806452,11.726,0.333225806,0.845666667,18.72903226,2.15
,,,,,08105886,30.46555556,-97.7878889,"Lake Ck at Lake Ck Pkwy nr Austin, TX",2021,1.505806452,2.086785714,4.817741935,4.533666667,47.11354839,28.57066667,22.16225806,15.72290323,36.13466667,51.5816129,6.408333333,3.310967742,2.15
,,,,,08105886,30.46555556,-97.7878889,"Lake Ck at Lake Ck Pkwy nr Austin, TX",2022,4.004516129,4.185714286,18.92967742,1.578666667,14.9483871,8.748666667,0.291290323,70.31741935,1.514333333,38.58129032,10.485,2.794516129,2.15
,,,,,08105886,30.46555556,-97.7878889,"Lake Ck at Lake Ck Pkwy nr Austin, TX",2023,0.970967742,5.360357143,1.190322581,66.07166667,36.86645161,7.379333333,0.503548387,0.354516129,11.34166667,34.71516129,5.360666667,8.702580645,2.15
,,,,,08105886,30.46555556,-97.7878889,"Lake Ck at Lake Ck Pkwy nr Austin, TX",2024,24.07387097,5.972068966,4.800322581,14.96166667,50.98096774,7.542666667,11.93419355,3.94516129,0.530333333,0.327741935,14.383,1.148064516,2.15
,,,,,08105888,30.51239444,-97.6366722,"Brushy Ck at Kenney Fort Blvd at Round Rock, TX",2010,4.248577978,4.19640123,3.962582621,4.408619893,7.365981295,5.122088324,3.899964264,3.962144495,3.866666667,4.118791492,4.156866913,3.942765832,113.0
,,,,,08105888,30.51239444,-97.6366722,"Brushy Ck at Kenney Fort Blvd at Round Rock, TX",2011,4.248577978,4.19640123,3.962582621,4.408619893,7.365981295,5.122088324,3.899964264,3.962144495,3.866666667,4.118791492,4.156866913,3.942765832,113.0
,,,,,08105888,30.51239444,-97.6366722,"Brushy Ck at Kenney Fort Blvd at Round Rock, TX",2012,4.248577978,4.185031073,3.962582621,4.487011919,7.315933793,5.095412051,3.899964264,3.962144495,3.866666667,4.118791492,4.156866913,3.942765832,113.0
,,,,,08105888,30.51239444,-97.6366722,"Brushy Ck at Kenney Fort Blvd at Round Rock, TX",2013,4.248577978,4.19640123,3.962582621,4.408619893,7.365981295,5.122088324,3.899964264,3.962144495,3.866666667,4.118791492,4.156866913,3.942765832,113.0
,,,,,08105888,30.51239444,-97.6366722,"Brushy Ck at Kenney Fort Blvd at Round Rock, TX",2014,4.248577978,4.19640123,3.962582621,4.408619893,7.365981295,5.122088324,3.899964264,3.962144495,3.866666667,6.13655914,160.3166667,37.15806452,113.0
,,,,,08105888,30.51239444,-97.6366722,"Brushy Ck at Kenney Fort Blvd at Round Rock, TX",2015,186.9548387,59.40714286,243.2870968,139.8166667,1730.264516,533.1933333,92.96774194,20.68387097,92.32,562.3774194,382.4666667,192.8096774,113.0
,,,,,08105888,30.51239444,-97.6366722,"Brushy Ck at Kenney Fort Blvd at Round Rock, TX",2016,78.14193548,82.3137931,189.2774194,347.94,285.3129032,537.88,51.19032258,427.9419355,103.49,37.46774194,117.9266667,88.84516129,113.0
,,,,,08105888,30.51239444,-97.6366722,"Brushy Ck at Kenney Fort Blvd at Round Rock, TX",2017,211.7935484,112.7607143,106.8290323,73.6,88.60967742,71.41666667,34.49,334.3741935,113.51,71.86451613,33.13,121.2774194,113.0
,,,,,08105888,30.51239444,-97.6366722,"Brushy Ck at Kenney Fort Blvd at Round Rock, TX",2018,33.66774194,65.08214286,176.0645161,54.47,71.01935484,49.695,96.48935484,40.18225806,324.1543333,375.8483871,113.6933333,388.8064516,113.0
,,,,,08105888,30.51239444,-97.6366722,"Brushy Ck at Kenney Fort Blvd at Round Rock, TX",2019,301.1903226,72.61071429,54.02580645,315.9666667,280.4096774,167.1566667,56.68387097,12.69709677,7.546333333,53.66935484,38.77333333,35.03870968,113.0
,,,,,08105888,30.51239444,-97.6366722,"Brushy Ck at Kenney Fort Blvd at Round Rock, TX",2020,85.70645161,122.7137931,168.9322581,166.26,153.6709677,106.6133333,18.6783871,12.22225806,112.578,16.97096774,14.56133333,51.4383871,113.0
,,,,,08105888,30.51239444,-97.6366722,"Brushy Ck at Kenney Fort Blvd at Round Rock, TX",2021,77.89032258,71.83928571,50.74516129,61.31,665.6935484,337.8433333,117.5677419,103.4,173.0133333,283.683871,108.3433333,89.36451613,113.0
,,,,,08105888,30.51239444,-97.6366722,"Brushy Ck at Kenney Fort Blvd at Round Rock, TX",2022,48.15806452,139.2535714,110.0322581,36.44333333,45.9483871,38.86966667,5.250967742,165.8758065,74.13466667,103.4370968,137.2266667,54.78387097,113.0
,,,,,08105888,30.51239444,-97.6366722,"Brushy Ck at Kenney Fort Blvd at Round Rock, TX",2023,32.74193548,122.3857143,48.94516129,361.33,247.5645161,52.31,9.96516129,2.860645161,119.9,203.8096774,82.85333333,154.2451613,113.0
,,,,,08105888,30.51239444,-97.6366722,"Brushy Ck at Kenney Fort Blvd at Round Rock, TX",2024,276.3516129,103.8689655,63.36774194,154.6566667,417.016129,129.41,87.81935484,38.09354839,14.521,8.786129032,81.339,25.12258065,113.0
,,,,,08149900,30.47901389,-99.7780389,"S Llano Rv at Flat Rock Ln at Junction, TX",2010,51.34274194,51.6671875,52.94596774,52.836875,56.32741935,67.431875,49.48548387,50.71048387,55.44729167,52.53104839,57.98333333,55.85604839,879.0
,,,,,08149900,30.47901389,-99.7780389,"S Llano Rv at Flat Rock Ln at Junction, TX",2011,51.34274194,51.6671875,52.94596774,52.836875,56.32741935,67.431875,49.48548387,50.71048387,55.44729167,52.53104839,57.98333333,55.85604839,879.0
,,,,,08149900,30.47901389,-99.7780389,"S Llano Rv at Flat Rock Ln at Junction, TX",2012,51.34274194,51.80150862,52.88104839,52.74354167,57.36895161,66.58166667,49.34435484,50.7203629,55.41520833,45.76774194,45.95,48.79354839,879.0
,,,,,08149900,30.47901389,-99.7780389,"S Llano Rv at Flat Rock Ln at Junction, TX",2013,51.43870968,50.59642857,49.68709677,49.38333333,45.07096774,59.21333333,39.98064516,34.2483871,80.94333333,57.4516129,53.56,50.98064516,879.0
,,,,,08149900,30.47901389,-99.7780389,"S Llano Rv at Flat Rock Ln at Junction, TX",2014,47.41935484,44.75,43.21290323,43.2,39.77419355,37.19666667,33.53225806,40.02903226,45.19333333,41.4483871,44.13,44.73548387,879.0
,,,,,08149900,30.47901389,-99.7780389,"S Llano Rv at Flat Rock Ln at Junction, TX",2015,43.58387097,42.55357143,41.99032258,44.76,517.5129032,164.9233333,82.11290323,63.15806452,59.97333333,84.07741935,101.5666667,87.40645161,879.0
,,,,,08149900,30.47901389,-99.7780389,"S Llano Rv at Flat Rock Ln at Junction, TX",2016,79.86774194,77.10689655,139.6322581,85.93,172.3967742,204.4666667,64.29677419,135.4258065,598.07,112.2483871,100.01,93.68064516,879.0
,,,,,08149900,30.47901389,-99.7780389,"S Llano Rv at Flat Rock Ln at Junction, TX",2017,81.68709677,75.38928571,68.09677419,72.9,127.5258065,185.5466667,60.89677419,59.83225806,66.41666667,60.50645161,57.59333333,58.83870968,879.0
,,,,,08149900,30.47901389,-99.7780389,"S Llano Rv at Flat Rock Ln at Junction, TX",2018,55.20967742,75.83214286,72.35483871,66.74666667,61.1516129,45.72333333,38.00967742,39.31290323,91.93666667,5342.351613,207.6333333,152.2580645,879.0
,,,,,08149900,30.47901389,-99.7780389,"S Llano Rv at Flat Rock Ln at Junction, TX",2019,138.3870968,121.1428571,105.9806452,93.71666667,117.6322581,91.26333333,78.69677419,72.25483871,73.16666667,73.40645161,67.53,77.09354839,879.0
,,,,,08149900,30.47901389,-99.7780389,"S Llano Rv at Flat Rock Ln at Junction, TX",2020,79.61290323,79.6862069,328.6322581,164.6333333,104.4612903,81.75333333,69.91935484,61.74193548,80.62333333,72.12258065,71.24,72.61935484,879.0
,,,,,08149900,30.47901389,-99.7780389,"S Llano Rv at Flat Rock Ln at Junction, TX",2021,75.69354839,76.79285714,73.58709677,72.36666667,82.72903226,80.72,72.18709677,72.73548387,63.18,66.07741935,66.14666667,63.32258065,879.0
,,,,,08149900,30.47901389,-99.7780389,"S Llano Rv at Flat Rock Ln at Junction, TX",2022,58.33225806,56.40357143,53.9516129,53.46,51.38064516,40.84,38.9,46.32580645,72.78666667,50.57419355,52.53666667,50.87741935,879.0
,,,,,08149900,30.47901389,-99.7780389,"S Llano Rv at Flat Rock Ln at Junction, TX",2023,50.36774194,49.31785714,46.03548387,43.19666667,53.50645161,49.24666667,34.7516129,31.15806452,48.93,595.8032258,93.29,69.26451613,879.0
,,,,,08149900,30.47901389,-99.7780389,"S Llano Rv at Flat Rock Ln at Junction, TX",2024,58.54193548,56.20344828,54.33225806,52.00666667,73.83225806,79.8,1219.754839,76.54516129,69.12333333,53.90645161,56.70666667,49.55806452,879.0
,,,,,08154700,30.37214825,-97.7847301,"Bull Ck at Loop 360 nr Austin, TX",2010,33.60096774,45.54285714,35.39677419,20.58333333,17.41677419,48.73633333,32.09419355,2.62,863.9976667,5.252580645,2.735333333,2.140322581,22.3
,,,,,08154700,30.37214825,-97.7847301,"Bull Ck at Loop 360 nr Austin, TX",2011,8.17483871,3.949285714,2.581935484,1.349333333,4.568709677,0.649666667,0.0,0.0,0.0,1.921935484,0.737333333,11.15903226,22.3
,,,,,08154700,30.37214825,-97.7847301,"Bull Ck at Loop 360 nr Austin, TX",2012,32.2383871,29.65068966,40.86806452,9.275,45.94451613,2.757666667,155.7793548,2.590967742,6.486,3.721612903,1.584333333,1.390322581,22.3
,,,,,08154700,30.37214825,-97.7847301,"Bull Ck at Loop 360 nr Austin, TX",2013,6.147419355,2.208571429,5.203225806,60.61766667,8.015483871,1.975666667,15.29,0.783548387,19.11333333,518.4893548,58.301,17.30322581,22.3
,,,,,08154700,30.37214825,-97.7847301,"Bull Ck at Loop 360 nr Austin, TX",2014,7.566774194,5.613571429,5.70483871,4.617666667,38.79387097,11.87666667,18.06,1.117741935,140.218,4.041290323,22.236,7.356129032,22.3
,,,,,08154700,30.37214825,-97.7847301,"Bull Ck at Loop 360 nr Austin, TX",2015,26.94774194,13.89392857,40.82580645,19.75066667,432.7193548,115.5033333,14.99612903,3.613870968,1.856666667,442.1858065,62.79666667,48.56129032,22.3
,,,,,08154700,30.37214825,-97.7847301,"Bull Ck at Loop 360 nr Austin, TX",2016,17.28064516,11.09344828,32.55516129,94.00033333,74.36451613,789.327,8.750967742,117.0083871,8.219,4.461935484,15.83,10.87741935,22.3
,,,,,08154700,30.37214825,-97.7847301,"Bull Ck at Loop 360 nr Austin, TX",2017,49.80806452,22.04285714,15.26677419,7.587666667,11.05903226,27.29666667,0.616129032,50.67354839,14.283,8.981935484,3.366666667,19.73258065,22.3
,,,,,08154700,30.37214825,-97.7847301,"Bull Ck at Loop 360 nr Austin, TX",2018,3.958064516,9.551428571,31.47870968,8.572666667,18.09032258,15.00933333,21.89483871,0.524193548,100.0776667,89.30967742,20.41333333,141.0696774,22.3
,,,,,08154700,30.37214825,-97.7847301,"Bull Ck at Loop 360 nr Austin, TX",2019,68.58709677,12.00428571,8.003548387,71.81766667,97.9516129,43.91033333,16.70935484,0.251935484,0.0,10.39322581,2.04,2.046451613,22.3
,,,,,08154700,30.37214825,-97.7847301,"Bull Ck at Loop 360 nr Austin, TX",2020,24.49290323,17.01172414,24.68387097,22.51166667,44.3916129,16.399,0.856451613,0.180322581,32.08433333,3.159354839,2.174,8.09483871,22.3
,,,,,08154700,30.37214825,-97.7847301,"Bull Ck at Loop 360 nr Austin, TX",2021,7.117419355,6.074642857,5.921935484,8.527333333,202.6003226,69.58066667,10.90483871,13.5683871,80.60166667,93.52516129,24.711,11.26129032,22.3
,,,,,08154700,30.37214825,-97.7847301,"Bull Ck at Loop 360 nr Austin, TX",2022,6.892258065,38.07857143,8.628709677,3.785333333,16.57741935,6.422333333,0.024516129,7.282258065,2.572,10.01129032,13.12966667,7.128709677,22.3
,,,,,08154700,30.37214825,-97.7847301,"Bull Ck at Loop 360 nr Austin, TX",2023,3.625806452,10.78357143,5.07483871,107.182,89.35096774,12.19266667,0.827419355,0.0,0.828333333,11.70258065,6.642666667,5.241612903,22.3
,,,,,08154700,30.37214825,-97.7847301,"Bull Ck at Loop 360 nr Austin, TX",2024,30.69322581,8.692413793,6.390967742,15.54866667,34.20387097,6.442333333,13.96709677,1.785483871,4.732666667,0.950322581,6.660666667,2.88,22.3
,,,,,08155200,30.29631587,-97.925565,"Barton Ck at SH 71 nr Oak Hill, TX",2010,159.3322581,276.8571429,171.2903226,76.94333333,23.05322581,17.459,49.01935484,2.438709677,404.9413333,16.59290323,5.815,4.031935484,89.7
,,,,,08155200,30.29631587,-97.925565,"Barton Ck at SH 71 nr Oak Hill, TX",2011,5.898709677,3.494642857,2.542903226,1.241333333,0.511935484,0.581333333,0.292903226,0.147419355,0.053666667,0.829354839,1.506333333,7.729677419,89.7
,,,,,08155200,30.29631587,-97.925565,"Barton Ck at SH 71 nr Oak Hill, TX",2012,12.01354839,31.81068966,73.31612903,30.52,131.3483871,10.44233333,25.73967742,0.944516129,3.106333333,1.766129032,1.145333333,1.91483871,89.7
,,,,,08155200,30.29631587,-97.925565,"Barton Ck at SH 71 nr Oak Hill, TX",2013,4.066774194,1.716071429,1.507419355,57.995,14.51258065,3.773,14.77967742,0.526451613,4.858666667,538.3909677,84.65333333,33.19032258,89.7
,,,,,08155200,30.29631587,-97.925565,"Barton Ck at SH 71 nr Oak Hill, TX",2014,15.41935484,7.715714286,6.185806452,3.663333333,56.78258065,38.54666667,6.123225806,0.559677419,104.8676667,7.675483871,62.54233333,19.48387097,89.7
,,,,,08155200,30.29631587,-97.925565,"Barton Ck at SH 71 nr Oak Hill, TX",2015,133.1580645,53.88928571,99.8,45.27333333,1204.122581,173.84,28.85258065,2.62483871,0.954,846.5396774,87.29333333,95.08387097,89.7
,,,,,08155200,30.29631587,-97.925565,"Barton Ck at SH 71 nr Oak Hill, TX",2016,57.13870968,22.16896552,45.70645161,127.4266667,472.2580645,273.86,16.66451613,387.9996774,55.12,12.47612903,19.38566667,35.58387097,89.7
,,,,,08155200,30.29631587,-97.925565,"Barton Ck at SH 71 nr Oak Hill, TX",2017,89.03548387,88.73928571,60.74193548,96.84333333,11.19096774,12.44333333,1.513225806,22.15129032,14.56566667,9.959354839,4.669333333,6.626451613,89.7
,,,,,08155200,30.29631587,-97.925565,"Barton Ck at SH 71 nr Oak Hill, TX",2018,4.036774194,8.559642857,33.72548387,14.16633333,41.58548387,1.143,1.16483871,1.046451613,126.0546667,310.8774194,89.93,228.6064516,89.7
,,,,,08155200,30.29631587,-97.925565,"Barton Ck at SH 71 nr Oak Hill, TX",2019,222.6483871,57.11785714,26.66451613,52.4,1943.906452,105.95,20.04645161,1.029677419,0.303333333,0.696774194,1.304333333,1.68516129,89.7
,,,,,08155200,30.29631587,-97.925565,"Barton Ck at SH 71 nr Oak Hill, TX",2020,2.00516129,7.393793103,9.942258065,46.83833333,22.30806452,7.625666667,1.869354839,0.893548387,50.318,2.666774194,2.448,5.540322581,89.7
,,,,,08155200,30.29631587,-97.925565,"Barton Ck at SH 71 nr Oak Hill, TX",2021,7.538387097,5.495357143,5.169677419,4.552,115.8580645,241.72,43.38,108.9032258,5.126,109.846129,31.83466667,18.38225806,89.7
,,,,,08155200,30.29631587,-97.925565,"Barton Ck at SH 71 nr Oak Hill, TX",2022,8.671935484,36.85,15.88387097,6.797,3.83516129,1.163666667,0.623225806,0.439677419,1.198333333,1.893548387,5.220666667,4.751612903,89.7
,,,,,08155200,30.29631587,-97.925565,"Barton Ck at SH 71 nr Oak Hill, TX",2023,2.998709677,6.221071429,6.598064516,16.78666667,14.22354839,15.922,0.804193548,0.730322581,0.782666667,2.463548387,2.461666667,3.295483871,89.7
,,,,,08155200,30.29631587,-97.925565,"Barton Ck at SH 71 nr Oak Hill, TX",2024,57.79709677,24.62413793,8.318064516,34.84933333,29.53387097,31.93633333,61.50354839,5.599677419,3.453666667,1.156129032,3.866666667,2.556451613,89.7
,,,,,08155240,30.27409788,-97.84475235,"Barton Ck at Lost Ck Blvd nr Austin, TX",2010,186.0709677,339.0714286,188.7741935,80.31333333,35.2516129,22.32133333,47.74516129,2.54483871,433.568,22.56451613,7.992333333,5.641612903,107.0
,,,,,08155240,30.27409788,-97.84475235,"Barton Ck at Lost Ck Blvd nr Austin, TX",2011,11.98096774,8.135357143,4.929677419,1.913333333,0.979354839,0.562,0.040645161,0.0,0.0,0.26483871,1.163,14.5283871,107.0
,,,,,08155240,30.27409788,-97.84475235,"Barton Ck at Lost Ck Blvd nr Austin, TX",2012,24.01290323,59.08275862,133.9225806,27.84166667,105.0880645,9.402333333,202.82,3.609677419,3.952333333,3.499354839,1.337666667,1.047096774,107.0
,,,,,08155240,30.27409788,-97.84475235,"Barton Ck at Lost Ck Blvd nr Austin, TX",2013,7.890645161,2.830357143,3.328064516,85.89366667,36.81967742,8.962666667,3.490322581,0.771290323,4.406,602.693871,157.05,59.20645161,107.0
,,,,,08155240,30.27409788,-97.84475235,"Barton Ck at Lost Ck Blvd nr Austin, TX",2014,23.80967742,17.57857143,10.06870968,7.022666667,57.63967742,39.9,6.105483871,0.485483871,240.9646667,7.397419355,77.76366667,32.89354839,107.0
,,,,,08155240,30.27409788,-97.84475235,"Barton Ck at Lost Ck Blvd nr Austin, TX",2015,189.7903226,76.525,150.1967742,61.60333333,1343.003226,236.2933333,38.25193548,2.380322581,2.489,822.7551613,174.4266667,160.816129,107.0
,,,,,08155240,30.27409788,-97.84475235,"Barton Ck at Lost Ck Blvd nr Austin, TX",2016,86.94516129,41.7137931,73.87096774,245.7166667,685.4548387,452.3966667,16.4083871,614.8603226,66.13,16.20354839,26.63666667,53.39354839,107.0
,,,,,08155240,30.27409788,-97.84475235,"Barton Ck at Lost Ck Blvd nr Austin, TX",2017,146.0709677,128.3785714,87.76774194,116.4033333,15.24741935,17.07933333,2.010967742,26.14870968,21.93466667,22.24193548,9.641666667,14.82225806,107.0
,,,,,08155240,30.27409788,-97.84475235,"Barton Ck at Lost Ck Blvd nr Austin, TX",2018,10.68096774,16.6825,38.05483871,23.10633333,45.88741935,2.011666667,1.722580645,0.417419355,99.47433333,333.4322581,108.0566667,348.8,107.0
,,,,,08155240,30.27409788,-97.84475235,"Barton Ck at Lost Ck Blvd nr Austin, TX",2019,357.1741935,62.35714286,26.42580645,55.14666667,1545.570968,115.2133333,26.82612903,1.873225806,0.249666667,0.678387097,1.601,2.603870968,107.0
,,,,,08155240,30.27409788,-97.84475235,"Barton Ck at Lost Ck Blvd nr Austin, TX",2020,3.660645161,13.16896552,16.19096774,48.14333333,30.23225806,13.158,2.662903226,0.501935484,32.83266667,4.833870968,3.579666667,6.976774194,107.0
,,,,,08155240,30.27409788,-97.84475235,"Barton Ck at Lost Ck Blvd nr Austin, TX",2021,14.39451613,17.16071429,12.48645161,8.728333333,112.1870968,242.66,46.70967742,65.71612903,8.741333333,96.02387097,45.18,28.93225806,107.0
,,,,,08155240,30.27409788,-97.84475235,"Barton Ck at Lost Ck Blvd nr Austin, TX",2022,13.91548387,61.60357143,20.14516129,10.61066667,4.434193548,0.926333333,0.166451613,0.679032258,1.575,0.780645161,6.393,9.088387097,107.0
,,,,,08155240,30.27409788,-97.84475235,"Barton Ck at Lost Ck Blvd nr Austin, TX",2023,7.903870968,15.675,9.478064516,20.35466667,17.66935484,11.09133333,0.686451613,0.519354839,0.325333333,1.762258065,5.291666667,5.091935484,107.0
,,,,,08155240,30.27409788,-97.84475235,"Barton Ck at Lost Ck Blvd nr Austin, TX",2024,58.53419355,29.50344828,11.96064516,21.16166667,25.03193548,24.66966667,26.96967742,3.186451613,1.433,0.548064516,3.379333333,4.162580645,107.0
,,,,,08155300,30.24465306,-97.8022283,"Barton Ck at Loop 360, Austin, TX",2010,168.2225806,305.3928571,164.4129032,62.18,20.46258065,16.646,30.91806452,0.0,674.39,6.751935484,0.0,0.0,116.0
,,,,,08155300,30.24465306,-97.8022283,"Barton Ck at Loop 360, Austin, TX",2011,1.252258065,0.0,0.0,0.0,0.883870968,0.11,0.0,0.0,0.0,1.248387097,0.258,1.003870968,116.0
,,,,,08155300,30.24465306,-97.8022283,"Barton Ck at Loop 360, Austin, TX",2012,56.64967742,44.92482759,139.5009677,7.579333333,92.77290323,0.126666667,217.6325806,0.85483871,0.255666667,0.0,0.253333333,0.0,116.0
,,,,,08155300,30.24465306,-97.8022283,"Barton Ck at Loop 360, Austin, TX",2013,0.387096774,0.0,0.003870968,46.90033333,29.21935484,0.0,0.0,0.0,0.699666667,744.1406452,152.7166667,29.99354839,116.0
,,,,,08155300,30.24465306,-97.8022283,"Barton Ck at Loop 360, Austin, TX",2014,4.026774194,0.0,0.000967742,0.156,44.61,12.17033333,0.193225806,0.0,237.786,0.370967742,54.86966667,3.14483871,116.0
,,,,,08155300,30.24465306,-97.8022283,"Barton Ck at Loop 360, Austin, TX",2015,161.2129032,51.625,121.8322581,41.52333333,1284.045161,262.41,24.03322581,0.0,0.008,785.1293548,147.1166667,118.4322581,116.0
,,,,,08155300,30.24465306,-97.8022283,"Barton Ck at Loop 360, Austin, TX",2016,58.88387097,19.99655172,39.94709677,220.2666667,674.883871,422.6766667,5.350322581,484.283871,47.62,3.964193548,17.13333333,34.90322581,116.0
,,,,,08155300,30.24465306,-97.8022283,"Barton Ck at Loop 360, Austin, TX",2017,123.0354839,105.9857143,69.90322581,72.68666667,1.637419355,8.728666667,0.0,28.65322581,5.751666667,1.489677419,0.0,1.51,116.0
,,,,,08155300,30.24465306,-97.8022283,"Barton Ck at Loop 360, Austin, TX",2018,0.0,1.922857143,29.16129032,4.609666667,34.87612903,0.0,0.240645161,0.283225806,63.092,274.3641935,74.43333333,277.3709677,116.0
,,,,,08155300,30.24465306,-97.8022283,"Barton Ck at Loop 360, Austin, TX",2019,316.5580645,50.275,15.27677419,37.49133333,1580.5,77.81333333,8.056451613,0.0,0.0,0.005483871,0.0,0.0,116.0
,,,,,08155300,30.24465306,-97.8022283,"Barton Ck at Loop 360, Austin, TX",2020,0.00516129,0.731034483,0.137419355,30.71466667,15.17580645,0.687666667,0.638709677,0.0,15.31233333,0.070645161,0.0,0.520322581,116.0
,,,,,08155300,30.24465306,-97.8022283,"Barton Ck at Loop 360, Austin, TX",2021,0.004193548,0.0,0.89,0.171,79.98612903,213.8033333,10.80258065,28.23677419,0.0,53.14709677,12.39466667,6.009354839,116.0
,,,,,08155300,30.24465306,-97.8022283,"Barton Ck at Loop 360, Austin, TX",2022,0.004516129,36.51785714,1.078387097,0.908333333,0.040645161,0.0,0.0,2.877096774,0.470666667,0.0,0.555,0.338709677,116.0
,,,,,08155300,30.24465306,-97.8022283,"Barton Ck at Loop 360, Austin, TX",2023,0.0,0.005,0.0,1.451666667,0.001612903,0.106666667,0.0,0.0,0.0,3.016129032,0.005,0.218064516,116.0
,,,,,08155300,30.24465306,-97.8022283,"Barton Ck at Loop 360, Austin, TX",2024,31.66193548,2.79,0.036451613,1.941666667,1.527741935,4.919666667,2.360967742,0.435483871,0.0,0.0,0.371666667,0.0,116.0
,,,,,08155400,30.26354168,-97.772228,"Barton Ck abv Barton Spgs at Austin, TX",2010,119.7451613,236.2857143,150.4225806,62.87,19.52387097,19.03066667,22.88290323,3.103225806,412.208,5.840645161,2.197333333,1.394193548,125.0
,,,,,08155400,30.26354168,-97.772228,"Barton Ck abv Barton Spgs at Austin, TX",2011,0.907419355,0.589642857,0.021612903,0.0,0.0,0.0,0.0,0.0,0.0,0.0,0.0,0.0,125.0
,,,,,08155400,30.26354168,-97.772228,"Barton Ck abv Barton Spgs at Austin, TX",2012,34.74741935,32.87344828,111.6019355,18.53433333,93.82322581,2.244333333,124.9774194,1.950645161,1.109666667,0.224516129,0.022333333,2.65516129,125.0
,,,,,08155400,30.26354168,-97.772228,"Barton Ck abv Barton Spgs at Austin, TX",2013,11.52225806,20.96071429,27.11612903,25.258,10.11225806,0.063333333,0.00516129,0.002580645,0.129666667,520.8890323,104.4733333,28.53258065,125.0
,,,,,08155400,30.26354168,-97.772228,"Barton Ck abv Barton Spgs at Austin, TX",2014,2.62,0.969285714,0.661290323,0.0,33.39129032,8.473,0.148064516,0.090322581,140.843,0.0,46.24333333,1.068064516,125.0
,,,,,08155400,30.26354168,-97.772228,"Barton Ck abv Barton Spgs at Austin, TX",2015,119.9822581,43.08214286,101.4322581,35.65,824.1970968,209.0533333,25.53774194,4.773225806,4.325,766.303871,157.4566667,113.5290323,125.0
,,,,,08155400,30.26354168,-97.772228,"Barton Ck abv Barton Spgs at Austin, TX",2016,54.03225806,11.43827586,66.00935484,196.4966667,435.5193548,295.94,17.80806452,385.9374194,54.26333333,9.582258065,14.57766667,33.31548387,125.0
,,,,,08155400,30.26354168,-97.772228,"Barton Ck abv Barton Spgs at Austin, TX",2017,143.4451613,109.3035714,77.22580645,74.20666667,7.704516129,21.31166667,4.446451613,32.26548387,3.935666667,4.397096774,2.909,3.841935484,125.0
,,,,,08155400,30.26354168,-97.772228,"Barton Ck abv Barton Spgs at Austin, TX",2018,1.261612903,0.556785714,32.06806452,4.051,51.48806452,0.377333333,0.404516129,5.199677419,65.77533333,246.8603226,81.10333333,241.4322581,125.0
,,,,,08155400,30.26354168,-97.772228,"Barton Ck abv Barton Spgs at Austin, TX",2019,287.6354839,45.72857143,12.1383871,58.08533333,1446.906452,80.02333333,10.98,5.390967742,3.312333333,2.335483871,1.772,0.786451613,125.0
,,,,,08155400,30.26354168,-97.772228,"Barton Ck abv Barton Spgs at Austin, TX",2020,0.328387097,0.217241379,0.118709677,18.10366667,20.90580645,4.221333333,1.546129032,0.226774194,5.238333333,0.169032258,0.072333333,0.050645161,125.0
,,,,,08155400,30.26354168,-97.772228,"Barton Ck abv Barton Spgs at Austin, TX",2021,0.075483871,0.045,0.097419355,0.050333333,66.40290323,195.302,4.525806452,18.92935484,1.406333333,49.54612903,11.34766667,3.569677419,125.0
,,,,,08155400,30.26354168,-97.772228,"Barton Ck abv Barton Spgs at Austin, TX",2022,1.456451613,38.83964286,1.730322581,0.921,0.49,0.210666667,0.04483871,10.20709677,0.147333333,0.09516129,0.178333333,0.141290323,125.0
,,,,,08155400,30.26354168,-97.772228,"Barton Ck abv Barton Spgs at Austin, TX",2023,0.116129032,0.105357143,0.152580645,0.143666667,0.163870968,0.114666667,0.063548387,0.040322581,0.049,1.758709677,0.112333333,0.1,125.0
,,,,,08155400,30.26354168,-97.772228,"Barton Ck abv Barton Spgs at Austin, TX",2024,42.75870968,2.412068966,0.651935484,0.313666667,0.233225806,0.194666667,0.078387097,0.089677419,0.073,0.060322581,0.086,0.091290323,125.0
,,,,,08155541,30.24666667,-97.7691667,"W Bouldin Ck at Oltorf Rd, Austin, TX",2010,5.056774194,3.148928571,4.857096774,4.848,1.521935484,20.49633333,21.27709677,3.604516129,26.499,0.529032258,0.311,1.14483871,1.77
,,,,,08155541,30.24666667,-97.7691667,"W Bouldin Ck at Oltorf Rd, Austin, TX",2011,3.686129032,0.502142857,0.146451613,0.273333333,4.473548387,2.651,0.201290323,0.016774194,0.334666667,5.529677419,3.750333333,9.274516129,1.77
,,,,,08155541,30.24666667,-97.7691667,"W Bouldin Ck at Oltorf Rd, Austin, TX",2012,10.55935484,7.881724138,23.05225806,2.210666667,20.29129032,0.543333333,38.26709677,24.85645161,18.44133333,7.321612903,0.191,0.576774194,1.77
,,,,,08155541,30.24666667,-97.7691667,"W Bouldin Ck at Oltorf Rd, Austin, TX",2013,6.41,0.333214286,9.14,36.418,46.39419355,1.981,0.958387097,6.993225806,18.25333333,81.46193548,6.638666667,1.088709677,1.77
,,,,,08155541,30.24666667,-97.7691667,"W Bouldin Ck at Oltorf Rd, Austin, TX",2014,0.306774194,4.532142857,3.87483871,18.15533333,53.52967742,25.743,8.351612903,2.300967742,42.99533333,4.831612903,31.34466667,3.833225806,1.77
,,,,,08155541,30.24666667,-97.7691667,"W Bouldin Ck at Oltorf Rd, Austin, TX",2015,21.85193548,0.9225,9.116774194,12.901,144.3083871,56.67,0.42483871,3.460645161,4.504333333,80.61580645,10.76633333,15.04096774,1.77
,,,,,08155541,30.24666667,-97.7691667,"W Bouldin Ck at Oltorf Rd, Austin, TX",2016,1.511290323,8.055172414,26.74225806,64.0,48.84548387,4.718333333,3.413225806,57.74,11.96933333,3.509677419,14.54633333,7.143870968,1.77
,,,,,08155541,30.24666667,-97.7691667,"W Bouldin Ck at Oltorf Rd, Austin, TX",2017,54.43580645,17.03785714,15.3,11.199,8.068387097,39.41466667,0.215806452,43.00677419,24.723,8.719677419,1.164666667,28.83032258,1.77
,,,,,08155541,30.24666667,-97.7691667,"W Bouldin Ck at Oltorf Rd, Austin, TX",2018,1.193225806,2.852142857,23.84516129,7.066,33.12322581,1.014666667,34.54612903,5.272903226,33.45766667,24.00258065,3.809666667,68.95677419,1.77
,,,,,08155541,30.24666667,-97.7691667,"W Bouldin Ck at Oltorf Rd, Austin, TX",2019,17.43774194,0.900357143,1.129032258,55.60433333,121.7622581,38.73166667,1.228064516,0.6,0.715,38.44741935,0.564,1.021935484,1.77
,,,,,08155541,30.24666667,-97.7691667,"W Bouldin Ck at Oltorf Rd, Austin, TX",2020,13.46548387,8.727931034,14.27354839,28.21466667,96.72806452,38.35833333,20.64709677,3.375806452,40.03,0.237096774,1.191,13.87806452,1.77
,,,,,08155541,30.24666667,-97.7691667,"W Bouldin Ck at Oltorf Rd, Austin, TX",2021,8.038387097,3.006428571,20.53870968,10.827,74.94064516,42.39666667,61.93677419,3.769032258,1.465333333,64.23483871,9.262333333,0.683548387,1.77
,,,,,08155541,30.24666667,-97.7691667,"W Bouldin Ck at Oltorf Rd, Austin, TX",2022,4.948709677,23.135,15.00677419,11.302,13.74935484,2.019,2.409677419,34.7516129,4.651333333,12.72548387,35.78133333,16.93548387,1.77
,,,,,08155541,30.24666667,-97.7691667,"W Bouldin Ck at Oltorf Rd, Austin, TX",2023,2.616774194,4.990357143,5.462903226,26.599,18.39903226,10.31366667,2.163548387,0.260645161,1.605333333,53.94193548,3.652333333,17.38193548,1.77
,,,,,08155541,30.24666667,-97.7691667,"W Bouldin Ck at Oltorf Rd, Austin, TX",2024,21.47677419,26.02931034,11.29709677,8.947333333,32.04129032,10.55066667,22.11870968,26.22225806,0.207,0.069354839,20.01233333,1.86516129,1.77
,,,,,08156675,30.35416667,-97.7388889,"Shoal Ck at Silverway Dr, Austin, TX",2010,27.72096774,18.06821429,40.64354839,32.40666667,19.91290323,55.03933333,109.2248387,0.112258065,224.6336667,0.181612903,0.470666667,7.205483871,5.59
,,,,,08156675,30.35416667,-97.7388889,"Shoal Ck at Silverway Dr, Austin, TX",2011,12.91064516,0.325,0.017096774,0.169333333,55.41354839,10.768,0.0,0.004516129,0.0,17.79032258,19.13933333,23.40451613,5.59
,,,,,08156675,30.35416667,-97.7388889,"Shoal Ck at Silverway Dr, Austin, TX",2012,98.79548387,22.55344828,47.04774194,0.087,94.70967742,0.166333333,110.6980645,11.94354839,31.15066667,6.796451613,0.0,0.0,5.59
,,,,,08156675,30.35416667,-97.7388889,"Shoal Ck at Silverway Dr, Austin, TX",2013,8.801290323,0.237857143,9.042580645,95.919,74.64258065,13.15466667,149.1406452,0.0,70.27933333,266.2609677,25.62066667,2.164516129,5.59
,,,,,08156675,30.35416667,-97.7388889,"Shoal Ck at Silverway Dr, Austin, TX",2014,0.109032258,0.453928571,5.334193548,9.844333333,132.4883871,25.907,118.7577419,0.0,200.8366667,8.635483871,33.76033333,6.325806452,5.59
,,,,,08156675,30.35416667,-97.7388889,"Shoal Ck at Silverway Dr, Austin, TX",2015,26.52354839,1.243571429,20.84096774,43.85266667,319.2629032,86.66933333,0.357741935,3.627096774,64.67233333,154.8174194,23.78966667,13.81096774,5.59
,,,,,08156675,30.35416667,-97.7388889,"Shoal Ck at Silverway Dr, Austin, TX",2016,1.025806452,10.58482759,22.68580645,63.91066667,79.41419355,115.4263333,56.40483871,133.6458065,6.635666667,0.01516129,30.693,8.144516129,5.59
,,,,,08156675,30.35416667,-97.7388889,"Shoal Ck at Silverway Dr, Austin, TX",2017,60.1783871,26.92214286,19.79354839,17.464,89.54870968,105.1756667,15.8683871,89.51032258,28.73433333,45.84387097,0.653666667,53.21129032,5.59
,,,,,08156675,30.35416667,-97.7388889,"Shoal Ck at Silverway Dr, Austin, TX",2018,0.96,28.10964286,62.25774194,2.305666667,79.97645161,43.59433333,130.1554839,1.938709677,146.1956667,147.226129,10.63833333,125.7119355,5.59
,,,,,08156675,30.35416667,-97.7388889,"Shoal Ck at Silverway Dr, Austin, TX",2019,30.66225806,0.548214286,1.449032258,154.351,149.5922581,145.4943333,17.96612903,0.027419355,1.407666667,40.41967742,0.385666667,1.639354839,5.59
,,,,,08156675,30.35416667,-97.7388889,"Shoal Ck at Silverway Dr, Austin, TX",2020,23.19967742,18.20068966,87.46870968,26.82333333,134.506129,77.942,38.38129032,28.27258065,142.163,0.016129032,0.807333333,36.59645161,5.59
,,,,,08156675,30.35416667,-97.7388889,"Shoal Ck at Silverway Dr, Austin, TX",2021,3.801612903,3.485357143,12.09516129,43.42133333,283.3693548,87.68633333,40.95806452,92.60096774,83.645,134.0070968,29.66,57.00032258,5.59
,,,,,08156675,30.35416667,-97.7388889,"Shoal Ck at Silverway Dr, Austin, TX",2022,14.54,68.23964286,7.393870968,22.30633333,85.09,57.321,0.0,126.3825806,5.97,118.8883871,68.62733333,15.77580645,5.59
,,,,,08156675,30.35416667,-97.7388889,"Shoal Ck at Silverway Dr, Austin, TX",2023,7.107741935,10.27178571,21.01645161,141.973,96.80677419,51.727,0.0,0.0,84.986,120.2029032,2.659333333,36.82129032,5.59
,,,,,08156675,30.35416667,-97.7388889,"Shoal Ck at Silverway Dr, Austin, TX",2024,53.9283871,8.671034483,12.69677419,78.84,230.9596774,15.01533333,68.88612903,26.44032258,38.96866667,0.0,62.825,2.28483871,5.59
,,,,,08156800,30.276598,-97.7503052,"Shoal Ck at W 12th St, Austin, TX",2010,33.66419355,20.35571429,58.7016129,60.61633333,23.88548387,82.49666667,101.2167742,0.368387097,425.689,0.321935484,0.011333333,6.985806452,12.3
,,,,,08156800,30.276598,-97.7503052,"Shoal Ck at W 12th St, Austin, TX",2011,35.8183871,2.721785714,0.000645161,0.0,77.08516129,22.70266667,0.0,0.0,0.0,29.21032258,35.49366667,47.66193548,12.3
,,,,,08156800,30.276598,-97.7503052,"Shoal Ck at W 12th St, Austin, TX",2012,135.3970968,58.00931034,105.91,0.310666667,170.2045161,0.036333333,141.6148387,17.3016129,49.989,0.06,0.0,0.000645161,12.3
,,,,,08156800,30.276598,-97.7503052,"Shoal Ck at W 12th St, Austin, TX",2013,15.07193548,0.007857143,12.68451613,125.1033333,117.9390323,5.484,102.0854839,2.462258065,113.5793333,478.0119355,47.33766667,1.758387097,12.3
,,,,,08156800,30.276598,-97.7503052,"Shoal Ck at W 12th St, Austin, TX",2014,0.181290323,0.3025,8.395483871,13.257,271.1874194,30.38566667,210.8345161,0.0,331.5716667,24.52419355,100.2916667,5.849677419,12.3
,,,,,08156800,30.276598,-97.7503052,"Shoal Ck at W 12th St, Austin, TX",2015,44.36935484,1.652857143,47.23645161,47.25433333,730.8851613,177.007,0.333225806,0.240322581,67.279,321.6719355,55.706,34.14096774,12.3
,,,,,08156800,30.276598,-97.7503052,"Shoal Ck at W 12th St, Austin, TX",2016,0.76516129,24.98448276,44.2216129,93.82333333,94.14096774,103.2443333,21.28548387,138.6116129,4.445333333,0.020967742,22.02666667,7.761290323,12.3
,,,,,08156800,30.276598,-97.7503052,"Shoal Ck at W 12th St, Austin, TX",2017,65.67870968,21.20357143,17.48903226,7.118333333,48.89935484,84.023,0.85516129,103.1887097,19.125,30.08064516,1.297666667,64.15354839,12.3
,,,,,08156800,30.276598,-97.7503052,"Shoal Ck at W 12th St, Austin, TX",2018,0.351290323,4.308928571,105.0296774,1.185,108.9932258,52.74333333,130.8912903,1.134193548,155.826,172.963871,7.569,169.9783871,12.3
,,,,,08156800,30.276598,-97.7503052,"Shoal Ck at W 12th St, Austin, TX",2019,47.60806452,0.562857143,0.606451613,259.94,267.1835484,94.56466667,7.389032258,0.029032258,0.038666667,51.71612903,0.217,0.896451613,12.3
,,,,,08156800,30.276598,-97.7503052,"Shoal Ck at W 12th St, Austin, TX",2020,14.51935484,21.77034483,77.29032258,24.38366667,185.7193548,58.76166667,23.10225806,17.68677419,119.0763333,0.035806452,0.499333333,30.64516129,12.3
,,,,,08156800,30.276598,-97.7503052,"Shoal Ck at W 12th St, Austin, TX",2021,8.224516129,6.001428571,7.904516129,28.27866667,260.9070968,80.87366667,50.65516129,61.52419355,78.10033333,174.2322581,27.86366667,69.13903226,12.3
,,,,,08156800,30.276598,-97.7503052,"Shoal Ck at W 12th St, Austin, TX",2022,13.41451613,88.28928571,2.306451613,12.26833333,69.20032258,21.409,0.112258065,197.8203226,5.835666667,60.01032258,41.64233333,23.29322581,12.3
,,,,,08156800,30.276598,-97.7503052,"Shoal Ck at W 12th St, Austin, TX",2023,7.764193548,11.44642857,20.21483871,105.7166667,55.97709677,21.369,0.006774194,0.0,52.08333333,149.1825806,3.317333333,46.47193548,12.3
,,,,,08156800,30.276598,-97.7503052,"Shoal Ck at W 12th St, Austin, TX",2024,80.94290323,7.916896552,10.05419355,71.12233333,218.2796774,21.21366667,41.88580645,20.15741935,4.484333333,0.0,94.425,1.549677419,12.3
,,,,,08156910,30.32277778,-97.7227778,"Waller Ck at Koenig Lane, Austin, TX",2010,9.201935484,4.173214286,11.23774194,10.81166667,5.751935484,22.49766667,26.9816129,0.033225806,28.30766667,0.051935484,0.294,1.339354839,1.09
,,,,,08156910,30.32277778,-97.7227778,"Waller Ck at Koenig Lane, Austin, TX",2011,4.961290323,0.544642857,0.177419355,1.247333333,11.82225806,8.355333333,0.389677419,0.096774194,0.0,3.924193548,7.307333333,11.47451613,1.09
,,,,,08156910,30.32277778,-97.7227778,"Waller Ck at Koenig Lane, Austin, TX",2012,16.95870968,11.34137931,16.01806452,0.231,23.65806452,0.294333333,12.95870968,11.34483871,14.94133333,1.896774194,0.017666667,0.014193548,1.09
,,,,,08156910,30.32277778,-97.7227778,"Waller Ck at Koenig Lane, Austin, TX",2013,3.975806452,0.293928571,4.98516129,12.302,19.34258065,1.809,25.6483871,0.101612903,39.99266667,45.66580645,9.376,0.634516129,1.09
,,,,,08156910,30.32277778,-97.7227778,"Waller Ck at Koenig Lane, Austin, TX",2014,0.157096774,0.167857143,2.458387097,7.164,33.71129032,13.52533333,65.88419355,0.060967742,44.03966667,10.64451613,19.04366667,1.389677419,1.09
,,,,,08156910,30.32277778,-97.7227778,"Waller Ck at Koenig Lane, Austin, TX",2015,11.60290323,0.769285714,8.462258065,9.041,127.4154839,34.566,0.668064516,1.378709677,23.57066667,46.01258065,7.87,6.094516129,1.09
,,,,,08156910,30.32277778,-97.7227778,"Waller Ck at Koenig Lane, Austin, TX",2016,0.537419355,3.642758621,9.98483871,23.54566667,19.88032258,23.05133333,3.163548387,47.0616129,4.634666667,0.254193548,14.083,3.84,1.09
,,,,,08156910,30.32277778,-97.7227778,"Waller Ck at Koenig Lane, Austin, TX",2017,26.46967742,8.086071429,10.50516129,3.263,10.72258065,19.46466667,1.851612903,23.33064516,8.096,13.28322581,0.203333333,16.32580645,1.09
,,,,,08156910,30.32277778,-97.7227778,"Waller Ck at Koenig Lane, Austin, TX",2018,0.511935484,3.8025,17.57870968,2.241,28.24419355,20.84366667,39.21645161,0.551935484,30.617,34.05354839,6.751,37.52290323,1.09
,,,,,08156910,30.32277778,-97.7227778,"Waller Ck at Koenig Lane, Austin, TX",2019,6.962258065,0.231071429,0.559354839,47.90533333,33.42870968,23.138,6.239677419,0.710322581,11.101,17.51451613,0.242,1.163870968,1.09
,,,,,08156910,30.32277778,-97.7227778,"Waller Ck at Koenig Lane, Austin, TX",2020,4.997096774,6.898275862,11.36709677,8.121666667,41.97774194,10.97,6.514193548,8.188709677,23.48866667,0.078387097,0.702,6.777741935,1.09
,,,,,08156910,30.32277778,-97.7227778,"Waller Ck at Koenig Lane, Austin, TX",2021,2.810322581,1.695714286,6.585806452,5.910666667,32.06677419,17.26333333,10.0016129,3.926451613,7.988666667,28.36516129,4.971333333,5.363548387,1.09
,,,,,08156910,30.32277778,-97.7227778,"Waller Ck at Koenig Lane, Austin, TX",2022,3.106451613,13.96214286,5.754193548,5.909666667,15.55741935,8.773333333,0.241935484,37.25709677,2.912333333,22.42064516,20.90366667,10.42387097,1.09
,,,,,08156910,30.32277778,-97.7227778,"Waller Ck at Koenig Lane, Austin, TX",2023,2.324516129,7.389642857,7.943548387,27.88833333,16.73354839,8.296,0.186451613,0.153870968,20.21,38.36612903,1.215,12.68096774,1.09
,,,,,08156910,30.32277778,-97.7227778,"Waller Ck at Koenig Lane, Austin, TX",2024,13.04258065,4.927241379,4.829354839,16.31766667,50.71064516,5.046,4.953225806,14.36225806,1.180333333,0.019677419,10.669,1.037419355,1.09
,,,,,08157540,30.27162778,-97.7355583,"Waller Ck at Red River St, Austin, TX",2010,0.678184839,0.612405,0.631585161,0.6578775,0.828358548,0.8420265,0.558230806,0.488900323,0.657552,0.619168065,0.643335,0.638250968,4.94
,,,,,08157540,30.27162778,-97.7355583,"Waller Ck at Red River St, Austin, TX",2011,0.678184839,0.612405,0.631585161,0.6578775,0.828358548,0.8420265,0.558230806,0.488900323,0.657552,0.619168065,0.643335,0.638250968,4.94
,,,,,08157540,30.27162778,-97.7355583,"Waller Ck at Red River St, Austin, TX",2012,0.678184839,0.607450345,0.637377097,0.6615735,0.82467,0.843948,0.553658226,0.487426935,0.6647445,0.615916452,0.642705,0.639673548,4.94
,,,,,08157540,30.27162778,-97.7355583,"Waller Ck at Red River St, Austin, TX",2013,0.678184839,0.612405,0.631585161,0.6578775,0.828358548,0.8420265,0.558230806,0.488900323,0.657552,0.619168065,0.643335,0.638250968,4.94
,,,,,08157540,30.27162778,-97.7355583,"Waller Ck at Red River St, Austin, TX",2014,0.678184839,0.612405,0.631585161,0.6578775,0.828358548,0.8420265,0.558230806,0.488900323,0.657552,25.03290323,60.27166667,2.434193548,4.94
,,,,,08157540,30.27162778,-97.7355583,"Waller Ck at Red River St, Austin, TX",2015,29.80483871,2.623571429,23.34870968,31.51433333,259.6280645,105.9983333,12.41935484,16.19709677,13.82733333,73.45064516,8.436333333,12.7316129,4.94
,,,,,08157540,30.27162778,-97.7355583,"Waller Ck at Red River St, Austin, TX",2016,11.94290323,12.21413793,14.2483871,17.34866667,20.53870968,14.82733333,10.14451613,36.05645161,7.709333333,8.227096774,12.008,9.441612903,4.94
,,,,,08157540,30.27162778,-97.7355583,"Waller Ck at Red River St, Austin, TX",2017,13.44967742,6.216071429,11.01096774,4.758333333,9.017096774,12.13966667,1.734516129,9.103870968,3.16,10.33451613,10.11,14.60225806,4.94
,,,,,08157540,30.27162778,-97.7355583,"Waller Ck at Red River St, Austin, TX",2018,9.32483871,8.816785714,13.24354839,10.73233333,15.38774194,15.40133333,10.91354839,10.16870968,18.41533333,23.30032258,15.26633333,19.56290323,4.94
,,,,,08157540,30.27162778,-97.7355583,"Waller Ck at Red River St, Austin, TX",2019,17.58612903,8.866785714,8.693225806,22.118,24.44032258,26.93,12.63774194,2.818064516,8.872,18.12967742,10.607,12.65225806,4.94
,,,,,08157540,30.27162778,-97.7355583,"Waller Ck at Red River St, Austin, TX",2020,18.21967742,15.07758621,18.06064516,19.10133333,28.86580645,17.461,12.74774194,13.26709677,24.736,10.05612903,13.211,17.13032258,4.94
,,,,,08157540,30.27162778,-97.7355583,"Waller Ck at Red River St, Austin, TX",2021,15.51387097,14.06428571,16.33032258,19.55033333,48.04290323,30.20966667,27.05322581,18.69322581,16.20066667,34.79129032,19.317,17.48387097,4.94
,,,,,08157540,30.27162778,-97.7355583,"Waller Ck at Red River St, Austin, TX",2022,20.69354839,30.80714286,24.01612903,18.30666667,25.8516129,17.28,11.06387097,28.82806452,23.1,32.5483871,30.352,18.03322581,4.94
,,,,,08157540,30.27162778,-97.7355583,"Waller Ck at Red River St, Austin, TX",2023,7.381612903,22.34392857,20.31032258,40.12966667,28.33580645,38.518,4.452903226,2.678387097,30.477,48.35419355,21.373,21.74129032,4.94
,,,,,08157540,30.27162778,-97.7355583,"Waller Ck at Red River St, Austin, TX",2024,35.93612903,23.20241379,18.41741935,24.83,39.16516129,18.27033333,17.57935484,20.11741935,13.58,8.810322581,17.609,11.92290323,4.94
,,,,,08157560,30.26194167,-97.7397,"Waller Ck at E 1st St, Austin, TX",2010,0.26567139,0.227166889,0.235128731,0.247571963,0.343003015,0.314713084,0.199362979,0.159254598,0.269705607,0.300467139,0.279718692,0.26439795,5.42
,,,,,08157560,30.26194167,-97.7397,"Waller Ck at E 1st St, Austin, TX",2011,0.26567139,0.227166889,0.235128731,0.247571963,0.343003015,0.314713084,0.199362979,0.159254598,0.269705607,0.300467139,0.279718692,0.26439795,5.42
,,,,,08157560,30.26194167,-97.7397,"Waller Ck at E 1st St, Austin, TX",2012,0.26567139,0.225023203,0.235745553,0.251714953,0.340068134,0.317293458,0.195731685,0.158791981,0.272856542,0.305282333,0.274763551,0.287847151,5.42
,,,,,08157560,30.26194167,-97.7397,"Waller Ck at E 1st St, Austin, TX",2013,0.26567139,0.227166889,0.235128731,0.247571963,0.343003015,0.314713084,0.199362979,0.159254598,0.269705607,0.300467139,0.279718692,0.26439795,5.42
,,,,,08157560,30.26194167,-97.7397,"Waller Ck at E 1st St, Austin, TX",2014,0.26567139,0.227166889,0.235128731,0.247571963,0.343003015,0.314713084,255.3792424,1.127419355,144.1436667,34.57806452,95.24266667,6.048387097,5.42
,,,,,08157560,30.26194167,-97.7397,"Waller Ck at E 1st St, Austin, TX",2015,55.98677419,2.829642857,38.15129032,57.67533333,392.9309677,163.812,10.87677419,30.46645161,29.625,139.6216129,12.17266667,15.94225806,5.42
,,,,,08157560,30.26194167,-97.7397,"Waller Ck at E 1st St, Austin, TX",2016,13.13290323,16.60517241,38.08258065,71.857,63.4683871,27.40933333,10.70225806,53.67741935,12.2,8.814193548,24.86566667,14.35354839,5.42
,,,,,08157560,30.26194167,-97.7397,"Waller Ck at E 1st St, Austin, TX",2017,53.85774194,16.74964286,17.83096774,5.205,14.33741935,22.525,2.356774194,26.46935484,11.83633333,17.11709677,10.026,19.07483871,5.42
,,,,,08157560,30.26194167,-97.7397,"Waller Ck at E 1st St, Austin, TX",2018,8.756451613,5.436785714,11.68645161,3.185666667,27.30193548,11.55166667,21.69225806,14.58387097,42.51466667,31.56419355,15.34233333,37.59580645,5.42
,,,,,08157560,30.26194167,-97.7397,"Waller Ck at E 1st St, Austin, TX",2019,16.60903226,8.338571429,7.595483871,43.14366667,51.13903226,41.85166667,17.57806452,4.505806452,7.133333333,19.16677419,8.023333333,9.019032258,5.42
,,,,,08157560,30.26194167,-97.7397,"Waller Ck at E 1st St, Austin, TX",2020,17.78387097,14.69689655,22.06645161,30.76666667,62.04709677,24.41,18.21548387,12.56516129,35.344,7.59,9.836666667,16.10870968,5.42
,,,,,08157560,30.26194167,-97.7397,"Waller Ck at E 1st St, Austin, TX",2021,16.05580645,10.93428571,27.01,15.36533333,54.49483871,23.97333333,26.89483871,36.96064516,11.57566667,37.94483871,13.68,10.93548387,5.42
,,,,,08157560,30.26194167,-97.7397,"Waller Ck at E 1st St, Austin, TX",2022,12.84193548,23.90892857,30.54258065,18.857,22.11612903,12.14933333,7.609354839,43.83193548,19.781,23.32677419,42.498,18.7783871,5.42
,,,,,08157560,30.26194167,-97.7397,"Waller Ck at E 1st St, Austin, TX",2023,5.653548387,11.76642857,18.41451613,33.80433333,28.60903226,30.17133333,3.878064516,2.236129032,17.30133333,26.3283871,12.6357181,12.14902857,5.42
,,,,,08157560,30.26194167,-97.7397,"Waller Ck at E 1st St, Austin, TX",2024,12.20754286,10.33976749,10.83245714,11.56624762,15.35862857,14.30322286,8.845333333,7.057828571,12.53769905,14.02765714,12.62532571,12.95908571,5.42
,,,,,08158030,30.2861111,-97.7086111,"Boggy Ck at Manor Rd, Austin, TX",2010,12.35806452,9.7825,17.19193548,18.605,5.250322581,33.17533333,28.59806452,11.35903226,36.87333333,0.231935484,0.467333333,4.097419355,1.67
,,,,,08158030,30.2861111,-97.7086111,"Boggy Ck at Manor Rd, Austin, TX",2011,11.11516129,1.281428571,0.843225806,0.412333333,13.09870968,10.48166667,0.219032258,0.027419355,0.0,8.962258065,8.901333333,27.95387097,1.67
,,,,,08158030,30.2861111,-97.7086111,"Boggy Ck at Manor Rd, Austin, TX",2012,26.33806452,32.2837931,34.12741935,1.229333333,63.00967742,0.941333333,21.26709677,11.36580645,18.80066667,3.674516129,0.298,0.464516129,1.67
,,,,,08158030,30.2861111,-97.7086111,"Boggy Ck at Manor Rd, Austin, TX",2013,5.378709677,0.598928571,10.96548387,24.307,43.10290323,3.591333333,35.77709677,6.461612903,75.09566667,85.31,18.69166667,2.283225806,1.67
,,,,,08158030,30.2861111,-97.7086111,"Boggy Ck at Manor Rd, Austin, TX",2014,0.512580645,0.723214286,4.497419355,8.07,55.33354839,17.79166667,104.9141935,0.12,48.80333333,5.74,28.82533333,3.972580645,1.67
,,,,,08158030,30.2861111,-97.7086111,"Boggy Ck at Manor Rd, Austin, TX",2015,21.66741935,1.19,11.62967742,24.931,164.5006452,76.13733333,0.762580645,7.393548387,16.85733333,72.08645161,7.923,11.7483871,1.67
,,,,,08158030,30.2861111,-97.7086111,"Boggy Ck at Manor Rd, Austin, TX",2016,2.07,1.247241379,27.65935484,52.977,60.33322581,22.08266667,3.858064516,77.64774194,7.364,2.562258065,19.25833333,6.550645161,1.67
,,,,,08158030,30.2861111,-97.7086111,"Boggy Ck at Manor Rd, Austin, TX",2017,46.67774194,15.02892857,13.31290323,8.611333333,14.6216129,16.439,3.237741935,32.46419355,9.285,14.42709677,0.730333333,18.86967742,1.67
,,,,,08158030,30.2861111,-97.7086111,"Boggy Ck at Manor Rd, Austin, TX",2018,0.515483871,4.413928571,20.97967742,1.974666667,33.41258065,21.75633333,21.13387097,4.228387097,24.24166667,36.25354839,20.26466667,73.1916129,1.67
,,,,,08158030,30.2861111,-97.7086111,"Boggy Ck at Manor Rd, Austin, TX",2019,15.87935484,1.014285714,1.773548387,44.306,85.81225806,34.616,11.10677419,0.817419355,4.748333333,20.56419355,0.51,1.607096774,1.67
,,,,,08158030,30.2861111,-97.7086111,"Boggy Ck at Manor Rd, Austin, TX",2020,9.19483871,9.055517241,17.37064516,21.309,64.3116129,22.328,14.0983871,12.54806452,26.685,0.089032258,1.046,10.53096774,1.67
,,,,,08158030,30.2861111,-97.7086111,"Boggy Ck at Manor Rd, Austin, TX",2021,7.711935484,2.149642857,9.044193548,9.497,60.29870968,31.98433333,7.738709677,30.29903226,6.039,42.51741935,7.639333333,1.867096774,1.67
,,,,,08158030,30.2861111,-97.7086111,"Boggy Ck at Manor Rd, Austin, TX",2022,6.959677419,15.98,18.51096774,20.75033333,22.70677419,16.02066667,0.048387097,53.50483871,2.833,34.56870968,30.67933333,10.66451613,1.67
,,,,,08158030,30.2861111,-97.7086111,"Boggy Ck at Manor Rd, Austin, TX",2023,2.302258065,4.864285714,26.98419355,66.61533333,27.30483871,16.33466667,0.093870968,0.112903226,28.602,75.70516129,3.274,17.03387097,1.67
,,,,,08158030,30.2861111,-97.7086111,"Boggy Ck at Manor Rd, Austin, TX",2024,20.53612903,13.06137931,16.46612903,12.93433333,81.49870968,11.68533333,4.626774194,35.19870968,0.283333333,0.577096774,20.415,2.728387097,1.67
,,,,,08158035,30.26305556,-97.7125,"Boggy Ck at Webberville Rd, Austin, TX",2010,16.84451613,15.50392857,26.68967742,20.47633333,7.769354839,41.979,36.46064516,9.652580645,45.858,0.211935484,0.44,5.618387097,3.44
,,,,,08158035,30.26305556,-97.7125,"Boggy Ck at Webberville Rd, Austin, TX",2011,14.77225806,0.466785714,0.27483871,0.2,19.69290323,12.71733333,0.0,0.001935484,0.0,8.01,15.97833333,34.65451613,3.44
,,,,,08158035,30.26305556,-97.7125,"Boggy Ck at Webberville Rd, Austin, TX",2012,28.05741935,31.38482759,49.86483871,7.288,56.62774194,0.271666667,24.58129032,22.70709677,20.66,2.446451613,0.060333333,0.77516129,3.44
,,,,,08158035,30.26305556,-97.7125,"Boggy Ck at Webberville Rd, Austin, TX",2013,7.972903226,0.475,13.97806452,13.419,40.70096774,1.661,29.58580645,7.107741935,60.80466667,81.91548387,19.131,3.066451613,3.44
,,,,,08158035,30.26305556,-97.7125,"Boggy Ck at Webberville Rd, Austin, TX",2014,0.280322581,2.289642857,7.119677419,10.28266667,73.27387097,31.08966667,70.26225806,0.129032258,52.66533333,6.152258065,35.81966667,3.967419355,3.44
,,,,,08158035,30.26305556,-97.7125,"Boggy Ck at Webberville Rd, Austin, TX",2015,27.23967742,2.585714286,18.83354839,30.41133333,154.5764516,79.12033333,1.099354839,15.08129032,17.20033333,34.1283871,8.818333333,14.59354839,3.44
,,,,,08158035,30.26305556,-97.7125,"Boggy Ck at Webberville Rd, Austin, TX",2016,2.414516129,11.03482759,31.68580645,67.91566667,69.66548387,27.177,4.373870968,52.34290323,6.551,0.557741935,23.77233333,10.05225806,3.44
,,,,,08158035,30.26305556,-97.7125,"Boggy Ck at Webberville Rd, Austin, TX",2017,56.28387097,21.50535714,17.64290323,10.409,16.48677419,23.962,0.950645161,50.83387097,8.624333333,18.52677419,0.106666667,22.91677419,3.44
,,,,,08158035,30.26305556,-97.7125,"Boggy Ck at Webberville Rd, Austin, TX",2018,0.317419355,6.73,24.63741935,1.919,32.60870968,21.42433333,18.95774194,9.602580645,38.86733333,35.36258065,16.56266667,67.34709677,3.44
,,,,,08158035,30.26305556,-97.7125,"Boggy Ck at Webberville Rd, Austin, TX",2019,19.82483871,1.900357143,4.124516129,42.37366667,82.91548387,58.40266667,14.43806452,1.14,2.122,21.34935484,0.390333333,1.679032258,3.44
,,,,,08158035,30.26305556,-97.7125,"Boggy Ck at Webberville Rd, Austin, TX",2020,12.75064516,11.45827586,22.59741935,35.09266667,99.11677419,25.84366667,21.11322581,12.05516129,33.012,0.278709677,1.685333333,12.49612903,3.44
,,,,,08158035,30.26305556,-97.7125,"Boggy Ck at Webberville Rd, Austin, TX",2021,13.1616129,2.942142857,18.74967742,16.056,62.07677419,27.638,16.64580645,34.75806452,6.524,46.99193548,8.388,0.261935484,3.44
,,,,,08158035,30.26305556,-97.7125,"Boggy Ck at Webberville Rd, Austin, TX",2022,6.417741935,23.35892857,18.61709677,14.806,22.62129032,8.444,0.060322581,36.21,4.166333333,23.29774194,27.328,15.66032258,3.44
,,,,,08158035,30.26305556,-97.7125,"Boggy Ck at Webberville Rd, Austin, TX",2023,3.299677419,10.78535714,13.97935484,34.797,39.12064516,24.726,0.250645161,0.062258065,20.713,65.66516129,4.061,17.11193548,3.44
,,,,,08158035,30.26305556,-97.7125,"Boggy Ck at Webberville Rd, Austin, TX",2024,27.43064516,18.68724138,16.68129032,19.61933333,60.25967742,12.61366667,5.106451613,24.42290323,0.326,0.068387097,20.48933333,0.77516129,3.44
,,,,,08158200,30.375205,-97.6605601,"Walnut Ck at Dessau Rd, Austin, TX",2010,47.01967742,52.025,71.42967742,16.242,25.1283871,75.45633333,76.02096774,1.180322581,535.9163333,0.797419355,0.915333333,4.550967742,26.2
,,,,,08158200,30.375205,-97.6605601,"Walnut Ck at Dessau Rd, Austin, TX",2011,30.71225806,3.416428571,4.83483871,1.389333333,4.070322581,2.267,0.0,0.0,0.0,5.668709677,7.08,30.54032258,26.2
,,,,,08158200,30.375205,-97.6605601,"Walnut Ck at Dessau Rd, Austin, TX",2012,106.8958065,52.68172414,103.6635484,2.428666667,285.6967742,3.443666667,429.646129,24.29032258,45.70033333,4.215806452,0.4,0.111612903,26.2
,,,,,08158200,30.375205,-97.6605601,"Walnut Ck at Dessau Rd, Austin, TX",2013,21.88645161,1.633928571,21.53516129,50.93666667,83.50483871,19.57,79.71483871,0.670322581,212.435,1500.033226,192.605,14.27741935,26.2
,,,,,08158200,30.375205,-97.6605601,"Walnut Ck at Dessau Rd, Austin, TX",2014,5.387096774,4.918214286,14.53935484,5.334666667,225.6312903,60.40066667,197.4532258,0.0,212.163,14.03774194,121.7573333,12.63483871,26.2
,,,,,08158200,30.375205,-97.6605601,"Walnut Ck at Dessau Rd, Austin, TX",2015,70.33967742,11.83392857,94.42322581,38.225,1025.043548,239.9766667,6.547419355,1.140322581,79.93533333,516.8364516,69.48166667,56.34516129,26.2
,,,,,08158200,30.375205,-97.6605601,"Walnut Ck at Dessau Rd, Austin, TX",2016,8.423225806,24.79310345,76.2783871,125.4726667,151.0551613,317.1583333,4.252903226,92.49354839,24.68833333,0.311290323,60.62433333,21.05451613,26.2
,,,,,08158200,30.375205,-97.6605601,"Walnut Ck at Dessau Rd, Austin, TX",2017,109.7225806,28.9775,40.40870968,11.95366667,62.36806452,52.507,8.576451613,145.9845161,68.758,25.52903226,7.177,70.3016129,26.2
,,,,,08158200,30.375205,-97.6605601,"Walnut Ck at Dessau Rd, Austin, TX",2018,4.631612903,12.74964286,136.5380645,8.742333333,31.46903226,54.43033333,21.39290323,34.59,183.6533333,193.9187097,41.719,227.1480645,26.2
,,,,,08158200,30.375205,-97.6605601,"Walnut Ck at Dessau Rd, Austin, TX",2019,101.5516129,7.28,5.72483871,292.5076667,128.2287097,63.826,15.23709677,0.001612903,4.791333333,146.0132258,2.364666667,3.5,26.2
,,,,,08158200,30.375205,-97.6605601,"Walnut Ck at Dessau Rd, Austin, TX",2020,24.25225806,39.49827586,47.56322581,42.19266667,107.5803226,181.2716667,3.151290323,4.934516129,56.03666667,0.822580645,2.341,24.65645161,26.2
,,,,,08158200,30.375205,-97.6605601,"Walnut Ck at Dessau Rd, Austin, TX",2021,13.16806452,16.69714286,9.365483871,29.71566667,393.9880645,146.8643333,58.25548387,206.5122581,124.4856667,194.3319355,43.75633333,82.68451613,26.2
,,,,,08158200,30.375205,-97.6605601,"Walnut Ck at Dessau Rd, Austin, TX",2022,24.53225806,127.9992857,10.08451613,15.26,15.76225806,10.116,0.034193548,42.13806452,0.727,86.15870968,81.93433333,24.60645161,26.2
,,,,,08158200,30.375205,-97.6605601,"Walnut Ck at Dessau Rd, Austin, TX",2023,7.951935484,35.9425,24.51967742,602.8046667,206.1022581,44.85933333,0.078387097,0.0,70.562,121.5670968,7.049333333,80.59129032,26.2
,,,,,08158200,30.375205,-97.6605601,"Walnut Ck at Dessau Rd, Austin, TX",2024,114.0067742,17.22862069,10.35709677,58.66033333,218.5729032,16.74466667,89.94096774,4.890322581,2.716333333,0.0,68.445,2.976774194,26.2
,,,,,08158380,30.3543736,-97.6980818,"Little Walnut Ck at Georgian Dr, Austin, TX",2010,40.89612903,39.255,58.17419355,36.26,39.7216129,90.41933333,141.8290323,0.400967742,197.6543333,0.683225806,1.370333333,22.6116129,5.22
,,,,,08158380,30.3543736,-97.6980818,"Little Walnut Ck at Georgian Dr, Austin, TX",2011,24.71225806,2.517857143,4.323225806,1.843666667,48.72419355,23.11766667,0.023225806,0.000967742,0.0,15.83354839,32.866,52.76096774,5.22
,,,,,08158380,30.3543736,-97.6980818,"Little Walnut Ck at Georgian Dr, Austin, TX",2012,92.93935484,38.07724138,98.90580645,10.949,175.8983871,0.401,86.93322581,26.86032258,58.49766667,5.632580645,0.459,0.163225806,5.22
,,,,,08158380,30.3543736,-97.6980818,"Little Walnut Ck at Georgian Dr, Austin, TX",2013,18.69580645,1.654642857,18.55096774,49.03233333,83.92129032,25.386,119.1180645,0.197419355,153.714,274.0587097,55.594,8.144516129,5.22
,,,,,08158380,30.3543736,-97.6980818,"Little Walnut Ck at Georgian Dr, Austin, TX",2014,1.707419355,3.910357143,20.05129032,29.612,173.3419355,59.393,143.003871,0.117419355,275.1516667,33.57612903,96.48733333,15.94870968,5.22
,,,,,08158380,30.3543736,-97.6980818,"Little Walnut Ck at Georgian Dr, Austin, TX",2015,61.24677419,7.5075,51.93516129,56.11066667,675.1867742,86.39166667,2.723225806,1.275483871,66.39133333,245.0629032,50.61233333,29.62612903,5.22
,,,,,08158380,30.3543736,-97.6980818,"Little Walnut Ck at Georgian Dr, Austin, TX",2016,7.470645161,26.46068966,55.62870968,128.4743333,94.81064516,143.478,16.7216129,147.7458065,10.97466667,0.929354839,42.17666667,16.54903226,5.22
,,,,,08158380,30.3543736,-97.6980818,"Little Walnut Ck at Georgian Dr, Austin, TX",2017,91.74548387,37.20714286,44.52645161,32.05233333,58.75967742,72.00833333,20.28967742,95.92870968,34.87733333,46.71774194,2.541,59.53354839,5.22
,,,,,08158380,30.3543736,-97.6980818,"Little Walnut Ck at Georgian Dr, Austin, TX",2018,2.170967742,17.6075,95.88935484,9.797666667,66.69129032,72.294,68.32903226,9.879677419,93.37766667,104.3329032,15.48066667,141.9690323,5.22
,,,,,08158380,30.3543736,-97.6980818,"Little Walnut Ck at Georgian Dr, Austin, TX",2019,27.7916129,3.273928571,3.703225806,243.552,112.9296774,69.84,23.51741935,0.321935484,5.747666667,58.50806452,0.704,2.595806452,5.22
,,,,,08158380,30.3543736,-97.6980818,"Little Walnut Ck at Georgian Dr, Austin, TX",2020,12.77,21.10068966,45.79064516,23.27466667,144.7477419,61.28566667,22.17548387,18.59935484,52.05933333,0.17516129,1.048,13.42064516,5.22
,,,,,08158380,30.3543736,-97.6980818,"Little Walnut Ck at Georgian Dr, Austin, TX",2021,3.672903226,4.003214286,9.168064516,22.49733333,183.67,43.51166667,16.37935484,116.3945161,73.72466667,93.97129032,18.278,50.68,5.22
,,,,,08158380,30.3543736,-97.6980818,"Little Walnut Ck at Georgian Dr, Austin, TX",2022,10.13870968,56.55107143,12.79612903,23.15766667,49.08677419,18.95366667,0.03483871,84.86193548,0.461333333,108.2735484,49.10533333,15.75419355,5.22
,,,,,08158380,30.3543736,-97.6980818,"Little Walnut Ck at Georgian Dr, Austin, TX",2023,6.542580645,17.61892857,20.95129032,152.917,49.57322581,16.37166667,0.173870968,0.069354839,47.285,97.78322581,3.117,37.59225806,5.22
,,,,,08158380,30.3543736,-97.6980818,"Little Walnut Ck at Georgian Dr, Austin, TX",2024,43.32387097,12.05448276,14.32516129,45.65,216.796129,11.562,27.57709677,52.4983871,67.76433333,0.05,60.33933333,3.787419355,5.22
,,,,,08158600,30.2832642,-97.655003,"Walnut Ck at Webberville Rd, Austin, TX",2010,138.8245161,142.875,167.0677419,79.93933333,38.04645161,147.987,232.4525806,0.337741935,581.5156667,0.642580645,2.243,8.315483871,51.3
,,,,,08158600,30.2832642,-97.655003,"Walnut Ck at Webberville Rd, Austin, TX",2011,76.81322581,9.806428571,7.547741935,2.344666667,94.73741935,32.53566667,0.107419355,0.0,0.0,25.39677419,52.10166667,126.5096774,51.3
,,,,,08158600,30.2832642,-97.655003,"Walnut Ck at Webberville Rd, Austin, TX",2012,269.9922581,242.8862069,311.4070968,13.31066667,395.8506452,5.755333333,290.1048387,110.8583871,110.1093333,8.897419355,0.91,1.347096774,51.3
,,,,,08158600,30.2832642,-97.655003,"Walnut Ck at Webberville Rd, Austin, TX",2013,39.04548387,3.009285714,39.29387097,73.36566667,187.2803226,24.06466667,136.6641935,0.044193548,380.6213333,648.3658065,224.74,28.87741935,51.3
,,,,,08158600,30.2832642,-97.655003,"Walnut Ck at Webberville Rd, Austin, TX",2014,8.285483871,9.273571429,46.04548387,45.392,363.4622581,89.36666667,336.1112903,0.549677419,298.2596667,52.94451613,282.8813333,21.35774194,51.3
,,,,,08158600,30.2832642,-97.655003,"Walnut Ck at Webberville Rd, Austin, TX",2015,166.8290323,21.32,178.623871,117.87,1383.533548,527.2266667,12.96516129,11.35,147.0893333,577.1980645,96.80333333,113.5580645,51.3
,,,,,08158600,30.2832642,-97.655003,"Walnut Ck at Webberville Rd, Austin, TX",2016,23.11935484,56.99655172,161.323871,301.0886667,293.3225806,289.2133333,26.51129032,254.4080645,51.193,3.322903226,133.7156667,66.36903226,51.3
,,,,,08158600,30.2832642,-97.655003,"Walnut Ck at Webberville Rd, Austin, TX",2017,256.4816129,92.41428571,133.6774194,58.91266667,142.9767742,122.601,29.64,296.1809677,154.8253333,80.85193548,12.00466667,167.0012903,51.3
,,,,,08158600,30.2832642,-97.655003,"Walnut Ck at Webberville Rd, Austin, TX",2018,7.946451613,36.03178571,167.3035484,24.95933333,127.1216129,128.5873333,120.6883871,57.21354839,222.119,336.9267742,75.52533333,327.0483871,51.3
,,,,,08158600,30.2832642,-97.655003,"Walnut Ck at Webberville Rd, Austin, TX",2019,201.0870968,17.03535714,15.86709677,406.114,404.7516129,133.386,55.60258065,3.649677419,17.91466667,203.1925806,3.249,12.27419355,51.3
,,,,,08158600,30.2832642,-97.655003,"Walnut Ck at Webberville Rd, Austin, TX",2020,61.59548387,80.04241379,141.58,106.619,250.7248387,129.7173333,57.27129032,29.90548387,147.4156667,1.157419355,5.681,73.37967742,51.3
,,,,,08158600,30.2832642,-97.655003,"Walnut Ck at Webberville Rd, Austin, TX",2021,38.74322581,41.62392857,28.36354839,64.63966667,463.2741935,229.7693333,73.16967742,167.6129032,136.7286667,230.7045161,89.23066667,94.78193548,51.3
,,,,,08158600,30.2832642,-97.655003,"Walnut Ck at Webberville Rd, Austin, TX",2022,57.14322581,209.3535714,43.18064516,49.01333333,111.6722581,50.61133333,0.09483871,141.4151613,10.23066667,208.2354839,162.2976667,64.15516129,51.3
,,,,,08158600,30.2832642,-97.655003,"Walnut Ck at Webberville Rd, Austin, TX",2023,19.90903226,82.79535714,63.76483871,531.4063333,183.9432258,73.21133333,0.659032258,0.310967742,105.5156667,246.5554839,18.311,79.72580645,51.3
,,,,,08158600,30.2832642,-97.655003,"Walnut Ck at Webberville Rd, Austin, TX",2024,237.5180645,48.1862069,30.44193548,136.7703333,372.2593548,49.751,94.42580645,85.82548387,51.15733333,0.116774194,105.4663333,7.258064516,51.3
,,,,,08158810,30.15548749,-97.9400076,"Bear Ck bl FM 1826 nr Driftwood, TX",2010,34.83322581,42.69285714,18.63225806,8.357,3.901290323,4.286666667,15.43483871,0.53516129,296.959,3.543548387,1.081666667,0.567741935,12.2
,,,,,08158810,30.15548749,-97.9400076,"Bear Ck bl FM 1826 nr Driftwood, TX",2011,2.335806452,1.748928571,1.172903226,0.672666667,0.23483871,0.003333333,0.0,0.0,0.0,0.0,0.0,3.644193548,12.2
,,,,,08158810,30.15548749,-97.9400076,"Bear Ck bl FM 1826 nr Driftwood, TX",2012,29.38096774,22.75,65.61064516,15.257,178.6358065,2.763666667,7.791290323,0.303225806,0.046333333,0.008387097,0.064,0.218709677,12.2
,,,,,08158810,30.15548749,-97.9400076,"Bear Ck bl FM 1826 nr Driftwood, TX",2013,0.905806452,0.602857143,0.346129032,1.089,0.469354839,0.214666667,0.017096774,0.0,181.588,678.7796774,26.559,8.639354839,12.2
,,,,,08158810,30.15548749,-97.9400076,"Bear Ck bl FM 1826 nr Driftwood, TX",2014,3.704193548,1.968571429,1.962903226,1.563666667,17.29580645,5.847,2.607419355,0.407096774,21.269,3.618387097,239.434,9.940967742,12.2
,,,,,08158810,30.15548749,-97.9400076,"Bear Ck bl FM 1826 nr Driftwood, TX",2015,45.98774194,42.33964286,81.23516129,14.63233333,118.5064516,52.97,8.212580645,0.646129032,0.003666667,184.67,23.404,33.26387097,12.2
,,,,,08158810,30.15548749,-97.9400076,"Bear Ck bl FM 1826 nr Driftwood, TX",2016,11.12354839,3.940689655,14.14612903,49.60966667,174.3419355,91.805,1.322580645,190.0045161,14.081,3.169677419,5.996666667,9.680967742,12.2
,,,,,08158810,30.15548749,-97.9400076,"Bear Ck bl FM 1826 nr Driftwood, TX",2017,14.86870968,12.57571429,12.11064516,10.025,2.58516129,1.161,0.019677419,21.17903226,3.935333333,1.915483871,1.396666667,2.913548387,12.2
,,,,,08158810,30.15548749,-97.9400076,"Bear Ck bl FM 1826 nr Driftwood, TX",2018,2.128709677,3.875,9.426129032,4.552666667,4.74516129,0.452,0.062258065,0.000645161,51.376,31.1616129,7.679333333,63.14258065,12.2
,,,,,08158810,30.15548749,-97.9400076,"Bear Ck bl FM 1826 nr Driftwood, TX",2019,45.91290323,7.146428571,4.180645161,11.52666667,595.73,10.48,16.56,0.996451613,0.863333333,1.04483871,0.824333333,0.671935484,12.2
,,,,,08158810,30.15548749,-97.9400076,"Bear Ck bl FM 1826 nr Driftwood, TX",2020,0.802903226,3.332413793,4.062903226,23.03233333,31.89806452,5.835333333,0.76483871,0.03483871,2.404666667,0.663225806,0.262,0.896129032,12.2
,,,,,08158810,30.15548749,-97.9400076,"Bear Ck bl FM 1826 nr Driftwood, TX",2021,2.64,2.807857143,3.581935484,3.133333333,55.98741935,41.99966667,6.563870968,36.73774194,48.51733333,208.8393548,20.44833333,3.584516129,12.2
,,,,,08158810,30.15548749,-97.9400076,"Bear Ck bl FM 1826 nr Driftwood, TX",2022,1.826129032,18.27892857,3.019677419,2.487666667,2.007741935,0.676333333,0.041612903,0.0,0.0,0.0,0.278666667,2.231290323,12.2
,,,,,08158810,30.15548749,-97.9400076,"Bear Ck bl FM 1826 nr Driftwood, TX",2023,1.533225806,2.557142857,1.941290323,11.127,6.776129032,50.27666667,0.943548387,0.00483871,0.0,0.711290323,2.013666667,1.211612903,12.2
,,,,,08158810,30.15548749,-97.9400076,"Bear Ck bl FM 1826 nr Driftwood, TX",2024,36.44548387,22.2,4.272903226,4.707333333,15.82193548,20.22333333,6.952580645,1.698387097,0.452333333,0.005483871,0.205333333,0.557419355,12.2
,,,,,08158813,30.1636611,-97.9070194,"Bear Ck at Spillar Ranch Rd nr Manchaca, TX",2010,0.0,0.0,0.0,0.0,0.0,0.0,0.0,0.0,0.0,0.0,0.0,0.0,20.4
,,,,,08158813,30.1636611,-97.9070194,"Bear Ck at Spillar Ranch Rd nr Manchaca, TX",2011,0.0,0.0,0.0,0.0,0.0,0.0,0.0,0.0,0.0,0.0,0.0,0.0,20.4
,,,,,08158813,30.1636611,-97.9070194,"Bear Ck at Spillar Ranch Rd nr Manchaca, TX",2012,0.0,0.0,0.0,0.0,0.0,0.0,0.0,0.0,0.0,0.0,0.0,0.0,20.4
,,,,,08158813,30.1636611,-97.9070194,"Bear Ck at Spillar Ranch Rd nr Manchaca, TX",2013,0.0,0.0,0.0,0.0,0.0,0.0,0.0,0.0,0.0,0.0,0.0,0.0,20.4
,,,,,08158813,30.1636611,-97.9070194,"Bear Ck at Spillar Ranch Rd nr Manchaca, TX",2014,0.0,0.0,0.0,0.0,0.0,0.0,0.0,0.0,0.0,0.0,0.0,0.0,20.4
,,,,,08158813,30.1636611,-97.9070194,"Bear Ck at Spillar Ranch Rd nr Manchaca, TX",2015,0.0,0.0,0.0,0.0,0.0,0.0,0.0,0.0,0.0,214.2425806,33.96666667,36.58387097,20.4
,,,,,08158813,30.1636611,-97.9070194,"Bear Ck at Spillar Ranch Rd nr Manchaca, TX",2016,17.85806452,8.422068966,12.14354839,55.01333333,176.7193548,90.45333333,4.432580645,188.6322581,27.68333333,5.612903226,7.454666667,11.43741935,20.4
,,,,,08158813,30.1636611,-97.9070194,"Bear Ck at Spillar Ranch Rd nr Manchaca, TX",2017,16.41419355,15.30178571,14.64193548,11.72066667,3.655806452,1.026,0.011612903,15.49677419,6.342666667,3.347741935,1.665333333,4.078387097,20.4
,,,,,08158813,30.1636611,-97.9070194,"Bear Ck at Spillar Ranch Rd nr Manchaca, TX",2018,3.271935484,4.077857143,8.712258065,6.871333333,5.95483871,0.208666667,0.0,0.0,51.48333333,54.59354839,21.97,68.28387097,20.4
,,,,,08158813,30.1636611,-97.9070194,"Bear Ck at Spillar Ranch Rd nr Manchaca, TX",2019,54.15483871,10.46714286,4.470967742,11.19566667,555.9580645,14.09333333,10.24774194,0.175483871,0.0,0.410322581,0.192666667,0.144516129,20.4
,,,,,08158813,30.1636611,-97.9070194,"Bear Ck at Spillar Ranch Rd nr Manchaca, TX",2020,0.203548387,2.084137931,3.581290323,19.91566667,33.73064516,8.601,0.817741935,0.048709677,3.742333333,0.649677419,0.42,0.872580645,20.4
,,,,,08158813,30.1636611,-97.9070194,"Bear Ck at Spillar Ranch Rd nr Manchaca, TX",2021,2.968709677,2.699642857,3.257741935,3.307333333,52.94580645,46.81033333,14.43193548,31.79741935,40.61366667,194.083871,23.086,6.25,20.4
,,,,,08158813,30.1636611,-97.9070194,"Bear Ck at Spillar Ranch Rd nr Manchaca, TX",2022,2.600967742,16.24928571,3.879032258,2.741666667,1.419354839,0.134333333,0.0,0.0,0.0,0.0,0.0,1.32483871,20.4
,,,,,08158813,30.1636611,-97.9070194,"Bear Ck at Spillar Ranch Rd nr Manchaca, TX",2023,0.976451613,2.878214286,1.739677419,10.108,10.31580645,36.93,0.520322581,0.0,0.0,0.023225806,1.222666667,1.25516129,20.4
,,,,,08158813,30.1636611,-97.9070194,"Bear Ck at Spillar Ranch Rd nr Manchaca, TX",2024,20.61677419,20.09551724,6.467096774,5.449,7.125806452,11.22833333,3.597741935,0.72516129,0.0,0.0,0.0,0.0,20.4
,,,,,08158827,30.12632345,-97.8211161,"Onion Ck at Twin Creeks Rd nr Manchaca, TX",2010,101.2870968,182.6464286,21.4916129,7.622333333,23.02645161,11.37133333,1.761612903,0.069032258,413.767,1.066774194,0.466,0.306129032,181.0
,,,,,08158827,30.12632345,-97.8211161,"Onion Ck at Twin Creeks Rd nr Manchaca, TX",2011,5.054516129,1.614642857,1.120967742,0.590333333,0.181612903,0.0,0.0,0.0,0.0,0.0,0.0,2.260967742,181.0
,,,,,08158827,30.12632345,-97.8211161,"Onion Ck at Twin Creeks Rd nr Manchaca, TX",2012,28.20322581,46.57137931,56.68548387,3.088,307.2245161,1.298,110.0329032,0.508709677,0.547,0.845483871,0.421666667,0.415806452,181.0
,,,,,08158827,30.12632345,-97.8211161,"Onion Ck at Twin Creeks Rd nr Manchaca, TX",2013,1.699354839,0.6325,0.647741935,3.884666667,10.04064516,1.013666667,0.0,0.0,85.37733333,846.9809677,161.1,17.96322581,181.0
,,,,,08158827,30.12632345,-97.8211161,"Onion Ck at Twin Creeks Rd nr Manchaca, TX",2014,2.620645161,1.045714286,3.436774194,1.998,96.83741935,1.702333333,0.579354839,0.0,67.061,1.95483871,297.2243333,4.546451613,181.0
,,,,,08158827,30.12632345,-97.8211161,"Onion Ck at Twin Creeks Rd nr Manchaca, TX",2015,71.52290323,6.837857143,26.54935484,8.795333333,1350.110968,221.0266667,17.73419355,0.747096774,1.413666667,505.9790323,123.7833333,78.2,181.0
,,,,,08158827,30.12632345,-97.8211161,"Onion Ck at Twin Creeks Rd nr Manchaca, TX",2016,34.87741935,14.95862069,32.79677419,140.5486667,948.4,439.96,46.60419355,453.3670968,12.04,4.23,6.675666667,18.9983871,181.0
,,,,,08158827,30.12632345,-97.8211161,"Onion Ck at Twin Creeks Rd nr Manchaca, TX",2017,93.1516129,77.1475,51.39387097,56.828,4.28,9.193,0.826451613,168.3483871,7.838666667,3.017096774,2.547666667,15.14290323,181.0
,,,,,08158827,30.12632345,-97.8211161,"Onion Ck at Twin Creeks Rd nr Manchaca, TX",2018,3.210967742,4.330714286,63.69064516,5.125,8.019032258,0.657,3.07483871,0.0,142.9263333,84.28096774,13.372,227.2196774,181.0
,,,,,08158827,30.12632345,-97.8211161,"Onion Ck at Twin Creeks Rd nr Manchaca, TX",2019,253.583871,6.491785714,4.412903226,12.46033333,1690.144839,17.07366667,1.216129032,0.379354839,0.0,1.921935484,1.384,2.175806452,181.0
,,,,,08158827,30.12632345,-97.8211161,"Onion Ck at Twin Creeks Rd nr Manchaca, TX",2020,2.581290323,3.031034483,4.72,40.43933333,116.4203226,14.526,1.830645161,0.780322581,107.9606667,2.030645161,2.608,8.687419355,181.0
,,,,,08158827,30.12632345,-97.8211161,"Onion Ck at Twin Creeks Rd nr Manchaca, TX",2021,6.631290323,5.873571429,3.413548387,9.523,115.0041935,62.368,7.079032258,17.14806452,7.629333333,269.3719355,19.24466667,4.576451613,181.0
,,,,,08158827,30.12632345,-97.8211161,"Onion Ck at Twin Creeks Rd nr Manchaca, TX",2022,4.587419355,67.075,14.5,4.482,1.872580645,1.541666667,0.526774194,1.392580645,0.626666667,0.161290323,3.521,2.283870968,181.0
,,,,,08158827,30.12632345,-97.8211161,"Onion Ck at Twin Creeks Rd nr Manchaca, TX",2023,0.939354839,1.433214286,0.848064516,4.468666667,6.170967742,14.70433333,0.270322581,0.0,0.0,18.59709677,4.356,7.286451613,181.0
,,,,,08158827,30.12632345,-97.8211161,"Onion Ck at Twin Creeks Rd nr Manchaca, TX",2024,111.0919355,10.73241379,5.014193548,4.174333333,16.19612903,5.366,41.52774194,0.992258065,1.435,0.504516129,0.802,1.440967742,181.0
,,,,,08158840,30.20909967,-97.90336492,"Slaughter Ck at FM 1826 nr Austin, TX",2010,30.05774194,46.47857143,24.02064516,23.368,2.267096774,3.597666667,1.065483871,0.016129032,240.9013333,1.215806452,0.063333333,0.0,8.24
,,,,,08158840,30.20909967,-97.90336492,"Slaughter Ck at FM 1826 nr Austin, TX",2011,0.236774194,0.201071429,0.077741935,0.000666667,0.0,0.0,0.0,0.0,0.0,0.0,0.002666667,0.106129032,8.24
,,,,,08158840,30.20909967,-97.90336492,"Slaughter Ck at FM 1826 nr Austin, TX",2012,8.543870968,18.38448276,43.80354839,3.352666667,62.76903226,0.814333333,22.34096774,0.006451613,0.0,0.0,0.0,0.0,8.24
,,,,,08158840,30.20909967,-97.90336492,"Slaughter Ck at FM 1826 nr Austin, TX",2013,0.000967742,0.0,0.000967742,0.605,0.033870968,0.0,0.022903226,0.0,16.887,402.9270968,14.07033333,6.18516129,8.24
,,,,,08158840,30.20909967,-97.90336492,"Slaughter Ck at FM 1826 nr Austin, TX",2014,2.229354839,0.778928571,0.669677419,0.526333333,20.83064516,5.305333333,0.281290323,0.000645161,115.777,0.292258065,146.4723333,5.499354839,8.24
,,,,,08158840,30.20909967,-97.90336492,"Slaughter Ck at FM 1826 nr Austin, TX",2015,29.91322581,8.024285714,21.93225806,7.022666667,188.3987097,19.20833333,2.621612903,0.033870968,0.0,148.383871,13.598,27.38451613,8.24
,,,,,08158840,30.20909967,-97.90336492,"Slaughter Ck at FM 1826 nr Austin, TX",2016,6.297096774,1.621034483,7.689677419,145.3886667,158.0064516,127.462,0.587741935,213.2796774,5.339666667,0.491935484,1.722666667,4.298064516,8.24
,,,,,08158840,30.20909967,-97.90336492,"Slaughter Ck at FM 1826 nr Austin, TX",2017,17.20322581,14.62678571,10.08354839,3.790666667,0.499677419,0.053,0.0,12.06258065,0.886333333,0.832580645,0.399333333,1.074516129,8.24
,,,,,08158840,30.20909967,-97.90336492,"Slaughter Ck at FM 1826 nr Austin, TX",2018,0.91516129,1.3125,13.59354839,3.352333333,6.163225806,0.069333333,0.142580645,0.0,21.738,52.79322581,7.323333333,106.1751613,8.24
,,,,,08158840,30.20909967,-97.90336492,"Slaughter Ck at FM 1826 nr Austin, TX",2019,49.91064516,4.735714286,1.832903226,4.831666667,307.9083871,11.90166667,1.255806452,0.002258065,0.0,0.133870968,0.0,0.0,8.24
,,,,,08158840,30.20909967,-97.90336492,"Slaughter Ck at FM 1826 nr Austin, TX",2020,0.0,0.023448276,0.070322581,22.286,6.356774194,1.763666667,0.062258065,0.0,18.42766667,0.0,0.0,0.001290323,8.24
,,,,,08158840,30.20909967,-97.90336492,"Slaughter Ck at FM 1826 nr Austin, TX",2021,0.0,0.0,0.0,0.017,66.89387097,93.204,1.705483871,0.941612903,0.073666667,116.4151613,13.041,2.041612903,8.24
,,,,,08158840,30.20909967,-97.90336492,"Slaughter Ck at FM 1826 nr Austin, TX",2022,0.658709677,18.28642857,2.469032258,0.723666667,0.307096774,0.0,0.0,0.097096774,0.0,0.0,0.0,0.023225806,8.24
,,,,,08158840,30.20909967,-97.90336492,"Slaughter Ck at FM 1826 nr Austin, TX",2023,0.0,0.0,0.0,0.369666667,0.023225806,1.500333333,0.0,0.0,0.001333333,1.000645161,0.0,0.0,8.24
,,,,,08158840,30.20909967,-97.90336492,"Slaughter Ck at FM 1826 nr Austin, TX",2024,25.86580645,8.609655172,2.843870968,1.542333333,0.896451613,0.569666667,0.116774194,0.0,0.0,0.0,0.198666667,0.0,8.24
,,,,,08158860,30.1621554,-97.8322279,"Slaughter Ck at FM 2304 nr Austin, TX",2010,11.25096774,13.27928571,0.443225806,10.62966667,0.028387097,58.44466667,0.456451613,0.0,131.8753333,0.0,0.0,0.0,23.1
,,,,,08158860,30.1621554,-97.8322279,"Slaughter Ck at FM 2304 nr Austin, TX",2011,1.806774194,0.058214286,0.000322581,0.0,0.248709677,1.001,0.0,0.0,0.0,0.110645161,0.080333333,1.067419355,23.1
,,,,,08158860,30.1621554,-97.8322279,"Slaughter Ck at FM 2304 nr Austin, TX",2012,41.50483871,14.06310345,26.81354839,0.0,37.26903226,0.0,41.07354839,0.022580645,2.282333333,0.323225806,0.0,0.171612903,23.1
,,,,,08158860,30.1621554,-97.8322279,"Slaughter Ck at FM 2304 nr Austin, TX",2013,1.204193548,0.089642857,0.201935484,8.184333333,4.749354839,0.0,1.566774194,0.0,26.05266667,1363.203871,17.17233333,0.0,23.1
,,,,,08158860,30.1621554,-97.8322279,"Slaughter Ck at FM 2304 nr Austin, TX",2014,0.0,0.0,0.0,2.121,34.32096774,1.005,0.311290323,0.0,334.083,0.247096774,257.6566667,0.409677419,23.1
,,,,,08158860,30.1621554,-97.8322279,"Slaughter Ck at FM 2304 nr Austin, TX",2015,26.76225806,0.0,7.261290323,0.001,307.1564516,5.628,0.0,0.0,0.353666667,418.3364516,2.795,5.555806452,23.1
,,,,,08158860,30.1621554,-97.8322279,"Slaughter Ck at FM 2304 nr Austin, TX",2016,0.0,0.098965517,2.789032258,93.58633333,139.3558065,62.49433333,2.808387097,192.6016129,0.001333333,0.0,0.355,0.987741935,23.1
,,,,,08158860,30.1621554,-97.8322279,"Slaughter Ck at FM 2304 nr Austin, TX",2017,5.164193548,1.455714286,1.027741935,3.058333333,0.021612903,4.793666667,0.0,35.81935484,1.922333333,0.498387097,0.134333333,5.494516129,23.1
,,,,,08158860,30.1621554,-97.8322279,"Slaughter Ck at FM 2304 nr Austin, TX",2018,0.0,0.0,7.218709677,0.068666667,5.262580645,0.0,0.120645161,0.0,18.10933333,13.52096774,0.544333333,109.5029032,23.1
,,,,,08158860,30.1621554,-97.8322279,"Slaughter Ck at FM 2304 nr Austin, TX",2019,47.95096774,0.005,0.0,5.391666667,463.1854839,3.175,0.0,0.0,0.022666667,2.986451613,0.0,0.0,23.1
,,,,,08158860,30.1621554,-97.8322279,"Slaughter Ck at FM 2304 nr Austin, TX",2020,0.131935484,0.811724138,0.63,2.635666667,20.28774194,2.0,0.226451613,0.018064516,4.072,0.0,0.0,1.693225806,23.1
,,,,,08158860,30.1621554,-97.8322279,"Slaughter Ck at FM 2304 nr Austin, TX",2021,0.171935484,0.0675,0.0,1.107333333,39.87709677,42.48966667,0.517096774,0.222903226,0.167333333,68.11322581,1.535333333,0.005806452,23.1
,,,,,08158860,30.1621554,-97.8322279,"Slaughter Ck at FM 2304 nr Austin, TX",2022,1.241935484,11.88821429,2.300967742,5.975666667,0.097419355,0.044666667,0.012258065,1.586451613,0.025666667,0.351935484,1.583666667,4.135806452,23.1
,,,,,08158860,30.1621554,-97.8322279,"Slaughter Ck at FM 2304 nr Austin, TX",2023,0.0,0.393571429,0.060645161,0.712333333,1.47,1.386666667,0.0,0.0,0.317666667,3.131935484,0.0,0.059677419,23.1
,,,,,08158860,30.1621554,-97.8322279,"Slaughter Ck at FM 2304 nr Austin, TX",2024,10.33290323,3.254137931,0.217096774,0.249,1.803548387,1.327,1.85516129,0.0,0.0,0.0,0.208333333,0.043870968,23.1
,,,,,08158920,30.23520806,-97.8602848,"Williamson Ck at Oak Hill, TX",2010,14.51870968,18.61392857,12.29258065,16.76433333,4.407419355,14.57466667,5.515806452,0.081935484,163.4956667,0.05,0.0,0.398387097,6.3
,,,,,08158920,30.23520806,-97.8602848,"Williamson Ck at Oak Hill, TX",2011,2.504193548,0.104285714,0.0,0.0,0.04516129,2.550333333,0.0,0.0,0.0,0.250967742,0.409333333,4.784516129,6.3
,,,,,08158920,30.23520806,-97.8602848,"Williamson Ck at Oak Hill, TX",2012,15.68709677,10.55,14.89903226,2.415,23.48645161,0.0,129.0777419,0.210322581,1.738333333,0.433548387,0.0,0.0,6.3
,,,,,08158920,30.23520806,-97.8602848,"Williamson Ck at Oak Hill, TX",2013,0.651612903,0.0,0.64516129,23.01966667,13.23548387,0.231666667,2.063548387,0.492258065,39.30633333,374.6970968,7.419666667,1.680322581,6.3
,,,,,08158920,30.23520806,-97.8602848,"Williamson Ck at Oak Hill, TX",2014,0.13,0.000714286,0.14,1.304,61.21870968,6.662,0.372903226,0.002580645,159.6046667,0.392258065,49.19833333,0.092580645,6.3
,,,,,08158920,30.23520806,-97.8602848,"Williamson Ck at Oak Hill, TX",2015,11.91903226,1.999285714,10.06967742,3.725333333,200.6722581,12.883,0.093548387,0.0,0.657333333,102.9003226,6.731,8.141935484,6.3
,,,,,08158920,30.23520806,-97.8602848,"Williamson Ck at Oak Hill, TX",2016,1.722258065,0.95137931,5.680322581,65.67166667,119.4283871,100.4746667,0.820322581,235.2654839,1.274666667,0.0,4.383,2.909032258,6.3
,,,,,08158920,30.23520806,-97.8602848,"Williamson Ck at Oak Hill, TX",2017,9.562903226,13.23892857,18.12677419,8.241666667,0.776451613,2.032333333,0.0,27.99419355,14.734,2.642903226,0.068666667,4.514516129,6.3
,,,,,08158920,30.23520806,-97.8602848,"Williamson Ck at Oak Hill, TX",2018,0.311935484,0.737857143,12.54193548,0.419,18.56064516,0.0,9.472258065,0.006451613,20.04766667,41.62,2.559,102.8035484,6.3
,,,,,08158920,30.23520806,-97.8602848,"Williamson Ck at Oak Hill, TX",2019,19.47806452,1.629285714,0.395483871,3.399666667,189.9374194,10.036,0.221935484,0.084516129,0.001,1.079032258,0.0,0.001290323,6.3
,,,,,08158920,30.23520806,-97.8602848,"Williamson Ck at Oak Hill, TX",2020,0.828387097,1.226896552,2.064193548,41.18,14.22741935,6.198333333,0.211612903,0.198709677,43.56566667,0.0,0.0,0.917741935,6.3
,,,,,08158920,30.23520806,-97.8602848,"Williamson Ck at Oak Hill, TX",2021,0.552903226,0.710714286,1.207419355,1.933333333,42.83225806,53.59833333,15.95935484,0.202258065,3.586666667,102.6396774,4.107666667,0.013225806,6.3
,,,,,08158920,30.23520806,-97.8602848,"Williamson Ck at Oak Hill, TX",2022,0.567741935,19.60714286,0.295806452,2.974333333,4.810645161,0.0,0.0,0.358387097,0.000333333,0.0,0.0,0.0,6.3
,,,,,08158920,30.23520806,-97.8602848,"Williamson Ck at Oak Hill, TX",2023,0.0,0.0,0.0,0.0,0.0,0.0,0.0,0.0,0.0,0.0,0.0,0.0,6.3
,,,,,08158920,30.23520806,-97.8602848,"Williamson Ck at Oak Hill, TX",2024,0.0,0.0,0.0,0.0,0.0,0.0,0.0,0.0,0.0,0.0,0.0,0.0,6.3
,,,,,08158927,30.2124722,-97.8288611,"Kincheon Br at William Cannon Blvd, Austin, TX",2010,4.323870968,2.224642857,1.801612903,17.999,0.541935484,17.95433333,1.186129032,0.0,147.4846667,0.0,0.0,0.0,6.73
,,,,,08158927,30.2124722,-97.8288611,"Kincheon Br at William Cannon Blvd, Austin, TX",2011,1.981935484,0.0,0.0,0.0,0.361935484,0.933333333,0.0,0.0,0.0,0.041290323,0.089,1.30516129,6.73
,,,,,08158927,30.2124722,-97.8288611,"Kincheon Br at William Cannon Blvd, Austin, TX",2012,46.40387097,9.93862069,13.54,0.0,14.82580645,0.0,44.89451613,0.0,0.556333333,0.0,0.0,0.0,6.73
,,,,,08158927,30.2124722,-97.8288611,"Kincheon Br at William Cannon Blvd, Austin, TX",2013,0.332258065,0.0,0.0,15.149,15.55,0.0,2.139354839,0.0,32.646,415.9541935,1.119666667,0.0,6.73
,,,,,08158927,30.2124722,-97.8288611,"Kincheon Br at William Cannon Blvd, Austin, TX",2014,0.0,0.0,0.089032258,0.054333333,22.52193548,0.788666667,0.039677419,0.0,212.4653333,0.31516129,35.05066667,0.011612903,6.73
,,,,,08158927,30.2124722,-97.8288611,"Kincheon Br at William Cannon Blvd, Austin, TX",2015,5.583225806,0.012857143,1.679032258,0.074,124.8777419,1.777,0.023870968,0.0,0.0,175.0419355,0.122333333,2.621612903,6.73
,,,,,08158927,30.2124722,-97.8288611,"Kincheon Br at William Cannon Blvd, Austin, TX",2016,0.0,0.411034483,2.983548387,17.938,29.27,14.10733333,2.067741935,55.97064516,0.0,0.0,0.987666667,0.752258065,6.73
,,,,,08158927,30.2124722,-97.8288611,"Kincheon Br at William Cannon Blvd, Austin, TX",2017,2.842258065,0.833571429,0.983870968,1.678,0.0,12.253,0.0,30.55354839,3.037,0.179354839,0.0,5.277419355,6.73
,,,,,08158927,30.2124722,-97.8288611,"Kincheon Br at William Cannon Blvd, Austin, TX",2018,0.0,0.0,4.902580645,0.008666667,10.74935484,0.0,1.123225806,0.0,9.236666667,0.77516129,0.0,69.17548387,6.73
,,,,,08158927,30.2124722,-97.8288611,"Kincheon Br at William Cannon Blvd, Austin, TX",2019,10.41032258,0.0,0.0,8.277333333,147.6867742,10.304,0.0,0.0,0.0,1.658064516,0.0,0.0,6.73
,,,,,08158927,30.2124722,-97.8288611,"Kincheon Br at William Cannon Blvd, Austin, TX",2020,0.0,0.817931034,0.27483871,10.50333333,46.47290323,0.275,0.0,0.0,5.730666667,0.0,0.0,1.207096774,6.73
,,,,,08158927,30.2124722,-97.8288611,"Kincheon Br at William Cannon Blvd, Austin, TX",2021,0.111612903,0.0,0.0,0.636666667,26.68225806,13.13,0.461290323,0.0,0.0,42.33096774,0.968,0.0,6.73
,,,,,08158927,30.2124722,-97.8288611,"Kincheon Br at William Cannon Blvd, Austin, TX",2022,0.8,7.458571429,1.923870968,6.408666667,0.0,0.0,0.0,1.440967742,0.0,0.0,1.261,0.951612903,6.73
,,,,,08158927,30.2124722,-97.8288611,"Kincheon Br at William Cannon Blvd, Austin, TX",2023,0.0,0.244642857,0.0,0.930333333,0.529032258,1.94,0.0,0.0,0.0,11.77774194,0.012333333,0.030322581,6.73
,,,,,08158927,30.2124722,-97.8288611,"Kincheon Br at William Cannon Blvd, Austin, TX",2024,8.125806452,9.71,0.104516129,0.001,1.190322581,1.86,0.104516129,0.104516129,0.0,0.0,1.2,0.0,6.73
,,,,,08158930,30.22132179,-97.7936396,"Williamson Ck at Manchaca Rd, Austin, TX",2010,15.50354839,11.77214286,6.278709677,21.28066667,3.821612903,51.96733333,17.18354839,1.432258065,320.9503333,0.030645161,0.127,0.34,19.0
,,,,,08158930,30.22132179,-97.7936396,"Williamson Ck at Manchaca Rd, Austin, TX",2011,6.689354839,0.220357143,0.133548387,0.006333333,6.624193548,3.516333333,0.062580645,0.061290323,0.014333333,11.28741935,10.89766667,29.39677419,19.0
,,,,,08158930,30.22132179,-97.7936396,"Williamson Ck at Manchaca Rd, Austin, TX",2012,109.4764516,33.67931034,34.95645161,0.020333333,81.59677419,0.046666667,160.7390323,22.52354839,10.44066667,1.830645161,0.0,0.0,19.0
,,,,,08158930,30.22132179,-97.7936396,"Williamson Ck at Manchaca Rd, Austin, TX",2013,3.096129032,0.051428571,3.632903226,49.68733333,70.28483871,0.062,4.23483871,3.369677419,62.355,635.3319355,11.28533333,0.202903226,19.0
,,,,,08158930,30.22132179,-97.7936396,"Williamson Ck at Manchaca Rd, Austin, TX",2014,0.043225806,0.527142857,2.186774194,7.764666667,69.48870968,11.47933333,4.778387097,11.41645161,493.651,3.637419355,137.0623333,0.893870968,19.0
,,,,,08158930,30.22132179,-97.7936396,"Williamson Ck at Manchaca Rd, Austin, TX",2015,20.09322581,0.441785714,12.31645161,7.905,319.676129,22.70033333,0.027419355,0.013225806,1.298666667,496.43,7.230666667,2.300967742,19.0
,,,,,08158930,30.22132179,-97.7936396,"Williamson Ck at Manchaca Rd, Austin, TX",2016,0.157419355,4.908965517,28.94354839,100.8676667,141.6470968,61.82566667,3.255806452,225.1777419,5.57,0.080645161,7.273666667,4.770645161,19.0
,,,,,08158930,30.22132179,-97.7936396,"Williamson Ck at Manchaca Rd, Austin, TX",2017,25.03612903,9.068928571,9.560645161,5.389,2.490645161,43.98633333,0.032903226,82.47935484,12.32633333,0.406451613,0.000666667,16.12516129,19.0
,,,,,08158930,30.22132179,-97.7936396,"Williamson Ck at Manchaca Rd, Austin, TX",2018,0.041290323,0.610357143,20.44709677,0.044333333,21.4483871,0.021,9.737741935,0.000967742,19.739,20.93967742,2.118333333,156.4377419,19.0
,,,,,08158930,30.22132179,-97.7936396,"Williamson Ck at Manchaca Rd, Austin, TX",2019,38.4283871,0.088214286,0.052258065,29.613,502.4022581,18.214,0.060322581,0.050967742,0.243666667,14.21548387,0.074666667,0.026451613,19.0
,,,,,08158930,30.22132179,-97.7936396,"Williamson Ck at Manchaca Rd, Austin, TX",2020,5.072903226,3.104482759,5.462903226,44.05433333,87.64225806,15.34733333,9.700645161,0.399677419,35.15233333,0.001612903,0.009666667,5.738387097,19.0
,,,,,08158930,30.22132179,-97.7936396,"Williamson Ck at Manchaca Rd, Austin, TX",2021,2.346451613,0.145,2.375806452,7.072,42.11645161,55.708,36.25,2.043548387,0.056,81.61032258,2.849,0.026451613,19.0
,,,,,08158930,30.22132179,-97.7936396,"Williamson Ck at Manchaca Rd, Austin, TX",2022,1.470967742,17.91928571,4.446129032,5.419,4.900967742,0.324333333,0.190645161,19.71935484,1.954,1.794516129,12.29566667,3.860322581,19.0
,,,,,08158930,30.22132179,-97.7936396,"Williamson Ck at Manchaca Rd, Austin, TX",2023,0.762580645,1.14,0.390322581,12.92233333,3.368709677,12.93666667,0.017419355,0.020322581,0.165666667,18.58580645,0.373333333,3.944193548,19.0
,,,,,08158930,30.22132179,-97.7936396,"Williamson Ck at Manchaca Rd, Austin, TX",2024,21.2516129,22.52137931,3.491935484,3.543666667,15.89548387,10.29966667,19.74580645,17.96096774,0.026,0.0,12.79933333,0.377096774,19.0
,,,,,08158970,30.189378,-97.732504,"Williamson Ck at Jimmy Clay Rd, Austin, TX",2010,36.35548387,24.20142857,34.91225806,28.57766667,8.333870968,93.10233333,45.1983871,6.955806452,240.5793333,0.897419355,0.791666667,2.386451613,27.6
,,,,,08158970,30.189378,-97.732504,"Williamson Ck at Jimmy Clay Rd, Austin, TX",2011,26.07870968,0.932142857,0.180322581,0.415,16.6916129,6.738,0.0,0.039032258,0.020333333,12.23225806,8.170666667,32.10290323,27.6
,,,,,08158970,30.189378,-97.732504,"Williamson Ck at Jimmy Clay Rd, Austin, TX",2012,117.6545161,51.67448276,80.52225806,2.012,210.7483871,1.257333333,177.3251613,16.66709677,30.39166667,0.466774194,0.568,0.923225806,27.6
,,,,,08158970,30.189378,-97.732504,"Williamson Ck at Jimmy Clay Rd, Austin, TX",2013,5.230645161,0.807857143,1.838064516,14.316,15.53580645,0.061666667,1.286451613,0.022580645,15.368,192.3574194,3.736333333,0.337096774,27.6
,,,,,08158970,30.189378,-97.732504,"Williamson Ck at Jimmy Clay Rd, Austin, TX",2014,0.0,0.0,0.361612903,0.667,16.47935484,1.099333333,0.167419355,0.56,46.10866667,1.385806452,36.762,2.043548387,27.6
,,,,,08158970,30.189378,-97.732504,"Williamson Ck at Jimmy Clay Rd, Austin, TX",2015,18.03451613,3.905357143,10.31258065,2.407,90.53451613,17.785,1.458064516,0.150322581,1.663333333,120.7577419,7.790333333,7.632903226,27.6
,,,,,08158970,30.189378,-97.732504,"Williamson Ck at Jimmy Clay Rd, Austin, TX",2016,1.779032258,2.288965517,13.13806452,26.34,43.28677419,11.50866667,2.082580645,48.75258065,5.168666667,1.758387097,3.470333333,4.542580645,27.6
,,,,,08158970,30.189378,-97.732504,"Williamson Ck at Jimmy Clay Rd, Austin, TX",2017,10.50741935,4.891785714,4.981290323,4.291,3.807419355,7.150666667,0.690967742,34.49903226,4.937333333,1.206774194,0.660333333,5.783548387,27.6
,,,,,08158970,30.189378,-97.732504,"Williamson Ck at Jimmy Clay Rd, Austin, TX",2018,0.283548387,1.134642857,15.91935484,6.005333333,7.660967742,0.008333333,2.60516129,0.006774194,8.761666667,12.22,3.532333333,32.09354839,27.6
,,,,,08158970,30.189378,-97.732504,"Williamson Ck at Jimmy Clay Rd, Austin, TX",2019,16.91193548,1.385714286,0.922580645,6.71,69.43225806,3.311333333,0.031290323,0.0,0.001333333,10.94451613,0.0,0.0,27.6
,,,,,08158970,30.189378,-97.732504,"Williamson Ck at Jimmy Clay Rd, Austin, TX",2020,1.693225806,2.521724138,2.931935484,12.42633333,31.34451613,5.615333333,1.312903226,0.763225806,6.447,0.0,0.249333333,3.740322581,27.6
,,,,,08158970,30.189378,-97.732504,"Williamson Ck at Jimmy Clay Rd, Austin, TX",2021,1.903225806,1.258928571,0.497096774,2.272666667,17.95548387,17.33433333,11.65354839,2.919032258,0.527,19.29935484,4.261,0.901935484,27.6
,,,,,08158970,30.189378,-97.732504,"Williamson Ck at Jimmy Clay Rd, Austin, TX",2022,2.678387097,10.96857143,2.141612903,2.920333333,2.682580645,0.144,0.110645161,2.879354839,0.918666667,0.772580645,3.203,4.794193548,27.6
,,,,,08158970,30.189378,-97.732504,"Williamson Ck at Jimmy Clay Rd, Austin, TX",2023,2.323548387,2.548571429,0.61516129,7.858,6.882903226,2.199666667,0.351935484,0.000322581,0.215333333,5.991935484,1.789333333,5.091935484,27.6
,,,,,08158970,30.189378,-97.732504,"Williamson Ck at Jimmy Clay Rd, Austin, TX",2024,12.63903226,4.695517241,1.943548387,1.366333333,2.966129032,2.381,1.989354839,0.229032258,0.0,0.0,0.952333333,0.261935484,27.6
,,,,,08165300,30.06410028,-99.3870175,"N Fk Guadalupe Rv nr Hunt, TX",2010,18.55483871,41.45714286,23.71935484,392.8466667,40.73548387,24.61333333,22.15806452,15.94193548,34.62666667,18.85483871,28.06333333,29.26129032,169.0
,,,,,08165300,30.06410028,-99.3870175,"N Fk Guadalupe Rv nr Hunt, TX",2011,19.73548387,17.17857143,12.97741935,12.63833333,19.08032258,13.38733333,7.939354839,7.291935484,11.25233333,9.584516129,5.469333333,14.07419355,169.0
,,,,,08165300,30.06410028,-99.3870175,"N Fk Guadalupe Rv nr Hunt, TX",2012,13.19516129,7.451724138,56.7083871,12.01633333,152.646129,12.94566667,15.52580645,9.969032258,13.71466667,10.45451613,8.405333333,14.57677419,169.0
,,,,,08165300,30.06410028,-99.3870175,"N Fk Guadalupe Rv nr Hunt, TX",2013,17.93290323,9.635714286,12.47645161,8.552,17.92290323,14.568,11.01451613,6.524516129,10.05433333,14.43548387,9.709666667,15.28709677,169.0
,,,,,08165300,30.06410028,-99.3870175,"N Fk Guadalupe Rv nr Hunt, TX",2014,11.72580645,10.53285714,11.60354839,9.532333333,32.59903226,12.61233333,9.372903226,5.636451613,7.230333333,9.750967742,16.34333333,13.75806452,169.0
,,,,,08165300,30.06410028,-99.3870175,"N Fk Guadalupe Rv nr Hunt, TX",2015,15.74193548,8.720357143,13.62870968,9.033,146.8964516,45.23666667,22.39032258,15.59354839,10.23,20.50290323,33.54666667,23.33225806,169.0
,,,,,08165300,30.06410028,-99.3870175,"N Fk Guadalupe Rv nr Hunt, TX",2016,18.04193548,13.72758621,19.63548387,16.08333333,60.57483871,216.04,24.48709677,29.24516129,23.27666667,20.37096774,19.29333333,21.20645161,169.0
,,,,,08165300,30.06410028,-99.3870175,"N Fk Guadalupe Rv nr Hunt, TX",2017,18.51290323,29.72142857,24.67419355,19.86333333,19.3516129,17.36333333,14.76451613,14.33870968,13.83633333,10.63258065,16.88666667,15.52580645,169.0
,,,,,08165300,30.06410028,-99.3870175,"N Fk Guadalupe Rv nr Hunt, TX",2018,13.36451613,12.61571429,8.681935484,5.514666667,16.64935484,10.49466667,10.6116129,23.45290323,42.292,1782.196774,69.91666667,50.16774194,169.0
,,,,,08165300,30.06410028,-99.3870175,"N Fk Guadalupe Rv nr Hunt, TX",2019,40.09354839,34.5,31.58387097,28.62333333,31.5516129,35.87,22.34193548,19.33870968,19.05333333,19.66451613,26.58,20.96774194,169.0
,,,,,08165300,30.06410028,-99.3870175,"N Fk Guadalupe Rv nr Hunt, TX",2020,22.37096774,14.28965517,29.51935484,23.62666667,19.86451613,15.94,14.04193548,12.50967742,15.2,13.90645161,21.54333333,20.02903226,169.0
,,,,,08165300,30.06410028,-99.3870175,"N Fk Guadalupe Rv nr Hunt, TX",2021,17.93870968,14.27857143,14.97419355,12.86666667,24.57096774,18.79666667,24.58935484,12.57064516,13.71,24.90967742,18.34,15.42516129,169.0
,,,,,08165300,30.06410028,-99.3870175,"N Fk Guadalupe Rv nr Hunt, TX",2022,9.347096774,14.75357143,13.8,11.936,12.19225806,9.161666667,5.863548387,9.76483871,8.941666667,8.876774194,11.85733333,15.95129032,169.0
,,,,,08165300,30.06410028,-99.3870175,"N Fk Guadalupe Rv nr Hunt, TX",2023,12.14967742,12.25107143,11.53032258,9.382,11.75451613,8.529,5.726774194,4.548064516,7.541666667,10.30290323,12.27566667,15.52258065,169.0
,,,,,08165300,30.06410028,-99.3870175,"N Fk Guadalupe Rv nr Hunt, TX",2024,11.55580645,12.2162069,12.04451613,10.79633333,7.381612903,8.926,116.3103226,30.21612903,26.20366667,11.64096774,13.67766667,14.11645161,169.0
,,,,,08165500,30.06993074,-99.3217122,"Guadalupe Rv at Hunt, TX",2010,44.9483871,85.70714286,51.06774194,1822.163333,46.83870968,26.76666667,31.60322581,20.43870968,36.53333333,25.74516129,27.31666667,25.67419355,288.0
,,,,,08165500,30.06993074,-99.3217122,"Guadalupe Rv at Hunt, TX",2011,26.99032258,23.10714286,21.93225806,18.83,15.34193548,10.536,9.169677419,8.524516129,11.51566667,16.2516129,21.26666667,31.97741935,288.0
,,,,,08165500,30.06993074,-99.3217122,"Guadalupe Rv at Hunt, TX",2012,32.41935484,27.63103448,164.8032258,30.06333333,251.8290323,28.31,20.26774194,16.8,21.30333333,20.19354839,19.95666667,22.5,288.0
,,,,,08165500,30.06993074,-99.3217122,"Guadalupe Rv at Hunt, TX",2013,28.94193548,21.92857143,20.30322581,19.13,24.24193548,17.08,12.55258065,10.51870968,16.29333333,20.11612903,19.02666667,21.58387097,288.0
,,,,,08165500,30.06993074,-99.3217122,"Guadalupe Rv at Hunt, TX",2014,21.96451613,20.85357143,19.53870968,16.61666667,128.8,22.55333333,11.31096774,7.076451613,9.640666667,11.81483871,14.02666667,17.13548387,288.0
,,,,,08165500,30.06993074,-99.3217122,"Guadalupe Rv at Hunt, TX",2015,21.52258065,19.75357143,20.05483871,96.44333333,194.5419355,81.50333333,29.02903226,23.7483871,18.8,46.86129032,85.58666667,51.97419355,288.0
,,,,,08165500,30.06993074,-99.3217122,"Guadalupe Rv at Hunt, TX",2016,45.1483871,32.34137931,49.32258065,42.14666667,316.3967742,235.5466667,60.35806452,57.78064516,56.63,37.67741935,44.65666667,64.30322581,288.0
,,,,,08165500,30.06993074,-99.3217122,"Guadalupe Rv at Hunt, TX",2017,55.97096774,66.5,55.46451613,67.14,63.61935484,54.07,32.20967742,25.35483871,25.18,26.33870968,30.77333333,33.6516129,288.0
,,,,,08165500,30.06993074,-99.3217122,"Guadalupe Rv at Hunt, TX",2018,32.02258065,32.125,31.81290323,28.31333333,24.27096774,10.52866667,8.012903226,12.40580645,40.04666667,2204.3,222.5,142.0096774,288.0
,,,,,08165500,30.06993074,-99.3217122,"Guadalupe Rv at Hunt, TX",2019,102.4806452,71.18214286,69.89354839,62.35666667,112.8870968,77.22666667,39.91290323,43.17096774,45.94,43.92580645,44.68666667,38.02258065,288.0
,,,,,08165500,30.06993074,-99.3217122,"Guadalupe Rv at Hunt, TX",2020,47.69032258,46.69310345,49.91612903,46.98,39.50645161,22.53333333,18.99677419,19.88387097,27.84333333,19.81290323,23.41333333,29.86451613,288.0
,,,,,08165500,30.06993074,-99.3217122,"Guadalupe Rv at Hunt, TX",2021,34.41935484,34.00714286,31.15483871,26.42666667,91.46451613,47.72666667,67.87096774,30.65806452,21.05333333,37.56451613,33.53333333,29.95483871,288.0
,,,,,08165500,30.06993074,-99.3217122,"Guadalupe Rv at Hunt, TX",2022,29.88064516,26.91428571,21.15806452,14.98,11.16741935,6.983,7.730645161,13.79580645,15.53333333,13.91935484,19.57333333,20.79354839,288.0
,,,,,08165500,30.06993074,-99.3217122,"Guadalupe Rv at Hunt, TX",2023,19.71935484,19.38214286,16.28709677,15.70666667,19.03548387,13.87666667,5.954193548,4.596774194,12.29733333,17.81870968,26.53666667,41.26774194,288.0
,,,,,08165500,30.06993074,-99.3217122,"Guadalupe Rv at Hunt, TX",2024,28.00645161,15.41724138,10.84806452,9.977,19.79354839,14.984,91.64193548,49.96774194,34.72,9.620645161,13.70666667,21.11935484,288.0
,,,,,08166000,30.10020707,-99.2831006,"Johnson Ck nr Ingram, TX",2010,23.58064516,73.32857143,36.38387097,438.9333333,54.73870968,30.57333333,32.02903226,18.83548387,38.31,34.22258065,27.13666667,30.12580645,114.0
,,,,,08166000,30.10020707,-99.2831006,"Johnson Ck nr Ingram, TX",2011,22.44516129,20.55,21.71612903,21.53666667,16.23870968,11.13866667,11.1216129,10.27580645,14.95666667,13.96129032,16.96,17.59032258,114.0
,,,,,08166000,30.10020707,-99.2831006,"Johnson Ck nr Ingram, TX",2012,18.11935484,20.8,45.30645161,15.97,89.50645161,17.75666667,18.22903226,10.69806452,16.73266667,16.3516129,13.64333333,15.83548387,114.0
,,,,,08166000,30.10020707,-99.2831006,"Johnson Ck nr Ingram, TX",2013,24.62903226,14.64642857,12.65354839,17.23666667,20.46096774,12.32466667,10.97935484,8.589032258,25.55333333,22.07612903,13.67333333,15.0516129,114.0
,,,,,08166000,30.10020707,-99.2831006,"Johnson Ck nr Ingram, TX",2014,13.61290323,12.52714286,12.68935484,10.266,32.71387097,15.654,12.74322581,12.23516129,18.60666667,16.90193548,15.504,12.54193548,114.0
,,,,,08166000,30.10020707,-99.2831006,"Johnson Ck nr Ingram, TX",2015,13.55806452,10.74785714,15.91935484,16.70666667,57.69032258,33.72333333,19.17677419,10.8216129,10.358,38.64387097,20.394,23.06774194,114.0
,,,,,08166000,30.10020707,-99.2831006,"Johnson Ck nr Ingram, TX",2016,23.12580645,21.19310345,40.27419355,37.57333333,473.8903226,80.09333333,44.44193548,67.63870968,49.36333333,23.5483871,25.68666667,20.25483871,114.0
,,,,,08166000,30.10020707,-99.2831006,"Johnson Ck nr Ingram, TX",2017,18.1016129,35.78928571,23.20322581,17.14333333,10.23516129,22.47333333,18.43225806,29.61935484,26.1,18.09419355,16.01,23.74193548,114.0
,,,,,08166000,30.10020707,-99.2831006,"Johnson Ck nr Ingram, TX",2018,17.17419355,28.55,14.24774194,13.9,18.35225806,9.846666667,9.014193548,15.58387097,34.75,1214.451613,46.08,42.39032258,114.0
,,,,,08166000,30.10020707,-99.2831006,"Johnson Ck nr Ingram, TX",2019,31.52580645,30.66785714,34.14193548,33.71333333,73.74193548,47.89666667,30.32258065,19.41612903,18.01333333,21.2516129,25.55333333,22.83225806,114.0
,,,,,08166000,30.10020707,-99.2831006,"Johnson Ck nr Ingram, TX",2020,22.67419355,13.21655172,33.68645161,25.85333333,35.77419355,20.02666667,13.0,12.85806452,15.3,12.92903226,14.10333333,14.66774194,114.0
,,,,,08166000,30.10020707,-99.2831006,"Johnson Ck nr Ingram, TX",2021,15.33870968,15.05714286,13.41612903,14.16333333,36.2,29.62666667,58.02903226,15.93870968,13.10333333,17.03548387,12.8,13.49677419,114.0
,,,,,08166000,30.10020707,-99.2831006,"Johnson Ck nr Ingram, TX",2022,11.67419355,12.09285714,10.80741935,12.30966667,13.18354839,6.686333333,6.565806452,8.721290323,10.29366667,9.817096774,13.04,11.44387097,114.0
,,,,,08166000,30.10020707,-99.2831006,"Johnson Ck nr Ingram, TX",2023,10.04645161,10.14678571,9.841290323,10.58033333,11.31677419,8.347666667,4.46483871,3.752580645,8.083,8.32483871,10.508,9.718064516,114.0
,,,,,08166000,30.10020707,-99.2831006,"Johnson Ck nr Ingram, TX",2024,9.716774194,8.632758621,7.866129032,7.743333333,10.26258065,15.59433333,222.2809677,14.19387097,10.56933333,9.110645161,10.52633333,9.954193548,114.0
,,,,,08166140,30.06965617,-99.1953454,"Guadalupe Rv abv Bear Ck at Kerrville, TX",2010,98.45806452,166.653869,105.9032258,154.5641667,174.3870968,90.90666667,102.1258065,55.90322581,101.31,64.2516129,76.46,69.71612903,494.0
,,,,,08166140,30.06965617,-99.1953454,"Guadalupe Rv abv Bear Ck at Kerrville, TX",2011,57.15483871,56.67142857,42.67741935,35.87666667,34.0483871,21.16,16.98709677,15.81612903,26.49666667,32.17741935,50.56333333,72.07741935,494.0
,,,,,08166140,30.06965617,-99.1953454,"Guadalupe Rv abv Bear Ck at Kerrville, TX",2012,52.72903226,63.74137931,122.6056452,45.19666667,98.43924731,39.73,34.77096774,24.86774194,34.29333333,34.24193548,35.37333333,35.71935484,494.0
,,,,,08166140,30.06965617,-99.1953454,"Guadalupe Rv abv Bear Ck at Kerrville, TX",2013,47.43548387,34.40357143,36.45483871,44.32666667,44.58709677,37.44333333,24.46774194,9.876129032,33.58866667,47.0,40.71666667,40.28064516,494.0
,,,,,08166140,30.06965617,-99.1953454,"Guadalupe Rv abv Bear Ck at Kerrville, TX",2014,34.87419355,35.06428571,31.17741935,29.23333333,65.78172043,47.26666667,29.14387097,15.11290323,22.66866667,27.03225806,30.83333333,41.01612903,494.0
,,,,,08166140,30.06965617,-99.1953454,"Guadalupe Rv abv Bear Ck at Kerrville, TX",2015,46.19677419,37.29642857,38.28064516,46.79666667,116.4748387,134.9233333,62.70967742,30.22258065,26.65666667,56.62580645,97.67,89.52580645,494.0
,,,,,08166140,30.06965617,-99.1953454,"Guadalupe Rv abv Bear Ck at Kerrville, TX",2016,75.9,65.31034483,112.716129,82.53333333,160.6443548,192.3916667,93.32903226,115.2236559,98.58333333,70.57741935,60.46,48.2516129,494.0
,,,,,08166140,30.06965617,-99.1953454,"Guadalupe Rv abv Bear Ck at Kerrville, TX",2017,57.08709677,130.8160714,112.2516129,87.30333333,60.82903226,63.00333333,42.92258065,58.84193548,49.78666667,45.27419355,72.54666667,77.51612903,494.0
,,,,,08166140,30.06965617,-99.1953454,"Guadalupe Rv abv Bear Ck at Kerrville, TX",2018,61.49677419,54.49285714,56.33870968,47.14666667,67.73870968,24.569,13.42677419,16.08677419,110.9146667,202.2216129,222.9333333,212.3870968,494.0
,,,,,08166140,30.06965617,-99.1953454,"Guadalupe Rv abv Bear Ck at Kerrville, TX",2019,163.1290323,108.2821429,106.5806452,103.9333333,147.2419355,145.2233333,76.13548387,77.03548387,69.61333333,57.73548387,63.45,65.00967742,494.0
,,,,,08166140,30.06965617,-99.1953454,"Guadalupe Rv abv Bear Ck at Kerrville, TX",2020,80.96129032,53.83448276,69.31935484,76.69666667,96.78870968,82.75,42.90322581,35.19677419,49.05333333,42.98064516,49.04333333,48.24193548,494.0
,,,,,08166140,30.06965617,-99.1953454,"Guadalupe Rv abv Bear Ck at Kerrville, TX",2021,47.48709677,46.43571429,51.9,45.42666667,116.4967742,76.89333333,73.53870968,56.86774194,38.08,68.89354839,54.66,45.72258065,494.0
,,,,,08166140,30.06965617,-99.1953454,"Guadalupe Rv abv Bear Ck at Kerrville, TX",2022,52.90645161,48.39642857,37.63548387,34.54333333,39.81290323,19.50966667,7.795806452,11.88419355,32.80666667,28.02322581,36.79333333,39.82580645,494.0
,,,,,08166140,30.06965617,-99.1953454,"Guadalupe Rv abv Bear Ck at Kerrville, TX",2023,37.08709677,36.46428571,31.69032258,26.26666667,27.06774194,14.74866667,9.600645161,4.69483871,19.17933333,38.43225806,31.82,34.16774194,494.0
,,,,,08166140,30.06965617,-99.1953454,"Guadalupe Rv abv Bear Ck at Kerrville, TX",2024,39.34193548,32.46896552,32.83225806,14.076,34.78645161,54.00133333,83.02586022,33.72741935,58.65666667,23.78709677,37.99,35.09354839,494.0
,,,,,08166200,30.053266,-99.163375,"Guadalupe Rv at Kerrville, TX",2010,85.07096774,213.7107143,106.4967742,1632.216667,166.8064516,91.43666667,103.6612903,42.90322581,186.54,60.87096774,68.25666667,66.4,510.0
,,,,,08166200,30.053266,-99.163375,"Guadalupe Rv at Kerrville, TX",2011,66.61290323,60.41428571,40.80322581,43.3,36.28064516,18.31,12.30419355,13.13322581,16.83533333,28.9516129,46.88,58.20645161,510.0
,,,,,08166200,30.053266,-99.163375,"Guadalupe Rv at Kerrville, TX",2012,51.39354839,54.54482759,294.1322581,48.74666667,364.2903226,33.92333333,30.43870968,15.75709677,39.699,34.6,29.88666667,38.47096774,510.0
,,,,,08166200,30.053266,-99.163375,"Guadalupe Rv at Kerrville, TX",2013,66.0483871,35.7,37.4516129,53.61,48.32903226,31.35333333,16.95483871,8.339354839,36.60333333,57.93870968,38.11,38.46129032,510.0
,,,,,08166200,30.053266,-99.163375,"Guadalupe Rv at Kerrville, TX",2014,29.93225806,28.34285714,25.97741935,26.61333333,176.9425806,43.85,21.06548387,9.201290323,28.56733333,32.40322581,37.62,31.33870968,510.0
,,,,,08166200,30.053266,-99.163375,"Guadalupe Rv at Kerrville, TX",2015,44.60967742,32.52142857,39.83548387,108.9866667,310.1354839,138.2766667,63.29354839,26.36129032,17.53,74.88387097,109.2533333,107.6387097,510.0
,,,,,08166200,30.053266,-99.163375,"Guadalupe Rv at Kerrville, TX",2016,97.72580645,77.58275862,115.4193548,98.17333333,1092.541935,379.1333333,75.23870968,164.1741935,111.9266667,73.19032258,84.09666667,110.9516129,510.0
,,,,,08166200,30.053266,-99.163375,"Guadalupe Rv at Kerrville, TX",2017,112.3741935,203.7785714,113.3741935,93.71,68.97741935,77.88666667,36.31612903,62.42258065,48.18333333,45.35483871,48.60666667,64.05483871,510.0
,,,,,08166200,30.053266,-99.163375,"Guadalupe Rv at Kerrville, TX",2018,56.74516129,60.06785714,57.14516129,51.28333333,61.76774194,13.388,12.01129032,25.86322581,144.577,2988.829032,266.9,204.0967742,510.0
,,,,,08166200,30.053266,-99.163375,"Guadalupe Rv at Kerrville, TX",2019,162.4193548,126.6428571,122.1258065,112.8833333,166.9483871,179.3633333,92.97741935,106.4935484,57.15666667,52.70645161,56.79666667,57.24516129,510.0
,,,,,08166200,30.053266,-99.163375,"Guadalupe Rv at Kerrville, TX",2020,80.8,70.14482759,83.07741935,72.37333333,205.7612903,88.67666667,41.47741935,28.42258065,45.31,39.02258065,42.24333333,48.36774194,510.0
,,,,,08166200,30.053266,-99.163375,"Guadalupe Rv at Kerrville, TX",2021,55.67096774,50.62857143,47.60967742,46.05,280.1483871,89.23666667,123.5612903,47.22903226,30.04666667,68.87741935,44.68333333,41.38387097,510.0
,,,,,08166200,30.053266,-99.163375,"Guadalupe Rv at Kerrville, TX",2022,37.32580645,42.21785714,40.39032258,22.68333333,19.98064516,8.517666667,9.384516129,15.14290323,28.722,16.06645161,35.89666667,34.22580645,510.0
,,,,,08166200,30.053266,-99.163375,"Guadalupe Rv at Kerrville, TX",2023,31.03548387,30.39285714,23.53548387,34.13333333,38.92580645,19.73766667,5.8,1.096129032,8.794333333,28.65870968,48.00666667,35.0,510.0
,,,,,08166200,30.053266,-99.163375,"Guadalupe Rv at Kerrville, TX",2024,36.76129032,36.91724138,29.70967742,11.54533333,34.69870968,53.369,549.366129,46.11903226,135.8933333,21.69677419,51.61333333,29.76451613,510.0
,,,,,08166250,29.98777778,-99.11,"Guadalupe Rv nr Center Point, TX",2010,65.35461365,66.37697259,75.55005626,74.28266667,71.89306452,76.332,68.66370968,43.52258065,65.695,71.23225806,72.53833333,73.54516129,553.0
,,,,,08166250,29.98777778,-99.11,"Guadalupe Rv nr Center Point, TX",2011,67.63064516,60.79821429,44.25806452,38.90333333,32.08064516,14.75666667,12.09677419,12.32580645,17.62,23.00322581,40.78666667,58.06451613,553.0
,,,,,08166250,29.98777778,-99.11,"Guadalupe Rv nr Center Point, TX",2012,51.73709677,53.28965517,59.25967742,46.88666667,65.35241935,35.71333333,30.90645161,19.09677419,29.53833333,34.00322581,31.10666667,38.20967742,553.0
,,,,,08166250,29.98777778,-99.11,"Guadalupe Rv nr Center Point, TX",2013,49.67016129,40.95357143,37.8483871,43.45833333,44.75806452,39.87,16.28451613,9.345483871,23.99333333,34.37096774,39.64333333,42.42903226,553.0
,,,,,08166250,29.98777778,-99.11,"Guadalupe Rv nr Center Point, TX",2014,37.33225806,33.45714286,30.97096774,28.89666667,41.95322581,43.74,16.43354839,7.37483871,16.98866667,26.6983871,37.10416667,34.96774194,553.0
,,,,,08166250,29.98777778,-99.11,"Guadalupe Rv nr Center Point, TX",2015,43.28064516,35.95357143,42.65483871,66.54666667,186.3333333,171.5466667,60.81935484,29.16451613,21.30333333,55.09032258,105.1447222,112.4,553.0
,,,,,08166250,29.98777778,-99.11,"Guadalupe Rv nr Center Point, TX",2016,91.36129032,75.54482759,115.983871,148.6966667,185.9465054,253.5430556,92.33548387,156.5462366,117.4266667,82.36129032,109.5933333,136.083871,553.0
,,,,,08166250,29.98777778,-99.11,"Guadalupe Rv nr Center Point, TX",2017,120.2903226,200.3964286,144.1935484,122.8744444,108.916129,86.71666667,37.21290323,49.77849462,51.8,53.05483871,52.67333333,66.43870968,553.0
,,,,,08166250,29.98777778,-99.11,"Guadalupe Rv nr Center Point, TX",2018,58.01935484,62.99285714,55.3516129,42.46,64.80967742,23.03333333,21.22903226,35.39032258,135.5866667,255.6706989,214.7333333,230.9193548,553.0
,,,,,08166250,29.98777778,-99.11,"Guadalupe Rv nr Center Point, TX",2019,183.1935484,143.6428571,139.3548387,135.6,176.0693548,213.2333333,97.42258065,72.20107527,56.22666667,54.63225806,65.02,66.42903226,553.0
,,,,,08166250,29.98777778,-99.11,"Guadalupe Rv nr Center Point, TX",2020,87.50967742,74.6,94.1516129,96.61333333,104.6637097,69.82222222,36.28709677,27.10645161,48.71333333,33.21612903,40.61,51.82580645,553.0
,,,,,08166250,29.98777778,-99.11,"Guadalupe Rv nr Center Point, TX",2021,59.88064516,60.175,59.90967742,47.97,138.6967742,101.3466667,124.8,65.47741935,32.42,88.90967742,62.39,53.56774194,553.0
,,,,,08166250,29.98777778,-99.11,"Guadalupe Rv nr Center Point, TX",2022,51.28064516,49.45,38.20645161,26.01666667,15.79967742,5.979,4.214516129,14.54806452,29.93666667,21.66129032,33.75,33.36774194,553.0
,,,,,08166250,29.98777778,-99.11,"Guadalupe Rv nr Center Point, TX",2023,34.81612903,35.26071429,28.56451613,25.47666667,62.54193548,19.81033333,2.884193548,0.203225806,5.381,29.17096774,33.45333333,32.59677419,553.0
,,,,,08166250,29.98777778,-99.11,"Guadalupe Rv nr Center Point, TX",2024,37.48064516,41.68965517,26.00645161,26.10666667,39.95698925,54.56666667,61.75483871,40.46451613,63.36666667,17.00967742,22.12333333,25.35806452,553.0
,,,,,08167800,29.85910758,-98.1800106,"Guadalupe Rv at Sattler, TX",2010,107.8709677,321.8214286,523.0645161,1004.666667,723.5806452,375.1333333,356.3225806,203.8387097,489.4,150.9354839,110.4333333,113.0967742,1436.0
,,,,,08167800,29.85910758,-98.1800106,"Guadalupe Rv at Sattler, TX",2011,140.4516129,130.8928571,132.3870968,66.08333333,55.57096774,58.12333333,59.10322581,66.71935484,73.64333333,71.20322581,56.15,57.27741935,1436.0
,,,,,08167800,29.85910758,-98.1800106,"Guadalupe Rv at Sattler, TX",2012,69.90322581,80.11034483,95.37741935,88.58666667,97.27741935,84.82,58.33548387,61.55806452,76.28,64.85806452,57.53,55.56451613,1436.0
,,,,,08167800,29.85910758,-98.1800106,"Guadalupe Rv at Sattler, TX",2013,93.55483871,56.5,56.41290323,71.04666667,82.62580645,79.79666667,69.17096774,64.01290323,73.61,147.0387097,75.89333333,57.20322581,1436.0
,,,,,08167800,29.85910758,-98.1800106,"Guadalupe Rv at Sattler, TX",2014,54.50322581,50.90357143,51.0,51.99,84.47741935,66.55666667,61.16129032,60.48064516,65.72666667,65.11612903,73.84,57.86129032,1436.0
,,,,,08167800,29.85910758,-98.1800106,"Guadalupe Rv at Sattler, TX",2015,69.43225806,74.17857143,79.70322581,86.47,341.416129,4751.0,444.4516129,221.4516129,205.8333333,313.5032258,1248.0,571.3225806,1436.0
,,,,,08167800,29.85910758,-98.1800106,"Guadalupe Rv at Sattler, TX",2016,305.9677419,159.2758621,212.1290323,571.4,1746.387097,3414.433333,571.8064516,458.6774194,337.3333333,194.5806452,177.2,299.2258065,1436.0
,,,,,08167800,29.85910758,-98.1800106,"Guadalupe Rv at Sattler, TX",2017,428.1935484,527.7142857,602.9677419,415.1666667,193.3225806,148.9333333,112.7096774,115.2258065,67.89666667,80.14516129,71.27333333,90.3516129,1436.0
,,,,,08167800,29.85910758,-98.1800106,"Guadalupe Rv at Sattler, TX",2018,88.07741935,86.23214286,82.00645161,67.98666667,72.84516129,55.79666667,61.00967742,62.57419355,90.96333333,1316.245161,657.6333333,514.2580645,1436.0
,,,,,08167800,29.85910758,-98.1800106,"Guadalupe Rv at Sattler, TX",2019,830.1612903,507.5357143,368.1935484,229.9666667,1027.096774,429.9,301.5483871,157.5483871,144.5666667,99.23548387,73.96,79.91290323,1436.0
,,,,,08167800,29.85910758,-98.1800106,"Guadalupe Rv at Sattler, TX",2020,86.18709677,95.58965517,97.53870968,98.32666667,142.3709677,87.89,62.94516129,64.16129032,74.02666667,57.08387097,55.96666667,54.4483871,1436.0
,,,,,08167800,29.85910758,-98.1800106,"Guadalupe Rv at Sattler, TX",2021,63.86129032,66.70714286,71.88387097,58.89333333,109.1096774,104.1666667,102.8387097,93.32903226,77.94333333,170.2774194,109.5333333,107.3225806,1436.0
,,,,,08167800,29.85910758,-98.1800106,"Guadalupe Rv at Sattler, TX",2022,105.0451613,83.92142857,68.47419355,53.68,54.28709677,68.45,70.03870968,93.83870968,73.7,70.00967742,67.49666667,64.86451613,1436.0
,,,,,08167800,29.85910758,-98.1800106,"Guadalupe Rv at Sattler, TX",2023,63.74516129,64.95357143,61.76451613,73.71333333,73.4516129,73.51,76.95806452,101.8290323,97.67,78.85483871,69.92333333,67.76129032,1436.0
,,,,,08167800,29.85910758,-98.1800106,"Guadalupe Rv at Sattler, TX",2024,61.39677419,49.73103448,42.38064516,62.20333333,65.02580645,75.66333333,83.43225806,78.45806452,76.68666667,70.07096774,70.53333333,66.92580645,1436.0
,,,,,08168797,29.688,-98.1548333,"Dry Comal Ck at Loop 337 nr New Braunfels, TX",2010,71.25258065,214.7664286,12.11516129,2.686666667,141.6670968,402.706,5.460645161,0.607741935,288.1036667,0.697419355,0.606666667,1.318064516,107.0
,,,,,08168797,29.688,-98.1548333,"Dry Comal Ck at Loop 337 nr New Braunfels, TX",2011,6.685806452,0.583214286,0.31483871,0.253333333,0.091935484,0.061,0.035483871,0.0,0.0,1.077096774,0.225,2.396451613,107.0
,,,,,08168797,29.688,-98.1548333,"Dry Comal Ck at Loop 337 nr New Braunfels, TX",2012,24.00354839,63.51413793,61.02419355,0.416333333,19.71225806,0.089666667,14.7583871,0.632903226,56.58766667,1.716774194,0.305,0.712580645,107.0
,,,,,08168797,29.688,-98.1548333,"Dry Comal Ck at Loop 337 nr New Braunfels, TX",2013,7.497419355,0.422857143,1.29483871,1.760333333,19.03354839,0.740666667,15.12419355,0.000322581,14.03666667,21.78645161,27.243,0.337096774,107.0
,,,,,08168797,29.688,-98.1548333,"Dry Comal Ck at Loop 337 nr New Braunfels, TX",2014,0.153548387,0.225714286,0.555806452,0.12,11.76516129,0.029666667,0.0,0.0,3.175666667,0.010322581,111.0496667,0.088387097,107.0
,,,,,08168797,29.688,-98.1548333,"Dry Comal Ck at Loop 337 nr New Braunfels, TX",2015,23.10548387,0.364285714,32.48258065,80.08266667,265.9932258,364.054,1.93483871,0.055483871,0.0,285.8193548,25.74,12.92193548,107.0
,,,,,08168797,29.688,-98.1548333,"Dry Comal Ck at Loop 337 nr New Braunfels, TX",2016,5.600322581,3.637586207,16.85258065,37.09633333,422.87,88.45166667,5.303870968,146.1103226,174.9873333,2.181935484,9.102,162.7658065,107.0
,,,,,08168797,29.688,-98.1548333,"Dry Comal Ck at Loop 337 nr New Braunfels, TX",2017,61.25354839,54.73821429,428.0832258,120.5876667,3.143870968,7.722,0.339032258,26.99387097,3.045666667,0.21,0.579333333,14.5316129,107.0
,,,,,08168797,29.688,-98.1548333,"Dry Comal Ck at Loop 337 nr New Braunfels, TX",2018,1.421290323,57.14642857,122.3119355,3.207666667,1.354516129,0.010666667,0.010967742,0.004193548,25.45333333,18.04483871,4.858,19.39451613,107.0
,,,,,08168797,29.688,-98.1548333,"Dry Comal Ck at Loop 337 nr New Braunfels, TX",2019,12.78322581,3.002857143,9.050967742,5.475,53.42290323,6.454333333,0.040322581,0.001290323,0.0,0.712258065,0.025,0.036129032,107.0
,,,,,08168797,29.688,-98.1548333,"Dry Comal Ck at Loop 337 nr New Braunfels, TX",2020,0.274516129,0.280689655,0.894516129,7.299333333,11.11516129,0.152333333,0.0,0.001612903,0.809333333,0.000322581,0.0,0.048709677,107.0
,,,,,08168797,29.688,-98.1548333,"Dry Comal Ck at Loop 337 nr New Braunfels, TX",2021,0.259677419,0.315,0.098709677,3.762333333,47.56580645,86.46133333,10.67387097,0.468387097,6.435,80.61580645,0.867333333,0.204193548,107.0
,,,,,08168797,29.688,-98.1548333,"Dry Comal Ck at Loop 337 nr New Braunfels, TX",2022,0.174516129,10.02607143,0.389032258,12.26033333,0.094516129,0.02,0.0,0.0,0.008666667,0.004193548,0.069,0.000645161,107.0
,,,,,08168797,29.688,-98.1548333,"Dry Comal Ck at Loop 337 nr New Braunfels, TX",2023,0.004193548,0.090714286,0.110967742,7.128333333,13.43967742,2.241333333,0.009032258,0.112258065,1.024,0.617741935,0.104666667,0.084193548,107.0
,,,,,08168797,29.688,-98.1548333,"Dry Comal Ck at Loop 337 nr New Braunfels, TX",2024,63.98967742,2.263793103,0.555483871,0.432333333,0.318709677,7.071333333,4.833225806,0.015806452,0.0,0.0,0.0,0.0,107.0
,,,,,08168913,29.71007778,-98.1316611,"Comal Rv (oc) nr Landa Lk, New Braunfels, TX",2010,49.26000106,47.24160597,48.23708086,48.21057018,48.01587436,45.20864035,44.03160017,48.14501804,45.61559211,46.88682619,48.4259375,48.29973472,112.0
,,,,,08168913,29.71007778,-98.1316611,"Comal Rv (oc) nr Landa Lk, New Braunfels, TX",2011,49.26000106,47.24160597,48.23708086,48.21057018,48.01587436,45.20864035,44.03160017,48.14501804,45.61559211,46.88682619,48.4259375,48.29973472,112.0
,,,,,08168913,29.71007778,-98.1316611,"Comal Rv (oc) nr Landa Lk, New Braunfels, TX",2012,49.26000106,51.72634415,58.17258065,52.58666667,62.64032258,62.75333333,61.67419355,60.69032258,57.82333333,52.13225806,49.83333333,55.40967742,112.0
,,,,,08168913,29.71007778,-98.1316611,"Comal Rv (oc) nr Landa Lk, New Braunfels, TX",2013,53.96451613,50.73214286,52.6,53.37666667,50.40967742,51.75,56.88709677,71.47096774,64.51,52.14193548,45.41666667,42.23548387,112.0
,,,,,08168913,29.71007778,-98.1316611,"Comal Rv (oc) nr Landa Lk, New Braunfels, TX",2014,42.38064516,41.27142857,37.83870968,54.98,61.30967742,57.87,56.01612903,57.16774194,55.39833333,53.27741935,59.36333333,57.85483871,112.0
,,,,,08168913,29.71007778,-98.1316611,"Comal Rv (oc) nr Landa Lk, New Braunfels, TX",2015,57.52580645,60.44285714,62.61612903,64.78,63.70967742,63.83,58.71290323,60.40645161,60.32,63.44423963,63.35428571,61.62258065,112.0
,,,,,08168913,29.71007778,-98.1316611,"Comal Rv (oc) nr Landa Lk, New Braunfels, TX",2016,62.34516129,60.5862069,63.50322581,62.82,61.08387097,52.88666667,50.74516129,58.0516129,54.52666667,59.97419355,67.84333333,67.02903226,112.0
,,,,,08168913,29.71007778,-98.1316611,"Comal Rv (oc) nr Landa Lk, New Braunfels, TX",2017,66.95806452,63.52857143,66.76129032,64.10666667,62.54193548,59.71,62.37741935,64.69032258,63.79333333,67.9516129,68.31,70.43870968,112.0
,,,,,08168913,29.71007778,-98.1316611,"Comal Rv (oc) nr Landa Lk, New Braunfels, TX",2018,68.37096774,67.63928571,65.32580645,64.01,63.38064516,57.17,55.87741935,64.90645161,59.43333333,68.72258065,69.8,63.50967742,112.0
,,,,,08168913,29.71007778,-98.1316611,"Comal Rv (oc) nr Landa Lk, New Braunfels, TX",2019,64.79354839,65.49642857,67.18709677,63.08333333,65.17096774,61.22,59.48387097,64.2483871,60.44666667,70.59032258,63.05333333,67.2516129,112.0
,,,,,08168913,29.71007778,-98.1316611,"Comal Rv (oc) nr Landa Lk, New Braunfels, TX",2020,69.29677419,66.7137931,63.71612903,62.78333333,62.06451613,61.11333333,59.50322581,64.29032258,57.51,68.56129032,67.13666667,65.9516129,112.0
,,,,,08168913,29.71007778,-98.1316611,"Comal Rv (oc) nr Landa Lk, New Braunfels, TX",2021,68.18387097,64.72857143,57.86451613,59.26666667,63.86774194,59.62333333,58.10645161,71.17096774,62.48,250.0225806,70.84,62.17741935,112.0
,,,,,08168913,29.71007778,-98.1316611,"Comal Rv (oc) nr Landa Lk, New Braunfels, TX",2022,61.1516129,59.18928571,57.6516129,62.07333333,56.31290323,53.77666667,50.96129032,56.03870968,47.28666667,49.31935484,55.24333333,55.81935484,112.0
,,,,,08168913,29.71007778,-98.1316611,"Comal Rv (oc) nr Landa Lk, New Braunfels, TX",2023,56.01290323,57.74285714,62.62903226,61.48666667,67.63548387,57.08666667,54.29354839,45.7516129,50.83666667,50.55483871,49.11666667,48.75483871,112.0
,,,,,08168913,29.71007778,-98.1316611,"Comal Rv (oc) nr Landa Lk, New Braunfels, TX",2024,48.5516129,54.93448276,57.86451613,58.61333333,60.71612903,55.03,53.90967742,60.62580645,52.14333333,42.10645161,35.98666667,35.15483871,112.0
,,,,,08170000,29.88910804,-97.9341718,"San Marcos Spgs at San Marcos, TX",2010,192.8387097,251.25,255.8064516,248.0333333,233.4193548,224.9666667,218.1612903,207.1612903,215.7,201.9354839,181.7333333,169.516129,47.22226314354477
,,,,,08170000,29.88910804,-97.9341718,"San Marcos Spgs at San Marcos, TX",2011,163.6129032,151.9285714,149.0322581,137.1,122.4193548,110.9666667,104.1290323,95.67741935,90.53333333,91.87096774,93.83333333,99.29032258,47.22226314354477
,,,,,08170000,29.88910804,-97.9341718,"San Marcos Spgs at San Marcos, TX",2012,107.0,147.6551724,178.9032258,206.4666667,213.6774194,207.2666667,183.4516129,162.5806452,146.8,148.9032258,134.9,123.516129,47.22226314354477
,,,,,08170000,29.88910804,-97.9341718,"San Marcos Spgs at San Marcos, TX",2013,120.0322581,114.2857143,108.3225806,107.5,103.9032258,120.6,113.5806452,107.0645161,102.9666667,116.8064516,211.7333333,185.0,47.22226314354477
,,,,,08170000,29.88910804,-97.9341718,"San Marcos Spgs at San Marcos, TX",2014,162.2903226,150.2142857,138.4516129,124.2666667,118.8064516,153.5333333,136.5483871,114.2903226,107.1333333,106.3870968,109.4,118.7419355,47.22226314354477
,,,,,08170000,29.88910804,-97.9341718,"San Marcos Spgs at San Marcos, TX",2015,125.1612903,156.0,164.8387097,175.5,208.0645161,340.3,318.0322581,281.8064516,240.5666667,205.9354839,325.2333333,325.5483871,47.22226314354477
,,,,,08170000,29.88910804,-97.9341718,"San Marcos Spgs at San Marcos, TX",2016,290.8064516,252.9310345,240.6129032,257.5,311.7096774,342.4333333,315.3225806,285.0,263.0,269.6451613,246.4333333,241.0,47.22226314354477
,,,,,08170000,29.88910804,-97.9341718,"San Marcos Spgs at San Marcos, TX",2017,226.516129,236.3928571,239.1290323,272.0,269.1935484,241.5333333,202.483871,185.9032258,229.1,202.8064516,186.3,173.1612903,47.22226314354477
,,,,,08170000,29.88910804,-97.9341718,"San Marcos Spgs at San Marcos, TX",2018,165.0322581,164.4285714,157.6451613,182.1333333,175.0,143.5666667,148.4516129,129.516129,148.7333333,187.8709677,217.5666667,236.7096774,47.22226314354477
,,,,,08170000,29.88910804,-97.9341718,"San Marcos Spgs at San Marcos, TX",2019,254.7741935,247.8928571,238.7096774,238.3,270.8709677,262.1,227.7096774,213.5483871,193.2333333,178.516129,177.5666667,165.483871,47.22226314354477
,,,,,08170000,29.88910804,-97.9341718,"San Marcos Spgs at San Marcos, TX",2020,158.6129032,150.5517241,148.483871,146.6333333,165.9354839,191.2,168.5483871,139.3870968,135.8333333,145.9032258,131.0666667,121.4516129,47.22226314354477
,,,,,08170000,29.88910804,-97.9341718,"San Marcos Spgs at San Marcos, TX",2021,117.7096774,110.5357143,108.3225806,102.3666667,137.7419355,171.0,168.2258065,160.0645161,146.5,178.8709677,205.4,176.3225806,47.22226314354477
,,,,,08170000,29.88910804,-97.9341718,"San Marcos Spgs at San Marcos, TX",2022,159.6774194,169.1785714,169.7419355,146.7333333,128.516129,108.0,100.1935484,90.74193548,87.83333333,84.61290323,87.66666667,87.09677419,47.22226314354477
,,,,,08170000,29.88910804,-97.9341718,"San Marcos Spgs at San Marcos, TX",2023,89.74193548,90.5,84.93548387,87.5,99.77419355,89.4,86.41935484,73.83870968,69.0,78.74193548,87.86666667,84.67741935,47.22226314354477
,,,,,08170000,29.88910804,-97.9341718,"San Marcos Spgs at San Marcos, TX",2024,105.0645161,168.1724138,150.6451613,124.5,128.7419355,111.8,107.8064516,100.3548387,92.03333333,87.38709677,81.8,83.70967742,47.22226314354477
,,,,,08170500,29.88910804,-97.9341718,"San Marcos Rv at San Marcos, TX",2010,200.3225806,260.5,262.6774194,262.6666667,248.3548387,236.1,226.9354839,216.9032258,239.9,206.2258065,188.3666667,173.8387097,48.9
,,,,,08170500,29.88910804,-97.9341718,"San Marcos Rv at San Marcos, TX",2011,168.8064516,154.6785714,151.7741935,139.7333333,130.7419355,120.0333333,108.6129032,99.02258065,94.48666667,94.9483871,98.62333333,102.8290323,48.9
,,,,,08170500,29.88910804,-97.9341718,"San Marcos Rv at San Marcos, TX",2012,126.1612903,152.0344828,200.5483871,208.8333333,242.1935484,211.8,198.2903226,167.6129032,158.8333333,152.2258065,137.1,124.9354839,48.9
,,,,,08170500,29.88910804,-97.9341718,"San Marcos Rv at San Marcos, TX",2013,123.3548387,116.0,112.0,114.0333333,117.1419355,124.4666667,119.8709677,109.9677419,115.1666667,200.8709677,263.6666667,187.1935484,48.9
,,,,,08170500,29.88910804,-97.9341718,"San Marcos Rv at San Marcos, TX",2014,164.7096774,151.8214286,141.2258065,126.3333333,144.7096774,157.3,148.8387097,117.3225806,114.7333333,107.6451613,118.0666667,121.3548387,48.9
,,,,,08170500,29.88910804,-97.9341718,"San Marcos Rv at San Marcos, TX",2015,130.3870968,158.1071429,168.8709677,194.5,249.9354839,360.1,326.2580645,294.7096774,252.8333333,489.8709677,420.0333333,330.2580645,48.9
,,,,,08170500,29.88910804,-97.9341718,"San Marcos Rv at San Marcos, TX",2016,292.2903226,255.6896552,243.0,272.5666667,319.7741935,350.0333333,332.1612903,306.516129,360.6333333,276.3870968,257.2333333,250.0322581,48.9
,,,,,08170500,29.88910804,-97.9341718,"San Marcos Rv at San Marcos, TX",2017,236.2258065,250.7857143,247.1290323,344.6333333,283.8387097,257.4333333,214.483871,207.3225806,240.1333333,210.7419355,192.1,182.3225806,48.9
,,,,,08170500,29.88910804,-97.9341718,"San Marcos Rv at San Marcos, TX",2018,168.8387097,168.8571429,184.6451613,186.5666667,185.4193548,153.5333333,175.9677419,138.4193548,176.6333333,201.4193548,223.5333333,248.2258065,48.9
,,,,,08170500,29.88910804,-97.9341718,"San Marcos Rv at San Marcos, TX",2019,267.4516129,253.2142857,244.0322581,263.6,289.4193548,280.7666667,239.3225806,221.6451613,199.2,193.8709677,182.3,168.6129032,48.9
,,,,,08170500,29.88910804,-97.9341718,"San Marcos Rv at San Marcos, TX",2020,163.8709677,154.1724138,154.9032258,159.6,190.1935484,201.0333333,175.2903226,145.0645161,148.2666667,153.3870968,136.2,126.4193548,48.9
,,,,,08170500,29.88910804,-97.9341718,"San Marcos Rv at San Marcos, TX",2021,121.5483871,113.5,112.2580645,108.1333333,158.7096774,181.7333333,181.516129,170.5483871,176.9666667,261.3870968,214.5333333,189.8387097,48.9
,,,,,08170500,29.88910804,-97.9341718,"San Marcos Rv at San Marcos, TX",2022,172.1935484,192.8928571,180.1935484,154.7333333,137.8387097,120.0,106.083871,99.39677419,97.04333333,92.11290323,96.70666667,91.70967742,48.9
,,,,,08170500,29.88910804,-97.9341718,"San Marcos Rv at San Marcos, TX",2023,92.56129032,93.24642857,90.43225806,100.75,106.8870968,96.07,94.49354839,77.99354839,72.19666667,95.20322581,89.56333333,86.04516129,48.9
,,,,,08170500,29.88910804,-97.9341718,"San Marcos Rv at San Marcos, TX",2024,119.1580645,175.4137931,155.5483871,130.9,137.4516129,122.1,123.9677419,106.0645161,96.71,89.05483871,86.15333333,84.98709677,48.9
,,,,,08170950,30.00058333,-98.2003611,"Blanco Rv at Fischer Store Rd nr Fischer, TX",2010,82.87763561,87.88850758,81.75662281,92.07122905,99.02795098,185.3807263,162.7092089,107.97286,112.322905,96.87096774,85.76804469,70.87893314,269.0
,,,,,08170950,30.00058333,-98.2003611,"Blanco Rv at Fischer Store Rd nr Fischer, TX",2011,82.87763561,87.88850758,81.75662281,92.07122905,99.02795098,185.3807263,162.7092089,107.97286,112.322905,96.87096774,85.76804469,70.87893314,269.0
,,,,,08170950,30.00058333,-98.2003611,"Blanco Rv at Fischer Store Rd nr Fischer, TX",2012,82.87763561,87.72558274,81.93443864,92.0872067,102.9398991,184.3421788,161.9051721,106.1019283,112.3548603,96.56172283,85.49642458,70.46145251,269.0
,,,,,08170950,30.00058333,-98.2003611,"Blanco Rv at Fischer Store Rd nr Fischer, TX",2013,82.87763561,87.88850758,81.75662281,92.07122905,99.02795098,185.3807263,162.7092089,107.97286,112.322905,96.87096774,85.76804469,70.87893314,269.0
,,,,,08170950,30.00058333,-98.2003611,"Blanco Rv at Fischer Store Rd nr Fischer, TX",2014,82.87763561,87.88850758,81.75662281,92.07122905,99.02795098,185.3807263,162.7092089,107.97286,112.322905,96.87096774,85.76804469,70.87893314,269.0
,,,,,08170950,30.00058333,-98.2003611,"Blanco Rv at Fischer Store Rd nr Fischer, TX",2015,82.87763561,87.88850758,81.75662281,92.07122905,99.02795098,185.3807263,162.7092089,107.97286,112.322905,96.87096774,85.76804469,70.87893314,269.0
,,,,,08170950,30.00058333,-98.2003611,"Blanco Rv at Fischer Store Rd nr Fischer, TX",2016,82.87763561,87.72558274,81.93443864,215.7392179,333.6774194,425.7,97.21935484,130.016129,87.61,65.9516129,63.75333333,74.02580645,269.0
,,,,,08170950,30.00058333,-98.2003611,"Blanco Rv at Fischer Store Rd nr Fischer, TX",2017,90.22580645,153.8928571,116.7193548,135.2511111,73.96129032,61.18333333,41.76451613,37.63225806,32.94666667,29.58064516,26.51,24.45806452,269.0
,,,,,08170950,30.00058333,-98.2003611,"Blanco Rv at Fischer Store Rd nr Fischer, TX",2018,21.56451613,19.72142857,23.23548387,20.61666667,18.55806452,15.17333333,13.38387097,12.26451613,76.6,71.37096774,70.02333333,105.0419355,269.0
,,,,,08170950,30.00058333,-98.2003611,"Blanco Rv at Fischer Store Rd nr Fischer, TX",2019,172.2580645,102.9071429,70.97096774,68.84,395.6024194,117.9766667,69.06451613,49.58387097,33.1,22.2516129,17.62,14.78709677,269.0
,,,,,08170950,30.00058333,-98.2003611,"Blanco Rv at Fischer Store Rd nr Fischer, TX",2020,16.4,21.55172414,22.47096774,25.35666667,94.3172043,56.50666667,34.58064516,22.13548387,29.75,17.95483871,15.54333333,13.51290323,269.0
,,,,,08170950,30.00058333,-98.2003611,"Blanco Rv at Fischer Store Rd nr Fischer, TX",2021,13.0,12.85,12.44516129,12.31333333,17.46451613,64.63333333,36.88387097,30.27741935,21.21,77.54516129,29.72666667,23.80967742,269.0
,,,,,08170950,30.00058333,-98.2003611,"Blanco Rv at Fischer Store Rd nr Fischer, TX",2022,18.09677419,17.30714286,15.37096774,13.69333333,12.66774194,11.057,9.79,9.53483871,8.988666667,7.779032258,7.625333333,8.328064516,269.0
,,,,,08170950,30.00058333,-98.2003611,"Blanco Rv at Fischer Store Rd nr Fischer, TX",2023,7.453225806,7.077857143,6.080322581,7.651666667,11.40903226,11.94933333,7.373548387,6.282258065,6.298666667,6.820967742,5.978,5.876774194,269.0
,,,,,08170950,30.00058333,-98.2003611,"Blanco Rv at Fischer Store Rd nr Fischer, TX",2024,7.355806452,7.069655172,6.048709677,6.144,9.378387097,8.722,7.720645161,4.43516129,5.959333333,3.46483871,12.06733333,7.565806452,269.0
,,,,,08171290,30.00555556,-97.9525,"Blanco Rv at Halifax Rch nr Kyle, TX",2010,535.0967742,873.8571429,393.6451613,190.1666667,271.3548387,148.0,143.4483871,57.54193548,352.8566667,97.96774194,67.57333333,55.99354839,391.0
,,,,,08171290,30.00555556,-97.9525,"Blanco Rv at Halifax Rch nr Kyle, TX",2011,56.23225806,43.03571429,33.76451613,23.97666667,18.98387097,12.08766667,9.421935484,7.453548387,8.300666667,17.82,13.40466667,26.88387097,391.0
,,,,,08171290,30.00555556,-97.9525,"Blanco Rv at Halifax Rch nr Kyle, TX",2012,142.0290323,170.537931,39.61354839,29.43,29.43,29.43,29.43,29.39297064,29.43,29.43,29.43,29.43,391.0
,,,,,08171290,30.00555556,-97.9525,"Blanco Rv at Halifax Rch nr Kyle, TX",2013,29.43,29.43,28.87696535,25.52612434,26.61097969,27.22217813,22.19317745,21.73333333,21.2191649,116.4258065,144.6433333,63.14516129,391.0
,,,,,08171290,30.00555556,-97.9525,"Blanco Rv at Halifax Rch nr Kyle, TX",2014,42.37741935,32.96785714,29.6,21.52333333,103.8967742,52.79333333,36.66666667,36.66666667,36.66666667,36.79920216,36.77075698,36.83978223,391.0
,,,,,08171290,30.00555556,-97.9525,"Blanco Rv at Halifax Rch nr Kyle, TX",2015,38.06923154,40.93634265,38.14754755,36.97706951,42.88490634,48.78031338,37.86246895,36.73221455,42.43130078,46.03211119,48.39115514,48.30761845,391.0
,,,,,08171290,30.00555556,-97.9525,"Blanco Rv at Halifax Rch nr Kyle, TX",2016,50.61516075,53.48818689,50.82367133,49.14725829,56.56233885,59.89875492,49.21662133,46.91529266,55.23735006,58.84644509,61.09048904,60.87017815,391.0
,,,,,08171290,30.00555556,-97.9525,"Blanco Rv at Halifax Rch nr Kyle, TX",2017,63.32949464,66.32991749,63.52262144,61.85102024,67.67912745,72.58852445,61.92847468,59.47875891,69.14912071,52.57096774,37.9,41.77419355,391.0
,,,,,08171290,30.00555556,-97.9525,"Blanco Rv at Halifax Rch nr Kyle, TX",2018,31.38064516,28.775,54.36129032,46.10666667,34.75483871,18.15333333,15.88064516,11.24935484,224.0633333,198.0741935,158.7333333,265.0612903,391.0
,,,,,08171290,30.00555556,-97.9525,"Blanco Rv at Halifax Rch nr Kyle, TX",2019,428.0967742,193.0,118.6322581,108.3333333,522.1537634,176.5666667,93.36451613,50.02903226,38.11666667,45.11612903,34.48,31.40967742,391.0
,,,,,08171290,30.00555556,-97.9525,"Blanco Rv at Halifax Rch nr Kyle, TX",2020,30.49032258,31.9137931,32.49677419,99.18,389.4064516,112.39,41.30322581,26.34193548,68.65666667,23.43225806,21.2,20.43548387,391.0
,,,,,08171290,30.00555556,-97.9525,"Blanco Rv at Halifax Rch nr Kyle, TX",2021,20.4,19.50714286,17.93870968,16.77333333,68.46129032,128.52,78.21290323,75.62258065,52.6,227.2120968,106.0466667,41.62258065,391.0
,,,,,08171290,30.00555556,-97.9525,"Blanco Rv at Halifax Rch nr Kyle, TX",2022,34.88709677,80.275,35.59677419,25.53333333,19.04193548,11.76633333,7.532258065,7.935806452,6.972333333,6.543225806,9.580666667,9.840967742,391.0
,,,,,08171290,30.00555556,-97.9525,"Blanco Rv at Halifax Rch nr Kyle, TX",2023,8.638064516,11.07107143,8.996129032,10.68066667,22.59225806,10.59966667,3.397096774,1.480645161,2.108333333,12.0716129,6.606333333,6.883225806,391.0
,,,,,08171290,30.00555556,-97.9525,"Blanco Rv at Halifax Rch nr Kyle, TX",2024,58.69645161,42.35517241,20.68709677,13.18866667,22.43,36.68666667,15.28419355,6.113225806,9.592333333,3.466774194,9.421333333,7.351935484,391.0
,,,,,08171350,29.8795111,-97.9107528,"Blanco Rv at San Marcos, TX",2010,29.61650078,43.65752788,28.01656074,41.15063197,50.48062118,58.43085502,27.61885118,7.717939801,8.641747212,19.58986689,22.45104089,17.27246672,436.0
,,,,,08171350,29.8795111,-97.9107528,"Blanco Rv at San Marcos, TX",2011,29.61650078,43.65752788,28.01656074,41.15063197,50.48062118,58.43085502,27.61885118,7.717939801,8.641747212,19.58986689,22.45104089,17.27246672,436.0
,,,,,08171350,29.8795111,-97.9107528,"Blanco Rv at San Marcos, TX",2012,29.61650078,42.70414049,29.41626094,41.15063197,50.48062118,57.90947955,26.53850582,7.599616261,8.678141264,20.3532318,21.93702602,18.14267898,436.0
,,,,,08171350,29.8795111,-97.9107528,"Blanco Rv at San Marcos, TX",2013,29.61650078,43.65752788,28.01656074,41.15063197,50.48062118,58.43085502,27.61885118,7.717939801,8.641747212,19.58986689,22.45104089,17.27246672,436.0
,,,,,08171350,29.8795111,-97.9107528,"Blanco Rv at San Marcos, TX",2014,29.61650078,43.65752788,28.01656074,41.15063197,50.48062118,58.43085502,27.61885118,7.717939801,8.641747212,19.58986689,22.45104089,17.27246672,436.0
,,,,,08171350,29.8795111,-97.9107528,"Blanco Rv at San Marcos, TX",2015,26.77133949,8.615357143,16.95387097,70.33666667,4029.16129,1064.866667,225.6451613,18.9316129,2.811333333,1711.22129,385.2666667,252.483871,436.0
,,,,,08171350,29.8795111,-97.9107528,"Blanco Rv at San Marcos, TX",2016,188.6451613,62.13448276,121.9903226,280.7633333,560.6129032,1002.233333,129.516129,216.28,267.44,105.7903226,34.36333333,143.0709677,436.0
,,,,,08171350,29.8795111,-97.9107528,"Blanco Rv at San Marcos, TX",2017,180.8129032,309.9642857,220.8709677,232.2533333,46.46774194,84.94933333,2.372580645,88.13032258,29.431,12.87870968,3.248,9.164516129,436.0
,,,,,08171350,29.8795111,-97.9107528,"Blanco Rv at San Marcos, TX",2018,2.914516129,1.778928571,58.9683871,5.403333333,5.817741935,2.881333333,9.124516129,0.705806452,267.3293333,139.5041935,119.0266667,253.4441935,436.0
,,,,,08171350,29.8795111,-97.9107528,"Blanco Rv at San Marcos, TX",2019,458.7419355,200.0357143,122.9903226,96.37666667,2236.103226,167.8233333,6.993548387,1.819354839,1.056333333,6.526129032,1.206,0.598709677,436.0
,,,,,08171350,29.8795111,-97.9107528,"Blanco Rv at San Marcos, TX",2020,0.241612903,0.307586207,0.67483871,32.37,501.2996774,129.943,5.102903226,0.367096774,1.383666667,0.097741935,0.014666667,0.217096774,436.0
,,,,,08171350,29.8795111,-97.9107528,"Blanco Rv at San Marcos, TX",2021,0.883870968,0.691428571,0.651290323,0.196333333,18.62322581,141.853,30.01064516,17.0516129,13.29533333,649.4758065,84.58,8.04516129,436.0
,,,,,08171350,29.8795111,-97.9107528,"Blanco Rv at San Marcos, TX",2022,1.048709677,34.00107143,1.526129032,0.097,1.019354839,2.183333333,0.0,0.02,0.533333333,0.0,2.121666667,0.0,436.0
,,,,,08171350,29.8795111,-97.9107528,"Blanco Rv at San Marcos, TX",2023,0.282903226,2.829642857,4.078709677,9.704333333,2.990967742,0.136666667,0.0,0.0,0.0,39.43612903,2.120666667,3.466451613,436.0
,,,,,08171350,29.8795111,-97.9107528,"Blanco Rv at San Marcos, TX",2024,58.60774194,9.154137931,4.701612903,4.183333333,9.402258065,9.508333333,15.54290323,2.014516129,0.008666667,0.0,0.240666667,0.0,436.0
,,,,,08171400,29.8322861,-97.8423833,"San Marcos Rv nr Martindale, TX",2010,106.1468123,108.3239595,107.7089154,108.5728346,120.1676403,118.6811024,117.8054356,101.6319533,108.2185039,105.0419101,114.1633858,100.3460757,547.0
,,,,,08171400,29.8322861,-97.8423833,"San Marcos Rv nr Martindale, TX",2011,106.1468123,108.3239595,107.7089154,108.5728346,133.8168656,204.6,276.8709677,373.4516129,476.475,143.9354839,144.7333333,152.9677419,547.0
,,,,,08171400,29.8322861,-97.8423833,"San Marcos Rv nr Martindale, TX",2012,449.7419355,218.0344828,336.7419355,283.4333333,379.1612903,239.0666667,222.3225806,171.9677419,171.9,177.8064516,173.0333333,153.9032258,547.0
,,,,,08171400,29.8322861,-97.8423833,"San Marcos Rv nr Martindale, TX",2013,155.8064516,136.6071429,120.1612903,146.1,267.1612903,164.3666667,143.4193548,105.383871,152.1733333,889.4870968,767.4333333,256.1935484,547.0
,,,,,08171400,29.8322861,-97.8423833,"San Marcos Rv nr Martindale, TX",2014,206.0967742,179.2142857,154.0645161,142.7333333,275.6451613,174.1666667,161.516129,124.8387097,130.7666667,122.5806452,142.2666667,137.1612903,547.0
,,,,,08171400,29.8322861,-97.8423833,"San Marcos Rv nr Martindale, TX",2015,183.483871,183.9642857,218.7419355,276.4333333,2381.096774,1254.833333,573.516129,354.4516129,280.0666667,830.6129032,942.2666667,625.9032258,547.0
,,,,,08171400,29.8322861,-97.8423833,"San Marcos Rv nr Martindale, TX",2016,474.6451613,367.6206897,402.4516129,672.1333333,1118.16129,1223.0,452.2258065,492.0645161,618.5666667,378.8387097,335.5333333,398.6774194,547.0
,,,,,08171400,29.8322861,-97.8423833,"San Marcos Rv nr Martindale, TX",2017,427.483871,508.0,496.1290323,467.517029,347.4303413,273.271256,222.2258065,331.0645161,286.0666667,246.0645161,218.8,246.8709677,547.0
,,,,,08171400,29.8322861,-97.8423833,"San Marcos Rv nr Martindale, TX",2018,222.483871,227.4285714,307.483871,222.1333333,190.9677419,171.0,196.5806452,134.9645161,344.3,343.4516129,372.2666667,540.6451613,547.0
,,,,,08171400,29.8322861,-97.8423833,"San Marcos Rv nr Martindale, TX",2019,776.9354839,462.6785714,360.9354839,348.6,1594.935484,379.9,273.4516129,259.0967742,204.2666667,263.7419355,205.2,178.2580645,547.0
,,,,,08171400,29.8322861,-97.8423833,"San Marcos Rv nr Martindale, TX",2020,162.516129,145.8275862,155.8387097,235.0666667,515.7096774,229.0666667,176.7419355,169.0967742,199.4,159.6774194,150.6,150.0322581,547.0
,,,,,08171400,29.8322861,-97.8423833,"San Marcos Rv nr Martindale, TX",2021,141.516129,136.0714286,128.2258065,124.5,224.6451613,235.6,209.9032258,192.2903226,224.4666667,781.9354839,256.1,201.7096774,547.0
,,,,,08171400,29.8322861,-97.8423833,"San Marcos Rv nr Martindale, TX",2022,172.8709677,225.2142857,182.1290323,167.4333333,155.6774194,146.0,160.9354839,122.1774194,113.13,74.58709677,112.25,100.6774194,547.0
,,,,,08171400,29.8322861,-97.8423833,"San Marcos Rv nr Martindale, TX",2023,100.7645161,110.2892857,97.24193548,146.0466667,121.7612903,106.9166667,99.83870968,88.81935484,79.96333333,154.4322581,95.16333333,94.68387097,547.0
,,,,,08171400,29.8322861,-97.8423833,"San Marcos Rv nr Martindale, TX",2024,231.5258065,179.8965517,159.2580645,144.2333333,172.1935484,168.7666667,178.7096774,137.8064516,125.6666667,114.4516129,109.5166667,113.5806452,547.0
,,,,,08172400,29.92299765,-97.679191,"Plum Ck at Lockhart, TX",2010,270.1806452,421.6607143,42.2,6.366,30.61967742,43.439,9.574516129,1.171290323,63.05066667,1.988387097,2.927,7.742903226,112.0
,,,,,08172400,29.92299765,-97.679191,"Plum Ck at Lockhart, TX",2011,26.89258065,5.634285714,2.384193548,0.971333333,1.373870968,4.17,1.049677419,0.757096774,0.659333333,0.529032258,0.528333333,2.477096774,112.0
,,,,,08172400,29.92299765,-97.679191,"Plum Ck at Lockhart, TX",2012,346.8083871,109.2034483,207.516129,25.59833333,35.90935484,1.992333333,9.476451613,0.44516129,2.175,3.651290323,2.257333333,2.690322581,112.0
,,,,,08172400,29.92299765,-97.679191,"Plum Ck at Lockhart, TX",2013,7.615483871,3.390714286,3.180967742,5.785,12.62419355,3.483666667,1.73,2.092258065,17.22,522.9483871,455.8866667,37.83870968,112.0
,,,,,08172400,29.92299765,-97.679191,"Plum Ck at Lockhart, TX",2014,10.96741935,5.000714286,6.481290323,3.899666667,77.58096774,12.60333333,1.961290323,0.746129032,5.127333333,2.301612903,34.58233333,8.993548387,112.0
,,,,,08172400,29.92299765,-97.679191,"Plum Ck at Lockhart, TX",2015,88.69806452,13.90785714,63.76451613,65.87,882.2193548,158.5233333,21.35612903,1.071935484,2.075,490.9396774,433.19,36.16129032,112.0
,,,,,08172400,29.92299765,-97.679191,"Plum Ck at Lockhart, TX",2016,21.33225806,10.60034483,57.78903226,133.7783333,497.4774194,315.3666667,15.8216129,89.20580645,14.092,6.003870968,9.267,48.58451613,112.0
,,,,,08172400,29.92299765,-97.679191,"Plum Ck at Lockhart, TX",2017,105.9180645,77.08214286,90.5,61.98333333,13.23967742,9.057,2.309354839,291.4029032,115.8066667,27.35903226,7.730333333,46.13387097,112.0
,,,,,08172400,29.92299765,-97.679191,"Plum Ck at Lockhart, TX",2018,10.75677419,14.94178571,250.1703226,65.795,15.91548387,3.449666667,6.907741935,0.838709677,34.043,85.41451613,57.78666667,341.5129032,112.0
,,,,,08172400,29.92299765,-97.679191,"Plum Ck at Lockhart, TX",2019,208.5419355,19.02857143,10.33225806,65.42866667,240.7893548,69.15666667,9.764193548,3.920645161,3.598,11.1483871,5.830333333,5.032258065,112.0
,,,,,08172400,29.92299765,-97.679191,"Plum Ck at Lockhart, TX",2020,7.331612903,9.815172414,13.20645161,70.466,275.6929032,93.14466667,31.07677419,3.076451613,86.24566667,4.63516129,5.626333333,11.85258065,112.0
,,,,,08172400,29.92299765,-97.679191,"Plum Ck at Lockhart, TX",2021,24.13548387,16.11214286,2.736774194,21.19866667,225.2483871,100.4156667,18.31193548,11.73225806,9.350333333,196.2083871,48.48333333,32.50225806,112.0
,,,,,08172400,29.92299765,-97.679191,"Plum Ck at Lockhart, TX",2022,14.77548387,196.9357143,20.71580645,9.476666667,7.379677419,5.162,3.320322581,4.088064516,7.619333333,5.320322581,13.91933333,13.32387097,112.0
,,,,,08172400,29.92299765,-97.679191,"Plum Ck at Lockhart, TX",2023,11.12354839,20.46464286,10.2783871,18.95233333,29.09,8.813,3.53,2.867419355,3.430666667,22.95225806,16.28466667,17.64612903,112.0
,,,,,08172400,29.92299765,-97.679191,"Plum Ck at Lockhart, TX",2024,152.3258065,49.99310345,15.41096774,14.85133333,23.77612903,25.073,31.42709677,9.566129032,5.840666667,3.583225806,5.499,7.383870968,112.0
,,,,,08177700,29.4991192,-98.5102958,"Olmos Ck at Dresden Dr, San Antonio, TX",2010,136.1945161,104.4167857,98.66645161,161.4086667,221.0845161,43.69666667,29.19354839,2.074193548,476.8163333,0.990645161,1.101,3.655806452,21.2
,,,,,08177700,29.4991192,-98.5102958,"Olmos Ck at Dresden Dr, San Antonio, TX",2011,71.55419355,1.250714286,0.138709677,0.01,39.08225806,15.2,13.3383871,0.0,105.511,23.54903226,24.26466667,6.493225806,21.2
,,,,,08177700,29.4991192,-98.5102958,"Olmos Ck at Dresden Dr, San Antonio, TX",2012,63.24483871,179.7896552,123.7154839,0.085333333,187.4690323,4.115,122.543871,170.2890323,358.479,89.92225806,41.826,0.38516129,21.2
,,,,,08177700,29.4991192,-98.5102958,"Olmos Ck at Dresden Dr, San Antonio, TX",2013,92.94935484,0.207857143,75.81129032,257.7306667,206.9822581,56.83266667,3.766774194,1.656451613,110.0966667,108.8796774,8.905,1.112580645,21.2
,,,,,08177700,29.4991192,-98.5102958,"Olmos Ck at Dresden Dr, San Antonio, TX",2014,0.419354839,1.044642857,4.278387097,3.853333333,237.9029032,389.1163333,163.1583871,102.0403226,32.54966667,149.6235484,251.9983333,10.91419355,21.2
,,,,,08177700,29.4991192,-98.5102958,"Olmos Ck at Dresden Dr, San Antonio, TX",2015,120.3806452,2.397142857,28.64451613,668.535,534.6854839,569.365,4.367741935,29.86354839,127.477,606.7396774,31.88,15.99322581,21.2
,,,,,08177700,29.4991192,-98.5102958,"Olmos Ck at Dresden Dr, San Antonio, TX",2016,2.49483871,50.51413793,56.60580645,231.9063333,366.0235484,431.455,2.667419355,86.03387097,101.7363333,1.643548387,13.203,227.0829032,21.2
,,,,,08177700,29.4991192,-98.5102958,"Olmos Ck at Dresden Dr, San Antonio, TX",2017,64.69870968,350.3360714,11.83419355,24.62333333,106.4329032,12.85733333,4.424193548,214.3709677,35.69066667,2.506129032,2.429666667,13.52,21.2
,,,,,08177700,29.4991192,-98.5102958,"Olmos Ck at Dresden Dr, San Antonio, TX",2018,2.166451613,30.32428571,204.7922581,1.129666667,4.514516129,0.823,195.4919355,7.016774194,877.7536667,226.3983871,213.8606667,50.70870968,21.2
,,,,,08177700,29.4991192,-98.5102958,"Olmos Ck at Dresden Dr, San Antonio, TX",2019,10.47709677,2.313571429,4.510967742,82.462,179.353871,344.936,0.840967742,1.747096774,48.59233333,348.4474194,1.546666667,1.890322581,21.2
,,,,,08177700,29.4991192,-98.5102958,"Olmos Ck at Dresden Dr, San Antonio, TX",2020,35.15096774,15.74413793,29.17645161,114.0326667,215.5829032,34.46,3.368387097,62.26225806,68.04966667,0.678709677,21.742,3.791290323,21.2
,,,,,08177700,29.4991192,-98.5102958,"Olmos Ck at Dresden Dr, San Antonio, TX",2021,5.90483871,11.38714286,35.85741935,252.4433333,241.4583871,49.391,16.13354839,10.76193548,14.819,492.0993548,7.298333333,5.119032258,21.2
,,,,,08177700,29.4991192,-98.5102958,"Olmos Ck at Dresden Dr, San Antonio, TX",2022,0.735806452,6.788928571,0.464516129,30.87866667,29.50612903,1.265666667,0.980645161,86.26451613,36.92,6.386129032,15.54033333,0.936129032,21.2
,,,,,08177700,29.4991192,-98.5102958,"Olmos Ck at Dresden Dr, San Antonio, TX",2023,8.323225806,9.379642857,13.83032258,342.5473333,228.2932258,42.292,2.292580645,18.05741935,6.631,18.41290323,4.239666667,5.586774194,21.2
,,,,,08177700,29.4991192,-98.5102958,"Olmos Ck at Dresden Dr, San Antonio, TX",2024,190.4122581,49.81482759,10.08483871,138.2276667,13.58774194,60.36933333,162.1254839,7.713225806,188.1993333,0.28516129,221.9426667,0.819677419,21.2
,,,,,08178050,29.39301189,-98.4947392,"San Antonio Rv at Mitchell St, San Antonio, TX",2010,33.54014502,30.6778071,31.02138121,32.30919938,515.5548387,155.3033333,78.11935484,26.06451613,961.8466667,64.79032258,84.30666667,118.183871,42.4
,,,,,08178050,29.39301189,-98.4947392,"San Antonio Rv at Mitchell St, San Antonio, TX",2011,147.4580645,25.12142857,16.9283871,15.68666667,145.4158065,87.33333333,27.69677419,19.20645161,100.5466667,293.6622581,100.703,51.19290323,42.4
,,,,,08178050,29.39301189,-98.4947392,"San Antonio Rv at Mitchell St, San Antonio, TX",2012,353.7332258,662.1827586,223.3806452,14.76,612.9645161,14.17266667,344.5709677,604.8903226,379.4966667,133.2580645,106.72,11.14322581,42.4
,,,,,08178050,29.39301189,-98.4947392,"San Antonio Rv at Mitchell St, San Antonio, TX",2013,182.9248387,12.50714286,51.6583871,478.004,934.9083871,307.6933333,130.383871,50.65483871,64.16566667,88.95870968,61.369,48.12387097,42.4
,,,,,08178050,29.39301189,-98.4947392,"San Antonio Rv at Mitchell St, San Antonio, TX",2014,27.38580645,21.90357143,45.58387097,25.44666667,638.783871,397.7616667,324.54,201.356129,81.53066667,179.1587097,348.9993333,41.35935484,42.4
,,,,,08178050,29.39301189,-98.4947392,"San Antonio Rv at Mitchell St, San Antonio, TX",2015,138.5241935,20.39142857,81.15612903,523.5833333,708.4096774,604.2563333,26.06483871,16.47129032,84.879,363.736129,109.4933333,87.87096774,42.4
,,,,,08178050,29.39301189,-98.4947392,"San Antonio Rv at Mitchell St, San Antonio, TX",2016,53.88548387,148.7610345,137.2096774,285.54,798.6806452,841.3266667,177.2225806,408.3419355,521.8533333,107.0645161,130.6133333,505.4032258,42.4
,,,,,08178050,29.39301189,-98.4947392,"San Antonio Rv at Mitchell St, San Antonio, TX",2017,189.9516129,557.6964286,190.8451613,142.87,325.5645161,105.4173333,32.43258065,199.8774194,114.4403333,23.32967742,19.25266667,114.4748387,42.4
,,,,,08178050,29.39301189,-98.4947392,"San Antonio Rv at Mitchell St, San Antonio, TX",2018,15.40225806,254.6907143,274.6451613,58.99,81.25451613,14.29533333,124.8354839,58.05483871,670.5933333,328.0645161,168.2333333,187.216129,42.4
,,,,,08178050,29.39301189,-98.4947392,"San Antonio Rv at Mitchell St, San Antonio, TX",2019,193.3225806,113.3321429,97.91612903,289.77,249.3870968,755.5833333,96.80967742,49.81290323,145.194,261.7174194,38.78,32.38064516,42.4
,,,,,08178050,29.39301189,-98.4947392,"San Antonio Rv at Mitchell St, San Antonio, TX",2020,140.3822581,52.57586207,60.19032258,82.84933333,512.1164516,155.8466667,30.09032258,104.9225806,84.95333333,12.99032258,41.14666667,17.94322581,42.4
,,,,,08178050,29.39301189,-98.4947392,"San Antonio Rv at Mitchell St, San Antonio, TX",2021,29.92903226,37.04964286,83.34774194,209.7466667,621.7483871,199.52,296.2903226,154.316129,82.14,375.5064516,75.84333333,41.11935484,42.4
,,,,,08178050,29.39301189,-98.4947392,"San Antonio Rv at Mitchell St, San Antonio, TX",2022,16.08032258,68.67357143,20.7916129,46.51333333,169.0741935,51.83333333,14.46774194,79.21612903,45.86533333,22.99032258,51.21666667,18.0716129,42.4
,,,,,08178050,29.39301189,-98.4947392,"San Antonio Rv at Mitchell St, San Antonio, TX",2023,17.96741935,27.56428571,51.49032258,797.5833333,544.6903226,182.03,32.35483871,34.44193548,40.64333333,69.36451613,34.81366667,30.86129032,42.4
,,,,,08178050,29.39301189,-98.4947392,"San Antonio Rv at Mitchell St, San Antonio, TX",2024,264.8925806,46.26965517,64.80645161,252.1083333,138.7290323,79.12333333,156.5903226,47.53580645,168.3266667,16.87741935,114.7166667,20.03548387,42.4
,,,,,08178500,29.40634484,-98.5108795,"San Pedro Ck at Furnish St, San Antonio, TX",2010,12.93626374,13.95565149,14.31098901,12.53978022,16.71173343,16.0256044,10.2977313,11.82814605,15.25423077,12.53411911,13.44527473,12.86240695,43.9
,,,,,08178500,29.40634484,-98.5108795,"San Pedro Ck at Furnish St, San Antonio, TX",2011,12.93626374,13.95565149,14.31098901,12.53978022,16.71173343,16.0256044,10.2977313,11.82814605,15.25423077,12.53411911,13.44527473,12.86240695,43.9
,,,,,08178500,29.40634484,-98.5108795,"San Pedro Ck at Furnish St, San Antonio, TX",2012,12.93626374,14.04395604,14.08894009,12.67362637,17.10733782,15.41241758,10.47958171,11.81219426,15.29708791,12.60430698,13.4156044,12.99002127,43.9
,,,,,08178500,29.40634484,-98.5108795,"San Pedro Ck at Furnish St, San Antonio, TX",2013,12.93626374,13.95565149,14.31098901,12.53978022,16.71173343,16.0256044,10.2977313,11.82814605,15.25423077,12.53411911,13.44527473,12.86240695,43.9
,,,,,08178500,29.40634484,-98.5108795,"San Pedro Ck at Furnish St, San Antonio, TX",2014,12.93626374,13.95565149,14.31098901,12.53978022,16.71173343,16.0256044,10.2977313,11.82814605,15.25423077,12.53411911,13.44527473,12.86240695,43.9
,,,,,08178500,29.40634484,-98.5108795,"San Pedro Ck at Furnish St, San Antonio, TX",2015,12.93626374,13.95565149,14.31098901,12.53978022,16.71173343,16.0256044,10.2977313,11.82814605,228.5767473,730.5577419,205.2233333,64.46774194,43.9
,,,,,08178500,29.40634484,-98.5108795,"San Pedro Ck at Furnish St, San Antonio, TX",2016,31.81064516,139.1348276,180.3987097,410.7313333,1072.341935,640.9533333,42.30064516,337.0425806,529.49,37.12580645,61.44666667,545.283871,43.9
,,,,,08178500,29.40634484,-98.5108795,"San Pedro Ck at Furnish St, San Antonio, TX",2017,138.5580645,731.1464286,132.0225806,83.73,183.5696774,53.47266667,16.8083871,419.1135484,108.1566667,27.37741935,17.49,168.6774194,43.9
,,,,,08178500,29.40634484,-98.5108795,"San Pedro Ck at Furnish St, San Antonio, TX",2018,16.16451613,188.1178571,295.4745161,29.015,123.3077419,8.182,200.1145161,28.51741935,883.1153333,325.7032258,105.24,112.7967742,43.9
,,,,,08178500,29.40634484,-98.5108795,"San Pedro Ck at Furnish St, San Antonio, TX",2019,51.31290323,20.00714286,18.38064516,158.5233333,220.4258065,758.0166667,14.43935484,19.26129032,56.547,390.116129,11.768,14.29483871,43.9
,,,,,08178500,29.40634484,-98.5108795,"San Pedro Ck at Furnish St, San Antonio, TX",2020,70.02193548,32.85586207,33.86516129,134.108,474.146129,160.25,27.63709677,56.58096774,89.56066667,5.692903226,89.992,16.81225806,43.9
,,,,,08178500,29.40634484,-98.5108795,"San Pedro Ck at Furnish St, San Antonio, TX",2021,30.34580645,48.66357143,82.42,567.5563333,1297.456452,331.9686667,1089.622258,199.3987097,48.132,1025.518387,95.391,75.06870968,43.9
,,,,,08178500,29.40634484,-98.5108795,"San Pedro Ck at Furnish St, San Antonio, TX",2022,12.4116129,113.1428571,13.54225806,64.97233333,162.5522581,29.54,16.33,44.53806452,37.91966667,26.61,56.40566667,13.88967742,43.9
,,,,,08178500,29.40634484,-98.5108795,"San Pedro Ck at Furnish St, San Antonio, TX",2023,15.93096774,35.45571429,63.70548387,1561.408,573.3709677,96.404,11.8683871,47.35580645,81.57833333,69.13193548,31.81433333,31.26354839,43.9
,,,,,08178500,29.40634484,-98.5108795,"San Pedro Ck at Furnish St, San Antonio, TX",2024,381.1709677,62.31586207,72.97419355,404.2753333,62.8683871,162.773,150.5303226,13.6816129,339.896,3.722580645,242.1613333,6.856129032,43.9
,,,,,08178565,29.32218095,-98.450322,"San Antonio Rv at Loop 410, San Antonio, TX",2010,525.6935484,458.5285714,359.5774194,385.0866667,687.8741935,195.67,373.8129032,31.69032258,1830.91,68.53225806,103.5766667,119.6774194,125.0
,,,,,08178565,29.32218095,-98.450322,"San Antonio Rv at Loop 410, San Antonio, TX",2011,260.1032258,35.93571429,20.44193548,20.2,139.3064516,126.8013333,18.1,16.91612903,133.113,414.8658065,117.4093333,143.3406452,125.0
,,,,,08178565,29.32218095,-98.450322,"San Antonio Rv at Loop 410, San Antonio, TX",2012,529.3083871,845.2896552,898.3645161,20.68866667,1303.364516,19.51033333,506.7064516,754.7903226,931.5766667,70.15268817,111.3333333,111.3333333,125.0
,,,,,08178565,29.32218095,-98.450322,"San Antonio Rv at Loop 410, San Antonio, TX",2013,111.3333333,111.3333333,111.3333333,374.73,2890.174194,221.8,101.7790323,23.52580645,104.7966667,95.10645161,30.745,20.64354839,125.0
,,,,,08178565,29.32218095,-98.450322,"San Antonio Rv at Loop 410, San Antonio, TX",2014,8.912903226,12.51428571,78.94354839,16.68433333,1032.56129,523.943,446.9129032,152.4029032,83.99766667,230.6651613,761.5946667,30.07387097,125.0
,,,,,08178565,29.32218095,-98.450322,"San Antonio Rv at Loop 410, San Antonio, TX",2015,236.2664516,33.55392857,203.1903226,1170.636667,3354.506452,1360.493333,62.29032258,19.21096774,207.6546667,1150.119355,336.49,137.9451613,125.0
,,,,,08178565,29.32218095,-98.450322,"San Antonio Rv at Loop 410, San Antonio, TX",2016,115.4387097,212.062069,240.0129032,402.4366667,1547.722581,1686.226667,301.3483871,1105.848387,1997.07,141.6774194,194.6833333,1300.270968,125.0
,,,,,08178565,29.32218095,-98.450322,"San Antonio Rv at Loop 410, San Antonio, TX",2017,268.2612903,922.2142857,353.1290323,232.82,353.1935484,133.9866667,34.53516129,791.7254839,139.8076667,34.39677419,29.58333333,266.2129032,125.0
,,,,,08178565,29.32218095,-98.450322,"San Antonio Rv at Loop 410, San Antonio, TX",2018,37.62580645,526.4785714,715.8774194,59.78666667,189.3251613,14.69833333,248.5022581,156.8093548,1380.68,657.8709677,262.4133333,314.1935484,125.0
,,,,,08178565,29.32218095,-98.450322,"San Antonio Rv at Loop 410, San Antonio, TX",2019,254.8709677,127.2857143,108.9451613,328.1733333,469.8612903,1267.553333,99.46129032,28.52580645,165.7266667,1276.725806,48.41,44.77419355,125.0
,,,,,08178565,29.32218095,-98.450322,"San Antonio Rv at Loop 410, San Antonio, TX",2020,198.0225806,89.71034483,95.00322581,218.9033333,1146.164516,259.5033333,59.67193548,127.1493548,169.29,11.66774194,131.2,35.0483871,125.0
,,,,,08178565,29.32218095,-98.450322,"San Antonio Rv at Loop 410, San Antonio, TX",2021,76.60967742,102.3107143,91.76451613,574.9666667,1466.896774,584.92,1049.716129,344.0645161,112.21,762.0064516,210.03,110.5677419,125.0
,,,,,08178565,29.32218095,-98.450322,"San Antonio Rv at Loop 410, San Antonio, TX",2022,23.90419355,167.0607143,22.30322581,108.4366667,180.4967742,151.8933333,15.43870968,153.2935484,80.21633333,39.67419355,93.76,62.51935484,125.0
,,,,,08178565,29.32218095,-98.450322,"San Antonio Rv at Loop 410, San Antonio, TX",2023,31.31290323,66.25,87.72903226,1579.146667,1020.532258,249.8266667,19.05483871,44.33225806,42.62,110.8774194,40.45,47.89677419,125.0
,,,,,08178565,29.32218095,-98.450322,"San Antonio Rv at Loop 410, San Antonio, TX",2024,539.3667742,126.1824138,153.2225806,468.4533333,128.5516129,192.0693333,360.0606452,21.56645161,280.2126667,11.54193548,253.87,15.79032258,125.0
,,,,,08178593,29.5638611,-98.5196667,"Salado Ck at Blanco Rd, San Antonio, TX",2010,1.020322581,1.293571429,0.428709677,2.454666667,17.27354839,20.69733333,3.942580645,0.056129032,95.39666667,0.0,0.151666667,0.361290323,31.8
,,,,,08178593,29.5638611,-98.5196667,"Salado Ck at Blanco Rd, San Antonio, TX",2011,1.653225806,1.721071429,0.0,0.0,0.65483871,0.503333333,0.169354839,0.0,12.29133333,13.46645161,0.627333333,1.258387097,31.8
,,,,,08178593,29.5638611,-98.5196667,"Salado Ck at Blanco Rd, San Antonio, TX",2012,3.147741935,4.739310345,3.432258065,0.0,11.41354839,0.100666667,1.633870968,3.483870968,7.504,0.636129032,0.018,0.0,31.8
,,,,,08178593,29.5638611,-98.5196667,"Salado Ck at Blanco Rd, San Antonio, TX",2013,2.231290323,0.0,0.487096774,0.633666667,21.17419355,1.437333333,0.030645161,0.02483871,6.747333333,11.30709677,0.548333333,0.158064516,31.8
,,,,,08178593,29.5638611,-98.5196667,"Salado Ck at Blanco Rd, San Antonio, TX",2014,0.0,0.0,1.442258065,0.331666667,6.945806452,5.259,6.145483871,2.09516129,0.639666667,1.203548387,7.647333333,0.156774194,31.8
,,,,,08178593,29.5638611,-98.5196667,"Salado Ck at Blanco Rd, San Antonio, TX",2015,2.477741935,0.020714286,0.172580645,15.90833333,17.14645161,17.401,0.005806452,0.0,0.0,42.75387097,6.836333333,0.142258065,31.8
,,,,,08178593,29.5638611,-98.5196667,"Salado Ck at Blanco Rd, San Antonio, TX",2016,0.057419355,0.119310345,0.239354839,15.98266667,23.61064516,7.214,0.007096774,0.490967742,81.55633333,0.05,0.131666667,6.421612903,31.8
,,,,,08178593,29.5638611,-98.5196667,"Salado Ck at Blanco Rd, San Antonio, TX",2017,8.728709677,45.82714286,0.134516129,1.506333333,0.148064516,0.079333333,0.057741935,5.703225806,0.187,0.062580645,0.043666667,0.250967742,31.8
,,,,,08178593,29.5638611,-98.5196667,"Salado Ck at Blanco Rd, San Antonio, TX",2018,0.027419355,0.261428571,10.62193548,0.017,0.033225806,0.040333333,1.431935484,0.038064516,185.6753333,4.494516129,0.230333333,0.069354839,31.8
,,,,,08178593,29.5638611,-98.5196667,"Salado Ck at Blanco Rd, San Antonio, TX",2019,0.02,0.002857143,0.0,0.122666667,0.216451613,0.163,0.0,0.01483871,0.029333333,137.8774194,0.005666667,0.010322581,31.8
,,,,,08178593,29.5638611,-98.5196667,"Salado Ck at Blanco Rd, San Antonio, TX",2020,0.06483871,0.033793103,0.029677419,0.045666667,5.494193548,0.042333333,0.002580645,0.040322581,0.074,0.0,0.01,0.016774194,31.8
,,,,,08178593,29.5638611,-98.5196667,"Salado Ck at Blanco Rd, San Antonio, TX",2021,0.017741935,0.023214286,0.038709677,15.62966667,11.34645161,0.081666667,7.485806452,0.872580645,0.148666667,16.86032258,0.046,0.053870968,31.8
,,,,,08178593,29.5638611,-98.5196667,"Salado Ck at Blanco Rd, San Antonio, TX",2022,0.023870968,0.135,0.017419355,0.214,0.112258065,0.071666667,0.023225806,0.410645161,1.145666667,0.293548387,0.827666667,0.152258065,31.8
,,,,,08178593,29.5638611,-98.5196667,"Salado Ck at Blanco Rd, San Antonio, TX",2023,0.261290323,0.445714286,0.869032258,2.836,2.741612903,0.448333333,0.0,0.439032258,0.133,0.321290323,0.203333333,0.231612903,31.8
,,,,,08178593,29.5638611,-98.5196667,"Salado Ck at Blanco Rd, San Antonio, TX",2024,2.64516129,0.211034483,0.180967742,2.517666667,0.256129032,2.715333333,7.607741935,0.079354839,0.307333333,0.0,1.899666667,0.0,31.8
,,,,,08178880,29.72383537,-99.070035,"Medina Rv at Bandera, TX",2010,63.41290323,366.0357143,143.2258065,1177.133333,273.6774194,108.5033333,96.37419355,39.35483871,76.72666667,44.05806452,33.53666667,31.19354839,328.0
,,,,,08178880,29.72383537,-99.070035,"Medina Rv at Bandera, TX",2011,34.04193548,28.94642857,23.63225806,17.04,9.780967742,3.567333333,0.431935484,0.0,0.0,0.002903226,0.0,0.152580645,328.0
,,,,,08178880,29.72383537,-99.070035,"Medina Rv at Bandera, TX",2012,14.55193548,26.73103448,405.3774194,40.90333333,258.1290323,29.35333333,11.55322581,6.718387097,19.96966667,22.9,15.57333333,15.20322581,328.0
,,,,,08178880,29.72383537,-99.070035,"Medina Rv at Bandera, TX",2013,34.97741935,20.725,16.36774194,18.00666667,21.07096774,15.063,8.045483871,0.764516129,0.0,0.121935484,1.142666667,9.69516129,328.0
,,,,,08178880,29.72383537,-99.070035,"Medina Rv at Bandera, TX",2014,11.87096774,9.059285714,6.629677419,10.455,253.4309677,29.71333333,9.788064516,28.37580645,35.905,2.711290323,2.071,5.619677419,328.0
,,,,,08178880,29.72383537,-99.070035,"Medina Rv at Bandera, TX",2015,19.46,16.62142857,18.93870968,159.0933333,3878.090323,574.7333333,189.2935484,61.28064516,27.44,50.16129032,108.0666667,142.6870968,328.0
,,,,,08178880,29.72383537,-99.070035,"Medina Rv at Bandera, TX",2016,114.3645161,76.5862069,87.35806452,290.45,1736.064516,705.0,105.0935484,298.3193548,121.1166667,78.34193548,61.49333333,117.216129,328.0
,,,,,08178880,29.72383537,-99.070035,"Medina Rv at Bandera, TX",2017,132.5967742,154.7857143,118.083871,99.63,49.51290323,35.92666667,17.17419355,27.29193548,14.79266667,27.48709677,24.36333333,32.47741935,328.0
,,,,,08178880,29.72383537,-99.070035,"Medina Rv at Bandera, TX",2018,24.04193548,28.81071429,25.74193548,16.96666667,64.19032258,10.102,20.25870968,5.124516129,815.5866667,721.0645161,320.4,214.8387097,328.0
,,,,,08178880,29.72383537,-99.070035,"Medina Rv at Bandera, TX",2019,212.6129032,133.7857143,93.18387097,75.64,148.2064516,108.02,57.20645161,25.76774194,15.28,14.28064516,20.26,21.10967742,328.0
,,,,,08178880,29.72383537,-99.070035,"Medina Rv at Bandera, TX",2020,30.46129032,33.8137931,33.66129032,32.66666667,29.46451613,26.05666667,8.595806452,2.390645161,11.79766667,2.645806452,4.750666667,7.193870968,328.0
,,,,,08178880,29.72383537,-99.070035,"Medina Rv at Bandera, TX",2021,10.28806452,11.22357143,11.00967742,22.67933333,144.0129032,36.93,52.27741935,26.22903226,25.72533333,18.76870968,23.43666667,19.85483871,328.0
,,,,,08178880,29.72383537,-99.070035,"Medina Rv at Bandera, TX",2022,16.60322581,17.11428571,13.91290323,10.48866667,7.242580645,0.521333333,0.0,44.32225806,11.501,0.118387097,1.285333333,5.090645161,328.0
,,,,,08178880,29.72383537,-99.070035,"Medina Rv at Bandera, TX",2023,7.021935484,8.088214286,7.061935484,14.043,46.16,11.22266667,1.998387097,0.0,0.0,0.0,0.0,1.21,328.0
,,,,,08178880,29.72383537,-99.070035,"Medina Rv at Bandera, TX",2024,5.727096774,16.53689655,7.746129032,6.853,5.457741935,1.665666667,123.4903226,9.189354839,49.26,3.478064516,20.51366667,5.175483871,328.0
,,,,,08178980,29.69438889,-98.9793056,"Medina Rv abv English Crsg nr Pipe Creek, TX",2010,195.1011653,181.8302169,219.6044587,182.0640489,347.9944266,220.4439442,132.3205877,85.38537972,122.7994415,106.5024151,159.794555,153.7791927,472.0
,,,,,08178980,29.69438889,-98.9793056,"Medina Rv abv English Crsg nr Pipe Creek, TX",2011,195.1011653,181.8302169,219.6044587,182.0640489,347.9944266,220.4439442,132.3205877,85.38537972,122.7994415,106.5024151,159.794555,153.7791927,472.0
,,,,,08178980,29.69438889,-98.9793056,"Medina Rv abv English Crsg nr Pipe Creek, TX",2012,195.1011653,181.3143167,221.5249113,181.5860384,352.3820301,212.6683072,132.0710691,85.78629173,122.9196684,106.2066374,161.4139965,151.6232393,472.0
,,,,,08178980,29.69438889,-98.9793056,"Medina Rv abv English Crsg nr Pipe Creek, TX",2013,195.1011653,181.8302169,219.6044587,182.0640489,347.9944266,220.4439442,132.3205877,85.38537972,122.7994415,106.5024151,159.794555,153.7791927,472.0
,,,,,08178980,29.69438889,-98.9793056,"Medina Rv abv English Crsg nr Pipe Creek, TX",2014,195.1011653,181.8302169,219.6044587,182.0640489,347.9944266,220.4439442,132.3205877,85.38537972,122.7994415,106.5024151,159.794555,153.7791927,472.0
,,,,,08178980,29.69438889,-98.9793056,"Medina Rv abv English Crsg nr Pipe Creek, TX",2015,195.1011653,181.8302169,219.6044587,182.0640489,347.9944266,220.4439442,132.3205877,85.38537972,122.7994415,106.5024151,159.794555,153.7791927,472.0
,,,,,08178980,29.69438889,-98.9793056,"Medina Rv abv English Crsg nr Pipe Creek, TX",2016,195.1011653,181.3143167,221.5249113,181.5860384,352.3820301,212.6683072,132.0710691,85.78629173,122.9196684,106.2066374,161.4139965,151.6232393,472.0
,,,,,08178980,29.69438889,-98.9793056,"Medina Rv abv English Crsg nr Pipe Creek, TX",2017,195.1011653,181.8302169,146.12481,122.2333333,66.21935484,54.15333333,27.42903226,37.30967742,17.69333333,32.41612903,29.31333333,41.56774194,472.0
,,,,,08178980,29.69438889,-98.9793056,"Medina Rv abv English Crsg nr Pipe Creek, TX",2018,29.00645161,30.6,34.4483871,25.2,54.35806452,13.727,19.23032258,7.535483871,1053.959333,798.1290323,360.9666667,307.0645161,472.0
,,,,,08178980,29.69438889,-98.9793056,"Medina Rv abv English Crsg nr Pipe Creek, TX",2019,299.8064516,192.0357143,132.6774194,109.0733333,207.483871,139.7333333,82.09677419,35.11290323,22.82,18.14193548,23.92666667,25.70322581,472.0
,,,,,08178980,29.69438889,-98.9793056,"Medina Rv abv English Crsg nr Pipe Creek, TX",2020,55.70967742,47.00344828,46.39032258,41.08333333,30.87741935,27.78333333,10.80225806,4.791290323,7.830333333,3.601290323,6.353666667,9.787419355,472.0
,,,,,08178980,29.69438889,-98.9793056,"Medina Rv abv English Crsg nr Pipe Creek, TX",2021,13.94516129,14.08571429,14.22903226,19.191,217.6032258,49.82,210.7225806,27.66129032,14.54333333,22.77741935,33.05,26.74516129,472.0
,,,,,08178980,29.69438889,-98.9793056,"Medina Rv abv English Crsg nr Pipe Creek, TX",2022,22.4483871,20.92142857,17.60322581,14.13666667,9.00516129,1.810666667,1.165483871,10.02129032,14.80866667,1.411290323,3.24,6.517419355,472.0
,,,,,08178980,29.69438889,-98.9793056,"Medina Rv abv English Crsg nr Pipe Creek, TX",2023,8.50483871,8.6175,9.183225806,12.44966667,29.07741935,21.663,3.297741935,1.041612903,0.898666667,1.048387097,1.224333333,1.406129032,472.0
,,,,,08178980,29.69438889,-98.9793056,"Medina Rv abv English Crsg nr Pipe Creek, TX",2024,2.830322581,11.16827586,10.78258065,7.214,6.184193548,2.622,243.6906452,11.28419355,21.303,6.856451613,16.207,7.091935484,472.0
,,,,,08180586,29.61972778,-98.7951528,"San Geronimo Ck nr Helotes, TX",2010,3.518132667,3.531810865,4.241492503,5.439833333,5.973702862,3.981690141,3.376846888,1.978000909,1.334469484,1.834963653,3.363321596,3.77793503,31.1
,,,,,08180586,29.61972778,-98.7951528,"San Geronimo Ck nr Helotes, TX",2011,3.518132667,2.977349095,2.131935484,1.300666667,1.490322581,0.786333333,0.536983588,0.35204584,0.609959064,1.410967742,0.922333333,1.269354839,31.1
,,,,,08180586,29.61972778,-98.7951528,"San Geronimo Ck nr Helotes, TX",2012,1.207096774,2.483793103,5.952795699,4.869,11.11408602,4.706,5.614516129,3.540645161,10.44988889,6.733548387,2.026333333,1.38,31.1
,,,,,08180586,29.61972778,-98.7951528,"San Geronimo Ck nr Helotes, TX",2013,1.424516129,0.7925,0.650645161,0.558,1.54516129,0.923333333,0.622258065,0.232903226,0.261666667,0.721290323,0.905333333,0.968064516,31.1
,,,,,08180586,29.61972778,-98.7951528,"San Geronimo Ck nr Helotes, TX",2014,0.316451613,0.105714286,0.076129032,0.081666667,1.473870968,0.558333333,0.439354839,0.048387097,0.023333333,0.30483871,0.271,0.23516129,31.1
,,,,,08180586,29.61972778,-98.7951528,"San Geronimo Ck nr Helotes, TX",2015,1.389354839,1.840357143,1.813548387,2.397,70.90086022,58.86666667,11.34612903,2.074516129,0.548333333,4.05,11.83366667,11.0583871,31.1
,,,,,08180586,29.61972778,-98.7951528,"San Geronimo Ck nr Helotes, TX",2016,6.743225806,4.525172414,4.550645161,5.28,55.08129032,47.612,3.068709677,5.203548387,2.307666667,1.4,4.270333333,14.40483871,31.1
,,,,,08180586,29.61972778,-98.7951528,"San Geronimo Ck nr Helotes, TX",2017,7.234516129,20.83392857,11.78387097,5.076,5.065806452,1.626,0.449032258,3.317419355,0.43,0.448387097,0.325333333,0.468387097,31.1
,,,,,08180586,29.61972778,-98.7951528,"San Geronimo Ck nr Helotes, TX",2018,0.438709677,0.512142857,2.176774194,2.327666667,2.022903226,0.776666667,2.919354839,17.20709677,184.7033333,108.8677419,30.63666667,12.8983871,31.1
,,,,,08180586,29.61972778,-98.7951528,"San Geronimo Ck nr Helotes, TX",2019,23.50645161,10.10285714,5.536451613,6.402333333,51.3683871,41.181,37.25483871,4.520322581,6.711333333,1.583870968,1.661333333,1.448709677,31.1
,,,,,08180586,29.61972778,-98.7951528,"San Geronimo Ck nr Helotes, TX",2020,1.571290323,1.995172414,1.932580645,1.881333333,3.293225806,0.425333333,1.663548387,0.100967742,0.020666667,0.010322581,0.003666667,0.000967742,31.1
,,,,,08180586,29.61972778,-98.7951528,"San Geronimo Ck nr Helotes, TX",2021,0.001935484,0.005357143,0.006451613,0.059,16.88258065,8.044333333,30.18387097,7.561612903,2.111666667,9.104193548,3.807666667,1.930967742,31.1
,,,,,08180586,29.61972778,-98.7951528,"San Geronimo Ck nr Helotes, TX",2022,0.902258065,0.659642857,0.410645161,0.222666667,0.318709677,0.004,0.0,0.0,0.0,0.0,0.002666667,0.002580645,31.1
,,,,,08180586,29.61972778,-98.7951528,"San Geronimo Ck nr Helotes, TX",2023,0.0,0.0025,0.0,0.070333333,0.796774194,0.997333333,0.073870968,0.012580645,0.0,0.156774194,0.113,0.116774194,31.1
,,,,,08180586,29.61972778,-98.7951528,"San Geronimo Ck nr Helotes, TX",2024,0.108387097,0.127241379,0.180967742,0.184333333,0.07516129,0.065333333,0.284193548,0.05,0.552333333,0.010322581,19.34266667,0.324516129,31.1
,,,,,08180700,29.33495798,-98.689744,"Medina Rv nr Macdona, TX",2010,64.12903226,119.7535714,71.41612903,202.41,567.2483871,99.68666667,83.69354839,56.5516129,379.3266667,94.98387097,75.84,76.32903226,885.0
,,,,,08180700,29.33495798,-98.689744,"Medina Rv nr Macdona, TX",2011,67.58387097,65.73571429,51.56129032,42.39666667,52.43548387,44.48,39.67419355,36.26774194,38.48,48.06129032,51.54333333,50.12258065,885.0
,,,,,08180700,29.33495798,-98.689744,"Medina Rv nr Macdona, TX",2012,45.39032258,33.83793103,63.19677419,52.03333333,93.68064516,42.45333333,35.44516129,22.65483871,38.97666667,21.32903226,28.76333333,27.60322581,885.0
,,,,,08180700,29.33495798,-98.689744,"Medina Rv nr Macdona, TX",2013,31.91290323,27.08571429,25.70967742,33.02666667,195.6193548,17.31333333,7.233225806,3.438709677,3.716666667,3.801935484,2.614666667,3.286129032,885.0
,,,,,08180700,29.33495798,-98.689744,"Medina Rv nr Macdona, TX",2014,3.986129032,4.385,3.98516129,2.681333333,15.55870968,4.187,3.132580645,0.037096774,0.239666667,0.04516129,3.037333333,6.597096774,885.0
,,,,,08180700,29.33495798,-98.689744,"Medina Rv nr Macdona, TX",2015,6.883548387,2.976428571,4.091612903,36.85933333,132.9254839,30.46,36.32903226,24.02258065,30.19,57.86451613,60.59333333,66.10322581,885.0
,,,,,08180700,29.33495798,-98.689744,"Medina Rv nr Macdona, TX",2016,64.5516129,63.00344828,57.36774194,56.52,653.4645161,1670.6,165.2258065,353.1870968,159.9333333,120.8064516,127.1666667,314.2258065,885.0
,,,,,08180700,29.33495798,-98.689744,"Medina Rv nr Macdona, TX",2017,139.6451613,147.3214286,127.3225806,113.2966667,69.99032258,52.07666667,37.46129032,71.21935484,47.03666667,45.76129032,44.36333333,51.47096774,885.0
,,,,,08180700,29.33495798,-98.689744,"Medina Rv nr Macdona, TX",2018,58.46451613,60.12857143,100.0483871,50.58,66.54516129,29.68333333,27.57741935,46.00322581,756.1166667,319.4193548,271.9666667,225.483871,885.0
,,,,,08180700,29.33495798,-98.689744,"Medina Rv nr Macdona, TX",2019,230.2258065,221.4285714,148.2903226,107.4533333,115.1612903,154.9033333,119.2225806,49.5516129,39.75333333,42.20645161,56.65333333,71.75483871,885.0
,,,,,08180700,29.33495798,-98.689744,"Medina Rv nr Macdona, TX",2020,80.49677419,73.83448276,53.80967742,49.81666667,98.63548387,35.03,23.43225806,20.96129032,29.91,23.55806452,29.48666667,29.3,885.0
,,,,,08180700,29.33495798,-98.689744,"Medina Rv nr Macdona, TX",2021,29.20645161,27.86785714,23.99032258,105.47,284.6967742,72.27666667,156.9258065,41.37096774,22.93,166.5741935,32.11666667,28.53548387,885.0
,,,,,08180700,29.33495798,-98.689744,"Medina Rv nr Macdona, TX",2022,19.34193548,24.0,21.4516129,25.32333333,22.5483871,8.795666667,5.221612903,2.89516129,6.205333333,1.711290323,0.632,2.84516129,885.0
,,,,,08180700,29.33495798,-98.689744,"Medina Rv nr Macdona, TX",2023,3.302903226,3.806785714,3.353870968,20.478,37.48741935,5.273666667,2.776774194,0.822580645,0.103,0.191612903,1.889,0.447419355,885.0
,,,,,08180700,29.33495798,-98.689744,"Medina Rv nr Macdona, TX",2024,59.0783871,3.736896552,1.291935484,2.839,1.194193548,22.96966667,6.048064516,0.19,2.449,0.0,1.189,0.0,885.0
,,,,,08181400,29.57856108,-98.6916896,"Helotes Ck at Helotes, TX",2010,5.148709677,24.48535714,4.038064516,23.3,124.68,1.427,0.038064516,0.0,2.271333333,0.0,0.0,0.010967742,15.0
,,,,,08181400,29.57856108,-98.6916896,"Helotes Ck at Helotes, TX",2011,0.249032258,0.0,0.0,0.0,0.127741935,0.002333333,0.0,0.000322581,0.0,4.982258065,0.794333333,0.168709677,15.0
,,,,,08181400,29.57856108,-98.6916896,"Helotes Ck at Helotes, TX",2012,0.336451613,2.210689655,3.990322581,0.0,2.931612903,0.0,1.28,0.26483871,6.228,3.240967742,0.0,0.0,15.0
,,,,,08181400,29.57856108,-98.6916896,"Helotes Ck at Helotes, TX",2013,0.126774194,0.0,0.172903226,1.178333333,32.16516129,0.911666667,0.0,0.0,0.247666667,4.835483871,0.180333333,0.000645161,15.0
,,,,,08181400,29.57856108,-98.6916896,"Helotes Ck at Helotes, TX",2014,0.0,0.0,0.0,0.063333333,2.800645161,1.738666667,8.117741935,0.0,0.188666667,0.969354839,0.789333333,0.001290323,15.0
,,,,,08181400,29.57856108,-98.6916896,"Helotes Ck at Helotes, TX",2015,0.342258065,0.001071429,0.016129032,0.723,216.9712903,16.3,0.259032258,0.225806452,0.075333333,212.1754839,12.057,1.417419355,15.0
,,,,,08181400,29.57856108,-98.6916896,"Helotes Ck at Helotes, TX",2016,0.004516129,0.020344828,0.015806452,15.106,85.0116129,16.451,0.012903226,4.575483871,1.368,0.0,0.025,5.51,15.0
,,,,,08181400,29.57856108,-98.6916896,"Helotes Ck at Helotes, TX",2017,0.822580645,1.360714286,0.107741935,0.025,1.753225806,0.000666667,0.006774194,3.167419355,0.110666667,0.000967742,0.000333333,0.003225806,15.0
,,,,,08181400,29.57856108,-98.6916896,"Helotes Ck at Helotes, TX",2018,0.000645161,0.015357143,2.414193548,0.026333333,0.019032258,0.002333333,70.27225806,0.032580645,347.9733333,15.21322581,4.627666667,4.529677419,15.0
,,,,,08181400,29.57856108,-98.6916896,"Helotes Ck at Helotes, TX",2019,2.022258065,0.065357143,0.001612903,0.132666667,23.29806452,51.00366667,7.406451613,0.0,1.767333333,0.80483871,0.101,0.015483871,15.0
,,,,,08181400,29.57856108,-98.6916896,"Helotes Ck at Helotes, TX",2020,0.579354839,0.126896552,0.067096774,0.433,0.99,0.546,0.092903226,0.063225806,1.46,0.0,0.046666667,0.013548387,15.0
,,,,,08181400,29.57856108,-98.6916896,"Helotes Ck at Helotes, TX",2021,0.025806452,0.027142857,0.046451613,2.595333333,4.129354839,1.476333333,159.1654839,1.050645161,3.076333333,22.32612903,0.030666667,0.025483871,15.0
,,,,,08181400,29.57856108,-98.6916896,"Helotes Ck at Helotes, TX",2022,0.004193548,0.056785714,0.004193548,0.090333333,0.092258065,0.520333333,0.023548387,0.161935484,1.078666667,0.086451613,0.133333333,0.012258065,15.0
,,,,,08181400,29.57856108,-98.6916896,"Helotes Ck at Helotes, TX",2023,0.008709677,0.031071429,0.093225806,1.811666667,4.926451613,5.327,0.22,0.415483871,0.0,1.45,0.088,0.03483871,15.0
,,,,,08181400,29.57856108,-98.6916896,"Helotes Ck at Helotes, TX",2024,1.98516129,0.411724138,0.178709677,0.588666667,0.015806452,1.475333333,6.881935484,0.004516129,0.609666667,0.0,1.477,0.008387097,15.0
,,,,,08181435,29.447875,-98.6337111,"Leon Ck at Lp 410 at San Antonio, TX",2010,0.0,0.0,0.0,0.0,0.0,0.0,0.0,0.0,0.0,0.0,0.0,0.0,172.0
,,,,,08181435,29.447875,-98.6337111,"Leon Ck at Lp 410 at San Antonio, TX",2011,0.0,0.0,0.0,0.0,0.0,0.0,0.257096774,0.0,7.458333333,34.52322581,6.057,8.429354839,172.0
,,,,,08181435,29.447875,-98.6337111,"Leon Ck at Lp 410 at San Antonio, TX",2012,22.63645161,47.84,59.85387097,0.123333333,54.21258065,0.0,9.111290323,58.35612903,116.1253333,39.71225806,0.066333333,0.0,172.0
,,,,,08181435,29.447875,-98.6337111,"Leon Ck at Lp 410 at San Antonio, TX",2013,21.41774194,0.0,0.907741935,124.513,1506.106452,19.78933333,0.002258065,0.0,6.837,35.43322581,4.087,0.0,172.0
,,,,,08181435,29.447875,-98.6337111,"Leon Ck at Lp 410 at San Antonio, TX",2014,0.0,0.0,0.0,0.0,187.9958065,95.477,136.3367742,3.150645161,0.266,6.950645161,112.952,0.000322581,172.0
,,,,,08181435,29.447875,-98.6337111,"Leon Ck at Lp 410 at San Antonio, TX",2015,20.30483871,0.121785714,11.84483871,192.6563333,498.9432258,395.5213333,23.23967742,0.0,0.096,751.8132258,62.73633333,5.018709677,172.0
,,,,,08181435,29.447875,-98.6337111,"Leon Ck at Lp 410 at San Antonio, TX",2016,10.2183871,9.593103448,7.101290323,0.0,0.0,0.0,0.0,0.0,0.0,0.0,0.0,0.0,172.0
,,,,,08181435,29.447875,-98.6337111,"Leon Ck at Lp 410 at San Antonio, TX",2017,0.0,0.0,0.0,0.0,0.0,0.0,0.0,0.0,0.0,0.0,0.0,0.0,172.0
,,,,,08181435,29.447875,-98.6337111,"Leon Ck at Lp 410 at San Antonio, TX",2018,0.0,0.0,0.0,0.0,0.0,0.0,0.0,0.0,0.0,0.0,0.0,0.0,172.0
,,,,,08181435,29.447875,-98.6337111,"Leon Ck at Lp 410 at San Antonio, TX",2019,0.0,0.0,0.0,0.0,0.0,0.0,0.0,0.0,0.0,0.0,0.0,0.043870968,172.0
,,,,,08181435,29.447875,-98.6337111,"Leon Ck at Lp 410 at San Antonio, TX",2020,3.648709677,3.543793103,0.351290323,22.13366667,63.48870968,12.982,0.188064516,0.088387097,44.40466667,0.0,3.545666667,0.02483871,172.0
,,,,,08181435,29.447875,-98.6337111,"Leon Ck at Lp 410 at San Antonio, TX",2021,1.510967742,2.561071429,1.064193548,648.772,295.1203226,44.498,1468.749032,42.14645161,20.82,999.0948387,3.776,1.056451613,172.0
,,,,,08181435,29.447875,-98.6337111,"Leon Ck at Lp 410 at San Antonio, TX",2022,0.018709677,18.24892857,0.0,0.174,1.099032258,3.959,0.021290323,1.087419355,27.20033333,0.006129032,3.688,0.061935484,172.0
,,,,,08181435,29.447875,-98.6337111,"Leon Ck at Lp 410 at San Antonio, TX",2023,0.076451613,2.82,1.104516129,230.5776667,129.3283871,3.429666667,0.029032258,0.076774194,0.149333333,0.946774194,0.037,0.494516129,172.0
,,,,,08181435,29.447875,-98.6337111,"Leon Ck at Lp 410 at San Antonio, TX",2024,126.123871,6.410344828,1.128709677,18.40766667,0.892258065,60.28333333,124.9793548,1.598064516,37.30433333,0.0,4.322333333,0.091935484,172.0
,,,,,08181480,29.32995837,-98.5841856,"Leon Ck at IH 35, San Antonio, TX",2010,81.52806452,101.2821429,24.63225806,786.6566667,409.1925806,11.48433333,21.75709677,8.091935484,377.228,6.768064516,17.12166667,26.42903226,219.0
,,,,,08181480,29.32995837,-98.5841856,"Leon Ck at IH 35, San Antonio, TX",2011,23.03096774,5.039285714,4.767419355,4.538333333,6.28516129,2.608333333,0.609677419,0.539354839,3.548333333,171.9480645,11.978,8.411612903,219.0
,,,,,08181480,29.32995837,-98.5841856,"Leon Ck at IH 35, San Antonio, TX",2012,20.33322581,95.00896552,39.95612903,7.186,81.80580645,4.922666667,25.76096774,100.9851613,99.62566667,35.96290323,11.426,6.838064516,219.0
,,,,,08181480,29.32995837,-98.5841856,"Leon Ck at IH 35, San Antonio, TX",2013,21.04612903,4.375,5.525483871,32.34466667,1702.353871,30.458,13.56,3.483225806,20.30566667,9.639354839,15.42966667,7.26516129,219.0
,,,,,08181480,29.32995837,-98.5841856,"Leon Ck at IH 35, San Antonio, TX",2014,4.335483871,3.7325,9.881612903,4.212333333,148.7696774,27.13266667,36.54354839,2.574193548,7.178666667,8.333870968,61.019,5.690967742,219.0
,,,,,08181480,29.32995837,-98.5841856,"Leon Ck at IH 35, San Antonio, TX",2015,19.53967742,6.591071429,18.83548387,131.2546667,212.4029032,137.1533333,35.37741935,11.54935484,15.298,607.0664516,58.70666667,15.63870968,219.0
,,,,,08181480,29.32995837,-98.5841856,"Leon Ck at IH 35, San Antonio, TX",2016,15.99935484,18.69413793,20.01225806,32.385,334.5977419,178.6766667,17.58741935,75.43548387,125.034,9.202580645,19.83566667,152.4719355,219.0
,,,,,08181480,29.32995837,-98.5841856,"Leon Ck at IH 35, San Antonio, TX",2017,30.02258065,77.46785714,26.87741935,17.319,31.13806452,24.16966667,8.056774194,112.1570968,23.41933333,10.90677419,11.24633333,24.71193548,219.0
,,,,,08181480,29.32995837,-98.5841856,"Leon Ck at IH 35, San Antonio, TX",2018,4.288387097,19.73464286,138.9958065,7.978333333,23.65129032,2.066666667,86.89419355,18.63677419,1292.049,105.5203226,66.59833333,44.34032258,219.0
,,,,,08181480,29.32995837,-98.5841856,"Leon Ck at IH 35, San Antonio, TX",2019,13.12709677,8.893214286,8.302903226,32.20266667,100.0709677,181.9466667,38.4616129,4.107419355,6.73,78.24354839,2.262,3.962258065,219.0
,,,,,08181480,29.32995837,-98.5841856,"Leon Ck at IH 35, San Antonio, TX",2020,13.70419355,8.852413793,11.93193548,25.025,94.21935484,17.33966667,5.945806452,8.967419355,32.37766667,1.920322581,16.55366667,6.545483871,219.0
,,,,,08181480,29.32995837,-98.5841856,"Leon Ck at IH 35, San Antonio, TX",2021,7.679354839,13.88678571,8.534516129,139.2583333,303.9806452,55.014,1274.01871,36.75354839,7.318666667,350.2574194,15.24933333,9.844193548,219.0
,,,,,08181480,29.32995837,-98.5841856,"Leon Ck at IH 35, San Antonio, TX",2022,4.279677419,32.40928571,13.63548387,10.90566667,16.83064516,14.932,1.114193548,11.46,7.537,3.100322581,9.186,3.392903226,219.0
,,,,,08181480,29.32995837,-98.5841856,"Leon Ck at IH 35, San Antonio, TX",2023,3.097096774,5.295357143,6.483548387,162.0293333,158.1964516,19.19533333,3.096129032,0.602903226,1.796333333,5.246451613,5.487666667,2.802258065,219.0
,,,,,08181480,29.32995837,-98.5841856,"Leon Ck at IH 35, San Antonio, TX",2024,140.73,17.41758621,9.173548387,19.999,6.532258065,83.94666667,84.02354839,1.812258065,21.38566667,0.852903226,16.11666667,1.572580645,219.0
,,,,,08183978,29.73677778,-98.4933722,"Cibolo Ck at Specht Rd nr Bulverde, TX",2010,0.0,0.0,0.0,0.0,0.0,0.0,0.0,0.0,0.0,0.0,0.0,0.0,162.0
,,,,,08183978,29.73677778,-98.4933722,"Cibolo Ck at Specht Rd nr Bulverde, TX",2011,0.0,0.0,0.0,0.0,0.0,0.0,0.0,0.0,0.0,0.0,0.0,0.0,162.0
,,,,,08183978,29.73677778,-98.4933722,"Cibolo Ck at Specht Rd nr Bulverde, TX",2012,0.0,0.0,0.0,0.0,0.0,0.0,0.0,0.0,0.0,0.0,0.0,0.0,162.0
,,,,,08183978,29.73677778,-98.4933722,"Cibolo Ck at Specht Rd nr Bulverde, TX",2013,0.0,0.0,0.0,0.0,0.0,0.0,0.0,0.0,0.0,0.0,0.0,0.0,162.0
,,,,,08183978,29.73677778,-98.4933722,"Cibolo Ck at Specht Rd nr Bulverde, TX",2014,0.0,0.0,0.0,0.0,0.0,0.0,0.0,0.0,0.0,0.007096774,0.733333333,0.0,162.0
,,,,,08183978,29.73677778,-98.4933722,"Cibolo Ck at Specht Rd nr Bulverde, TX",2015,0.072903226,0.0,0.000645161,0.899666667,114.7454839,36.95033333,0.0,0.0,0.005,4.208602151,5.354,0.0,162.0
,,,,,08183978,29.73677778,-98.4933722,"Cibolo Ck at Specht Rd nr Bulverde, TX",2016,0.0,0.0,0.0,16.132,124.3935484,69.05933333,0.0,8.968709677,2.614666667,0.0,0.043333333,0.173870968,162.0
,,,,,08183978,29.73677778,-98.4933722,"Cibolo Ck at Specht Rd nr Bulverde, TX",2017,0.121612903,12.47214286,0.0,0.0,0.0,0.0,0.0,0.000967742,0.0,0.0,0.0,0.0,162.0
,,,,,08183978,29.73677778,-98.4933722,"Cibolo Ck at Specht Rd nr Bulverde, TX",2018,0.0,0.0,4.422903226,0.0,0.001290323,0.000333333,18.73516129,0.001612903,419.4036667,43.97548387,0.369,4.582580645,162.0
,,,,,08183978,29.73677778,-98.4933722,"Cibolo Ck at Specht Rd nr Bulverde, TX",2019,0.033225806,0.0,0.0,0.0,41.56193548,0.047,0.0,0.0,0.0,0.022258065,0.0,0.0,162.0
,,,,,08183978,29.73677778,-98.4933722,"Cibolo Ck at Specht Rd nr Bulverde, TX",2020,0.0,0.001034483,0.0,0.001,2.224516129,0.002333333,0.0,0.0,1.511333333,0.0,0.0,0.0,162.0
,,,,,08183978,29.73677778,-98.4933722,"Cibolo Ck at Specht Rd nr Bulverde, TX",2021,0.0,0.0,0.0,1.587,54.61645161,4.038,17.85451613,21.1083871,0.001,19.34064516,0.001333333,0.0,162.0
,,,,,08183978,29.73677778,-98.4933722,"Cibolo Ck at Specht Rd nr Bulverde, TX",2022,0.0,0.012142857,0.0,0.0,0.0,0.003,0.0,0.0,0.0,0.000645161,0.002,0.000322581,162.0
,,,,,08183978,29.73677778,-98.4933722,"Cibolo Ck at Specht Rd nr Bulverde, TX",2023,0.000645161,0.001785714,0.0,0.001666667,0.005483871,0.000333333,0.0,0.0,0.0,0.002580645,0.003333333,0.000645161,162.0
,,,,,08183978,29.73677778,-98.4933722,"Cibolo Ck at Specht Rd nr Bulverde, TX",2024,0.200967742,0.000344828,0.024193548,0.011666667,0.002903226,0.001,2.116451613,0.0,0.000666667,0.0,0.053333333,0.000967742,162.0
,,,,,08184050,29.74826667,-98.4076833,"Cibolo Ck at Smithson Valley Rd nr Bulverde, TX",2010,0.0,0.0,0.0,0.0,0.0,0.0,0.0,0.0,0.0,0.0,0.0,0.0,203.0
,,,,,08184050,29.74826667,-98.4076833,"Cibolo Ck at Smithson Valley Rd nr Bulverde, TX",2011,0.0,0.0,0.0,0.0,0.0,0.0,0.0,0.0,0.0,0.098064516,0.000333333,0.0,203.0
,,,,,08184050,29.74826667,-98.4076833,"Cibolo Ck at Smithson Valley Rd nr Bulverde, TX",2012,1.089032258,0.018965517,0.087096774,0.0,0.0,0.0,0.0,0.0,0.048333333,0.0,0.0,0.0,203.0
,,,,,08184050,29.74826667,-98.4076833,"Cibolo Ck at Smithson Valley Rd nr Bulverde, TX",2013,0.0,0.0,0.0,0.0,1.42516129,0.0,0.0,0.0,0.212,80.86645161,2.597,0.0,203.0
,,,,,08184050,29.74826667,-98.4076833,"Cibolo Ck at Smithson Valley Rd nr Bulverde, TX",2014,0.0,0.0,0.0,0.0,0.525483871,0.0,1.627741935,0.0,0.0,0.0,0.541666667,0.0,203.0
,,,,,08184050,29.74826667,-98.4076833,"Cibolo Ck at Smithson Valley Rd nr Bulverde, TX",2015,0.799354839,0.0,0.0,0.198333333,81.57645161,26.26233333,0.0,0.0,0.0,254.8764516,8.328666667,0.0,203.0
,,,,,08184050,29.74826667,-98.4076833,"Cibolo Ck at Smithson Valley Rd nr Bulverde, TX",2016,0.0,0.0,0.0,17.071,141.2483871,80.18033333,0.0,12.38935484,12.209,0.0,0.0,0.092903226,203.0
,,,,,08184050,29.74826667,-98.4076833,"Cibolo Ck at Smithson Valley Rd nr Bulverde, TX",2017,0.0,1.045,0.0,0.039,0.0,0.0,0.0,0.0,0.0,0.0,0.0,0.0,203.0
,,,,,08184050,29.74826667,-98.4076833,"Cibolo Ck at Smithson Valley Rd nr Bulverde, TX",2018,0.0,0.0,4.766129032,0.0,0.0,0.0,0.0,0.0,615.524,31.83548387,10.00033333,0.042580645,203.0
,,,,,08184050,29.74826667,-98.4076833,"Cibolo Ck at Smithson Valley Rd nr Bulverde, TX",2019,0.0,0.0,0.0,0.0,77.36483871,3.987333333,0.0,0.0,0.0,5.722903226,0.0,0.0,203.0
,,,,,08184050,29.74826667,-98.4076833,"Cibolo Ck at Smithson Valley Rd nr Bulverde, TX",2020,0.0,0.0,0.0,0.0,9.004193548,0.0,0.0,0.0,0.079,0.0,0.0,0.0,203.0
,,,,,08184050,29.74826667,-98.4076833,"Cibolo Ck at Smithson Valley Rd nr Bulverde, TX",2021,0.0,0.0,0.0,6.594,19.37193548,19.056,0.033548387,6.004516129,0.022,23.33870968,0.0,0.0,203.0
,,,,,08184050,29.74826667,-98.4076833,"Cibolo Ck at Smithson Valley Rd nr Bulverde, TX",2022,0.0,0.668928571,0.0,0.0,0.0,0.0,0.0,0.0,0.0,0.0,0.0,0.0,203.0
,,,,,08184050,29.74826667,-98.4076833,"Cibolo Ck at Smithson Valley Rd nr Bulverde, TX",2023,0.0,0.0,0.0,0.0,5.649032258,0.0,0.0,0.0,0.0,0.0,0.0,0.0,203.0
,,,,,08184050,29.74826667,-98.4076833,"Cibolo Ck at Smithson Valley Rd nr Bulverde, TX",2024,3.132580645,0.0,0.0,0.0,0.0,0.009,12.67967742,0.0,0.0,0.0,0.344,0.0,203.0
,,,,,08185065,29.50144444,-98.18625,"Cibolo Ck nr Saint Hedwig, TX",2010,39.48387097,120.6,31.79677419,28.0,56.2516129,30.71666667,19.87096774,12.34193548,357.7126667,28.53225806,28.71666667,26.9,306.0
,,,,,08185065,29.50144444,-98.18625,"Cibolo Ck nr Saint Hedwig, TX",2011,33.0,20.09642857,16.02903226,11.837,9.117096774,10.24266667,3.605806452,0.886129032,0.484,12.23032258,9.353333333,10.23258065,306.0
,,,,,08185065,29.50144444,-98.18625,"Cibolo Ck nr Saint Hedwig, TX",2012,27.1183871,42.88275862,27.6383871,9.300666667,76.74870968,8.871,28.58677419,6.216451613,43.64566667,13.54709677,10.537,12.40322581,306.0
,,,,,08185065,29.50144444,-98.18625,"Cibolo Ck nr Saint Hedwig, TX",2013,20.89290323,9.745714286,8.846451613,11.25033333,332.6570968,10.0,14.39129032,7.421935484,69.16133333,245.1658065,79.45633333,10.97322581,306.0
,,,,,08185065,29.50144444,-98.18625,"Cibolo Ck nr Saint Hedwig, TX",2014,12.09225806,10.26642857,12.44483871,9.347333333,26.20387097,7.846333333,7.176129032,3.148709677,9.65,9.368709677,61.72566667,13.30322581,306.0
,,,,,08185065,29.50144444,-98.18625,"Cibolo Ck nr Saint Hedwig, TX",2015,29.82903226,12.88285714,30.87612903,115.27,788.1580645,375.6286667,3.169677419,2.083548387,7.328666667,541.8364516,93.48,20.9516129,306.0
,,,,,08185065,29.50144444,-98.18625,"Cibolo Ck nr Saint Hedwig, TX",2016,14.49677419,18.84137931,20.99677419,58.89333333,682.2419355,194.6666667,22.22903226,62.16774194,44.1,16.22580645,20.5,122.2032258,306.0
,,,,,08185065,29.50144444,-98.18625,"Cibolo Ck nr Saint Hedwig, TX",2017,36.34193548,43.40357143,31.62903226,33.31333333,18.78064516,16.87,11.59225806,28.29322581,10.82066667,10.45967742,10.79166667,39.00096774,306.0
,,,,,08185065,29.50144444,-98.18625,"Cibolo Ck nr Saint Hedwig, TX",2018,12.66774194,40.41785714,57.94612903,14.45333333,11.59935484,8.345666667,8.33,6.154516129,1062.408333,36.16129032,19.38,25.82258065,306.0
,,,,,08185065,29.50144444,-98.18625,"Cibolo Ck nr Saint Hedwig, TX",2019,28.59032258,17.68571429,16.96451613,18.26333333,32.19677419,30.15666667,13.86806452,6.945806452,9.834666667,19.65967742,12.99,13.33548387,306.0
,,,,,08185065,29.50144444,-98.18625,"Cibolo Ck nr Saint Hedwig, TX",2020,11.5183871,9.85137931,10.96516129,30.28666667,29.49709677,6.896333333,7.215806452,8.273548387,17.238,7.51483871,8.483666667,9.999032258,306.0
,,,,,08185065,29.50144444,-98.18625,"Cibolo Ck nr Saint Hedwig, TX",2021,12.47129032,10.33392857,7.690645161,17.52666667,98.8,50.02866667,29.13225806,11.32967742,48.853,218.1548387,17.59,16.91612903,306.0
,,,,,08185065,29.50144444,-98.18625,"Cibolo Ck nr Saint Hedwig, TX",2022,15.2516129,52.29285714,14.45129032,80.06966667,3.964516129,2.270666667,4.768064516,12.56258065,8.918666667,8.138709677,12.051,15.4283871,306.0
,,,,,08185065,29.50144444,-98.18625,"Cibolo Ck nr Saint Hedwig, TX",2023,13.11193548,14.10178571,15.20580645,16.415,111.9032258,14.99066667,8.525806452,6.888387097,9.535666667,54.80322581,8.715666667,13.09354839,306.0
,,,,,08185065,29.50144444,-98.18625,"Cibolo Ck nr Saint Hedwig, TX",2024,119.236129,17.80689655,13.75806452,17.261,8.627741935,9.187333333,13.66709677,7.564193548,12.20133333,8.391612903,8.676666667,6.702258065,306.0
,,,,,08185100,29.44388889,-98.1688889,"Martinez Ck nr Saint Hedwig, TX",2010,200.8580645,423.3892857,46.93548387,110.4933333,36.63225806,94.65,20.19258065,10.60129032,438.8266667,15.83548387,15.94333333,17.32580645,81.1
,,,,,08185100,29.44388889,-98.1688889,"Martinez Ck nr Saint Hedwig, TX",2011,34.73225806,14.56071429,12.9216129,11.21166667,9.953870968,11.21333333,8.631935484,6.735806452,10.11066667,11.99,14.527,24.36451613,81.1
,,,,,08185100,29.44388889,-98.1688889,"Martinez Ck nr Saint Hedwig, TX",2012,38.99354839,168.2,87.40967742,16.91666667,82.73225806,10.01733333,27.87967742,18.00967742,60.09666667,26.93870968,14.21,12.7,81.1
,,,,,08185100,29.44388889,-98.1688889,"Martinez Ck nr Saint Hedwig, TX",2013,31.09387097,10.06678571,11.72806452,20.262,34.91741935,17.01666667,14.28741935,6.977096774,17.14366667,18.98387097,17.10333333,11.19258065,81.1
,,,,,08185100,29.44388889,-98.1688889,"Martinez Ck nr Saint Hedwig, TX",2014,10.66032258,9.4675,10.36645161,11.616,45.79451613,23.452,12.96774194,7.467419355,9.543333333,10.77548387,68.60766667,19.28709677,81.1
,,,,,08185100,29.44388889,-98.1688889,"Martinez Ck nr Saint Hedwig, TX",2015,43.3,14.98928571,92.14193548,205.96,368.3,382.16,16.18193548,11.11645161,8.820333333,94.37322581,60.16666667,30.73548387,81.1
,,,,,08185100,29.44388889,-98.1688889,"Martinez Ck nr Saint Hedwig, TX",2016,27.78709677,23.55517241,52.78387097,81.68,330.7483871,436.8223333,15.56258065,106.4429032,52.02366667,15.39419355,27.692,341.4509677,81.1
,,,,,08185100,29.44388889,-98.1688889,"Martinez Ck nr Saint Hedwig, TX",2017,56.81290323,92.15,49.12258065,22.71666667,8.268064516,10.95866667,7.874193548,29.71580645,13.33333333,8.900322581,8.976333333,35.72096774,81.1
,,,,,08185100,29.44388889,-98.1688889,"Martinez Ck nr Saint Hedwig, TX",2018,12.18064516,59.02857143,159.7193548,30.76333333,14.94483871,7.787666667,16.03612903,8.961612903,162.885,66.04516129,24.98,94.88709677,81.1
,,,,,08185100,29.44388889,-98.1688889,"Martinez Ck nr Saint Hedwig, TX",2019,66.77096774,17.38571429,13.85806452,29.07,49.57774194,40.16666667,19.33419355,7.494516129,14.954,26.70806452,10.29533333,9.854516129,81.1
,,,,,08185100,29.44388889,-98.1688889,"Martinez Ck nr Saint Hedwig, TX",2020,15.75096774,13.62068966,19.50322581,40.20033333,71.06,10.218,7.684193548,8.607741935,27.00666667,17.33548387,19.74,20.75806452,81.1
,,,,,08185100,29.44388889,-98.1688889,"Martinez Ck nr Saint Hedwig, TX",2021,21.65806452,21.23571429,13.09032258,58.27233333,189.9967742,189.1733333,63.64516129,17.39032258,26.912,254.3935484,31.35666667,26.22258065,81.1
,,,,,08185100,29.44388889,-98.1688889,"Martinez Ck nr Saint Hedwig, TX",2022,14.18709677,34.15,32.2483871,31.36666667,18.76774194,18.19666667,12.33612903,12.87451613,12.83,11.70967742,16.18333333,164.7193548,81.1
,,,,,08185100,29.44388889,-98.1688889,"Martinez Ck nr Saint Hedwig, TX",2023,13.64193548,18.525,16.96129032,58.16333333,110.7709677,26.82166667,9.167419355,9.346451613,9.641333333,25.45129032,15.50666667,12.26774194,81.1
,,,,,08185100,29.44388889,-98.1688889,"Martinez Ck nr Saint Hedwig, TX",2024,190.7387097,34.6862069,20.6516129,28.23,13.32193548,12.565,20.80870968,11.83870968,29.02666667,11.98709677,15.52333333,15.10645161,81.1
,,,,,08196300,29.3736111,-99.7041667,"Dry Frio Rv at FM 2690 nr Knippa, TX",2010,0.0,0.0,0.0,28.04066667,0.0,0.0,0.0,0.0,0.0,0.0,0.0,0.0,176.0
,,,,,08196300,29.3736111,-99.7041667,"Dry Frio Rv at FM 2690 nr Knippa, TX",2011,0.0,0.0,0.0,0.0,0.0,0.0,0.0,0.0,0.0,0.0,0.000666667,0.0,176.0
,,,,,08196300,29.3736111,-99.7041667,"Dry Frio Rv at FM 2690 nr Knippa, TX",2012,0.0,0.0,0.0,0.0,0.834193548,0.0,0.0,0.0,0.0,0.0,0.0,0.0,176.0
,,,,,08196300,29.3736111,-99.7041667,"Dry Frio Rv at FM 2690 nr Knippa, TX",2013,0.0,0.0,0.0,0.0,0.028709677,0.0,0.0,0.0,0.0,0.0,0.0,0.0,176.0
,,,,,08196300,29.3736111,-99.7041667,"Dry Frio Rv at FM 2690 nr Knippa, TX",2014,0.0,0.0,0.0,0.0,25.88451613,0.0,0.0,0.0,0.0,0.0,0.0,0.0,176.0
,,,,,08196300,29.3736111,-99.7041667,"Dry Frio Rv at FM 2690 nr Knippa, TX",2015,0.0,0.0,0.0,0.0,255.793871,0.0,0.0,0.0,0.0,0.0,0.0,0.0,176.0
,,,,,08196300,29.3736111,-99.7041667,"Dry Frio Rv at FM 2690 nr Knippa, TX",2016,0.0,0.0,0.382258065,5.156333333,24.94043011,0.0,0.0,9.806451613,4.006666667,0.0,0.0,0.0,176.0
,,,,,08196300,29.3736111,-99.7041667,"Dry Frio Rv at FM 2690 nr Knippa, TX",2017,0.0,0.0,0.0,6.658333333,0.0,0.0,0.0,0.0,0.0,0.0,0.0,0.0,176.0
,,,,,08196300,29.3736111,-99.7041667,"Dry Frio Rv at FM 2690 nr Knippa, TX",2018,0.0,0.0,0.0,0.0,0.0,0.0,0.0,223.2867742,387.619,493.7016129,0.0,0.0,176.0
,,,,,08196300,29.3736111,-99.7041667,"Dry Frio Rv at FM 2690 nr Knippa, TX",2019,0.0,0.0,0.0,0.0,0.0,144.2376667,0.0,0.0,0.0,0.0,0.0,0.0,176.0
,,,,,08196300,29.3736111,-99.7041667,"Dry Frio Rv at FM 2690 nr Knippa, TX",2020,0.0,0.0,0.0,0.0,0.0,0.0,0.0,0.0,0.0,0.0,0.0,0.0,176.0
,,,,,08196300,29.3736111,-99.7041667,"Dry Frio Rv at FM 2690 nr Knippa, TX",2021,0.0,0.0,0.0,0.0,0.0,0.0,0.0,0.0,0.0,0.0,0.0,0.0,176.0
,,,,,08196300,29.3736111,-99.7041667,"Dry Frio Rv at FM 2690 nr Knippa, TX",2022,0.0,0.0,0.0,0.0,0.0,0.0,0.0,0.0,0.0,0.0,0.0,0.0,176.0
,,,,,08196300,29.3736111,-99.7041667,"Dry Frio Rv at FM 2690 nr Knippa, TX",2023,0.0,0.0,0.0,0.0,0.0,0.0,0.0,0.0,0.0,0.0,0.0,0.0,176.0
,,,,,08196300,29.3736111,-99.7041667,"Dry Frio Rv at FM 2690 nr Knippa, TX",2024,0.0,0.0,0.0,0.0,0.0,0.0,0.0,0.0,0.0,0.0,0.0,0.0,176.0
,,,,,08197936,29.719,-99.5487,"Sabinal Rv bl Mill Ck nr Vanderpool, TX",2010,1.190870968,1.096969388,1.192073733,0.998152381,1.635493088,1.272547619,0.608331797,0.685308756,0.657195238,0.710032258,0.974952381,1.03437788,55.8
,,,,,08197936,29.719,-99.5487,"Sabinal Rv bl Mill Ck nr Vanderpool, TX",2011,1.190870968,1.096969388,1.192073733,0.998152381,1.635493088,1.272547619,0.608331797,0.685308756,0.657195238,0.710032258,0.974952381,1.03437788,55.8
,,,,,08197936,29.719,-99.5487,"Sabinal Rv bl Mill Ck nr Vanderpool, TX",2012,1.190870968,1.091428571,1.191539171,0.993871429,1.666096774,1.236642857,0.621428571,0.670875576,0.6554,0.716179724,0.983238095,1.058032258,55.8
,,,,,08197936,29.719,-99.5487,"Sabinal Rv bl Mill Ck nr Vanderpool, TX",2013,1.190870968,1.096969388,1.192073733,0.998152381,1.635493088,1.272547619,0.608331797,0.685308756,0.668885714,0.613870968,2.592916667,0.506774194,55.8
,,,,,08197936,29.719,-99.5487,"Sabinal Rv bl Mill Ck nr Vanderpool, TX",2014,0.435483871,0.4575,1.118387097,0.993333333,3.142903226,5.166333333,0.54483871,0.534354839,0.623333333,0.406451613,0.593,0.658387097,55.8
,,,,,08197936,29.719,-99.5487,"Sabinal Rv bl Mill Ck nr Vanderpool, TX",2015,0.772903226,0.781428571,1.514193548,5.480527778,27.34967742,40.97388889,10.90612903,1.371290323,0.767,9.201290323,18.43233333,19.0516129,55.8
,,,,,08197936,29.719,-99.5487,"Sabinal Rv bl Mill Ck nr Vanderpool, TX",2016,11.68419355,7.797241379,11.15935484,21.29266667,28.21112903,38.67233333,7.429032258,8.802903226,13.365,8.578064516,5.713333333,13.40322581,55.8
,,,,,08197936,29.719,-99.5487,"Sabinal Rv bl Mill Ck nr Vanderpool, TX",2017,12.22612903,21.88892857,13.7316129,13.81333333,5.750645161,4.317333333,0.996451613,0.996774194,1.893333333,1.646451613,1.318666667,2.972580645,55.8
,,,,,08197936,29.719,-99.5487,"Sabinal Rv bl Mill Ck nr Vanderpool, TX",2018,2.328064516,3.251785714,1.937741935,1.387666667,33.35032258,0.730666667,1.15,0.769354839,266.9993333,499.3419355,45.53666667,31.91612903,55.8
,,,,,08197936,29.719,-99.5487,"Sabinal Rv bl Mill Ck nr Vanderpool, TX",2019,24.57096774,16.83928571,13.2516129,12.42733333,47.71290323,14.663,4.136451613,1.103870968,0.690333333,1.317096774,3.460666667,4.932903226,55.8
,,,,,08197936,29.719,-99.5487,"Sabinal Rv bl Mill Ck nr Vanderpool, TX",2020,7.221612903,4.813793103,6.449677419,4.466666667,7.39516129,8.946333333,0.678064516,0.869032258,1.271333333,0.97483871,1.036,0.877096774,55.8
,,,,,08197936,29.719,-99.5487,"Sabinal Rv bl Mill Ck nr Vanderpool, TX",2021,1.145806452,0.956428571,1.597096774,3.692666667,16.32064516,6.213,1.258064516,16.14290323,0.868,3.11483871,1.365,1.463225806,55.8
,,,,,08197936,29.719,-99.5487,"Sabinal Rv bl Mill Ck nr Vanderpool, TX",2022,1.194516129,1.01,0.59483871,0.374,0.431612903,0.226,0.07483871,13.31193548,3.809,0.318064516,0.680666667,0.339677419,55.8
,,,,,08197936,29.719,-99.5487,"Sabinal Rv bl Mill Ck nr Vanderpool, TX",2023,0.466451613,0.518214286,0.432580645,0.578333333,6.641612903,2.459333333,0.192903226,0.215806452,0.201333333,0.637096774,0.738,1.025483871,55.8
,,,,,08197936,29.719,-99.5487,"Sabinal Rv bl Mill Ck nr Vanderpool, TX",2024,1.296774194,1.182413793,0.927096774,0.602333333,0.53516129,0.457666667,11.69451613,0.386774194,0.688333333,0.328709677,0.823666667,0.698064516,55.8
,,,,,08200720,29.3761111,-99.1166667,"Hondo Ck at SH 173 nr Hondo, TX",2010,0.0,6.491785714,0.0,54.12933333,91.78290323,0.0,0.0,0.0,14.81866667,0.0,0.0,0.0,157.0
,,,,,08200720,29.3761111,-99.1166667,"Hondo Ck at SH 173 nr Hondo, TX",2011,0.0,0.0,0.0,0.0,0.0,0.0,0.0,0.0,0.0,0.0,0.0,0.0,157.0
,,,,,08200720,29.3761111,-99.1166667,"Hondo Ck at SH 173 nr Hondo, TX",2012,0.0,0.0,0.0,0.0,0.0,0.0,0.0,0.0,0.0,0.0,0.0,0.0,157.0
,,,,,08200720,29.3761111,-99.1166667,"Hondo Ck at SH 173 nr Hondo, TX",2013,0.0,0.0,0.0,0.0,7.127419355,0.0,0.0,0.0,0.0,0.0,0.0,0.0,157.0
,,,,,08200720,29.3761111,-99.1166667,"Hondo Ck at SH 173 nr Hondo, TX",2014,0.0,0.0,0.0,0.0,26.06225806,0.391,14.54419355,0.0,0.0,0.0,0.0,0.0,157.0
,,,,,08200720,29.3761111,-99.1166667,"Hondo Ck at SH 173 nr Hondo, TX",2015,0.0,0.0,0.0,0.0,1971.79871,3.855666667,0.0,0.0,0.0,0.0,0.0,0.0,157.0
,,,,,08200720,29.3761111,-99.1166667,"Hondo Ck at SH 173 nr Hondo, TX",2016,0.0,0.0,0.0,0.0,470.8609677,70.872,0.142258065,12.64387097,0.156333333,0.0,0.0,0.005483871,157.0
,,,,,08200720,29.3761111,-99.1166667,"Hondo Ck at SH 173 nr Hondo, TX",2017,0.0,0.0,0.0,0.002,0.0,0.0,0.0,0.0,0.0,0.0,0.0,0.0,157.0
,,,,,08200720,29.3761111,-99.1166667,"Hondo Ck at SH 173 nr Hondo, TX",2018,0.0,0.0,0.400967742,0.003666667,130.5216129,0.0,0.0,0.0,661.2046667,13.02548387,0.721333333,0.198387097,157.0
,,,,,08200720,29.3761111,-99.1166667,"Hondo Ck at SH 173 nr Hondo, TX",2019,0.002258065,0.0,0.0,0.0,0.0,0.0,0.0,0.0,0.0,0.0,0.0,0.0,157.0
,,,,,08200720,29.3761111,-99.1166667,"Hondo Ck at SH 173 nr Hondo, TX",2020,0.0,0.0,0.0,0.0,0.174193548,0.0,0.0,0.0,0.0,0.0,0.0,0.0,157.0
,,,,,08200720,29.3761111,-99.1166667,"Hondo Ck at SH 173 nr Hondo, TX",2021,0.0,0.0,0.0,0.0,65.9516129,0.0,0.607419355,0.0,0.0,0.0,0.0,0.0,157.0
,,,,,08200720,29.3761111,-99.1166667,"Hondo Ck at SH 173 nr Hondo, TX",2022,0.0,0.0,0.0,0.0,0.0,0.0,0.0,0.0,0.0,0.0,0.0,0.0,157.0
,,,,,08200720,29.3761111,-99.1166667,"Hondo Ck at SH 173 nr Hondo, TX",2023,0.0,0.0,0.0,0.0,1.308064516,0.0,0.0,0.0,0.0,0.0,0.0,0.0,157.0
,,,,,08200720,29.3761111,-99.1166667,"Hondo Ck at SH 173 nr Hondo, TX",2024,0.0,0.0,0.0,0.0,0.0,0.0,0.0,0.0,0.0,0.0,0.0,0.0,157.0
,,,,,08200977,29.56777778,-99.0969444,"Middle Verde Ck at SH 173 nr Bandera, TX",2010,5.578709677,39.03214286,14.51419355,31.88933333,88.89354839,15.05,3.924516129,0.0,6.319,0.0,0.0,0.0,38.9
,,,,,08200977,29.56777778,-99.0969444,"Middle Verde Ck at SH 173 nr Bandera, TX",2011,0.0,0.0,0.0,0.0,0.0,0.000666667,0.0,0.0,0.0,0.287096774,0.000666667,0.000967742,38.9
,,,,,08200977,29.56777778,-99.0969444,"Middle Verde Ck at SH 173 nr Bandera, TX",2012,0.128064516,2.073448276,3.029354839,0.000333333,2.819032258,0.467,0.010645161,0.01,0.048,0.0,0.0,0.0,38.9
,,,,,08200977,29.56777778,-99.0969444,"Middle Verde Ck at SH 173 nr Bandera, TX",2013,0.000322581,0.000357143,0.0,0.0,63.96096774,0.002333333,0.0,0.0,0.420333333,0.000322581,0.001,0.000322581,38.9
,,,,,08200977,29.56777778,-99.0969444,"Middle Verde Ck at SH 173 nr Bandera, TX",2014,0.0,0.0,0.000322581,0.0,29.26290323,0.003666667,0.000322581,3.145483871,0.606,0.000322581,0.000333333,0.0,38.9
,,,,,08200977,29.56777778,-99.0969444,"Middle Verde Ck at SH 173 nr Bandera, TX",2015,0.049354839,0.001071429,0.001290323,2.932,198.3277419,78.51666667,18.14645161,2.131935484,0.0,16.70935484,13.69866667,14.04064516,38.9
,,,,,08200977,29.56777778,-99.0969444,"Middle Verde Ck at SH 173 nr Bandera, TX",2016,8.556129032,4.300344828,3.239677419,2.950666667,544.7325806,117.47,5.228387097,45.89516129,11.31933333,0.0,0.003666667,1.11516129,38.9
,,,,,08200977,29.56777778,-99.0969444,"Middle Verde Ck at SH 173 nr Bandera, TX",2017,0.001935484,0.131785714,0.0,0.004,0.006774194,0.001,0.000645161,1.951935484,0.000333333,0.0,0.000333333,0.0,38.9
,,,,,08200977,29.56777778,-99.0969444,"Middle Verde Ck at SH 173 nr Bandera, TX",2018,0.0,0.0,0.843870968,0.0,15.01709677,0.000333333,12.37096774,0.000967742,721.52,88.70645161,35.90666667,21.79354839,38.9
,,,,,08200977,29.56777778,-99.0969444,"Middle Verde Ck at SH 173 nr Bandera, TX",2019,11.89387097,7.243214286,3.542258065,2.887333333,4.995483871,2.592333333,0.36,0.0,0.0,0.0,0.0,0.0,38.9
,,,,,08200977,29.56777778,-99.0969444,"Middle Verde Ck at SH 173 nr Bandera, TX",2020,2.533870968,0.317931034,0.0,0.0,0.405806452,0.601,0.000322581,0.000322581,0.0,0.0,0.0,0.0,38.9
,,,,,08200977,29.56777778,-99.0969444,"Middle Verde Ck at SH 173 nr Bandera, TX",2021,0.0,0.0,0.0,0.001,2.243548387,0.003,1.373548387,0.0,0.257666667,0.002258065,0.0,0.000322581,38.9
,,,,,08200977,29.56777778,-99.0969444,"Middle Verde Ck at SH 173 nr Bandera, TX",2022,0.0,0.0,0.0,0.0,0.012580645,0.0,0.0,0.059354839,0.0,0.0,0.0,0.0,38.9
,,,,,08200977,29.56777778,-99.0969444,"Middle Verde Ck at SH 173 nr Bandera, TX",2023,0.0,0.0,0.0,1.207,11.84354839,0.062666667,0.0,0.0,0.091666667,0.002258065,0.0,0.0,38.9
,,,,,08200977,29.56777778,-99.0969444,"Middle Verde Ck at SH 173 nr Bandera, TX",2024,0.0,0.006206897,0.0,0.019333333,0.0,0.000333333,29.66193548,0.152258065,0.013666667,0.0,19.35466667,0.0,38.9
,,,,,08204005,29.1544077,-99.7433888,"Leona Rv nr Uvalde, TX",2010,0.0,0.764285714,3.033870968,3.761,9.988064516,1.777333333,5.887096774,0.201290323,4.168,5.899677419,5.506,4.250322581,132.0
,,,,,08204005,29.1544077,-99.7433888,"Leona Rv nr Uvalde, TX",2011,2.468709677,0.907142857,0.016129032,0.0,0.0,0.0,0.0,0.0,0.0,15.26451613,21.513,0.0,132.0
,,,,,08204005,29.1544077,-99.7433888,"Leona Rv nr Uvalde, TX",2012,0.0,0.0,0.0,0.0,0.0,0.0,0.0,0.0,306.7603333,0.0,0.0,0.0,132.0
,,,,,08204005,29.1544077,-99.7433888,"Leona Rv nr Uvalde, TX",2013,0.0,0.0,0.0,0.0,82.62258065,66.48466667,0.0,0.0,0.0,0.0,0.0,0.0,132.0
,,,,,08204005,29.1544077,-99.7433888,"Leona Rv nr Uvalde, TX",2014,0.0,0.0,0.0,0.0,70.25774194,0.0,0.0,0.0,0.0,0.0,0.0,0.0,132.0
,,,,,08204005,29.1544077,-99.7433888,"Leona Rv nr Uvalde, TX",2015,0.0,0.0,0.0,0.0,1202.283548,2.119333333,0.0,0.0,0.0,131.7090323,5.788,0.0,132.0
,,,,,08204005,29.1544077,-99.7433888,"Leona Rv nr Uvalde, TX",2016,0.0,0.0,10.06580645,0.0,77.67741935,71.609,0.0,43.55806452,28.16433333,20.44193548,27.15666667,85.37741935,132.0
,,,,,08204005,29.1544077,-99.7433888,"Leona Rv nr Uvalde, TX",2017,26.10967742,22.48214286,23.50967742,29.43333333,25.12580645,22.77333333,14.20645161,11.47096774,1240.003333,21.55483871,22.11,26.40645161,132.0
,,,,,08204005,29.1544077,-99.7433888,"Leona Rv nr Uvalde, TX",2018,24.09032258,23.48214286,20.09354839,15.28333333,11.99580645,3.106,0.773225806,0.0,1071.453,17.84193548,25.31,36.11935484,132.0
,,,,,08204005,29.1544077,-99.7433888,"Leona Rv nr Uvalde, TX",2019,39.87419355,42.57857143,39.48387097,43.79333333,44.12903226,69.25333333,33.1,32.19032258,29.33333333,41.90645161,34.36666667,35.25483871,132.0
,,,,,08204005,29.1544077,-99.7433888,"Leona Rv nr Uvalde, TX",2020,36.35483871,33.96206897,30.17096774,40.23,33.64516129,18.27,10.9583871,8.330967742,9.502666667,9.578064516,9.785666667,16.53032258,132.0
,,,,,08204005,29.1544077,-99.7433888,"Leona Rv nr Uvalde, TX",2021,10.53129032,10.48964286,6.829354839,6.946,175.7012903,5.027333333,0.0,6.219032258,0.0,0.0,0.0,0.0,132.0
,,,,,08204005,29.1544077,-99.7433888,"Leona Rv nr Uvalde, TX",2022,0.0,0.0,0.0,0.0,0.0,0.0,0.0,46.84870968,3.069,0.0,0.0,0.0,132.0
,,,,,08204005,29.1544077,-99.7433888,"Leona Rv nr Uvalde, TX",2023,0.0,0.0,0.0,0.0,3.635483871,2.356666667,0.0,0.0,0.0,0.0,0.0,0.0,132.0
,,,,,08204005,29.1544077,-99.7433888,"Leona Rv nr Uvalde, TX",2024,0.0,0.0,0.0,0.0,0.0,0.0,0.0,0.0,13.76933333,0.0,0.0,0.0,132.0
,,,,,08456310,29.30791667,-100.4192222,"Las Moras Spgs Dws of pool at Brackettville,TX",2010,1.751061928,1.487254196,1.583712635,1.705903916,1.92583871,1.562115568,1.022482639,1.530167576,2.375564756,2.334413532,1.983810888,1.775820224,10.732674672137982
,,,,,08456310,29.30791667,-100.4192222,"Las Moras Spgs Dws of pool at Brackettville,TX",2011,1.751061928,1.487254196,1.583712635,1.705903916,1.92583871,1.562115568,1.022482639,1.530167576,2.375564756,2.334413532,1.983810888,1.775820224,10.732674672137982
,,,,,08456310,29.30791667,-100.4192222,"Las Moras Spgs Dws of pool at Brackettville,TX",2012,1.751061928,1.487914238,1.595336445,1.717394842,1.907794528,1.535057689,1.035533198,1.527104261,2.425691213,2.320985304,1.971235912,1.759874203,10.732674672137982
,,,,,08456310,29.30791667,-100.4192222,"Las Moras Spgs Dws of pool at Brackettville,TX",2013,1.751061928,1.487254196,1.583712635,1.705903916,1.92583871,1.562115568,1.022482639,1.530167576,2.375564756,2.334413532,1.983810888,1.775820224,10.732674672137982
,,,,,08456310,29.30791667,-100.4192222,"Las Moras Spgs Dws of pool at Brackettville,TX",2014,1.751061928,1.487254196,1.583712635,1.705903916,1.92583871,1.562115568,1.022482639,1.530167576,2.375347947,5.047741935,7.301333333,8.412258065,10.732674672137982
,,,,,08456310,29.30791667,-100.4192222,"Las Moras Spgs Dws of pool at Brackettville,TX",2015,5.365806452,5.581785714,10.66258065,14.83666667,32.57,49.6,41.39677419,32.62580645,18.45333333,43.91612903,42.96666667,38.89032258,10.732674672137982
,,,,,08456310,29.30791667,-100.4192222,"Las Moras Spgs Dws of pool at Brackettville,TX",2016,37.82580645,30.62413793,24.38064516,29.15666667,43.24193548,35.83333333,20.52258065,35.94258065,44.18666667,53.16451613,54.92333333,44.82580645,10.732674672137982
,,,,,08456310,29.30791667,-100.4192222,"Las Moras Spgs Dws of pool at Brackettville,TX",2017,28.03225806,24.775,29.23870968,38.85,46.65806452,37.23666667,21.58064516,12.67580645,17.79833333,51.80322581,34.44333333,20.41935484,10.732674672137982
,,,,,08456310,29.30791667,-100.4192222,"Las Moras Spgs Dws of pool at Brackettville,TX",2018,16.95483871,14.08571429,13.13548387,10.61666667,14.03516129,8.951,4.599032258,6.184516129,35.72333333,47.20645161,49.03333333,47.70645161,10.732674672137982
,,,,,08456310,29.30791667,-100.4192222,"Las Moras Spgs Dws of pool at Brackettville,TX",2019,47.70322581,46.19285714,41.71612903,39.31,36.67419355,44.93333333,45.48709677,41.98064516,37.17,31.96774194,25.80333333,20.28064516,10.732674672137982
,,,,,08456310,29.30791667,-100.4192222,"Las Moras Spgs Dws of pool at Brackettville,TX",2020,19.13870968,17.26206897,17.99032258,25.01333333,13.55483871,11.17233333,6.64516129,5.330967742,14.65966667,12.69354839,11.54933333,10.57451613,10.732674672137982
,,,,,08456310,29.30791667,-100.4192222,"Las Moras Spgs Dws of pool at Brackettville,TX",2021,9.534193548,8.228928571,7.608709677,6.565,14.96580645,8.699666667,5.937741935,12.36419355,7.078333333,8.041935484,6.989,6.53483871,10.732674672137982
,,,,,08456310,29.30791667,-100.4192222,"Las Moras Spgs Dws of pool at Brackettville,TX",2022,5.863225806,4.991071429,5.349354839,1.902,3.987419355,0.0,0.0,2.32516129,16.31266667,17.34967742,14.28333333,13.67096774,10.732674672137982
,,,,,08456310,29.30791667,-100.4192222,"Las Moras Spgs Dws of pool at Brackettville,TX",2023,8.87,7.066071429,3.968709677,1.446666667,3.534193548,10.05233333,3.031935484,0.0,0.042333333,0.324193548,5.767666667,5.133225806,10.732674672137982
,,,,,08456310,29.30791667,-100.4192222,"Las Moras Spgs Dws of pool at Brackettville,TX",2024,4.207419355,2.347241379,0.92,1.155666667,0.0,0.0,4.574193548,22.90967742,28.51,6.757419355,9.535333333,5.356451613,10.732674672137982
