Gage_ID_norm,CPID,Type,ID,Gage_ID,LAT,LONG,Station_Name,Year,JAN,FEB,MAR,APR,MAY,JUN,JUL,AUG,SEP,OCT,NOV,DEC
8079600,DMJU08,USGS GAGE,8079600.0,8079600,33.038985665309234,-101.19840479878565,"DMF Brazos Rv at Justiceburg, TX",2010,5.6980645161290315,46.98464285714285,63.24161290322581,249.24400000000003,3.053225806451613,72.47666666666666,875.7206451612903,6.628064516129032,35.077,1.0029032258064516,0.12033333333333333,1.037741935483871
8079600,DMJU08,USGS GAGE,8079600.0,8079600,33.038985665309234,-101.19840479878565,"DMF Brazos Rv at Justiceburg, TX",2011,1.2016129032258065,2.087142857142857,0.257741935483871,0.036000000000000004,0.0,0.0,0.0,0.0,0.0,1.527741935483871,0.25533333333333336,0.39903225806451614
8079600,DMJU08,USGS GAGE,8079600.0,8079600,33.038985665309234,-101.19840479878565,"DMF Brazos Rv at Justiceburg, TX",2012,0.32806451612903226,0.41137931034482755,0.48580645161290326,12.078000000000001,34.56967741935484,26.078,4.5448387096774185,0.0,6.264333333333334,0.0,0.0,0.0
8079600,DMJU08,USGS GAGE,8079600.0,8079600,33.038985665309234,-101.19840479878565,"DMF Brazos Rv at Justiceburg, TX",2013,5.1403225806451625,0.040357142857142855,0.0,0.0,0.0,16.324333333333335,20.929677419354835,20.80741935483871,22.03033333333333,27.442258064516132,0.025,17.070645161290326
8079600,DMJU08,USGS GAGE,8079600.0,8079600,33.038985665309234,-101.19840479878565,"DMF Brazos Rv at Justiceburg, TX",2014,0.3251612903225806,0.9246428571428572,0.022903225806451613,0.0,2.3477419354838704,29.454,7.279032258064516,2.5258064516129033,310.526,1.677741935483871,6.676666666666666,0.32322580645161286
8079600,DMJU08,USGS GAGE,8079600.0,8079600,33.038985665309234,-101.19840479878565,"DMF Brazos Rv at Justiceburg, TX",2015,25.746451612903225,4.026428571428572,1.5961290322580644,13.268333333333334,465.20935483870966,32.28,163.03129032258065,0.060645161290322575,0.0033333333333333335,17.145806451612902,17.25433333333333,8.98741935483871
8079600,DMJU08,USGS GAGE,8079600.0,8079600,33.038985665309234,-101.19840479878565,"DMF Brazos Rv at Justiceburg, TX",2016,5.742903225806452,0.2303448275862069,0.5754838709677419,23.390333333333334,53.476451612903226,26.504666666666665,0.00870967741935484,14.039354838709679,45.499,0.0,70.65966666666667,14.308387096774194
8079600,DMJU08,USGS GAGE,8079600.0,8079600,33.038985665309234,-101.19840479878565,"DMF Brazos Rv at Justiceburg, TX",2017,15.96516129032258,26.958214285714288,5.444838709677419,8.567,0.0012903225806451613,10.763666666666667,4.59741935483871,14.679354838709678,55.333666666666666,0.5974193548387097,0.004,0.06870967741935484
8079600,DMJU08,USGS GAGE,8079600.0,8079600,33.038985665309234,-101.19840479878565,"DMF Brazos Rv at Justiceburg, TX",2018,0.03516129032258065,0.002857142857142857,0.0012903225806451613,0.0,10.753548387096775,5.258,4.896774193548388,6.441935483870967,44.46566666666667,134.72064516129032,3.966666666666667,2.3680645161290323
8079600,DMJU08,USGS GAGE,8079600.0,8079600,33.038985665309234,-101.19840479878565,"DMF Brazos Rv at Justiceburg, TX",2019,0.5703225806451613,0.34535714285714286,9.377096774193548,165.58533333333335,63.18774193548387,34.765,0.012258064516129033,10.453225806451613,12.246666666666666,0.022580645161290325,129.588,0.3387096774193548
8079600,DMJU08,USGS GAGE,8079600.0,8079600,33.038985665309234,-101.19840479878565,"DMF Brazos Rv at Justiceburg, TX",2020,2.9716129032258065,3.5244827586206897,59.697419354838715,2.756666666666667,236.6258064516129,41.452999999999996,3.0170967741935484,1.1741935483870967,0.17466666666666666,0.19967741935483868,0.0,0.0732258064516129
8079600,DMJU08,USGS GAGE,8079600.0,8079600,33.038985665309234,-101.19840479878565,"DMF Brazos Rv at Justiceburg, TX",2021,6.937096774193549,2.065,0.0,4.794,267.40774193548384,236.72733333333332,80.84258064516129,9.761290322580644,0.07366666666666667,0.39129032258064517,0.0,0.0
8079600,DMJU08,USGS GAGE,8079600.0,8079600,33.038985665309234,-101.19840479878565,"DMF Brazos Rv at Justiceburg, TX",2022,0.0,0.0,0.0,0.0,0.017096774193548388,10.847333333333333,0.3003225806451613,4.40483870967742,9.434666666666667,5.5438709677419356,15.361333333333333,4.0441935483870965
8079600,DMJU08,USGS GAGE,8079600.0,8079600,33.038985665309234,-101.19840479878565,"DMF Brazos Rv at Justiceburg, TX",2023,0.802258064516129,0.8057142857142857,0.1706451612903226,0.054000000000000006,121.65064516129033,168.41199999999998,46.953548387096774,0.0,33.516333333333336,46.06161290322581,0.0,11.326129032258065
8079600,DMJU08,USGS GAGE,8079600.0,8079600,33.038985665309234,-101.19840479878565,"DMF Brazos Rv at Justiceburg, TX",2024,1.9264516129032259,1.7348275862068967,6.687096774193549,15.202333333333334,65.8958064516129,274.1983333333333,4.800967741935485,0.0,84.681,0.02838709677419355,113.265,0.19838709677419356
8080500,DMAS09,USGS GAGE,8080500.0,8080500,33.008517942625524,-100.1804277648518,"DMF Brazos Rv nr Aspermont, TX",2010,13.35483870967742,51.0,58.42258064516129,339.24666666666667,167.39032258064518,115.26,1268.0,205.61290322580646,160.26000000000002,43.599999999999994,37.70666666666667,26.35483870967742
8080500,DMAS09,USGS GAGE,8080500.0,8080500,33.008517942625524,-100.1804277648518,"DMF Brazos Rv nr Aspermont, TX",2011,24.299999999999997,23.814285714285713,15.151612903225805,7.816999999999999,2.6858064516129034,0.28300000000000003,0.0003225806451612903,0.22548387096774192,0.0,14.727741935483872,5.1419999999999995,4.410322580645161
8080500,DMAS09,USGS GAGE,8080500.0,8080500,33.008517942625524,-100.1804277648518,"DMF Brazos Rv nr Aspermont, TX",2012,3.66,1.9313793103448276,1.5809677419354837,0.24100000000000002,25.293225806451613,19.549666666666667,0.3290322580645161,0.04580645161290323,2.751,0.2970967741935484,0.0,0.0
8080500,DMAS09,USGS GAGE,8080500.0,8080500,33.008517942625524,-100.1804277648518,"DMF Brazos Rv nr Aspermont, TX",2013,2.698387096774194,1.0835714285714286,0.3025806451612903,0.9603333333333333,45.689677419354844,20.887,66.81096774193549,125.36451612903227,27.197333333333333,4.155806451612904,1.6963333333333332,4.038387096774193
8080500,DMAS09,USGS GAGE,8080500.0,8080500,33.008517942625524,-100.1804277648518,"DMF Brazos Rv nr Aspermont, TX",2014,8.351290322580645,10.708928571428572,4.3106451612903225,1.3956666666666666,33.20161290322581,52.71,17.25,2.3206451612903227,154.95766666666665,88.90645161290323,73.33666666666666,32.458064516129035
8080500,DMAS09,USGS GAGE,8080500.0,8080500,33.008517942625524,-100.1804277648518,"DMF Brazos Rv nr Aspermont, TX",2015,32.66451612903226,29.535714285714285,23.93548387096774,37.46333333333334,589.3419354838709,274.2,631.483870967742,71.92258064516129,17.166666666666668,30.72451612903226,33.406666666666666,43.987096774193546
8080500,DMAS09,USGS GAGE,8080500.0,8080500,33.008517942625524,-100.1804277648518,"DMF Brazos Rv nr Aspermont, TX",2016,39.73548387096774,25.641379310344828,20.44193548387097,22.153333333333332,122.83258064516129,113.77333333333333,15.410967741935485,10.702903225806452,64.985,16.488709677419354,97.85100000000001,26.6
8080500,DMAS09,USGS GAGE,8080500.0,8080500,33.008517942625524,-100.1804277648518,"DMF Brazos Rv nr Aspermont, TX",2017,30.719354838709677,29.964285714285715,24.08709677419355,27.423333333333336,25.754516129032258,12.064,60.60967741935484,63.73516129032258,33.678333333333335,37.15806451612904,16.84,13.025806451612903
8080500,DMAS09,USGS GAGE,8080500.0,8080500,33.008517942625524,-100.1804277648518,"DMF Brazos Rv nr Aspermont, TX",2018,15.516129032258064,12.660714285714286,11.87483870967742,10.881,39.97516129032258,37.74766666666667,1.7280645161290322,0.1703225806451613,57.99766666666667,363.26129032258063,85.26333333333334,45.5
8080500,DMAS09,USGS GAGE,8080500.0,8080500,33.008517942625524,-100.1804277648518,"DMF Brazos Rv nr Aspermont, TX",2019,32.248387096774195,29.364285714285717,27.677419354838708,196.51000000000002,310.46774193548384,345.9166666666667,60.97096774193548,11.984838709677419,55.391666666666666,22.666451612903224,97.0,26.925806451612903
8080500,DMAS09,USGS GAGE,8080500.0,8080500,33.008517942625524,-100.1804277648518,"DMF Brazos Rv nr Aspermont, TX",2020,30.274193548387096,40.07586206896552,175.53548387096774,47.306666666666665,95.45806451612903,206.75333333333336,28.61,5.459677419354839,47.255,1.877741935483871,3.1443333333333334,4.6112014960261805
8080500,DMAS09,USGS GAGE,8080500.0,8080500,33.008517942625524,-100.1804277648518,"DMF Brazos Rv nr Aspermont, TX",2021,4.365533961130034,4.819585921325052,3.5367915581379816,3.756857142857143,6.231310225071796,9.729581090407178,4.958078274226942,1.7510923662592666,3.9719572118702557,3.919678354371202,4.437783298826777,4.768846590529621
8080500,DMAS09,USGS GAGE,8080500.0,8080500,33.008517942625524,-100.1804277648518,"DMF Brazos Rv nr Aspermont, TX",2022,4.365533961130034,4.819585921325052,3.5367915581379816,3.756857142857143,6.231310225071796,9.729581090407178,4.958078274226942,1.7510923662592666,3.9719572118702557,3.919678354371202,4.437783298826777,4.768846590529621
8080500,DMAS09,USGS GAGE,8080500.0,8080500,33.008517942625524,-100.1804277648518,"DMF Brazos Rv nr Aspermont, TX",2023,4.365533961130034,4.819585921325052,3.5367915581379816,3.756857142857143,6.231310225071796,9.729581090407178,4.958078274226942,1.7510923662592666,3.9719572118702557,3.919678354371202,4.437783298826777,4.768846590529621
8080500,DMAS09,USGS GAGE,8080500.0,8080500,33.008517942625524,-100.1804277648518,"DMF Brazos Rv nr Aspermont, TX",2024,4.365533961130034,4.793857357035768,3.525082481800575,3.7407246376811596,6.292457623722701,9.810915804002763,4.828627930274495,1.6889692112469112,4.135634920634921,3.7765674213584455,4.506346445824707,4.694038602818407
8080700,RWPL01,USGS GAGE,8080700.0,8080700,34.17881671084442,-101.70215891921907,"Running Water Draw at Plainview, TX",2010,0.3767741935483871,0.4425,0.6564516129032257,1.8343333333333334,0.4503225806451613,0.36433333333333334,2.7399999999999998,0.44193548387096776,0.0033333333333333335,0.4248387096774194,0.13099999999999998,0.0
8080700,RWPL01,USGS GAGE,8080700.0,8080700,34.17881671084442,-101.70215891921907,"Running Water Draw at Plainview, TX",2011,0.0,0.0,0.08387096774193549,0.0,0.0,0.0,0.0,0.0,0.0,0.3458064516129032,0.0,0.19161290322580643
8080700,RWPL01,USGS GAGE,8080700.0,8080700,34.17881671084442,-101.70215891921907,"Running Water Draw at Plainview, TX",2012,0.0,0.06379310344827586,0.10483870967741936,0.05966666666666667,0.12387096774193548,1.536,0.27483870967741936,0.08129032258064516,0.19899999999999998,0.0006451612903225806,0.0,0.014516129032258065
8080700,RWPL01,USGS GAGE,8080700.0,8080700,34.17881671084442,-101.70215891921907,"Running Water Draw at Plainview, TX",2013,0.12838709677419352,0.27999999999999997,0.028387096774193554,0.0,0.0,0.23133333333333334,4.928387096774194,0.5041935483870968,0.053,0.32483870967741935,0.04466666666666667,0.0
8080700,RWPL01,USGS GAGE,8080700.0,8080700,34.17881671084442,-101.70215891921907,"Running Water Draw at Plainview, TX",2014,0.0,0.0,0.000967741935483871,0.017333333333333333,1.7641935483870967,8.082,1.4048387096774193,0.016774193548387096,1.6226666666666667,0.01161290322580645,0.7546666666666667,0.0
8080700,RWPL01,USGS GAGE,8080700.0,8080700,34.17881671084442,-101.70215891921907,"Running Water Draw at Plainview, TX",2015,0.22129032258064518,0.019285714285714285,0.023870967741935485,0.8023333333333332,18.874193548387098,7.527,2.479032258064516,0.08161290322580646,0.0,1.5061290322580645,0.16066666666666665,0.1361290322580645
8080700,RWPL01,USGS GAGE,8080700.0,8080700,34.17881671084442,-101.70215891921907,"Running Water Draw at Plainview, TX",2016,0.04290322580645162,0.0,0.0003225806451612903,0.10233333333333333,0.5109677419354839,1.6576666666666668,0.0025806451612903226,1.7303225806451612,1.0719999999999998,0.004193548387096774,0.07333333333333333,0.004838709677419356
8080700,RWPL01,USGS GAGE,8080700.0,8080700,34.17881671084442,-101.70215891921907,"Running Water Draw at Plainview, TX",2017,0.3348387096774193,0.007500000000000001,0.04516129032258065,0.17300000000000001,0.0,0.6553333333333333,1.0706451612903225,1.0096774193548386,0.5976666666666667,0.07225806451612903,0.0,0.0
8080700,RWPL01,USGS GAGE,8080700.0,8080700,34.17881671084442,-101.70215891921907,"Running Water Draw at Plainview, TX",2018,0.0,0.0032142857142857142,0.0006451612903225806,0.0,0.01,0.08099999999999999,0.007741935483870968,0.2061290322580645,0.7253333333333334,0.6580645161290322,0.011666666666666667,0.04129032258064516
8080700,RWPL01,USGS GAGE,8080700.0,8080700,34.17881671084442,-101.70215891921907,"Running Water Draw at Plainview, TX",2019,0.0,0.0,0.2925806451612903,0.19666666666666666,4.5845161290322585,0.8170000000000001,4.447096774193548,0.009032258064516128,0.153,0.15161290322580645,0.019000000000000003,0.23677419354838708
8080700,RWPL01,USGS GAGE,8080700.0,8080700,34.17881671084442,-101.70215891921907,"Running Water Draw at Plainview, TX",2020,0.003870967741935484,0.01413793103448276,1.924516129032258,0.0,0.08870967741935484,0.31466666666666665,0.12580645161290321,0.4448387096774194,0.002,0.397741935483871,0.025000000000000005,0.0
8080700,RWPL01,USGS GAGE,8080700.0,8080700,34.17881671084442,-101.70215891921907,"Running Water Draw at Plainview, TX",2021,0.5803225806451613,0.0575,0.6316129032258064,0.002,2.6916129032258063,6.384,3.2461290322580645,4.583225806451614,0.6679999999999999,0.9587096774193548,0.004666666666666667,0.0
8080700,RWPL01,USGS GAGE,8080700.0,8080700,34.17881671084442,-101.70215891921907,"Running Water Draw at Plainview, TX",2022,0.0,0.0,0.0,0.0,2.4564516129032254,1.0306666666666666,0.07645161290322582,2.923548387096774,0.6679999999999999,0.0,0.0,0.0
8080700,RWPL01,USGS GAGE,8080700.0,8080700,34.17881671084442,-101.70215891921907,"Running Water Draw at Plainview, TX",2023,0.0,0.0,0.0,0.0,16.251290322580648,1.5606666666666666,2.262903225806452,0.19096774193548388,0.6926666666666665,0.09064516129032259,0.0,0.14516129032258066
8080700,RWPL01,USGS GAGE,8080700.0,8080700,34.17881671084442,-101.70215891921907,"Running Water Draw at Plainview, TX",2024,0.056129032258064517,0.15793103448275864,0.0,1.103,1.34,2.68,0.08096774193548387,0.0,1.139,0.0,9.993,0.0
8082000,SFAS06,USGS GAGE,8082000.0,8082000,33.33405015722594,-100.23765278076272,"Salt Fk Brazos Rv nr Aspermont, TX",2010,9.024193548387096,26.150000000000002,27.857741935483872,224.679,106.11935483870967,21.999000000000002,745.4129032258064,32.983870967741936,34.10766666666667,17.056774193548385,18.223333333333336,8.93483870967742
8082000,SFAS06,USGS GAGE,8082000.0,8082000,33.33405015722594,-100.23765278076272,"Salt Fk Brazos Rv nr Aspermont, TX",2011,5.8912903225806454,5.222857142857143,4.143225806451613,1.6603333333333334,1.0848387096774195,0.101,0.09129032258064516,0.10967741935483873,0.05600000000000001,0.6503225806451612,1.2203333333333333,0.8574193548387096
8082000,SFAS06,USGS GAGE,8082000.0,8082000,33.33405015722594,-100.23765278076272,"Salt Fk Brazos Rv nr Aspermont, TX",2012,0.2232258064516129,0.5682758620689655,0.6280645161290322,0.8170000000000001,1.2754838709677419,95.03966666666666,1.544516129032258,77.65967741935484,30.634333333333334,7.296774193548388,0.097,0.15838709677419355
8082000,SFAS06,USGS GAGE,8082000.0,8082000,33.33405015722594,-100.23765278076272,"Salt Fk Brazos Rv nr Aspermont, TX",2013,6.079677419354839,4.300357142857143,0.5303225806451614,0.625,73.63000000000001,131.577,21.200000000000003,39.73516129032258,0.36966666666666664,0.5306451612903226,0.20633333333333334,2.234516129032258
8082000,SFAS06,USGS GAGE,8082000.0,8082000,33.33405015722594,-100.23765278076272,"Salt Fk Brazos Rv nr Aspermont, TX",2014,0.11580645161290322,0.9657142857142856,0.16451612903225807,0.101,1.2441935483870965,18.08566666666667,30.096774193548388,42.29677419354839,171.61833333333334,36.50806451612903,18.944666666666667,5.479032258064516
8082000,SFAS06,USGS GAGE,8082000.0,8082000,33.33405015722594,-100.23765278076272,"Salt Fk Brazos Rv nr Aspermont, TX",2015,14.397096774193548,13.959285714285715,11.275806451612903,25.029999999999998,282.0138709677419,45.117333333333335,42.733225806451614,3.364516129032258,0.05266666666666667,7.311935483870967,6.313666666666666,13.720645161290324
8082000,SFAS06,USGS GAGE,8082000.0,8082000,33.33405015722594,-100.23765278076272,"Salt Fk Brazos Rv nr Aspermont, TX",2016,22.9741935483871,9.656206896551723,5.7216129032258065,21.096666666666668,21.75741935483871,14.968666666666667,10.13516129032258,13.825483870967743,38.019999999999996,3.655806451612903,42.956,18.181290322580644
8082000,SFAS06,USGS GAGE,8082000.0,8082000,33.33405015722594,-100.23765278076272,"Salt Fk Brazos Rv nr Aspermont, TX",2017,9.726451612903226,15.48857142857143,17.82161290322581,22.000999999999998,4.452258064516129,1.9893333333333334,33.60516129032258,6.419677419354838,4.775666666666667,0.5832258064516129,0.08866666666666667,0.054838709677419356
8082000,SFAS06,USGS GAGE,8082000.0,8082000,33.33405015722594,-100.23765278076272,"Salt Fk Brazos Rv nr Aspermont, TX",2018,0.03354838709677419,0.22428571428571428,0.5619354838709677,0.06833333333333334,50.3258064516129,21.06,4.969032258064516,1.769032258064516,52.6,67.12677419354839,2.533333333333333,12.515483870967742
8082000,SFAS06,USGS GAGE,8082000.0,8082000,33.33405015722594,-100.23765278076272,"Salt Fk Brazos Rv nr Aspermont, TX",2019,11.19516129032258,6.037857142857143,10.008064516129032,152.49166666666667,58.1,83.66566666666668,2.4293548387096773,0.3093548387096774,42.12433333333333,1.5306451612903227,14.121666666666668,2.1212903225806454
8082000,SFAS06,USGS GAGE,8082000.0,8082000,33.33405015722594,-100.23765278076272,"Salt Fk Brazos Rv nr Aspermont, TX",2020,34.22806451612903,34.313793103448276,94.4,19.48,100.42612903225806,69.3,9.930967741935484,0.0567741935483871,4.6033333333333335,0.4358064516129032,0.114,0.04096774193548387
8082000,SFAS06,USGS GAGE,8082000.0,8082000,33.33405015722594,-100.23765278076272,"Salt Fk Brazos Rv nr Aspermont, TX",2021,0.6087096774193549,0.6810714285714285,0.9964516129032258,5.002,34.207741935483874,108.41333333333334,172.7774193548387,45.622580645161285,1.6766666666666665,1.5390322580645162,0.226,0.15258064516129033
8082000,SFAS06,USGS GAGE,8082000.0,8082000,33.33405015722594,-100.23765278076272,"Salt Fk Brazos Rv nr Aspermont, TX",2022,0.05064516129032258,0.18107142857142858,0.28354838709677416,0.5666666666666667,4.926774193548387,19.062333333333335,0.0,32.14774193548387,14.385666666666667,0.016451612903225808,0.013000000000000001,6.0770967741935475
8082000,SFAS06,USGS GAGE,8082000.0,8082000,33.33405015722594,-100.23765278076272,"Salt Fk Brazos Rv nr Aspermont, TX",2023,0.8867741935483872,0.6310714285714285,17.07451612903226,1.7659999999999998,92.07032258064515,224.82000000000002,42.53225806451613,0.6604301075268817,0.607638888888889,0.5591397849462365,0.37986111111111115,0.7231182795698925
8082000,SFAS06,USGS GAGE,8082000.0,8082000,33.33405015722594,-100.23765278076272,"Salt Fk Brazos Rv nr Aspermont, TX",2024,0.75,0.75,0.75,0.75,0.75,0.75,0.75,0.5504032258064516,0.607638888888889,0.5416666666666667,0.3895833333333334,0.717741935483871
8082500,BRSE11,USGS GAGE,8082500.0,8082500,33.580936928573934,-99.26778047829596,"Brazos Rv at Seymour, TX",2010,85.54032258064517,343.2857142857143,143.70967741935485,866.6833333333333,455.7096774193548,188.89,2352.9806451612903,261.83870967741933,480.78,132.3967741935484,73.24,56.61290322580645
8082500,BRSE11,USGS GAGE,8082500.0,8082500,33.580936928573934,-99.26778047829596,"Brazos Rv at Seymour, TX",2011,54.92903225806452,57.425000000000004,33.94193548387097,21.64,8.192903225806452,0.12766666666666668,0.13419354838709677,0.004838709677419356,0.015333333333333334,8.891612903225806,0.548,8.442258064516128
8082500,BRSE11,USGS GAGE,8082500.0,8082500,33.580936928573934,-99.26778047829596,"Brazos Rv at Seymour, TX",2012,4.832903225806452,5.398620689655172,12.408709677419356,1.1896666666666667,48.25,166.29466666666667,9.116129032258065,95.32774193548387,48.78366666666667,29.088709677419356,0.10400000000000001,0.5909677419354838
8082500,BRSE11,USGS GAGE,8082500.0,8082500,33.580936928573934,-99.26778047829596,"Brazos Rv at Seymour, TX",2013,9.632903225806452,7.671428571428572,6.372903225806452,16.074333333333335,102.65387096774194,178.27,93.28774193548388,166.69354838709677,34.492333333333335,16.85967741935484,0.253,2.8567741935483872
8082500,BRSE11,USGS GAGE,8082500.0,8082500,33.580936928573934,-99.26778047829596,"Brazos Rv at Seymour, TX",2014,5.16774193548387,10.001428571428573,3.032258064516129,1.1119999999999999,26.918709677419354,137.62066666666666,90.99387096774193,38.693225806451615,322.06,137.28709677419354,95.89,48.0516129032258
8082500,BRSE11,USGS GAGE,8082500.0,8082500,33.580936928573934,-99.26778047829596,"Brazos Rv at Seymour, TX",2015,45.8,41.07857142857143,46.14193548387097,92.21666666666667,1310.3322580645163,802.8333333333334,904.5483870967741,105.83548387096775,22.526666666666664,46.94516129032258,89.58999999999999,238.40967741935484
8082500,BRSE11,USGS GAGE,8082500.0,8082500,33.580936928573934,-99.26778047829596,"Brazos Rv at Seymour, TX",2016,157.24193548387098,67.72413793103448,52.47096774193548,73.38000000000001,157.44516129032257,189.92000000000002,37.78,34.726129032258065,139.47,74.70967741935483,264.55333333333334,91.92258064516129
8082500,BRSE11,USGS GAGE,8082500.0,8082500,33.580936928573934,-99.26778047829596,"Brazos Rv at Seymour, TX",2017,78.40967741935484,76.20357142857142,81.79677419354839,72.94333333333334,47.31612903225806,59.811,90.8532258064516,96.00322580645161,47.932,46.858064516129026,17.19,14.36774193548387
8082500,BRSE11,USGS GAGE,8082500.0,8082500,33.580936928573934,-99.26778047829596,"Brazos Rv at Seymour, TX",2018,17.68064516129032,17.8,14.825806451612904,9.476666666666667,143.14838709677417,93.08033333333333,2.553548387096774,0.9183870967741935,575.76,1806.3193548387096,273.53333333333336,125.82903225806452
8082500,BRSE11,USGS GAGE,8082500.0,8082500,33.580936928573934,-99.26778047829596,"Brazos Rv at Seymour, TX",2019,98.28387096774195,70.02142857142857,74.36129032258064,663.5433333333333,1089.741935483871,1117.9333333333334,97.47741935483872,28.961290322580645,115.19666666666667,53.05806451612903,126.59333333333333,58.599999999999994
8082500,BRSE11,USGS GAGE,8082500.0,8082500,33.580936928573934,-99.26778047829596,"Brazos Rv at Seymour, TX",2020,108.18709677419355,158.41379310344828,682.9354838709677,167.35666666666665,184.91290322580645,188.6,47.08387096774193,12.031290322580647,248.5186666666667,27.20967741935484,21.623333333333335,24.241935483870968
8082500,BRSE11,USGS GAGE,8082500.0,8082500,33.580936928573934,-99.26778047829596,"Brazos Rv at Seymour, TX",2021,36.41935483870968,61.089285714285715,78.24838709677418,94.49333333333334,416.5032258064516,989.4333333333333,803.483870967742,159.32258064516128,62.20666666666667,23.22258064516129,11.682333333333334,10.151290322580644
8082500,BRSE11,USGS GAGE,8082500.0,8082500,33.580936928573934,-99.26778047829596,"Brazos Rv at Seymour, TX",2022,19.9,34.84285714285714,29.38064516129032,22.923333333333336,24.409354838709678,69.48233333333333,8.790000000000001,86.08258064516129,123.78999999999999,20.48774193548387,36.88,49.8516129032258
8082500,BRSE11,USGS GAGE,8082500.0,8082500,33.580936928573934,-99.26778047829596,"Brazos Rv at Seymour, TX",2023,30.070967741935487,28.667857142857144,70.22258064516129,27.71333333333333,253.85870967741934,1000.6,295.59354838709675,31.758064516129032,134.59666666666666,373.9451612903226,194.76000000000002,145.92580645161289
8082500,BRSE11,USGS GAGE,8082500.0,8082500,33.580936928573934,-99.26778047829596,"Brazos Rv at Seymour, TX",2024,68.04193548387097,60.300000000000004,40.75483870967742,388.3566666666667,580.5935483870968,1145.24,39.82258064516129,7.993870967741936,82.52600000000001,20.376774193548385,341.04866666666663,121.46774193548387
8082700,MSMN12,USGS GAGE,8082700.0,8082700,33.3293212721645,-99.46475605054646,"Millers Ck nr Munday, TX",2010,12.69516129032258,14.214642857142858,10.41,24.290333333333333,16.766774193548386,3.0589999999999997,4.811290322580645,0.12774193548387097,10.006666666666666,0.05903225806451613,0.0,0.0
8082700,MSMN12,USGS GAGE,8082700.0,8082700,33.3293212721645,-99.46475605054646,"Millers Ck nr Munday, TX",2011,0.0,0.0,0.0,0.0,0.0,0.0,0.0,0.0,0.0,0.6051612903225807,0.0,0.09096774193548386
8082700,MSMN12,USGS GAGE,8082700.0,8082700,33.3293212721645,-99.46475605054646,"Millers Ck nr Munday, TX",2012,0.0,0.0,0.0,0.0,0.0,0.782,0.9651612903225807,0.000967741935483871,7.682666666666666,0.49193548387096775,0.0,0.0
8082700,MSMN12,USGS GAGE,8082700.0,8082700,33.3293212721645,-99.46475605054646,"Millers Ck nr Munday, TX",2013,0.0,0.0,0.0,0.0026666666666666666,0.0,7.364333333333334,0.07161290322580645,0.0,1.0903333333333334,0.5616129032258065,0.0,0.0
8082700,MSMN12,USGS GAGE,8082700.0,8082700,33.3293212721645,-99.46475605054646,"Millers Ck nr Munday, TX",2014,0.0,0.0,0.0,0.0,0.0,0.6490000000000001,1.3477419354838711,0.0,0.6713333333333333,0.4180645161290322,1.4053333333333333,0.009354838709677418
8082700,MSMN12,USGS GAGE,8082700.0,8082700,33.3293212721645,-99.46475605054646,"Millers Ck nr Munday, TX",2015,0.3409677419354839,0.0275,0.39225806451612905,1.9936666666666667,183.29387096774192,89.05466666666666,0.724516129032258,0.0035483870967741938,0.0,0.04258064516129032,13.447333333333335,58.86709677419355
8082700,MSMN12,USGS GAGE,8082700.0,8082700,33.3293212721645,-99.46475605054646,"Millers Ck nr Munday, TX",2016,3.3716129032258064,0.25724137931034485,0.1606451612903226,0.185,1.330967741935484,0.9890000000000001,0.0,0.21032258064516127,50.696,0.7770967741935484,3.627333333333333,0.2648387096774194
8082700,MSMN12,USGS GAGE,8082700.0,8082700,33.3293212721645,-99.46475605054646,"Millers Ck nr Munday, TX",2017,0.29387096774193544,0.4492857142857143,0.8861290322580645,0.6579999999999999,0.2174193548387097,90.069,10.15967741935484,0.11096774193548387,1.7276666666666667,0.5261290322580646,0.013000000000000001,0.06064516129032258
8082700,MSMN12,USGS GAGE,8082700.0,8082700,33.3293212721645,-99.46475605054646,"Millers Ck nr Munday, TX",2018,0.03193548387096774,0.10857142857142857,0.15483870967741936,0.009000000000000001,0.0,0.18433333333333335,0.0,0.04870967741935484,194.9523333333333,429.8632258064516,56.519666666666666,5.17483870967742
8082700,MSMN12,USGS GAGE,8082700.0,8082700,33.3293212721645,-99.46475605054646,"Millers Ck nr Munday, TX",2019,2.5370967741935484,0.5667857142857142,9.291612903225808,87.61366666666666,70.4874193548387,148.67366666666666,4.878709677419355,0.3870967741935484,0.596,0.011290322580645162,0.24233333333333335,0.0
8082700,MSMN12,USGS GAGE,8082700.0,8082700,33.3293212721645,-99.46475605054646,"Millers Ck nr Munday, TX",2020,1.0529032258064517,1.406551724137931,69.00709677419354,12.756,0.2396774193548387,19.477666666666668,0.005483870967741935,0.0,170.79266666666666,0.19,0.10933333333333334,0.056451612903225805
8082700,MSMN12,USGS GAGE,8082700.0,8082700,33.3293212721645,-99.46475605054646,"Millers Ck nr Munday, TX",2021,0.17161290322580647,0.05857142857142857,0.04903225806451613,53.31466666666667,68.30645161290323,76.26,35.89161290322581,0.27419354838709675,0.0,0.0,0.0,0.0
8082700,MSMN12,USGS GAGE,8082700.0,8082700,33.3293212721645,-99.46475605054646,"Millers Ck nr Munday, TX",2022,0.0,0.0,0.0,0.0,0.0,0.0,0.0,0.0,0.0,0.0,0.0,0.0
8082700,MSMN12,USGS GAGE,8082700.0,8082700,33.3293212721645,-99.46475605054646,"Millers Ck nr Munday, TX",2023,0.0,0.0,7.925483870967742,0.0,0.024516129032258065,0.010333333333333333,0.0,0.0,0.024333333333333332,2.6070967741935482,0.2733333333333333,0.0064516129032258064
8082700,MSMN12,USGS GAGE,8082700.0,8082700,33.3293212721645,-99.46475605054646,"Millers Ck nr Munday, TX",2024,0.0022580645161290325,15.561379310344826,0.0,38.82166666666667,57.110645161290314,70.65533333333333,0.1293548387096774,0.0,0.9620000000000001,0.0,3.9753333333333334,0.0
8083100,CFRO13,USGS GAGE,8083100.0,8083100,32.787751668531925,-100.38853711789864,"Clear Fk Brazos Rv nr Roby, TX",2010,0.36258064516129035,0.6907142857142857,0.6596774193548387,5.815666666666667,2.845483870967742,23.544333333333334,20.818387096774195,3.564516129032258,7.635666666666666,7.620967741935484,3.506,2.8251612903225807
8083100,CFRO13,USGS GAGE,8083100.0,8083100,32.787751668531925,-100.38853711789864,"Clear Fk Brazos Rv nr Roby, TX",2011,1.1593548387096773,1.1457142857142857,1.3225806451612903,0.7826666666666667,1.0183870967741935,0.30866666666666664,0.06258064516129033,0.0,0.0016666666666666668,0.2667741935483871,0.3443333333333333,0.39967741935483875
8083100,CFRO13,USGS GAGE,8083100.0,8083100,32.787751668531925,-100.38853711789864,"Clear Fk Brazos Rv nr Roby, TX",2012,0.38806451612903226,0.34793103448275864,0.2954838709677419,0.021333333333333333,0.5264516129032258,0.11233333333333334,0.02645161290322581,0.0070967741935483875,0.493,0.013870967741935483,0.0,0.015161290322580645
8083100,CFRO13,USGS GAGE,8083100.0,8083100,32.787751668531925,-100.38853711789864,"Clear Fk Brazos Rv nr Roby, TX",2013,0.04161290322580645,0.0,0.0,0.0,26.467741935483872,0.6606666666666666,0.2132258064516129,0.0,0.084,0.0,0.0,0.0
8083100,CFRO13,USGS GAGE,8083100.0,8083100,32.787751668531925,-100.38853711789864,"Clear Fk Brazos Rv nr Roby, TX",2014,0.0,0.0,0.0,0.0,7.820645161290323,4.932666666666666,0.0,0.0,2.648,0.0,0.13566666666666669,0.0
8083100,CFRO13,USGS GAGE,8083100.0,8083100,32.787751668531925,-100.38853711789864,"Clear Fk Brazos Rv nr Roby, TX",2015,0.0,0.0,0.14709677419354839,0.322,12.568709677419355,1.917,20.056451612903224,0.5132258064516129,0.053000000000000005,1.640967741935484,0.6596666666666666,1.4861290322580645
8083100,CFRO13,USGS GAGE,8083100.0,8083100,32.787751668531925,-100.38853711789864,"Clear Fk Brazos Rv nr Roby, TX",2016,0.7570967741935484,0.8479310344827586,0.7574193548387097,0.30533333333333335,7.028387096774194,25.720000000000002,0.8903225806451613,0.5851612903225807,0.5640000000000001,0.6964516129032258,10.516333333333334,1.1922580645161291
8083100,CFRO13,USGS GAGE,8083100.0,8083100,32.787751668531925,-100.38853711789864,"Clear Fk Brazos Rv nr Roby, TX",2017,1.2625806451612904,1.3257142857142856,1.2983870967741935,1.1646666666666665,0.8574193548387096,0.5606666666666666,1.1274193548387095,0.04354838709677419,0.08766666666666666,0.03612903225806452,0.22766666666666666,0.422258064516129
8083100,CFRO13,USGS GAGE,8083100.0,8083100,32.787751668531925,-100.38853711789864,"Clear Fk Brazos Rv nr Roby, TX",2018,0.3941935483870968,0.3567857142857143,0.43387096774193545,0.25833333333333336,0.23032258064516128,1.259,0.04935483870967742,0.3867741935483871,0.4756666666666666,36.47709677419355,4.334666666666666,1.7458064516129033
8083100,CFRO13,USGS GAGE,8083100.0,8083100,32.787751668531925,-100.38853711789864,"Clear Fk Brazos Rv nr Roby, TX",2019,1.914516129032258,1.7617857142857143,2.0261290322580647,1.4460000000000002,35.130967741935486,33.626666666666665,2.9570967741935483,1.1519354838709677,3.302,0.6361290322580645,2.320666666666667,1.1838709677419355
8083100,CFRO13,USGS GAGE,8083100.0,8083100,32.787751668531925,-100.38853711789864,"Clear Fk Brazos Rv nr Roby, TX",2020,1.1351612903225805,1.3158620689655172,2.396774193548387,1.547,0.9651612903225807,0.588,0.2061290322580645,0.06193548387096775,10.140333333333333,0.2170967741935484,0.5043333333333333,0.6780645161290323
8083100,CFRO13,USGS GAGE,8083100.0,8083100,32.787751668531925,-100.38853711789864,"Clear Fk Brazos Rv nr Roby, TX",2021,0.7290322580645162,0.8117857142857143,0.7887096774193548,5.699,39.27483870967742,53.044,44.81677419354838,1.7764516129032257,0.7493333333333333,0.6206451612903227,0.7413333333333333,0.9367741935483871
8083100,CFRO13,USGS GAGE,8083100.0,8083100,32.787751668531925,-100.38853711789864,"Clear Fk Brazos Rv nr Roby, TX",2022,1.2841935483870968,1.1682142857142856,1.0370967741935484,0.8493333333333334,1.5319354838709678,0.5743333333333334,0.2396774193548387,0.4038709677419355,0.39133333333333337,0.35258064516129034,0.522,0.6732258064516129
8083100,CFRO13,USGS GAGE,8083100.0,8083100,32.787751668531925,-100.38853711789864,"Clear Fk Brazos Rv nr Roby, TX",2023,0.667741935483871,0.7203571428571429,0.8635483870967742,0.8753333333333333,3.746451612903226,4.751,2.337741935483871,0.49096774193548387,2.9236666666666666,0.893225806451613,0.5656666666666667,0.886774193548387
8083100,CFRO13,USGS GAGE,8083100.0,8083100,32.787751668531925,-100.38853711789864,"Clear Fk Brazos Rv nr Roby, TX",2024,1.0235483870967743,1.182758620689655,1.0074193548387096,2.4433333333333334,0.6258064516129032,0.5283333333333333,0.27290322580645165,0.05193548387096775,0.2326666666666667,0.18903225806451615,32.01833333333333,0.6880645161290322
8083240,CFHA14,USGS GAGE,8083240.0,8083240,32.598517250719446,-99.81467513289076,"Clear Fk Brazos Rv at Hwy 83 nr Hawley, TX",2010,18.259234150206485,17.64625787645965,17.897767399697038,26.343583357342748,16.229952359923757,24.29348306967672,47.66116322432565,15.167016525745257,40.83768457219325,19.180564453257578,11.359368009107321,13.383681184262771
8083240,CFHA14,USGS GAGE,8083240.0,8083240,32.598517250719446,-99.81467513289076,"Clear Fk Brazos Rv at Hwy 83 nr Hawley, TX",2011,12.082400882428761,12.443388516479505,12.404367142676351,9.923681699465325,7.282271494117121,5.664525188981417,5.587029698841268,5.593886387716911,5.618471095366681,7.018438030858679,6.494114982322453,7.278246915864027
8083240,CFHA14,USGS GAGE,8083240.0,8083240,32.598517250719446,-99.81467513289076,"Clear Fk Brazos Rv at Hwy 83 nr Hawley, TX",2012,7.2986679240371375,6.598391307998629,6.396417103074793,7.35697462255574,7.9660026217817945,5.806076065342429,5.587476874202724,5.586433465025995,13.190749858870582,12.682212100593715,5.66899197398084,5.762620557439259
8083240,CFHA14,USGS GAGE,8083240.0,8083240,32.598517250719446,-99.81467513289076,"Clear Fk Brazos Rv at Hwy 83 nr Hawley, TX",2013,5.838640368886607,5.9204521659680385,5.941341643567435,5.993372981180287,8.557019391171469,9.760258979314036,21.07718421964199,5.852949980453166,5.731835018110647,5.799437995532387,5.702569875010982,5.700612240650835
8083240,CFHA14,USGS GAGE,8083240.0,8083240,32.598517250719446,-99.81467513289076,"Clear Fk Brazos Rv at Hwy 83 nr Hawley, TX",2014,5.69122155806028,5.668122821234647,5.723120067177402,5.783280059138479,5.976966614030016,11.8159042414621,6.880409902622907,5.58956369255618,8.407131178626885,5.604618596391831,5.634335883468079,5.688389447437732
8083240,CFHA14,USGS GAGE,8083240.0,8083240,32.598517250719446,-99.81467513289076,"Clear Fk Brazos Rv at Hwy 83 nr Hawley, TX",2015,5.694500844044283,5.722417363037974,5.739516497097418,5.770033731209158,34.04005265595295,24.081079741600732,24.202194703943253,5.587029698841268,5.586433465025995,30.530769477708038,20.05773867367255,35.9426347604901
8083240,CFHA14,USGS GAGE,8083240.0,8083240,32.598517250719446,-99.81467513289076,"Clear Fk Brazos Rv at Hwy 83 nr Hawley, TX",2016,8.776582493645867,7.14348779371889,9.986788080196877,136.79300590272027,482.688260693118,411.4724044677301,13.450906546934839,8.61217101908425,19.072210668620535,18.60483870967742,41.27833333333333,12.229032258064517
8083240,CFHA14,USGS GAGE,8083240.0,8083240,32.598517250719446,-99.81467513289076,"Clear Fk Brazos Rv at Hwy 83 nr Hawley, TX",2017,14.190645161290323,14.478571428571428,9.870645161290323,8.172,89.61129032258064,68.652,14.91709677419355,5.671612903225806,5.664666666666666,3.2316129032258067,3.731,4.26741935483871
8083240,CFHA14,USGS GAGE,8083240.0,8083240,32.598517250719446,-99.81467513289076,"Clear Fk Brazos Rv at Hwy 83 nr Hawley, TX",2018,4.3180645161290325,4.843571428571429,4.71741935483871,2.909666666666667,1.3483870967741938,2.1809999999999996,0.9558064516129032,3.7603225806451612,121.796,728.816129032258,307.44,103.55483870967741
8083240,CFHA14,USGS GAGE,8083240.0,8083240,32.598517250719446,-99.81467513289076,"Clear Fk Brazos Rv at Hwy 83 nr Hawley, TX",2019,74.05806451612904,57.35,45.6741935483871,68.83666666666666,487.4129032258064,297.62666666666667,52.57419354838709,21.438709677419357,15.253333333333334,10.511290322580646,16.513333333333332,14.980645161290322
8083240,CFHA14,USGS GAGE,8083240.0,8083240,32.598517250719446,-99.81467513289076,"Clear Fk Brazos Rv at Hwy 83 nr Hawley, TX",2020,13.780645161290321,19.75862068965517,79.79677419354839,24.77,15.329032258064515,13.959,8.731290322580646,2.5270967741935486,114.08033333333333,6.762903225806451,7.786333333333333,7.953225806451614
8083240,CFHA14,USGS GAGE,8083240.0,8083240,32.598517250719446,-99.81467513289076,"Clear Fk Brazos Rv at Hwy 83 nr Hawley, TX",2021,9.744193548387097,9.083571428571428,9.186774193548388,38.08533333333333,123.86774193548388,456.97333333333336,114.61290322580645,19.01290322580645,15.520000000000001,8.614193548387098,10.733,7.984516129032259
8083240,CFHA14,USGS GAGE,8083240.0,8083240,32.598517250719446,-99.81467513289076,"Clear Fk Brazos Rv at Hwy 83 nr Hawley, TX",2022,8.418709677419356,10.7675,11.404838709677419,8.359666666666666,2.1716129032258062,1.5203333333333333,0.05709677419354839,0.12612903225806452,0.7023333333333334,1.5829032258064517,0.49433333333333335,2.613548387096774
8083240,CFHA14,USGS GAGE,8083240.0,8083240,32.598517250719446,-99.81467513289076,"Clear Fk Brazos Rv at Hwy 83 nr Hawley, TX",2023,2.3096774193548386,2.160357142857143,3.087741935483871,1.625,65.76225806451613,75.56333333333333,13.894516129032258,0.022258064516129033,12.93,39.99612903225807,3.1743333333333337,3.822258064516129
8083240,CFHA14,USGS GAGE,8083240.0,8083240,32.598517250719446,-99.81467513289076,"Clear Fk Brazos Rv at Hwy 83 nr Hawley, TX",2024,3.7590322580645164,5.288620689655173,4.685161290322581,5.747333333333333,33.38290322580646,8.641333333333334,0.21903225806451612,0.0,18.374666666666666,0.3412903225806452,52.088,2.1838709677419357
8084000,CFNU16,USGS GAGE,8084000.0,8084000,32.69010955738532,-99.669404234539,"Clear Fk Brazos Rv at Nugent, TX",2010,27.425483870967742,26.09892857142857,26.64322580645161,44.92100000000001,23.033870967741937,40.48433333333333,91.05483870967741,20.733548387096775,76.288,29.419354838709676,12.493333333333334,16.874193548387098
8084000,CFNU16,USGS GAGE,8084000.0,8084000,32.69010955738532,-99.669404234539,"Clear Fk Brazos Rv at Nugent, TX",2011,14.058064516129033,14.839285714285714,14.754838709677419,9.386333333333333,3.67,0.169,0.0012903225806451613,0.016129032258064516,0.06933333333333333,3.099032258064516,1.9643333333333333,3.661290322580645
8084000,CFNU16,USGS GAGE,8084000.0,8084000,32.69010955738532,-99.669404234539,"Clear Fk Brazos Rv at Nugent, TX",2012,3.705483870967742,2.19,1.7529032258064516,3.8316666666666666,5.149677419354839,0.47533333333333333,0.0022580645161290325,0.0,16.456666666666667,15.356129032258066,0.17866666666666667,0.38129032258064516
8084000,CFNU16,USGS GAGE,8084000.0,8084000,32.69010955738532,-99.669404234539,"Clear Fk Brazos Rv at Nugent, TX",2013,0.5458064516129033,0.7228571428571428,0.7680645161290323,0.8806666666666666,6.428709677419356,9.032666666666668,33.523870967741935,0.5767741935483871,0.31466666666666665,0.4609677419354839,0.25133333333333335,0.2470967741935484
8084000,CFNU16,USGS GAGE,8084000.0,8084000,32.69010955738532,-99.669404234539,"Clear Fk Brazos Rv at Nugent, TX",2014,0.2267741935483871,0.1767857142857143,0.2958064516129032,0.426,0.8451612903225806,13.481333333333334,2.8003225806451613,0.0067741935483870966,6.104333333333333,0.03935483870967742,0.10366666666666666,0.22064516129032258
8084000,CFNU16,USGS GAGE,8084000.0,8084000,32.69010955738532,-99.669404234539,"Clear Fk Brazos Rv at Nugent, TX",2015,0.23387096774193547,0.2942857142857143,0.33129032258064517,0.3973333333333333,61.57709677419354,40.02466666666667,40.28677419354839,0.0012903225806451613,0.0,53.98258064516129,31.317666666666664,65.69451612903225
8084000,CFNU16,USGS GAGE,8084000.0,8084000,32.69010955738532,-99.669404234539,"Clear Fk Brazos Rv at Nugent, TX",2016,6.903870967741936,3.369655172413793,9.52290322580645,283.947,1032.5064516129032,878.3866666666667,17.01967741935484,6.548064516129033,29.374000000000002,24.656129032258065,49.99366666666666,16.380645161290325
8084000,CFNU16,USGS GAGE,8084000.0,8084000,32.69010955738532,-99.669404234539,"Clear Fk Brazos Rv at Nugent, TX",2017,19.351612903225806,21.267857142857142,12.147419354838709,10.217666666666668,95.85,94.20666666666666,20.904193548387095,6.635483870967741,13.976666666666667,6.270645161290323,7.079666666666666,5.540322580645161
8084000,CFNU16,USGS GAGE,8084000.0,8084000,32.69010955738532,-99.669404234539,"Clear Fk Brazos Rv at Nugent, TX",2018,5.969032258064516,6.799285714285714,6.58741935483871,5.1466666666666665,2.221290322580645,7.990666666666667,1.0338709677419355,3.025483870967742,89.33066666666667,1553.2193548387097,538.3333333333334,269.93548387096774
8084000,CFNU16,USGS GAGE,8084000.0,8084000,32.69010955738532,-99.669404234539,"Clear Fk Brazos Rv at Nugent, TX",2019,192.70967741935485,101.64642857142857,96.81290322580645,182.48666666666668,1171.6451612903227,754.8333333333334,72.90967741935484,27.648387096774194,21.25,13.983870967741936,20.546666666666667,18.09032258064516
8084000,CFNU16,USGS GAGE,8084000.0,8084000,32.69010955738532,-99.669404234539,"Clear Fk Brazos Rv at Nugent, TX",2020,20.480645161290322,31.00689655172414,180.78709677419354,45.5,18.112903225806452,14.499666666666666,8.524516129032257,3.1083870967741936,169.411,10.273548387096774,11.229000000000001,14.141935483870967
8084000,CFNU16,USGS GAGE,8084000.0,8084000,32.69010955738532,-99.669404234539,"Clear Fk Brazos Rv at Nugent, TX",2021,15.816129032258065,13.424999999999999,13.225806451612904,46.20766666666667,201.50322580645164,896.15,213.18709677419355,24.858064516129033,10.986666666666668,11.422258064516129,9.054,12.60741935483871
8084000,CFNU16,USGS GAGE,8084000.0,8084000,32.69010955738532,-99.669404234539,"Clear Fk Brazos Rv at Nugent, TX",2022,14.816129032258065,12.60142857142857,11.786451612903226,14.015666666666666,7.944516129032258,1.6883333333333332,0.2583870967741935,0.8667741935483871,3.5956666666666663,11.128709677419355,3.134333333333333,4.116451612903226
8084000,CFNU16,USGS GAGE,8084000.0,8084000,32.69010955738532,-99.669404234539,"Clear Fk Brazos Rv at Nugent, TX",2023,3.758709677419355,3.9074999999999998,7.992903225806452,4.277,101.23870967741935,81.881,26.024516129032257,0.01064516129032258,19.578666666666667,25.817419354838712,6.233666666666666,7.25516129032258
8084000,CFNU16,USGS GAGE,8084000.0,8084000,32.69010955738532,-99.669404234539,"Clear Fk Brazos Rv at Nugent, TX",2024,5.389354838709677,10.423103448275862,12.021935483870967,12.011666666666667,34.01032258064516,14.232666666666667,0.11709677419354839,0.06451612903225806,17.03066666666667,2.8225806451612905,71.56433333333332,3.509677419354839
8084800,CAST17,USGS GAGE,8084800.0,8084800,32.93119966152174,-99.642825024378,"California Ck nr Stamford, TX",2010,41.72741935483871,37.41857142857143,17.60967741935484,396.03700000000003,19.79064516129032,51.30200000000001,53.64161290322581,7.371290322580645,101.26766666666667,7.934516129032258,2.732666666666667,3.8729032258064517
8084800,CAST17,USGS GAGE,8084800.0,8084800,32.93119966152174,-99.642825024378,"California Ck nr Stamford, TX",2011,3.4551612903225806,3.7164285714285716,2.596774193548387,2.2976666666666667,0.5783870967741935,0.04566666666666667,0.0,0.6803225806451613,0.24433333333333332,9.124193548387098,1.2526666666666666,10.184516129032259
8084800,CAST17,USGS GAGE,8084800.0,8084800,32.93119966152174,-99.642825024378,"California Ck nr Stamford, TX",2012,2.8648387096774193,2.8286206896551724,1.4480645161290322,0.4036666666666667,0.005483870967741936,0.9336666666666668,0.0,0.0,1.6066666666666667,0.43935483870967745,0.0,0.0
8084800,CAST17,USGS GAGE,8084800.0,8084800,32.93119966152174,-99.642825024378,"California Ck nr Stamford, TX",2013,0.0,0.0,0.0,0.010333333333333333,0.015161290322580645,26.566666666666666,37.809677419354834,3.9922580645161294,1.9643333333333333,1.0541935483870968,0.026333333333333334,0.04806451612903226
8084800,CAST17,USGS GAGE,8084800.0,8084800,32.93119966152174,-99.642825024378,"California Ck nr Stamford, TX",2014,0.09419354838709677,0.14714285714285716,0.12032258064516128,0.024666666666666667,5.800645161290323,37.129333333333335,0.67,0.0,22.911,0.7496774193548388,9.887333333333334,1.6716129032258065
8084800,CAST17,USGS GAGE,8084800.0,8084800,32.93119966152174,-99.642825024378,"California Ck nr Stamford, TX",2015,1.5538709677419356,1.2185714285714284,3.131612903225806,116.91833333333334,373.47387096774196,193.22666666666666,62.78967741935484,1.4854838709677418,0.265,83.11580645161291,68.15333333333334,172.10064516129032
8084800,CAST17,USGS GAGE,8084800.0,8084800,32.93119966152174,-99.642825024378,"California Ck nr Stamford, TX",2016,27.723225806451612,6.934827586206896,6.006129032258064,141.71966666666668,440.3183870967742,191.63,8.913870967741936,4.440322580645161,17.657,5.938387096774194,13.269666666666668,4.538387096774193
8084800,CAST17,USGS GAGE,8084800.0,8084800,32.93119966152174,-99.642825024378,"California Ck nr Stamford, TX",2017,6.844516129032258,8.797142857142857,5.0045161290322575,3.3726666666666665,130.44709677419354,122.55633333333334,27.541935483870965,1.7448387096774194,22.285666666666668,4.936129032258064,1.1966666666666665,0.7645161290322581
8084800,CAST17,USGS GAGE,8084800.0,8084800,32.93119966152174,-99.642825024378,"California Ck nr Stamford, TX",2018,1.2461290322580647,1.692142857142857,1.8483870967741935,1.1063333333333332,15.032903225806454,13.221,0.37258064516129036,0.3235483870967742,522.6633333333333,1369.983870967742,251.17666666666668,85.73870967741935
8084800,CAST17,USGS GAGE,8084800.0,8084800,32.93119966152174,-99.642825024378,"California Ck nr Stamford, TX",2019,25.858064516129033,12.932500000000001,11.675806451612903,103.236,625.0129032258066,529.5933333333334,13.636774193548387,3.1548387096774193,11.322333333333335,1.9035483870967742,41.96933333333333,4.781290322580645
8084800,CAST17,USGS GAGE,8084800.0,8084800,32.93119966152174,-99.642825024378,"California Ck nr Stamford, TX",2020,15.886451612903226,28.55,275.82645161290327,18.034,10.220322580645162,45.824666666666666,2.0903225806451613,0.48935483870967744,476.6486666666667,6.639354838709677,5.12,4.752580645161291
8084800,CAST17,USGS GAGE,8084800.0,8084800,32.93119966152174,-99.642825024378,"California Ck nr Stamford, TX",2021,5.499354838709677,4.277142857142858,3.5390322580645157,20.515,256.1051612903226,795.9133333333334,133.14870967741933,6.355483870967742,2.5616666666666665,1.783548387096774,2.3920000000000003,2.3390322580645164
8084800,CAST17,USGS GAGE,8084800.0,8084800,32.93119966152174,-99.642825024378,"California Ck nr Stamford, TX",2022,2.4767741935483873,2.8464285714285715,2.135483870967742,25.768666666666665,36.925161290322585,12.882,0.4561290322580645,20.006774193548388,70.55066666666667,4.620645161290323,3.2883333333333336,4.06741935483871
8084800,CAST17,USGS GAGE,8084800.0,8084800,32.93119966152174,-99.642825024378,"California Ck nr Stamford, TX",2023,1.9851612903225806,2.1839285714285714,3.07741935483871,1.3896666666666666,76.71967741935484,337.8366666666667,222.0483870967742,2.9025806451612906,5.905,55.12,9.012333333333334,8.553870967741936
8084800,CAST17,USGS GAGE,8084800.0,8084800,32.93119966152174,-99.642825024378,"California Ck nr Stamford, TX",2024,5.254838709677419,11.16,3.0503225806451613,12.300999999999998,161.42677419354837,31.323666666666668,0.6483870967741936,0.0,31.124000000000002,0.0003225806451612903,77.41233333333334,5.156451612903226
8085500,CFFG18,USGS GAGE,8085500.0,8085500,32.934552636344634,-99.22446763215038,"Clear Fk Brazos Rv at Ft Griffin, TX",2010,110.08387096774193,180.41071428571428,108.84838709677419,693.98,140.73225806451612,115.47666666666667,194.90322580645162,48.50967741935484,286.7,77.09677419354838,22.876666666666665,37.358064516129026
8085500,CFFG18,USGS GAGE,8085500.0,8085500,32.934552636344634,-99.22446763215038,"Clear Fk Brazos Rv at Ft Griffin, TX",2011,33.9741935483871,38.114285714285714,20.52258064516129,9.732666666666667,5.671935483870969,0.09966666666666665,0.0,0.04064516129032258,0.0,0.07161290322580645,0.0023333333333333335,8.838064516129032
8085500,CFFG18,USGS GAGE,8085500.0,8085500,32.934552636344634,-99.22446763215038,"Clear Fk Brazos Rv at Ft Griffin, TX",2012,11.138064516129031,11.164137931034482,10.562903225806451,4.484666666666667,1.4822580645161292,0.0016666666666666668,0.0,0.0,0.07400000000000001,29.27935483870968,1.0783333333333334,4.3345161290322585
8085500,CFFG18,USGS GAGE,8085500.0,8085500,32.934552636344634,-99.22446763215038,"Clear Fk Brazos Rv at Ft Griffin, TX",2013,8.598387096774195,8.316428571428572,7.2216129032258065,8.771333333333333,0.7109677419354838,66.71833333333333,102.15,8.210322580645162,0.048,0.0016129032258064516,1.1313333333333333,14.18032258064516
8085500,CFFG18,USGS GAGE,8085500.0,8085500,32.934552636344634,-99.22446763215038,"Clear Fk Brazos Rv at Ft Griffin, TX",2014,11.566774193548387,10.898928571428572,4.0358064516129035,2.3383333333333334,7.684193548387097,73.42800000000001,11.087096774193547,0.10967741935483871,22.310666666666666,3.511935483870968,24.533333333333335,13.111290322580645
8085500,CFFG18,USGS GAGE,8085500.0,8085500,32.934552636344634,-99.22446763215038,"Clear Fk Brazos Rv at Ft Griffin, TX",2015,9.348387096774195,8.625,18.18064516129032,209.66666666666666,1408.2709677419355,746.1233333333333,212.8516129032258,4.804193548387097,0.14966666666666667,175.62645161290322,132.84,464.258064516129
8085500,CFFG18,USGS GAGE,8085500.0,8085500,32.934552636344634,-99.22446763215038,"Clear Fk Brazos Rv at Ft Griffin, TX",2016,204.20967741935485,40.220689655172414,59.40967741935484,573.66,1577.383870967742,1744.1333333333334,67.42258064516129,54.096774193548384,268.13,121.90967741935484,166.73666666666668,63.41612903225807
8085500,CFFG18,USGS GAGE,8085500.0,8085500,32.934552636344634,-99.22446763215038,"Clear Fk Brazos Rv at Ft Griffin, TX",2017,75.0741935483871,192.025,54.432258064516134,38.39666666666667,255.09354838709677,575.0766666666666,116.10967741935484,12.716774193548387,53.689,53.270967741935486,20.636666666666667,20.951612903225808
8085500,CFFG18,USGS GAGE,8085500.0,8085500,32.934552636344634,-99.22446763215038,"Clear Fk Brazos Rv at Ft Griffin, TX",2018,23.596774193548388,21.74285714285714,34.23548387096774,9.679,48.92677419354839,45.95433333333334,0.17967741935483872,0.013548387096774193,781.2,4975.109677419355,1384.4,834.1935483870968
8085500,CFFG18,USGS GAGE,8085500.0,8085500,32.934552636344634,-99.22446763215038,"Clear Fk Brazos Rv at Ft Griffin, TX",2019,704.1935483870968,275.2857142857143,191.6451612903226,609.2,3295.6774193548385,2519.133333333333,186.3032258064516,50.20967741935484,40.05,30.641935483870967,94.42,36.09032258064516
8085500,CFFG18,USGS GAGE,8085500.0,8085500,32.934552636344634,-99.22446763215038,"Clear Fk Brazos Rv at Ft Griffin, TX",2020,58.94193548387097,91.69310344827586,1204.7451612903226,264.5,79.49354838709678,136.92333333333332,31.115483870967743,2.6599999999999997,1192.09,56.377419354838715,33.586666666666666,35.66129032258065
8085500,CFFG18,USGS GAGE,8085500.0,8085500,32.934552636344634,-99.22446763215038,"Clear Fk Brazos Rv at Ft Griffin, TX",2021,45.53548387096774,34.30714285714286,33.63870967741936,106.40666666666667,954.3290322580646,2940.266666666667,670.6451612903226,77.52580645161291,28.35666666666667,24.46451612903226,23.903333333333332,34.65806451612904
8085500,CFFG18,USGS GAGE,8085500.0,8085500,32.934552636344634,-99.22446763215038,"Clear Fk Brazos Rv at Ft Griffin, TX",2022,33.2,34.70357142857143,19.56451612903226,46.345,58.122258064516124,29.917666666666666,0.05,0.012903225806451613,82.23,0.9954838709677419,18.29733333333333,12.68741935483871
8085500,CFFG18,USGS GAGE,8085500.0,8085500,32.934552636344634,-99.22446763215038,"Clear Fk Brazos Rv at Ft Griffin, TX",2023,6.97516129032258,13.819642857142856,47.42161290322581,3.0843333333333334,202.33225806451614,510.7366666666667,260.0074193548387,0.24935483870967742,4.354333333333333,61.55096774193548,31.098000000000003,21.789032258064516
8085500,CFFG18,USGS GAGE,8085500.0,8085500,32.934552636344634,-99.22446763215038,"Clear Fk Brazos Rv at Ft Griffin, TX",2024,25.26451612903226,50.03103448275862,29.574193548387097,41.223333333333336,265.7129032258065,112.38799999999999,1.7103225806451614,0.01935483870967742,37.743,0.5267741935483871,301.8833333333333,17.296774193548387
8086212,HCAL19,USGS GAGE,8086212.0,8086212,32.73301542286712,-99.14026686647829,"Hubbard Ck bl Albany, TX",2010,32.674193548387095,20.639999999999997,10.326451612903226,1.3013333333333332,49.84193548387096,17.275666666666666,2.5935483870967744,0.03032258064516129,13.844666666666665,0.27999999999999997,0.0,0.0
8086212,HCAL19,USGS GAGE,8086212.0,8086212,32.73301542286712,-99.14026686647829,"Hubbard Ck bl Albany, TX",2011,0.0,0.0,0.0,17.869000000000003,1.8180645161290323,0.06566666666666666,0.0,0.0,0.0,44.78516129032258,0.0,0.0
8086212,HCAL19,USGS GAGE,8086212.0,8086212,32.73301542286712,-99.14026686647829,"Hubbard Ck bl Albany, TX",2012,7.182903225806451,1.8679310344827584,0.15290322580645163,0.17,0.016451612903225808,0.101,0.0,0.0,29.766666666666666,4.625806451612903,0.0,0.0
8086212,HCAL19,USGS GAGE,8086212.0,8086212,32.73301542286712,-99.14026686647829,"Hubbard Ck bl Albany, TX",2013,0.0,0.0,0.0,0.0,0.0,0.0,97.69483870967741,0.22741935483870968,0.0,0.0,0.0,0.0
8086212,HCAL19,USGS GAGE,8086212.0,8086212,32.73301542286712,-99.14026686647829,"Hubbard Ck bl Albany, TX",2014,0.0,0.0,0.0,0.0,0.0009677419354838711,0.635,13.02,0.0006451612903225806,0.0,0.0,4.579666666666666,0.0332258064516129
8086212,HCAL19,USGS GAGE,8086212.0,8086212,32.73301542286712,-99.14026686647829,"Hubbard Ck bl Albany, TX",2015,0.0029032258064516127,0.0,0.0,0.0,270.018064516129,14.354666666666667,68.42774193548388,0.05290322580645161,0.0,158.80580645161288,149.027,94.72967741935483
8086212,HCAL19,USGS GAGE,8086212.0,8086212,32.73301542286712,-99.14026686647829,"Hubbard Ck bl Albany, TX",2016,27.076129032258066,2.673448275862069,12.443870967741935,383.72766666666666,1373.7516129032258,1270.0866666666666,19.181612903225805,14.763548387096774,50.443999999999996,75.4758064516129,282.2566666666666,33.26451612903226
8086212,HCAL19,USGS GAGE,8086212.0,8086212,32.73301542286712,-99.14026686647829,"Hubbard Ck bl Albany, TX",2017,56.461290322580645,366.2857142857143,67.1741935483871,25.916666666666668,29.225806451612904,35.23833333333334,1.2351612903225806,2.928064516129032,0.7236666666666667,0.5206451612903226,0.5173333333333333,1.7403225806451612
8086212,HCAL19,USGS GAGE,8086212.0,8086212,32.73301542286712,-99.14026686647829,"Hubbard Ck bl Albany, TX",2018,0.32935483870967747,2.587857142857143,4.405806451612904,0.5783333333333334,0.2658064516129032,11.075999999999999,0.22612903225806452,0.0006451612903225806,11.095333333333334,677.9632258064516,138.07999999999998,291.39677419354837
8086212,HCAL19,USGS GAGE,8086212.0,8086212,32.73301542286712,-99.14026686647829,"Hubbard Ck bl Albany, TX",2019,176.58064516129033,47.300000000000004,68.03548387096774,108.32666666666667,578.2258064516129,543.0666666666667,41.839354838709674,2.164516129032258,0.522,0.2845161290322581,1.439,2.3261290322580646
8086212,HCAL19,USGS GAGE,8086212.0,8086212,32.73301542286712,-99.14026686647829,"Hubbard Ck bl Albany, TX",2020,4.257096774193548,5.745172413793104,293.3645161290322,38.76,8.227741935483872,6.455,0.922258064516129,0.03354838709677419,243.57766666666666,0.6322580645161291,0.9793333333333333,1.9941935483870967
8086212,HCAL19,USGS GAGE,8086212.0,8086212,32.73301542286712,-99.14026686647829,"Hubbard Ck bl Albany, TX",2021,3.1564516129032256,1.7142857142857142,3.0016129032258063,35.98566666666667,421.12999999999994,742.6266666666667,28.156774193548387,132.48806451612904,3.254,2.8616129032258066,1.1813333333333333,1.4919354838709677
8086212,HCAL19,USGS GAGE,8086212.0,8086212,32.73301542286712,-99.14026686647829,"Hubbard Ck bl Albany, TX",2022,1.1741935483870967,2.2775000000000003,0.716774193548387,0.5743333333333334,0.27322580645161293,32.124,0.07225806451612904,0.0,0.0,0.0,0.0,0.0
8086212,HCAL19,USGS GAGE,8086212.0,8086212,32.73301542286712,-99.14026686647829,"Hubbard Ck bl Albany, TX",2023,0.0,0.0,0.0,0.0,0.0,15.555000000000001,2.4296774193548383,0.0,0.0,0.0,0.0,0.0
8086212,HCAL19,USGS GAGE,8086212.0,8086212,32.73301542286712,-99.14026686647829,"Hubbard Ck bl Albany, TX",2024,0.0,0.4375862068965517,1.8351612903225807,1.3326666666666667,4.475483870967742,0.7230000000000001,0.03903225806451613,0.0,30.415666666666667,0.2658064516129032,100.74033333333334,0.2667741935483871
8086290,BSBR20,USGS GAGE,8086290.0,8086290,32.64866626140848,-99.0039506590076,"Big Sandy Ck abv Breckenridge, TX",2010,9.387419354838709,16.74642857142857,2.170645161290323,3.239333333333333,28.830000000000002,54.504333333333335,0.29870967741935484,0.0,30.919333333333334,0.02903225806451613,0.03266666666666666,0.011290322580645162
8086290,BSBR20,USGS GAGE,8086290.0,8086290,32.64866626140848,-99.0039506590076,"Big Sandy Ck abv Breckenridge, TX",2011,0.0006451612903225806,0.004642857142857143,0.0035483870967741938,3.004,0.48612903225806453,0.0,0.0,0.0,0.03533333333333333,59.75387096774193,0.0,0.0
8086290,BSBR20,USGS GAGE,8086290.0,8086290,32.64866626140848,-99.0039506590076,"Big Sandy Ck abv Breckenridge, TX",2012,63.34516129032258,10.621379310344826,4.9309677419354845,0.013000000000000001,0.18129032258064517,5.729333333333333,0.0,0.0,14.025666666666666,0.8690322580645161,0.0,0.0
8086290,BSBR20,USGS GAGE,8086290.0,8086290,32.64866626140848,-99.0039506590076,"Big Sandy Ck abv Breckenridge, TX",2013,0.0,0.0,0.0,3.388,0.0,0.0,258.0858064516129,0.014516129032258065,0.001,0.0,0.0,0.0
8086290,BSBR20,USGS GAGE,8086290.0,8086290,32.64866626140848,-99.0039506590076,"Big Sandy Ck abv Breckenridge, TX",2014,0.0,0.0,0.0,0.0,0.0,0.0,19.27774193548387,0.0,0.0,0.0,16.86466666666667,0.0
8086290,BSBR20,USGS GAGE,8086290.0,8086290,32.64866626140848,-99.0039506590076,"Big Sandy Ck abv Breckenridge, TX",2015,0.0,0.6314285714285715,0.0,0.0,420.84483870967745,26.166666666666668,238.2332258064516,0.010967741935483872,0.0,37.33096774193548,141.97699999999998,50.13580645161291
8086290,BSBR20,USGS GAGE,8086290.0,8086290,32.64866626140848,-99.0039506590076,"Big Sandy Ck abv Breckenridge, TX",2016,2.5383870967741933,0.08206896551724138,3.310967741935484,373.92766666666665,558.0099999999999,1251.325,3.575483870967742,9.168709677419354,54.309999999999995,46.41451612903226,123.63966666666667,1.382258064516129
8086290,BSBR20,USGS GAGE,8086290.0,8086290,32.64866626140848,-99.0039506590076,"Big Sandy Ck abv Breckenridge, TX",2017,10.397419354838709,76.84571428571428,2.504516129032258,55.525666666666666,14.239354838709676,103.473,0.5793548387096774,4.498387096774193,0.0036666666666666666,0.009354838709677418,0.024666666666666667,0.025806451612903222
8086290,BSBR20,USGS GAGE,8086290.0,8086290,32.64866626140848,-99.0039506590076,"Big Sandy Ck abv Breckenridge, TX",2018,0.0367741935483871,1.2585714285714287,11.178387096774193,0.030333333333333334,0.006129032258064516,0.0,0.0,0.0,0.19499999999999998,382.5993548387097,34.291000000000004,118.63451612903226
8086290,BSBR20,USGS GAGE,8086290.0,8086290,32.64866626140848,-99.0039506590076,"Big Sandy Ck abv Breckenridge, TX",2019,19.201290322580647,3.8024999999999998,7.827096774193548,65.38266666666667,405.6012903225806,137.6436666666667,3.548064516129032,0.08290322580645161,0.03233333333333333,0.0067741935483870966,0.027000000000000003,0.01838709677419355
8086290,BSBR20,USGS GAGE,8086290.0,8086290,32.64866626140848,-99.0039506590076,"Big Sandy Ck abv Breckenridge, TX",2020,0.0929032258064516,0.733103448275862,84.54,0.9663333333333334,1.229032258064516,0.03866666666666666,0.016451612903225808,0.0,53.56966666666667,0.0967741935483871,0.039,0.029354838709677415
8086290,BSBR20,USGS GAGE,8086290.0,8086290,32.64866626140848,-99.0039506590076,"Big Sandy Ck abv Breckenridge, TX",2021,0.03774193548387097,0.045,0.06225806451612904,62.422666666666665,254.34387096774194,535.6793333333333,4.940967741935484,27.230967741935483,0.249,0.33161290322580644,0.16733333333333336,0.23258064516129032
8086290,BSBR20,USGS GAGE,8086290.0,8086290,32.64866626140848,-99.0039506590076,"Big Sandy Ck abv Breckenridge, TX",2022,0.4432258064516129,0.4875,0.33419354838709675,0.17200000000000001,0.05451612903225806,0.002,0.0,0.0,0.17666666666666667,0.008064516129032258,0.027333333333333334,0.4909677419354838
8086290,BSBR20,USGS GAGE,8086290.0,8086290,32.64866626140848,-99.0039506590076,"Big Sandy Ck abv Breckenridge, TX",2023,0.03935483870967742,0.1775,0.04290322580645162,0.007,0.18419354838709678,9.114666666666666,0.38161290322580643,0.0,4.338333333333334,0.37387096774193546,0.0036666666666666666,0.0
8086290,BSBR20,USGS GAGE,8086290.0,8086290,32.64866626140848,-99.0039506590076,"Big Sandy Ck abv Breckenridge, TX",2024,0.020967741935483872,2.3737931034482758,16.419354838709676,1.5746666666666667,10.372903225806452,0.7106666666666667,0.0,0.0,12.814333333333334,0.0,83.273,0.2090322580645161
8088000,BRSB23,USGS GAGE,8088000.0,8088000,33.0238254736883,-98.6446326341029,"Brazos Rv nr South Bend, TX",2010,212.21612903225807,647.4642857142857,360.258064516129,3189.0533333333337,1026.0645161290322,360.96666666666664,2443.3870967741937,401.03225806451616,853.2,286.8258064516129,119.16666666666667,111.70967741935483
8088000,BRSB23,USGS GAGE,8088000.0,8088000,33.0238254736883,-98.6446326341029,"Brazos Rv nr South Bend, TX",2011,100.54193548387097,104.09642857142856,63.37419354838709,34.406666666666666,12.944516129032257,1.03,0.0,8.636129032258065,0.0,193.01645161290324,53.28333333333333,11.584838709677419
8088000,BRSB23,USGS GAGE,8088000.0,8088000,33.0238254736883,-98.6446326341029,"Brazos Rv nr South Bend, TX",2012,290.7209677419355,31.66896551724138,40.12516129032259,10.314333333333334,25.361290322580647,178.17666666666668,6.840645161290323,32.34258064516129,63.565333333333335,66.13580645161291,1.538,0.48580645161290326
8088000,BRSB23,USGS GAGE,8088000.0,8088000,33.0238254736883,-98.6446326341029,"Brazos Rv nr South Bend, TX",2013,2.575806451612903,3.9328571428571424,6.196129032258065,40.717333333333336,66.09258064516129,287.82666666666665,438.2341935483871,246.08709677419355,45.56333333333334,16.945806451612903,2.9170000000000003,3.474838709677419
8088000,BRSB23,USGS GAGE,8088000.0,8088000,33.0238254736883,-98.6446326341029,"Brazos Rv nr South Bend, TX",2014,5.979032258064516,11.387500000000001,6.202903225806451,1.496,3.3893548387096777,171.77,127.69999999999999,4.401612903225806,262.12666666666667,184.69032258064516,116.20333333333333,70.6032258064516
8088000,BRSB23,USGS GAGE,8088000.0,8088000,33.0238254736883,-98.6446326341029,"Brazos Rv nr South Bend, TX",2015,55.225806451612904,45.32142857142857,63.89677419354839,296.5466666666667,4822.290322580645,3451.7,1299.4516129032259,164.60967741935482,39.223333333333336,378.68387096774194,711.4166666666666,1093.3225806451612
8088000,BRSB23,USGS GAGE,8088000.0,8088000,33.0238254736883,-98.6446326341029,"Brazos Rv nr South Bend, TX",2016,663.258064516129,149.51724137931035,129.7516129032258,1544.4033333333332,1995.0,6335.533333333334,200.63225806451615,749.6548387096774,1028.5666666666666,396.4516129032258,628.7933333333333,163.61290322580646
8088000,BRSB23,USGS GAGE,8088000.0,8088000,33.0238254736883,-98.6446326341029,"Brazos Rv nr South Bend, TX",2017,171.11935483870968,992.5,123.10645161290323,175.29333333333335,248.05806451612904,1537.1766666666667,182.4322580645161,75.59032258064516,191.63333333333333,132.4741935483871,31.613333333333333,36.49032258064516
8088000,BRSB23,USGS GAGE,8088000.0,8088000,33.0238254736883,-98.6446326341029,"Brazos Rv nr South Bend, TX",2018,34.92903225806452,39.746428571428574,117.09677419354838,36.60666666666667,235.95419354838708,121.65799999999999,1.6390322580645162,0.0,1949.452,9862.967741935483,3302.5333333333333,2720.8387096774195
8088000,BRSB23,USGS GAGE,8088000.0,8088000,33.0238254736883,-98.6446326341029,"Brazos Rv nr South Bend, TX",2019,1763.6451612903227,506.17857142857144,526.516129032258,2159.233333333333,8309.354838709678,6697.666666666667,651.1290322580645,140.1258064516129,170.73,122.38064516129033,270.18666666666667,114.70967741935483
8088000,BRSB23,USGS GAGE,8088000.0,8088000,33.0238254736883,-98.6446326341029,"Brazos Rv nr South Bend, TX",2020,179.3032258064516,243.93103448275863,3062.1193548387096,711.7333333333333,446.03225806451616,608.6,132.52903225806452,12.389354838709677,2025.98,106.84193548387097,67.87666666666667,72.53870967741935
8088000,BRSB23,USGS GAGE,8088000.0,8088000,33.0238254736883,-98.6446326341029,"Brazos Rv nr South Bend, TX",2021,104.62258064516129,85.04642857142858,78.00967741935484,440.04,1778.1290322580646,7524.0,1979.258064516129,338.96774193548384,96.57333333333332,72.97741935483872,55.18333333333333,57.02258064516129
8088000,BRSB23,USGS GAGE,8088000.0,8088000,33.0238254736883,-98.6446326341029,"Brazos Rv nr South Bend, TX",2022,47.49677419354839,55.121428571428574,38.119354838709675,91.72,172.71290322580646,380.69800000000004,0.5083870967741936,84.38193548387098,136.28900000000002,10.97225806451613,34.61,47.59032258064516
8088000,BRSB23,USGS GAGE,8088000.0,8088000,33.0238254736883,-98.6446326341029,"Brazos Rv nr South Bend, TX",2023,27.95483870967742,40.767857142857146,226.31935483870967,52.4,666.3064516129032,1638.6,686.9645161290323,35.358064516129026,132.39966666666666,446.8709677419355,343.03333333333336,200.84516129032258
8088000,BRSB23,USGS GAGE,8088000.0,8088000,33.0238254736883,-98.6446326341029,"Brazos Rv nr South Bend, TX",2024,223.21290322580646,211.9655172413793,109.5516129032258,445.44666666666666,1825.516129032258,1742.0,143.27096774193546,26.351612903225806,117.90333333333334,31.0,1473.5,217.83870967741936
8089000,BRPP27,USGS GAGE,8089000.0,8089000,32.86284893994616,-98.30236414156532,"Brazos Rv nr Palo Pinto, TX",2010,115.15806451612903,212.70000000000002,670.6774193548387,4338.633333333333,2026.9354838709678,191.86666666666667,2308.8709677419356,311.2258064516129,821.6,170.09677419354838,94.52,47.20322580645161
8089000,BRPP27,USGS GAGE,8089000.0,8089000,32.86284893994616,-98.30236414156532,"Brazos Rv nr Palo Pinto, TX",2011,100.47096774193548,138.92857142857142,107.45161290322581,103.65666666666667,91.6741935483871,178.74333333333334,275.61290322580646,260.8225806451613,339.80333333333334,270.14838709677423,81.92,64.8258064516129
8089000,BRPP27,USGS GAGE,8089000.0,8089000,32.86284893994616,-98.30236414156532,"Brazos Rv nr Palo Pinto, TX",2012,343.3806451612903,114.32758620689656,351.3322580645161,115.88666666666667,69.13870967741936,71.72333333333333,42.10645161290322,45.03225806451613,131.23,101.80967741935484,80.78333333333333,62.935483870967744
8089000,BRPP27,USGS GAGE,8089000.0,8089000,32.86284893994616,-98.30236414156532,"Brazos Rv nr Palo Pinto, TX",2013,31.812903225806455,28.87857142857143,25.74516129032258,35.85,51.61290322580645,136.3,174.25806451612902,155.70967741935485,112.82333333333332,56.07419354838709,70.62333333333332,33.4741935483871
8089000,BRPP27,USGS GAGE,8089000.0,8089000,32.86284893994616,-98.30236414156532,"Brazos Rv nr Palo Pinto, TX",2014,21.40967741935484,29.410714285714285,24.206451612903226,89.18666666666667,68.78387096774195,36.09,15.148387096774194,29.0,34.3,38.21935483870968,41.343333333333334,41.78064516129032
8089000,BRPP27,USGS GAGE,8089000.0,8089000,32.86284893994616,-98.30236414156532,"Brazos Rv nr Palo Pinto, TX",2015,45.196774193548386,47.07857142857143,50.770967741935486,50.52,3511.6612903225805,4148.2,1681.258064516129,185.91290322580645,114.09666666666666,273.48709677419356,2313.4333333333334,1914.3548387096773
8089000,BRPP27,USGS GAGE,8089000.0,8089000,32.86284893994616,-98.30236414156532,"Brazos Rv nr Palo Pinto, TX",2016,890.483870967742,249.88275862068966,341.38709677419354,4300.2,3164.6774193548385,7342.433333333333,185.06451612903226,867.0709677419355,938.8233333333334,222.38709677419354,669.2466666666666,131.19354838709677
8089000,BRPP27,USGS GAGE,8089000.0,8089000,32.86284893994616,-98.30236414156532,"Brazos Rv nr Palo Pinto, TX",2017,186.85806451612905,1264.3428571428572,188.41935483870967,274.43333333333334,157.55161290322582,1490.7333333333333,207.58064516129033,104.6032258064516,117.75666666666666,120.69354838709677,85.86333333333333,67.55483870967741
8089000,BRPP27,USGS GAGE,8089000.0,8089000,32.86284893994616,-98.30236414156532,"Brazos Rv nr Palo Pinto, TX",2018,60.332258064516125,81.09285714285714,111.46129032258065,79.02333333333333,105.57741935483871,209.66666666666666,169.0,145.71290322580646,719.2433333333333,11007.483870967742,3070.2,2791.761290322581
8089000,BRPP27,USGS GAGE,8089000.0,8089000,32.86284893994616,-98.30236414156532,"Brazos Rv nr Palo Pinto, TX",2019,1674.6129032258063,495.2107142857143,598.7064516129033,2343.133333333333,10771.290322580646,7285.166666666667,475.0,165.4516129032258,87.97333333333333,100.43870967741935,56.913333333333334,66.7258064516129
8089000,BRPP27,USGS GAGE,8089000.0,8089000,32.86284893994616,-98.30236414156532,"Brazos Rv nr Palo Pinto, TX",2020,110.40322580645162,236.151724137931,4597.548387096775,663.4,620.0645161290323,387.96666666666664,224.63870967741937,155.38709677419354,1665.7,104.21612903225805,78.71666666666667,75.00322580645161
8089000,BRPP27,USGS GAGE,8089000.0,8089000,32.86284893994616,-98.30236414156532,"Brazos Rv nr Palo Pinto, TX",2021,77.11290322580645,73.37857142857142,110.62258064516129,644.3666666666667,2550.7419354838707,8812.533333333333,1849.3548387096773,392.51612903225805,168.0,155.38387096774193,101.92666666666668,74.12903225806451
8089000,BRPP27,USGS GAGE,8089000.0,8089000,32.86284893994616,-98.30236414156532,"Brazos Rv nr Palo Pinto, TX",2022,91.03225806451613,79.61428571428571,153.3548387096774,109.69333333333334,115.38064516129033,153.06666666666666,215.6451612903226,175.1258064516129,86.42,345.4516129032258,73.44,36.91290322580645
8089000,BRPP27,USGS GAGE,8089000.0,8089000,32.86284893994616,-98.30236414156532,"Brazos Rv nr Palo Pinto, TX",2023,45.3,49.24285714285714,79.37741935483871,68.33333333333333,78.61935483870967,308.2,607.7741935483871,251.61290322580646,370.46666666666664,164.70967741935485,55.526666666666664,54.60322580645161
8089000,BRPP27,USGS GAGE,8089000.0,8089000,32.86284893994616,-98.30236414156532,"Brazos Rv nr Palo Pinto, TX",2024,63.270967741935486,73.5551724137931,160.48387096774192,353.3,1998.2903225806451,1494.6666666666667,148.24193548387098,143.17419354838708,122.88666666666667,107.25161290322582,869.2666666666667,188.03225806451613
8090800,BRDE29,USGS GAGE,8090800.0,8090800,32.61575220344663,-97.92558921534798,"Brazos Rv nr Dennis, TX",2010,390.7967741935484,1075.8214285714287,1151.0645161290322,5477.133333333333,2534.2258064516127,242.5,2263.9032258064517,333.64516129032256,831.9666666666667,209.7741935483871,105.81666666666666,56.89032258064516
8090800,BRDE29,USGS GAGE,8090800.0,8090800,32.61575220344663,-97.92558921534798,"Brazos Rv nr Dennis, TX",2011,90.24516129032257,128.71428571428572,135.5483870967742,190.0,161.81935483870967,97.53999999999999,183.80645161290323,204.25483870967741,273.15333333333336,557.9193548387096,82.17666666666668,98.64193548387097
8090800,BRDE29,USGS GAGE,8090800.0,8090800,32.61575220344663,-97.92558921534798,"Brazos Rv nr Dennis, TX",2012,1625.9870967741936,480.2413793103448,1551.0967741935483,226.26666666666668,79.09677419354838,167.43666666666667,31.641935483870967,37.79096774193548,104.68666666666667,113.30000000000001,97.35333333333332,48.47096774193548
8090800,BRDE29,USGS GAGE,8090800.0,8090800,32.61575220344663,-97.92558921534798,"Brazos Rv nr Dennis, TX",2013,67.86451612903227,45.396428571428565,32.093548387096774,99.18333333333334,58.251612903225805,125.34333333333333,171.5483870967742,143.76129032258066,101.9,53.803225806451614,70.62666666666668,77.81612903225808
8090800,BRDE29,USGS GAGE,8090800.0,8090800,32.61575220344663,-97.92558921534798,"Brazos Rv nr Dennis, TX",2014,28.706451612903226,37.38214285714286,22.835483870967742,65.50333333333333,62.432258064516134,256.34666666666664,25.316451612903226,1.0477419354838708,10.340333333333332,33.12387096774193,63.3,51.567741935483866
8090800,BRDE29,USGS GAGE,8090800.0,8090800,32.61575220344663,-97.92558921534798,"Brazos Rv nr Dennis, TX",2015,71.4258064516129,73.82142857142857,101.99032258064516,736.2666666666667,7606.887096774193,7036.3,2573.8064516129034,228.38709677419354,116.40333333333334,231.03225806451613,4860.566666666667,2669.967741935484
8090800,BRDE29,USGS GAGE,8090800.0,8090800,32.61575220344663,-97.92558921534798,"Brazos Rv nr Dennis, TX",2016,1416.225806451613,391.2758620689655,2802.3225806451615,8037.833333333333,4173.0,10338.633333333333,291.6774193548387,1076.9645161290323,989.7,390.06451612903226,768.1,203.67741935483872
8090800,BRDE29,USGS GAGE,8090800.0,8090800,32.61575220344663,-97.92558921534798,"Brazos Rv nr Dennis, TX",2017,217.39999999999998,1194.392857142857,257.258064516129,321.8333333333333,155.93548387096774,1664.1,258.4193548387097,154.74516129032259,114.22666666666667,139.72903225806454,92.38333333333334,75.51935483870967
8090800,BRDE29,USGS GAGE,8090800.0,8090800,32.61575220344663,-97.92558921534798,"Brazos Rv nr Dennis, TX",2018,66.42258064516129,226.73214285714286,217.2064516129032,101.26,96.40322580645162,206.43333333333334,150.16129032258064,151.23548387096776,676.4699999999999,12040.741935483871,3859.766666666667,2656.451612903226
8090800,BRDE29,USGS GAGE,8090800.0,8090800,32.61575220344663,-97.92558921534798,"Brazos Rv nr Dennis, TX",2019,2114.3225806451615,625.5,700.4193548387096,2770.4666666666667,13030.0,9162.0,824.2903225806451,231.80645161290323,180.43333333333334,208.06451612903226,148.19666666666666,79.63548387096773
8090800,BRDE29,USGS GAGE,8090800.0,8090800,32.61575220344663,-97.92558921534798,"Brazos Rv nr Dennis, TX",2020,224.08064516129033,396.0,6268.645161290323,1109.0333333333333,872.0645161290323,536.2333333333333,335.96774193548384,181.51612903225808,2066.8,176.00645161290322,82.98,82.42903225806452
8090800,BRDE29,USGS GAGE,8090800.0,8090800,32.61575220344663,-97.92558921534798,"Brazos Rv nr Dennis, TX",2021,119.00967741935484,81.98928571428571,95.47096774193548,507.8833333333333,4450.709677419355,10327.233333333334,2104.8709677419356,874.8064516129032,160.3,446.4516129032258,106.83999999999999,92.52258064516128
8090800,BRDE29,USGS GAGE,8090800.0,8090800,32.61575220344663,-97.92558921534798,"Brazos Rv nr Dennis, TX",2022,90.19999999999999,97.77857142857144,125.96451612903226,117.87666666666668,209.91935483870967,121.74,176.03225806451613,176.18064516129033,78.55,297.8935483870968,144.25666666666666,76.29032258064517
8090800,BRDE29,USGS GAGE,8090800.0,8090800,32.61575220344663,-97.92558921534798,"Brazos Rv nr Dennis, TX",2023,37.067741935483866,61.93571428571429,69.07096774193548,55.51,184.18709677419355,262.0366666666667,607.9354838709677,171.74193548387098,284.03333333333336,362.56129032258065,106.03666666666666,72.93870967741935
8090800,BRDE29,USGS GAGE,8090800.0,8090800,32.61575220344663,-97.92558921534798,"Brazos Rv nr Dennis, TX",2024,104.04193548387097,124.86551724137931,480.3258064516129,453.3333333333333,2653.967741935484,1659.1,217.61290322580646,167.48387096774192,336.8366666666667,71.34516129032258,1035.6666666666667,272.96774193548384
8091000,BRGR30,USGS GAGE,8091000.0,8091000,32.27158287284919,-97.66341308239278,"Brazos Rv nr Glen Rose, TX",2010,384.0290322580645,1448.2142857142858,1333.7096774193549,5816.996666666667,2654.0967741935483,97.68666666666667,2097.9290322580646,136.7225806451613,988.1866666666666,156.50322580645164,52.42666666666666,36.66129032258065
8091000,BRGR30,USGS GAGE,8091000.0,8091000,32.27158287284919,-97.66341308239278,"Brazos Rv nr Glen Rose, TX",2011,38.67741935483871,50.61785714285714,60.21612903225807,35.74666666666667,154.73870967741934,60.193333333333335,60.26774193548387,80.69354838709677,345.60999999999996,283.7838709677419,201.45666666666665,74.75483870967743
8091000,BRGR30,USGS GAGE,8091000.0,8091000,32.27158287284919,-97.66341308239278,"Brazos Rv nr Glen Rose, TX",2012,1709.1548387096775,832.8000000000001,2058.558064516129,343.97666666666663,42.5,37.06666666666667,28.541935483870965,31.312903225806455,19.84333333333333,22.37741935483871,24.683333333333334,27.31935483870968
8091000,BRGR30,USGS GAGE,8091000.0,8091000,32.27158287284919,-97.66341308239278,"Brazos Rv nr Glen Rose, TX",2013,42.86451612903225,28.885714285714283,30.383870967741935,33.62666666666667,27.648387096774194,18.816666666666666,26.080645161290324,17.248387096774195,24.336666666666666,23.461290322580645,25.326666666666664,37.13548387096775
8091000,BRGR30,USGS GAGE,8091000.0,8091000,32.27158287284919,-97.66341308239278,"Brazos Rv nr Glen Rose, TX",2014,26.712903225806453,23.053571428571427,19.774193548387096,18.43,29.63225806451613,227.42333333333332,17.061290322580643,9.493225806451614,8.855333333333332,11.420645161290324,18.543333333333333,19.083870967741937
8091000,BRGR30,USGS GAGE,8091000.0,8091000,32.27158287284919,-97.66341308239278,"Brazos Rv nr Glen Rose, TX",2015,21.225806451612904,19.589285714285715,23.009677419354837,121.26666666666667,8085.358064516129,7549.333333333333,2331.9612903225807,74.85161290322581,18.236666666666668,229.30967741935484,5911.866666666667,3012.1290322580644
8091000,BRGR30,USGS GAGE,8091000.0,8091000,32.27158287284919,-97.66341308239278,"Brazos Rv nr Glen Rose, TX",2016,1675.1612903225807,555.9068965517241,2960.6774193548385,8578.640000000001,4937.4838709677415,12885.766666666666,220.60000000000002,877.941935483871,708.3633333333333,430.90645161290325,719.6233333333333,93.58467741935483
8091000,BRGR30,USGS GAGE,8091000.0,8091000,32.27158287284919,-97.66341308239278,"Brazos Rv nr Glen Rose, TX",2017,172.06451612903226,1324.1392857142857,234.82580645161292,314.3193333333333,45.85838709677419,1739.9266666666667,195.02096774193546,139.96032258064517,13.883999999999999,21.154838709677417,23.644333333333336,20.324838709677422
8091000,BRGR30,USGS GAGE,8091000.0,8091000,32.27158287284919,-97.66341308239278,"Brazos Rv nr Glen Rose, TX",2018,25.4,468.41785714285714,409.4935483870967,49.776666666666664,36.05483870967742,13.965333333333335,11.919677419354839,17.443225806451615,580.4093333333333,13008.483870967742,4088.766666666667,2446.7096774193546
8091000,BRGR30,USGS GAGE,8091000.0,8091000,32.27158287284919,-97.66341308239278,"Brazos Rv nr Glen Rose, TX",2019,2542.967741935484,670.8214285714286,832.3354838709678,3165.2633333333333,13187.41935483871,8577.0,715.3967741935484,29.44516129032258,26.426666666666666,27.241935483870968,28.363333333333333,28.519354838709678
8091000,BRGR30,USGS GAGE,8091000.0,8091000,32.27158287284919,-97.66341308239278,"Brazos Rv nr Glen Rose, TX",2020,148.71612903225807,386.5551724137931,6883.148387096774,854.6,693.3967741935484,307.22666666666663,175.94193548387096,11.432258064516128,1675.1033333333332,53.248387096774195,28.733333333333334,31.806451612903224
8091000,BRGR30,USGS GAGE,8091000.0,8091000,32.27158287284919,-97.66341308239278,"Brazos Rv nr Glen Rose, TX",2021,78.99032258064516,116.43214285714285,76.21935483870968,410.62,6132.129032258064,11508.0,2669.8709677419356,833.6419354838711,34.79666666666667,369.30645161290323,30.643333333333334,26.700000000000003
8091000,BRGR30,USGS GAGE,8091000.0,8091000,32.27158287284919,-97.66341308239278,"Brazos Rv nr Glen Rose, TX",2022,22.95483870967742,23.521428571428572,87.50645161290322,60.46333333333334,78.31612903225808,10.806666666666667,11.116129032258065,28.925806451612903,32.46,160.03548387096777,110.68666666666667,36.016129032258064
8091000,BRGR30,USGS GAGE,8091000.0,8091000,32.27158287284919,-97.66341308239278,"Brazos Rv nr Glen Rose, TX",2023,20.538709677419355,70.35357142857143,51.751612903225805,24.683333333333334,67.49354838709678,23.25,242.5774193548387,8.934516129032259,155.68933333333334,1008.1967741935483,128.96666666666667,92.28064516129032
8091000,BRGR30,USGS GAGE,8091000.0,8091000,32.27158287284919,-97.66341308239278,"Brazos Rv nr Glen Rose, TX",2024,133.55161290322582,295.2413793103448,867.6612903225806,789.2633333333334,3943.2580645161293,1950.4633333333334,36.31612903225806,18.299999999999997,168.63666666666668,18.629032258064516,732.02,195.65806451612903
8091500,PAGR31,USGS GAGE,8091500.0,8091500,32.23134996598337,-97.77720687990474,"Paluxy Rv at Glen Rose, TX",2010,107.22258064516129,259.2142857142857,209.32258064516128,193.01333333333332,88.57741935483871,35.18666666666666,32.56774193548387,5.4880645161290325,102.636,15.456774193548387,12.873333333333333,14.603225806451613
8091500,PAGR31,USGS GAGE,8091500.0,8091500,32.23134996598337,-97.77720687990474,"Paluxy Rv at Glen Rose, TX",2011,15.27741935483871,13.353571428571428,11.903225806451612,10.435666666666666,12.605483870967742,0.642,0.0,1.0887096774193548,0.0,37.46225806451613,2.740333333333333,9.558709677419355
8091500,PAGR31,USGS GAGE,8091500.0,8091500,32.23134996598337,-97.77720687990474,"Paluxy Rv at Glen Rose, TX",2012,444.3103225806451,210.73103448275862,385.9258064516129,70.17333333333333,25.816129032258065,30.74233333333333,3.967741935483871,2.383225806451613,0.073,0.20451612903225805,0.2063333333333333,0.8374193548387097
8091500,PAGR31,USGS GAGE,8091500.0,8091500,32.23134996598337,-97.77720687990474,"Paluxy Rv at Glen Rose, TX",2013,10.007741935483871,8.494642857142857,8.943870967741935,9.932333333333334,4.397741935483872,0.6016666666666667,0.007419354838709678,0.0,13.877999999999998,0.8993548387096774,0.39966666666666667,4.824516129032258
8091500,PAGR31,USGS GAGE,8091500.0,8091500,32.23134996598337,-97.77720687990474,"Paluxy Rv at Glen Rose, TX",2014,4.184838709677419,4.633928571428571,5.3993548387096775,4.557333333333333,39.04,93.98933333333333,5.927096774193549,0.4312903225806452,0.08033333333333334,0.02870967741935484,0.341,0.36258064516129035
8091500,PAGR31,USGS GAGE,8091500.0,8091500,32.23134996598337,-97.77720687990474,"Paluxy Rv at Glen Rose, TX",2015,0.8416129032258064,0.44642857142857145,0.812258064516129,303.155,2314.28064516129,405.11333333333334,65.67096774193548,21.509677419354837,10.264666666666667,84.02935483870968,603.4133333333334,343.4258064516129
8091500,PAGR31,USGS GAGE,8091500.0,8091500,32.23134996598337,-97.77720687990474,"Paluxy Rv at Glen Rose, TX",2016,138.36774193548385,68.0551724137931,193.49354838709678,786.9666666666667,976.483870967742,1645.3333333333333,61.58709677419355,26.70967741935484,22.970000000000002,21.30322580645161,38.373333333333335,21.603225806451615
8091500,PAGR31,USGS GAGE,8091500.0,8091500,32.23134996598337,-97.77720687990474,"Paluxy Rv at Glen Rose, TX",2017,25.048387096774192,24.607142857142858,20.461290322580645,30.779999999999998,11.682258064516128,64.34933333333333,36.70322580645161,18.299677419354836,5.444333333333334,4.755806451612903,6.297666666666667,10.652258064516129
8091500,PAGR31,USGS GAGE,8091500.0,8091500,32.23134996598337,-97.77720687990474,"Paluxy Rv at Glen Rose, TX",2018,12.193548387096774,89.18571428571428,33.88387096774194,22.34333333333333,17.56709677419355,2.5616666666666665,0.2264516129032258,0.03258064516129032,24.214333333333336,816.1883870967742,148.59666666666666,111.29032258064517
8091500,PAGR31,USGS GAGE,8091500.0,8091500,32.23134996598337,-97.77720687990474,"Paluxy Rv at Glen Rose, TX",2019,123.84193548387097,68.41785714285714,79.85806451612903,388.7933333333333,1115.741935483871,436.9266666666666,63.84838709677419,22.54516129032258,13.811666666666667,11.019032258064515,15.026666666666667,16.261290322580646
8091500,PAGR31,USGS GAGE,8091500.0,8091500,32.23134996598337,-97.77720687990474,"Paluxy Rv at Glen Rose, TX",2020,21.593548387096774,22.941379310344825,148.08709677419355,50.733333333333334,35.29677419354839,17.85166666666667,6.734193548387096,0.5022580645161291,79.92366666666666,9.227741935483872,11.923333333333334,13.55483870967742
8091500,PAGR31,USGS GAGE,8091500.0,8091500,32.23134996598337,-97.77720687990474,"Paluxy Rv at Glen Rose, TX",2021,16.151612903225807,15.621428571428572,18.822580645161292,32.67333333333333,621.5419354838709,507.97666666666663,45.619354838709675,27.845161290322583,10.279666666666666,12.447096774193549,12.395666666666667,15.151612903225805
8091500,PAGR31,USGS GAGE,8091500.0,8091500,32.23134996598337,-97.77720687990474,"Paluxy Rv at Glen Rose, TX",2022,14.687096774193549,15.700000000000001,13.62258064516129,14.75,6.546451612903225,1.4213333333333333,0.0,0.40645161290322585,6.416333333333333,1.26,8.098666666666666,14.78032258064516
8091500,PAGR31,USGS GAGE,8091500.0,8091500,32.23134996598337,-97.77720687990474,"Paluxy Rv at Glen Rose, TX",2023,8.608064516129033,21.042857142857144,17.225806451612904,11.371666666666666,37.44548387096774,8.143333333333334,0.11451612903225808,0.0,0.0,355.4516129032258,67.99,35.04838709677419
8091500,PAGR31,USGS GAGE,8091500.0,8091500,32.23134996598337,-97.77720687990474,"Paluxy Rv at Glen Rose, TX",2024,49.75483870967742,91.63103448275862,207.50322580645164,148.88666666666668,587.7096774193549,335.55333333333334,59.403225806451616,15.436451612903227,20.58566666666667,8.47709677419355,11.535666666666666,15.390322580645162
8092000,NRBL32,USGS GAGE,8092000.0,8092000,32.15032337084656,-97.40244964620258,"Nolan Rv at Blum, TX",2010,334.1774193548387,357.57142857142856,258.741935483871,84.04333333333334,25.961290322580645,4.688,4.06741935483871,7.174193548387097,531.616,10.056129032258065,6.357,9.433870967741935
8092000,NRBL32,USGS GAGE,8092000.0,8092000,32.15032337084656,-97.40244964620258,"Nolan Rv at Blum, TX",2011,14.859354838709677,11.184285714285716,6.677741935483871,16.068333333333335,16.120967741935484,5.170333333333334,2.13741935483871,1.8016129032258066,2.7496666666666667,19.23677419354839,5.902333333333333,32.350967741935484
8092000,NRBL32,USGS GAGE,8092000.0,8092000,32.15032337084656,-97.40244964620258,"Nolan Rv at Blum, TX",2012,272.323870967742,168.21724137931034,419.98709677419356,39.90333333333333,28.05806451612903,20.233333333333334,5.143870967741936,5.134838709677419,11.546333333333333,2.8712903225806454,3.4776666666666665,3.6916129032258063
8092000,NRBL32,USGS GAGE,8092000.0,8092000,32.15032337084656,-97.40244964620258,"Nolan Rv at Blum, TX",2013,11.87741935483871,6.090714285714285,9.33258064516129,22.020333333333333,75.82000000000001,6.667333333333334,5.566129032258065,0.7419354838709677,10.961333333333334,16.280322580645162,8.919333333333332,24.201290322580647
8092000,NRBL32,USGS GAGE,8092000.0,8092000,32.15032337084656,-97.40244964620258,"Nolan Rv at Blum, TX",2014,6.985483870967743,5.774642857142857,6.137096774193548,7.938999999999999,48.30903225806451,122.342,5.153870967741936,3.7480645161290322,4.343999999999999,4.502903225806452,2.357666666666667,3.0629032258064517
8092000,NRBL32,USGS GAGE,8092000.0,8092000,32.15032337084656,-97.40244964620258,"Nolan Rv at Blum, TX",2015,12.709677419354838,11.525,60.25806451612903,376.0133333333333,2210.2,339.2133333333333,19.10290322580645,6.500645161290323,7.984,387.48387096774195,998.8633333333333,351.6741935483871
8092000,NRBL32,USGS GAGE,8092000.0,8092000,32.15032337084656,-97.40244964620258,"Nolan Rv at Blum, TX",2016,130.79032258064515,99.8103448275862,370.80967741935484,607.94,264.1258064516129,957.91,33.774193548387096,16.488709677419354,8.787,8.961290322580645,14.192333333333332,7.2054838709677425
8092000,NRBL32,USGS GAGE,8092000.0,8092000,32.15032337084656,-97.40244964620258,"Nolan Rv at Blum, TX",2017,86.9190322580645,31.960714285714285,20.15806451612903,68.24666666666667,14.980322580645161,62.162333333333336,87.86322580645162,10.05967741935484,7.637333333333333,9.34,8.442333333333332,12.71516129032258
8092000,NRBL32,USGS GAGE,8092000.0,8092000,32.15032337084656,-97.40244964620258,"Nolan Rv at Blum, TX",2018,7.066129032258065,131.10892857142858,120.72258064516129,46.14,55.01483870967742,5.215000000000001,7.224193548387096,25.805806451612902,290.67199999999997,1532.7774193548387,264.43666666666667,291.88709677419354
8092000,NRBL32,USGS GAGE,8092000.0,8092000,32.15032337084656,-97.40244964620258,"Nolan Rv at Blum, TX",2019,299.0967741935484,53.146428571428565,106.07741935483871,283.38,1087.593548387097,154.51666666666668,11.819354838709677,4.693225806451613,2.2756666666666665,9.487741935483871,5.802333333333333,8.490967741935485
8092000,NRBL32,USGS GAGE,8092000.0,8092000,32.15032337084656,-97.40244964620258,"Nolan Rv at Blum, TX",2020,24.63741935483871,92.21758620689656,350.2645161290323,85.22333333333333,71.46774193548387,28.820333333333334,6.052903225806452,1.4548387096774194,26.840666666666667,4.589677419354839,3.94,7.257096774193548
8092000,NRBL32,USGS GAGE,8092000.0,8092000,32.15032337084656,-97.40244964620258,"Nolan Rv at Blum, TX",2021,15.744516129032258,10.655714285714286,22.642903225806453,113.67133333333332,719.5806451612904,327.1433333333333,37.589999999999996,7.809354838709678,5.4030000000000005,8.734193548387097,6.364999999999999,5.785806451612903
8092000,NRBL32,USGS GAGE,8092000.0,8092000,32.15032337084656,-97.40244964620258,"Nolan Rv at Blum, TX",2022,4.888387096774193,8.469642857142857,10.725161290322582,13.895666666666667,5.779677419354838,0.8986666666666667,0.42580645161290326,73.8016129032258,27.267,10.530645161290321,40.01200000000001,25.654838709677417
8092000,NRBL32,USGS GAGE,8092000.0,8092000,32.15032337084656,-97.40244964620258,"Nolan Rv at Blum, TX",2023,15.66451612903226,54.596428571428575,30.822580645161292,15.676666666666668,58.806451612903224,13.126333333333333,1.304516129032258,1.122258064516129,3.192333333333333,262.4577419354839,20.247666666666664,227.99387096774194
8092000,NRBL32,USGS GAGE,8092000.0,8092000,32.15032337084656,-97.40244964620258,"Nolan Rv at Blum, TX",2024,117.29032258064517,228.5310344827586,152.78064516129032,376.9066666666667,970.1741935483872,220.88666666666668,29.44193548387097,7.301290322580646,10.924666666666667,6.863548387096775,7.513000000000001,13.233225806451614
8093100,BRAQ33,USGS GAGE,8093100.0,8093100,31.811753714276467,-97.29675029609923,"Brazos Rv nr Aquilla, TX",2010,631.6419354838711,4351.071428571428,2466.1290322580644,5698.0,3112.9032258064517,984.8,842.6451612903226,473.5,2796.266666666667,1417.4193548387098,1421.1133333333335,111.8225806451613
8093100,BRAQ33,USGS GAGE,8093100.0,8093100,31.811753714276467,-97.29675029609923,"Brazos Rv nr Aquilla, TX",2011,91.4258064516129,104.55714285714285,42.458064516129035,214.78,349.4709677419355,429.5566666666667,236.40322580645162,177.57096774193548,531.8666666666667,446.5483870967742,339.87333333333333,74.45483870967742
8093100,BRAQ33,USGS GAGE,8093100.0,8093100,31.811753714276467,-97.29675029609923,"Brazos Rv nr Aquilla, TX",2012,97.26129032258065,96.86206896551724,2429.451612903226,1234.3,144.83548387096772,317.81333333333333,430.3225806451613,886.1612903225806,1680.3333333333333,269.4258064516129,46.056666666666665,79.05483870967741
8093100,BRAQ33,USGS GAGE,8093100.0,8093100,31.811753714276467,-97.29675029609923,"Brazos Rv nr Aquilla, TX",2013,93.30000000000001,20.514285714285712,87.0516129032258,89.78666666666666,134.94193548387096,260.06666666666666,306.53225806451616,94.43870967741935,51.04666666666667,87.95806451612903,35.593333333333334,54.68064516129032
8093100,BRAQ33,USGS GAGE,8093100.0,8093100,31.811753714276467,-97.29675029609923,"Brazos Rv nr Aquilla, TX",2014,40.309677419354834,71.48214285714286,223.30967741935484,46.556666666666665,71.7290322580645,91.04666666666667,223.3709677419355,221.06129032258065,320.77666666666664,86.02903225806452,83.43333333333334,32.18709677419355
8093100,BRAQ33,USGS GAGE,8093100.0,8093100,31.811753714276467,-97.29675029609923,"Brazos Rv nr Aquilla, TX",2015,40.57741935483871,17.110714285714288,41.4741935483871,24.61,3384.3870967741937,17152.333333333332,5788.096774193548,467.16129032258067,373.97999999999996,228.59032258064516,4672.996666666667,9929.032258064517
8093100,BRAQ33,USGS GAGE,8093100.0,8093100,31.811753714276467,-97.29675029609923,"Brazos Rv nr Aquilla, TX",2016,3989.3161290322582,1611.7586206896551,4472.329032258065,4840.733333333334,11024.064516129032,16900.0,4436.535483870968,1162.0483870967741,847.6233333333333,393.96451612903223,762.6233333333333,556.3193548387097
8093100,BRAQ33,USGS GAGE,8093100.0,8093100,31.811753714276467,-97.29675029609923,"Brazos Rv nr Aquilla, TX",2017,564.8935483870968,825.9142857142857,1039.516129032258,792.4266666666666,192.26774193548388,1226.27,1076.5677419354838,322.55806451612904,33.696666666666665,166.36451612903227,31.666666666666668,35.8
8093100,BRAQ33,USGS GAGE,8093100.0,8093100,31.811753714276467,-97.29675029609923,"Brazos Rv nr Aquilla, TX",2018,35.10645161290322,150.3607142857143,574.5838709677419,81.22333333333333,130.83870967741936,159.73,583.4451612903225,543.1935483870968,37.29333333333333,11289.867741935484,11660.1,2792.451612903226
8093100,BRAQ33,USGS GAGE,8093100.0,8093100,31.811753714276467,-97.29675029609923,"Brazos Rv nr Aquilla, TX",2019,5620.741935483871,1333.5678571428573,2082.767741935484,2245.186666666667,14836.548387096775,14823.333333333334,1409.483870967742,843.5709677419355,113.32,65.01612903225806,125.6,46.958064516129035
8093100,BRAQ33,USGS GAGE,8093100.0,8093100,31.811753714276467,-97.29675029609923,"Brazos Rv nr Aquilla, TX",2020,57.23870967741936,297.8137931034483,5712.629032258064,2336.6666666666665,583.3774193548387,168.23666666666668,174.19354838709677,263.9612903225806,1339.7766666666669,707.2129032258064,179.97,62.541935483870965
8093100,BRAQ33,USGS GAGE,8093100.0,8093100,31.811753714276467,-97.29675029609923,"Brazos Rv nr Aquilla, TX",2021,73.35161290322581,464.36785714285713,65.47096774193548,55.95666666666667,7189.919354838709,13526.333333333334,3202.1000000000004,658.2935483870967,285.0566666666667,409.5387096774194,54.763333333333335,42.26451612903226
8093100,BRAQ33,USGS GAGE,8093100.0,8093100,31.811753714276467,-97.29675029609923,"Brazos Rv nr Aquilla, TX",2022,22.9,23.974999999999998,93.90322580645162,32.29333333333333,75.65806451612903,505.8433333333333,483.51612903225805,52.08709677419355,38.81666666666667,264.1161290322581,60.68,37.55483870967742
8093100,BRAQ33,USGS GAGE,8093100.0,8093100,31.811753714276467,-97.29675029609923,"Brazos Rv nr Aquilla, TX",2023,36.829032258064515,42.91428571428571,34.86129032258064,33.68,30.4,27.209999999999997,316.241935483871,213.72903225806454,244.23,65.33225806451613,64.44,73.20645161290322
8093100,BRAQ33,USGS GAGE,8093100.0,8093100,31.811753714276467,-97.29675029609923,"Brazos Rv nr Aquilla, TX",2024,285.5258064516129,1614.9310344827586,1630.3709677419354,1473.2666666666667,6106.5161290322585,6046.7,299.741935483871,87.88387096774194,79.90333333333334,263.8,124.15333333333334,201.4774193548387
8094800,NBHI35,USGS GAGE,8094800.0,8094800,31.97731813076533,-98.03454974984908,"N Bosque Rv at Hico, TX",2010,1.8288777636824936,2.4676238964687003,3.872881478796666,4.094821629213483,6.800683218557449,6.330433520599251,2.2967587894164554,1.1377818050018125,1.3428801498127343,1.4169028633562886,1.724942883895131,1.5789896701703516
8094800,NBHI35,USGS GAGE,8094800.0,8094800,31.97731813076533,-98.03454974984908,"N Bosque Rv at Hico, TX",2011,1.8288777636824936,2.4676238964687003,3.872881478796666,4.094821629213483,6.800683218557449,6.330433520599251,2.2967587894164554,1.1377818050018125,1.3428801498127343,1.4169028633562886,1.724942883895131,1.5789896701703516
8094800,NBHI35,USGS GAGE,8094800.0,8094800,31.97731813076533,-98.03454974984908,"N Bosque Rv at Hico, TX",2012,1.8288777636824936,2.465937136768694,3.9053397970279087,4.18380383895131,6.72798477709315,6.349478464419476,2.1982575208408845,1.130409568684306,1.3568464419475654,1.4107593330916999,1.727376404494382,1.5944508880028996
8094800,NBHI35,USGS GAGE,8094800.0,8094800,31.97731813076533,-98.03454974984908,"N Bosque Rv at Hico, TX",2013,1.8288777636824936,2.4676238964687003,3.872881478796666,4.094821629213483,6.800683218557449,6.330433520599251,2.2967587894164554,1.1377818050018125,1.3428801498127343,1.4169028633562886,1.724942883895131,1.5789896701703516
8094800,NBHI35,USGS GAGE,8094800.0,8094800,31.97731813076533,-98.03454974984908,"N Bosque Rv at Hico, TX",2014,1.8288777636824936,2.4676238964687003,3.872881478796666,3.479758895131086,9.775806451612903,2.6270000000000002,0.6812903225806451,0.08516129032258064,0.036333333333333336,3.1916129032258063,4.590999999999999,0.41516129032258065
8094800,NBHI35,USGS GAGE,8094800.0,8094800,31.97731813076533,-98.03454974984908,"N Bosque Rv at Hico, TX",2015,2.805483870967742,0.30142857142857143,3.5458064516129033,94.83166666666666,1416.4903225806452,202.75333333333336,37.130322580645164,4.283548387096774,2.837,70.7158064516129,363.35999999999996,129.50967741935486
8094800,NBHI35,USGS GAGE,8094800.0,8094800,31.97731813076533,-98.03454974984908,"N Bosque Rv at Hico, TX",2016,50.90967741935484,38.50689655172414,93.74516129032257,478.3666666666667,930.1225806451613,1019.09,29.04516129032258,10.231935483870968,7.031666666666666,3.7790322580645164,11.578666666666667,5.700322580645161
8094800,NBHI35,USGS GAGE,8094800.0,8094800,31.97731813076533,-98.03454974984908,"N Bosque Rv at Hico, TX",2017,9.369032258064516,10.020357142857142,8.326774193548387,23.444,9.386774193548387,223.4226666666667,44.40967741935484,13.736451612903226,2.0166666666666666,2.1429032258064518,12.879666666666667,8.485806451612904
8094800,NBHI35,USGS GAGE,8094800.0,8094800,31.97731813076533,-98.03454974984908,"N Bosque Rv at Hico, TX",2018,4.084193548387097,63.01,15.310967741935483,8.291333333333334,10.229354838709678,1.627,0.03032258064516129,0.30516129032258066,21.832333333333334,629.771935483871,103.72333333333333,106.83225806451614
8094800,NBHI35,USGS GAGE,8094800.0,8094800,31.97731813076533,-98.03454974984908,"N Bosque Rv at Hico, TX",2019,91.70322580645161,46.878571428571426,59.061290322580646,421.72333333333336,1104.6451612903227,203.30333333333334,20.387096774193548,11.773548387096774,6.123666666666667,5.6738709677419354,5.553,4.421290322580645
8094800,NBHI35,USGS GAGE,8094800.0,8094800,31.97731813076533,-98.03454974984908,"N Bosque Rv at Hico, TX",2020,6.434516129032258,9.403103448275862,177.92903225806452,36.056666666666665,20.135483870967743,11.434666666666667,5.479354838709677,0.5277419354838709,224.325,4.682903225806451,4.021,5.250322580645161
8094800,NBHI35,USGS GAGE,8094800.0,8094800,31.97731813076533,-98.03454974984908,"N Bosque Rv at Hico, TX",2021,8.71032258064516,5.736785714285714,12.573870967741936,29.220333333333333,342.5225806451613,531.3233333333334,47.00645161290323,14.051935483870968,5.321,11.305483870967743,5.808333333333334,4.815806451612903
8094800,NBHI35,USGS GAGE,8094800.0,8094800,31.97731813076533,-98.03454974984908,"N Bosque Rv at Hico, TX",2022,4.945806451612903,7.659285714285715,5.014193548387096,6.341666666666667,2.0919354838709676,0.18233333333333332,0.0,0.0,0.0036666666666666666,0.20419354838709677,3.648,7.0848387096774195
8094800,NBHI35,USGS GAGE,8094800.0,8094800,31.97731813076533,-98.03454974984908,"N Bosque Rv at Hico, TX",2023,1.5812903225806452,5.389642857142857,6.4638709677419355,6.951,9.033548387096776,2.429666666666667,0.0,0.0,6.977,209.32612903225808,15.025,6.492258064516129
8094800,NBHI35,USGS GAGE,8094800.0,8094800,31.97731813076533,-98.03454974984908,"N Bosque Rv at Hico, TX",2024,16.637096774193548,56.6,138.5451612903226,35.63,279.34838709677416,220.48333333333332,11.138387096774194,4.52258064516129,16.660333333333334,7.381290322580645,6.242333333333334,5.046451612903225
8095000,NBCL36,USGS GAGE,8095000.0,8095000,31.785937671338043,-97.56741374970905,"N Bosque Rv nr Clifton, TX",2010,1143.7903225806451,1114.607142857143,743.1935483870968,356.3666666666667,112.41290322580646,49.57333333333334,86.38387096774194,18.93516129032258,412.39666666666665,22.793548387096774,20.423333333333336,22.73225806451613
8095000,NBCL36,USGS GAGE,8095000.0,8095000,31.785937671338043,-97.56741374970905,"N Bosque Rv nr Clifton, TX",2011,32.43225806451613,24.071428571428573,16.329032258064515,12.139999999999999,13.90967741935484,5.029,0.9609677419354838,0.04548387096774194,1.1403333333333334,134.55741935483871,4.529333333333333,10.90258064516129
8095000,NBCL36,USGS GAGE,8095000.0,8095000,31.785937671338043,-97.56741374970905,"N Bosque Rv nr Clifton, TX",2012,705.17,425.8206896551724,895.2290322580644,98.78333333333333,96.54193548387096,32.98533333333334,2.067096774193548,0.08,0.12200000000000001,0.6245161290322581,0.6463333333333333,0.39387096774193553
8095000,NBCL36,USGS GAGE,8095000.0,8095000,31.785937671338043,-97.56741374970905,"N Bosque Rv nr Clifton, TX",2013,16.25709677419355,7.243571428571428,4.22516129032258,8.324,2.7264516129032255,3.369333333333333,3.4454838709677422,1.2287096774193547,10.787666666666667,19.944193548387098,2.691333333333333,17.531290322580645
8095000,NBCL36,USGS GAGE,8095000.0,8095000,31.785937671338043,-97.56741374970905,"N Bosque Rv nr Clifton, TX",2014,8.037741935483872,5.979642857142857,4.073225806451613,2.783666666666667,49.45548387096774,102.49600000000001,6.347096774193548,0.7319354838709677,0.20733333333333331,1.0525806451612905,1.6273333333333333,3.0016129032258063
8095000,NBCL36,USGS GAGE,8095000.0,8095000,31.785937671338043,-97.56741374970905,"N Bosque Rv nr Clifton, TX",2015,15.14,17.433214285714286,55.400000000000006,147.39,3406.6645161290326,832.8333333333334,132.1516129032258,15.282903225806452,7.360666666666666,819.1580645161291,1629.6666666666667,909.3870967741935
8095000,NBCL36,USGS GAGE,8095000.0,8095000,31.785937671338043,-97.56741374970905,"N Bosque Rv nr Clifton, TX",2016,417.06451612903226,286.7241379310345,1154.8709677419354,2216.2,1978.8709677419354,2572.6,126.5,269.3645161290322,61.04333333333333,30.406451612903226,205.08666666666667,70.47096774193548
8095000,NBCL36,USGS GAGE,8095000.0,8095000,31.785937671338043,-97.56741374970905,"N Bosque Rv nr Clifton, TX",2017,137.0193548387097,240.2642857142857,120.25483870967743,468.73333333333335,65.32903225806452,478.7066666666667,111.42903225806452,45.47096774193548,11.352,12.177741935483871,13.275333333333332,18.126774193548385
8095000,NBCL36,USGS GAGE,8095000.0,8095000,31.785937671338043,-97.56741374970905,"N Bosque Rv nr Clifton, TX",2018,13.929032258064517,243.9492857142857,118.45806451612903,56.05,98.00322580645161,6.219333333333334,0.7706451612903226,1.7061290322580644,165.08766666666668,3530.6935483870966,693.5666666666667,728.1612903225806
8095000,NBCL36,USGS GAGE,8095000.0,8095000,31.785937671338043,-97.56741374970905,"N Bosque Rv nr Clifton, TX",2019,801.8064516129032,263.5,294.35483870967744,884.9666666666667,2777.548387096774,453.1,83.79032258064517,29.506451612903227,14.274333333333335,16.78774193548387,18.587333333333333,17.690322580645162
8095000,NBCL36,USGS GAGE,8095000.0,8095000,31.785937671338043,-97.56741374970905,"N Bosque Rv nr Clifton, TX",2020,23.232258064516127,95.96896551724137,581.983870967742,127.22333333333333,85.68709677419355,26.96333333333333,58.62483870967743,6.638709677419354,378.38666666666666,20.299999999999997,29.285,25.603225806451615
8095000,NBCL36,USGS GAGE,8095000.0,8095000,31.785937671338043,-97.56741374970905,"N Bosque Rv nr Clifton, TX",2021,32.674193548387095,19.521428571428572,78.89032258064516,85.52,671.2258064516129,1220.3,136.18709677419355,67.9,15.563333333333333,22.212903225806453,13.564333333333334,13.586451612903225
8095000,NBCL36,USGS GAGE,8095000.0,8095000,31.785937671338043,-97.56741374970905,"N Bosque Rv nr Clifton, TX",2022,11.402903225806451,15.428571428571429,11.01290322580645,8.001333333333333,4.625806451612903,0.6343333333333334,0.12516129032258064,0.42903225806451617,0.251,0.8296774193548387,3.939,5.991612903225807
8095000,NBCL36,USGS GAGE,8095000.0,8095000,31.785937671338043,-97.56741374970905,"N Bosque Rv nr Clifton, TX",2023,1.6,8.94,5.468387096774194,18.12933333333333,34.6441935483871,2.8333333333333335,0.14483870967741935,0.17451612903225808,10.028333333333334,2026.2003225806452,127.80666666666666,124.41290322580646
8095000,NBCL36,USGS GAGE,8095000.0,8095000,31.785937671338043,-97.56741374970905,"N Bosque Rv nr Clifton, TX",2024,184.70967741935485,569.7931034482758,439.2258064516129,344.7366666666667,3088.0,741.8,93.24838709677418,27.851612903225806,51.50666666666667,14.25258064516129,17.866666666666667,21.845161290322583
8095200,NBVM37,USGS GAGE,8095200.0,8095200,31.66978461768131,-97.4691583666502,"N Bosque Rv at Valley Mills, TX",2010,1592.967741935484,1778.892857142857,944.9354838709677,455.6666666666667,161.52903225806452,83.76333333333334,136.24193548387098,40.78709677419355,617.7900000000001,43.73225806451613,30.013333333333332,40.99354838709677
8095200,NBVM37,USGS GAGE,8095200.0,8095200,31.66978461768131,-97.4691583666502,"N Bosque Rv at Valley Mills, TX",2011,53.196774193548386,37.82857142857143,28.419354838709676,25.139999999999997,16.97290322580645,5.337000000000001,1.8535483870967742,0.6054838709677419,1.142,197.10193548387096,10.316,20.628387096774194
8095200,NBVM37,USGS GAGE,8095200.0,8095200,31.66978461768131,-97.4691583666502,"N Bosque Rv at Valley Mills, TX",2012,770.5958064516129,474.62068965517244,1074.4645161290323,127.92,108.51290322580645,36.003,6.5680645161290325,2.7164516129032257,2.452,2.9358064516129034,4.312333333333333,3.240645161290322
8095200,NBVM37,USGS GAGE,8095200.0,8095200,31.66978461768131,-97.4691583666502,"N Bosque Rv at Valley Mills, TX",2013,26.328709677419358,6.991785714285714,7.59516129032258,59.202666666666666,5.809354838709678,3.0193333333333334,4.73483870967742,0.1938709677419355,39.22,79.81129032258065,9.221666666666666,56.039032258064516
8095200,NBVM37,USGS GAGE,8095200.0,8095200,31.66978461768131,-97.4691583666502,"N Bosque Rv at Valley Mills, TX",2014,14.40967741935484,10.5975,10.452903225806452,7.251666666666667,71.9941935483871,141.1726666666667,11.60193548387097,2.424516129032258,1.5866666666666667,2.984516129032258,3.978333333333333,3.9793548387096775
8095200,NBVM37,USGS GAGE,8095200.0,8095200,31.66978461768131,-97.4691583666502,"N Bosque Rv at Valley Mills, TX",2015,14.194516129032259,8.220357142857143,44.785806451612906,227.51666666666668,3949.4645161290323,1283.3666666666666,189.1258064516129,25.029032258064515,18.18,1038.6387096774192,1799.5,1226.4516129032259
8095200,NBVM37,USGS GAGE,8095200.0,8095200,31.66978461768131,-97.4691583666502,"N Bosque Rv at Valley Mills, TX",2016,485.6774193548387,306.2068965517241,1390.6774193548388,2767.3333333333335,2229.548387096774,2824.4666666666667,136.61612903225807,389.06129032258065,94.59333333333333,57.75483870967742,246.74333333333334,93.09677419354838
8095200,NBVM37,USGS GAGE,8095200.0,8095200,31.66978461768131,-97.4691583666502,"N Bosque Rv at Valley Mills, TX",2017,187.72903225806454,284.0214285714286,138.48387096774192,531.0666666666667,88.31290322580645,481.34666666666664,101.33225806451614,50.36129032258064,20.103333333333335,18.87741935483871,18.240000000000002,20.52258064516129
8095200,NBVM37,USGS GAGE,8095200.0,8095200,31.66978461768131,-97.4691583666502,"N Bosque Rv at Valley Mills, TX",2018,17.61935483870968,268.0964285714286,130.81935483870967,64.07666666666667,110.48064516129033,8.017999999999999,3.096774193548387,5.059354838709678,193.0256666666667,3735.170967741936,833.2666666666667,905.8709677419355
8095200,NBVM37,USGS GAGE,8095200.0,8095200,31.66978461768131,-97.4691583666502,"N Bosque Rv at Valley Mills, TX",2019,1015.3548387096774,328.32142857142856,321.2903225806452,875.6,2963.2258064516127,469.73333333333335,135.40967741935484,55.33870967741935,28.48,27.612903225806452,24.759999999999998,22.929032258064513
8095200,NBVM37,USGS GAGE,8095200.0,8095200,31.66978461768131,-97.4691583666502,"N Bosque Rv at Valley Mills, TX",2020,29.39032258064516,164.56896551724137,665.6612903225806,203.83333333333334,117.81612903225808,44.10333333333333,77.44193548387096,16.25161290322581,362.02666666666664,27.748387096774195,24.866666666666667,28.112903225806452
8095200,NBVM37,USGS GAGE,8095200.0,8095200,31.66978461768131,-97.4691583666502,"N Bosque Rv at Valley Mills, TX",2021,47.83870967741935,32.44285714285714,77.59677419354838,88.77333333333333,637.0967741935484,1273.4,192.08064516129033,92.5,30.103333333333335,24.654838709677417,19.34333333333333,18.070967741935487
8095200,NBVM37,USGS GAGE,8095200.0,8095200,31.66978461768131,-97.4691583666502,"N Bosque Rv at Valley Mills, TX",2022,19.248387096774195,23.42142857142857,16.60967741935484,10.809,5.022903225806452,2.203333333333333,1.0038709677419355,0.5980645161290322,0.6946666666666667,0.9664516129032258,4.747,13.332258064516129
8095200,NBVM37,USGS GAGE,8095200.0,8095200,31.66978461768131,-97.4691583666502,"N Bosque Rv at Valley Mills, TX",2023,9.606451612903227,8.852142857142857,6.715483870967742,7.271333333333333,24.4,5.007333333333333,0.17161290322580647,0.07612903225806453,4.187666666666667,1857.6435483870966,153.90666666666667,123.30645161290323
8095200,NBVM37,USGS GAGE,8095200.0,8095200,31.66978461768131,-97.4691583666502,"N Bosque Rv at Valley Mills, TX",2024,105.92258064516129,492.67586206896556,421.45806451612907,401.9,3952.967741935484,908.8333333333334,125.65806451612903,63.91290322580645,75.71000000000001,28.612903225806452,29.18,32.49032258064516
8095300,MBMG38,USGS GAGE,8095300.0,8095300,31.50916793041617,-97.36543796363098,"Middle Bosque Rv nr McGregor, TX",2010,360.0516129032258,412.35714285714283,293.35483870967744,107.25,33.33548387096774,6.4670000000000005,5.652903225806452,0.16129032258064516,327.12833333333333,15.07741935483871,6.176,4.897096774193549
8095300,MBMG38,USGS GAGE,8095300.0,8095300,31.50916793041617,-97.36543796363098,"Middle Bosque Rv nr McGregor, TX",2011,31.263870967741937,37.949999999999996,20.05806451612903,6.009,0.40580645161290324,0.0,0.0,0.0,0.0,0.24806451612903227,0.018000000000000002,8.491290322580646
8095300,MBMG38,USGS GAGE,8095300.0,8095300,31.50916793041617,-97.36543796363098,"Middle Bosque Rv nr McGregor, TX",2012,57.979032258064514,108.7103448275862,345.7483870967742,66.86999999999999,14.108387096774194,3.1896666666666667,0.38161290322580643,0.05741935483870967,0.09333333333333332,0.02806451612903226,0.17733333333333334,0.10032258064516128
8095300,MBMG38,USGS GAGE,8095300.0,8095300,31.50916793041617,-97.36543796363098,"Middle Bosque Rv nr McGregor, TX",2013,7.018064516129033,4.741785714285714,5.191612903225806,4.138333333333334,2.5090322580645164,0.48366666666666663,0.13,0.0,5.186333333333334,214.80967741935484,90.21333333333334,84.33870967741936
8095300,MBMG38,USGS GAGE,8095300.0,8095300,31.50916793041617,-97.36543796363098,"Middle Bosque Rv nr McGregor, TX",2014,40.877419354838715,19.50714285714286,10.469032258064518,6.243333333333334,21.613225806451613,242.87,24.716129032258067,1.5225806451612904,0.3623333333333333,42.39354838709678,31.23866666666667,18.038709677419355
8095300,MBMG38,USGS GAGE,8095300.0,8095300,31.50916793041617,-97.36543796363098,"Middle Bosque Rv nr McGregor, TX",2015,44.932258064516134,37.6,107.71290322580644,108.61333333333333,539.5,143.37666666666667,20.693548387096776,1.0093548387096773,0.13466666666666666,161.1732258064516,342.7066666666667,271.93548387096774
8095300,MBMG38,USGS GAGE,8095300.0,8095300,31.50916793041617,-97.36543796363098,"Middle Bosque Rv nr McGregor, TX",2016,117.3258064516129,65.6448275862069,215.49354838709678,325.1566666666667,227.19354838709677,262.49333333333334,27.220322580645163,66.03709677419356,31.243666666666666,14.62741935483871,247.68066666666667,133.16129032258064
8095300,MBMG38,USGS GAGE,8095300.0,8095300,31.50916793041617,-97.36543796363098,"Middle Bosque Rv nr McGregor, TX",2017,231.59354838709677,224.56785714285712,92.1774193548387,78.22,17.40838709677419,21.680999999999997,2.7451612903225806,0.7148387096774194,0.098,0.05354838709677419,0.05466666666666666,0.5958064516129032
8095300,MBMG38,USGS GAGE,8095300.0,8095300,31.50916793041617,-97.36543796363098,"Middle Bosque Rv nr McGregor, TX",2018,0.3570967741935484,7.837142857142857,11.906774193548388,12.868666666666666,21.443870967741937,0.159,0.0,0.0,0.0,755.6096774193549,248.76666666666668,334.8838709677419
8095300,MBMG38,USGS GAGE,8095300.0,8095300,31.50916793041617,-97.36543796363098,"Middle Bosque Rv nr McGregor, TX",2019,421.16129032258067,79.12142857142858,50.89354838709678,47.233333333333334,219.9774193548387,100.02666666666667,54.19451612903226,4.069354838709677,0.26033333333333336,0.19161290322580646,0.321,0.21
8095300,MBMG38,USGS GAGE,8095300.0,8095300,31.50916793041617,-97.36543796363098,"Middle Bosque Rv nr McGregor, TX",2020,0.022903225806451613,157.61758620689653,384.3645161290322,312.0733333333334,61.02903225806452,15.829,20.034516129032255,0.3719354838709677,21.052333333333333,3.495483870967742,2.271666666666667,3.2035483870967743
8095300,MBMG38,USGS GAGE,8095300.0,8095300,31.50916793041617,-97.36543796363098,"Middle Bosque Rv nr McGregor, TX",2021,17.20967741935484,11.334285714285715,8.186774193548386,5.933333333333334,94.31225806451613,138.24666666666664,103.31935483870969,55.182580645161295,7.219666666666667,4.316129032258065,3.1713333333333336,2.101290322580645
8095300,MBMG38,USGS GAGE,8095300.0,8095300,31.50916793041617,-97.36543796363098,"Middle Bosque Rv nr McGregor, TX",2022,1.0774193548387097,1.8242857142857143,1.0819354838709676,1.0193333333333334,15.429677419354839,0.17466666666666666,0.0,0.016451612903225808,0.0,0.0,1.9336666666666666,0.9106451612903226
8095300,MBMG38,USGS GAGE,8095300.0,8095300,31.50916793041617,-97.36543796363098,"Middle Bosque Rv nr McGregor, TX",2023,0.6729032258064516,7.479285714285714,13.413548387096775,21.553,159.71935483870968,19.594,0.636774193548387,0.05741935483870968,0.035,14.024838709677418,5.392333333333334,34.05193548387096
8095300,MBMG38,USGS GAGE,8095300.0,8095300,31.50916793041617,-97.36543796363098,"Middle Bosque Rv nr McGregor, TX",2024,123.4,142.59310344827585,57.54516129032258,128.41333333333333,1552.8387096774193,240.2,32.94838709677419,6.258387096774193,0.6166666666666667,0.1903225806451613,0.13333333333333333,0.19096774193548388
8095400,HGCR39,USGS GAGE,8095400.0,8095400,31.55557221142961,-97.35629581274368,"Hog Ck nr Crawford, TX",2010,137.71935483870968,179.3642857142857,104.87096774193549,45.96333333333334,18.955483870967743,2.7816666666666667,1.2816129032258063,0.16064516129032255,194.20833333333334,7.849354838709678,3.529333333333333,2.0712903225806456
8095400,HGCR39,USGS GAGE,8095400.0,8095400,31.55557221142961,-97.35629581274368,"Hog Ck nr Crawford, TX",2011,10.579354838709676,10.051428571428572,5.1493548387096775,1.3743333333333332,0.008387096774193548,0.0,0.0,0.0,0.0,0.12064516129032259,0.06866666666666667,0.8970967741935484
8095400,HGCR39,USGS GAGE,8095400.0,8095400,31.55557221142961,-97.35629581274368,"Hog Ck nr Crawford, TX",2012,13.842258064516129,16.920344827586206,105.5741935483871,20.782,2.3196774193548384,0.6153333333333334,0.07806451612903226,0.0070967741935483875,0.02333333333333333,0.00967741935483871,0.0036666666666666666,0.045806451612903226
8095400,HGCR39,USGS GAGE,8095400.0,8095400,31.55557221142961,-97.35629581274368,"Hog Ck nr Crawford, TX",2013,0.3109677419354839,0.5528571428571428,0.8667741935483871,0.5143333333333333,0.3116129032258065,0.027000000000000003,0.01,0.0,0.0026666666666666666,37.84935483870967,11.842666666666668,29.5
8095400,HGCR39,USGS GAGE,8095400.0,8095400,31.55557221142961,-97.35629581274368,"Hog Ck nr Crawford, TX",2014,11.082258064516129,6.805714285714286,8.220645161290323,2.759333333333333,3.4574193548387093,18.703666666666667,0.7109677419354838,0.02967741935483871,0.006,0.678709677419355,0.26566666666666666,0.47677419354838707
8095400,HGCR39,USGS GAGE,8095400.0,8095400,31.55557221142961,-97.35629581274368,"Hog Ck nr Crawford, TX",2015,4.8425806451612905,6.619642857142857,28.541935483870965,42.321,265.1548387096774,102.902,15.644193548387095,0.15548387096774194,0.06566666666666666,121.00483870967743,128.94666666666666,121.29032258064517
8095400,HGCR39,USGS GAGE,8095400.0,8095400,31.55557221142961,-97.35629581274368,"Hog Ck nr Crawford, TX",2016,40.47096774193548,24.29655172413793,117.2258064516129,226.57999999999998,68.46129032258065,100.75033333333333,2.1719354838709677,25.11064516129032,9.632333333333332,3.943548387096774,44.83566666666666,26.638709677419353
8095400,HGCR39,USGS GAGE,8095400.0,8095400,31.55557221142961,-97.35629581274368,"Hog Ck nr Crawford, TX",2017,64.48709677419355,62.721428571428575,31.893548387096775,54.77333333333333,9.05225806451613,11.128333333333334,2.63741935483871,0.9158064516129032,0.447,0.07677419354838709,0.17333333333333334,0.1732258064516129
8095400,HGCR39,USGS GAGE,8095400.0,8095400,31.55557221142961,-97.35629581274368,"Hog Ck nr Crawford, TX",2018,0.12612903225806452,0.13857142857142857,0.9393548387096774,2.0726666666666667,10.265483870967742,0.35733333333333334,0.020967741935483872,0.0006451612903225806,11.367666666666668,344.3645161290322,84.61999999999999,118.61935483870967
8095400,HGCR39,USGS GAGE,8095400.0,8095400,31.55557221142961,-97.35629581274368,"Hog Ck nr Crawford, TX",2019,140.9322580645161,24.49285714285714,31.76774193548387,33.17666666666666,55.965483870967745,22.284,7.880322580645161,0.5619354838709678,0.286,0.3345161290322581,0.5476666666666666,0.5054838709677419
8095400,HGCR39,USGS GAGE,8095400.0,8095400,31.55557221142961,-97.35629581274368,"Hog Ck nr Crawford, TX",2020,0.2632258064516129,66.81896551724138,211.1516129032258,88.0,32.987096774193546,5.638000000000001,7.521935483870968,0.09032258064516129,27.666333333333334,1.0374193548387096,0.7829999999999999,3.3067741935483874
8095400,HGCR39,USGS GAGE,8095400.0,8095400,31.55557221142961,-97.35629581274368,"Hog Ck nr Crawford, TX",2021,7.8745161290322585,6.014285714285714,4.854516129032258,2.925,4.58,26.803,15.993548387096775,3.163870967741935,0.6533333333333334,0.36548387096774193,0.356,0.25516129032258067
8095400,HGCR39,USGS GAGE,8095400.0,8095400,31.55557221142961,-97.35629581274368,"Hog Ck nr Crawford, TX",2022,0.18129032258064517,0.18785714285714286,0.15451612903225806,0.06633333333333333,0.1761290322580645,0.04633333333333334,0.00903225806451613,0.0029032258064516127,0.002,0.0,0.205,0.2745161290322581
8095400,HGCR39,USGS GAGE,8095400.0,8095400,31.55557221142961,-97.35629581274368,"Hog Ck nr Crawford, TX",2023,0.2993548387096774,0.46642857142857147,0.5503225806451613,0.7286666666666667,14.85741935483871,2.0203333333333333,0.16741935483870968,0.03903225806451613,0.029999999999999995,0.11483870967741935,0.7823333333333333,10.951290322580645
8095400,HGCR39,USGS GAGE,8095400.0,8095400,31.55557221142961,-97.35629581274368,"Hog Ck nr Crawford, TX",2024,41.910000000000004,48.08620689655172,25.848387096774193,52.57233333333333,701.6516129032258,172.36333333333332,7.285483870967742,1.0216129032258066,0.2763333333333333,0.04225806451612903,0.11866666666666667,0.18903225806451615
8096500,BRWA41,USGS GAGE,8096500.0,8096500,31.53561569738146,-97.07344549595166,"Brazos Rv at Waco, TX",2010,1907.1612903225807,8452.857142857143,4511.935483870968,5663.333333333333,3611.935483870968,1738.8666666666666,1129.2903225806451,563.0,5480.133333333333,1504.1935483870968,1432.7333333333333,199.32258064516128
8096500,BRWA41,USGS GAGE,8096500.0,8096500,31.53561569738146,-97.07344549595166,"Brazos Rv at Waco, TX",2011,251.59032258064516,406.0,211.0,289.3666666666667,350.48387096774195,336.6666666666667,183.54516129032257,141.03225806451613,449.7,489.51290322580644,349.85,300.14516129032256
8096500,BRWA41,USGS GAGE,8096500.0,8096500,31.53561569738146,-97.07344549595166,"Brazos Rv at Waco, TX",2012,599.1548387096774,1459.2413793103449,5907.677419354839,2253.9333333333334,221.82258064516128,298.4066666666667,367.93548387096774,554.0645161290323,1027.7,196.7516129032258,56.57666666666667,102.47096774193548
8096500,BRWA41,USGS GAGE,8096500.0,8096500,31.53561569738146,-97.07344549595166,"Brazos Rv at Waco, TX",2013,401.19354838709677,75.80357142857143,172.10645161290324,94.74666666666667,159.09677419354838,175.07333333333332,283.7161290322581,68.60645161290323,134.41400000000002,639.1374193548388,173.6,158.57096774193548
8096500,BRWA41,USGS GAGE,8096500.0,8096500,31.53561569738146,-97.07344549595166,"Brazos Rv at Waco, TX",2014,106.31290322580645,103.05,250.55806451612904,85.95,322.9935483870967,611.4733333333334,223.8774193548387,168.88387096774193,310.44,108.10645161290323,81.06333333333333,42.141935483870974
8096500,BRWA41,USGS GAGE,8096500.0,8096500,31.53561569738146,-97.07344549595166,"Brazos Rv at Waco, TX",2015,120.30967741935484,52.11785714285714,326.0387096774194,642.1333333333333,7919.290322580645,21682.333333333332,6700.580645161291,533.5612903225807,381.43666666666667,3616.058064516129,7950.866666666667,14348.064516129032
8096500,BRWA41,USGS GAGE,8096500.0,8096500,31.53561569738146,-97.07344549595166,"Brazos Rv at Waco, TX",2016,5738.1612903225805,2211.310344827586,7259.774193548387,6275.733333333334,14802.90322580645,21571.666666666668,6851.032258064516,2137.3870967741937,1268.4666666666667,515.741935483871,1439.5,1008.8064516129032
8096500,BRWA41,USGS GAGE,8096500.0,8096500,31.53561569738146,-97.07344549595166,"Brazos Rv at Waco, TX",2017,1410.3225806451612,1753.857142857143,1724.032258064516,3809.0333333333333,329.0967741935484,2030.9666666666667,1534.6129032258063,418.20000000000005,74.58333333333333,252.7935483870968,85.52333333333333,90.34193548387097
8096500,BRWA41,USGS GAGE,8096500.0,8096500,31.53561569738146,-97.07344549595166,"Brazos Rv at Waco, TX",2018,71.85161290322581,309.0785714285715,869.1419354838711,170.98999999999998,380.59354838709675,142.97,539.8258064516128,591.9387096774193,118.10333333333332,15323.254838709678,17136.333333333332,4674.8387096774195
8096500,BRWA41,USGS GAGE,8096500.0,8096500,31.53561569738146,-97.07344549595166,"Brazos Rv at Waco, TX",2019,9879.354838709678,1934.0,2511.451612903226,3562.733333333333,18109.354838709678,18132.333333333332,1962.741935483871,1214.6451612903227,227.06666666666666,190.06451612903226,191.46666666666667,120.48387096774194
8096500,BRWA41,USGS GAGE,8096500.0,8096500,31.53561569738146,-97.07344549595166,"Brazos Rv at Waco, TX",2020,140.90322580645162,1141.448275862069,8647.129032258064,3952.866666666667,1659.0645161290322,488.1666666666667,658.0,373.1774193548387,1785.7333333333333,726.3870967741935,221.36666666666667,195.82258064516128
8096500,BRWA41,USGS GAGE,8096500.0,8096500,31.53561569738146,-97.07344549595166,"Brazos Rv at Waco, TX",2021,313.16129032258067,534.9285714285714,183.06451612903226,176.36666666666667,7617.322580645161,16637.666666666668,4412.645161290323,1020.1612903225806,375.0,532.9677419354839,118.75666666666666,97.30000000000001
8096500,BRWA41,USGS GAGE,8096500.0,8096500,31.53561569738146,-97.07344549595166,"Brazos Rv at Waco, TX",2022,81.19354838709677,174.16071428571428,199.66774193548386,63.22,163.2064516129032,670.38,628.1741935483872,51.57096774193548,87.587,354.86677419354834,249.2133333333333,32.28064516129032
8096500,BRWA41,USGS GAGE,8096500.0,8096500,31.53561569738146,-97.07344549595166,"Brazos Rv at Waco, TX",2023,34.303225806451614,246.2642857142857,76.69354838709677,170.29,409.85483870967744,116.14,240.7483870967742,186.1709677419355,221.69333333333333,254.6967741935484,697.3333333333334,363.741935483871
8096500,BRWA41,USGS GAGE,8096500.0,8096500,31.53561569738146,-97.07344549595166,"Brazos Rv at Waco, TX",2024,1024.6774193548388,2997.2413793103447,2295.6451612903224,2296.133333333333,13747.09677419355,11331.0,730.5483870967741,166.70967741935485,120.53666666666666,299.59032258064514,190.97666666666666,289.9741935483871
8098290,BRHB42,USGS GAGE,8098290.0,8098290,31.13382718547344,-96.82433517607916,"Brazos Rv nr Highbank, TX",2010,2999.483870967742,12444.642857142857,6755.4838709677415,7284.333333333333,4553.225806451613,2510.3333333333335,1451.6774193548388,661.1935483870968,5419.733333333334,1823.8709677419354,1729.4,405.19354838709677
8098290,BRHB42,USGS GAGE,8098290.0,8098290,31.13382718547344,-96.82433517607916,"Brazos Rv nr Highbank, TX",2011,767.4193548387096,468.57142857142856,241.51612903225808,284.46666666666664,419.1290322580645,390.93333333333334,216.05806451612904,132.78064516129032,452.85,596.7096774193549,465.23333333333335,560.8387096774194
8098290,BRHB42,USGS GAGE,8098290.0,8098290,31.13382718547344,-96.82433517607916,"Brazos Rv nr Highbank, TX",2012,1219.1935483870968,2554.793103448276,8385.548387096775,2872.4,406.16129032258067,379.96666666666664,389.64516129032256,536.483870967742,1101.0333333333333,369.80645161290323,105.04333333333334,135.34193548387097
8098290,BRHB42,USGS GAGE,8098290.0,8098290,31.13382718547344,-96.82433517607916,"Brazos Rv nr Highbank, TX",2013,987.6290322580645,246.60357142857143,275.1193548387097,129.81333333333333,244.32258064516128,174.41333333333333,369.26774193548385,84.99354838709678,244.89,2269.1612903225805,1998.5333333333333,474.4193548387097
8098290,BRHB42,USGS GAGE,8098290.0,8098290,31.13382718547344,-96.82433517607916,"Brazos Rv nr Highbank, TX",2014,255.16129032258064,188.25,337.258064516129,208.64666666666665,674.1290322580645,960.1433333333333,322.5483870967742,163.06451612903226,251.23333333333332,215.80645161290323,162.91666666666666,88.61612903225806
8098290,BRHB42,USGS GAGE,8098290.0,8098290,31.13382718547344,-96.82433517607916,"Brazos Rv nr Highbank, TX",2015,601.0354838709677,147.36785714285716,1503.1612903225807,1652.5666666666666,11470.451612903225,23636.666666666668,7319.032258064516,679.5806451612904,460.93333333333334,4764.1612903225805,11021.0,18292.90322580645
8098290,BRHB42,USGS GAGE,8098290.0,8098290,31.13382718547344,-96.82433517607916,"Brazos Rv nr Highbank, TX",2016,6642.258064516129,2486.137931034483,10853.870967741936,8861.0,18570.645161290322,24364.666666666668,8545.806451612903,2727.3548387096776,1573.2,567.0967741935484,1494.5,1189.3548387096773
8098290,BRHB42,USGS GAGE,8098290.0,8098290,31.13382718547344,-96.82433517607916,"Brazos Rv nr Highbank, TX",2017,1927.0967741935483,2036.4642857142858,2173.6774193548385,5668.8,651.2258064516129,2469.6666666666665,2042.1612903225807,603.8709677419355,146.86666666666667,316.4,152.53333333333333,206.32258064516128
8098290,BRHB42,USGS GAGE,8098290.0,8098290,31.13382718547344,-96.82433517607916,"Brazos Rv nr Highbank, TX",2018,138.38709677419354,397.0,1562.2903225806451,314.8,484.8709677419355,165.42000000000002,501.8935483870968,546.8741935483871,296.0,15422.58064516129,20119.333333333332,7004.8387096774195
8098290,BRHB42,USGS GAGE,8098290.0,8098290,31.13382718547344,-96.82433517607916,"Brazos Rv nr Highbank, TX",2019,13315.483870967742,2532.8571428571427,3015.6129032258063,5652.766666666666,21656.129032258064,21124.666666666668,2486.967741935484,1296.8064516129032,328.56666666666666,303.03225806451616,301.0,218.83870967741936
8098290,BRHB42,USGS GAGE,8098290.0,8098290,31.13382718547344,-96.82433517607916,"Brazos Rv nr Highbank, TX",2020,252.90322580645162,2323.0344827586205,9935.483870967742,6246.666666666667,2877.6451612903224,780.2666666666667,834.9032258064516,421.258064516129,3456.9333333333334,856.483870967742,323.2,319.03225806451616
8098290,BRHB42,USGS GAGE,8098290.0,8098290,31.13382718547344,-96.82433517607916,"Brazos Rv nr Highbank, TX",2021,1389.6129032258063,727.75,317.64516129032256,322.3666666666667,7710.548387096775,19321.666666666668,5487.096774193548,1296.3548387096773,504.3,670.8387096774194,224.16666666666666,255.2258064516129
8098290,BRHB42,USGS GAGE,8098290.0,8098290,31.13382718547344,-96.82433517607916,"Brazos Rv nr Highbank, TX",2022,176.06451612903226,393.25,387.96774193548384,174.83333333333334,259.0451612903226,441.0066666666667,488.7741935483871,84.64838709677419,139.32333333333332,255.89032258064518,496.4566666666667,145.86451612903227
8098290,BRHB42,USGS GAGE,8098290.0,8098290,31.13382718547344,-96.82433517607916,"Brazos Rv nr Highbank, TX",2023,123.2290322580645,606.6785714285714,187.06451612903226,701.9433333333333,1035.0967741935483,379.51666666666665,250.7258064516129,235.38387096774193,248.61,324.4193548387097,953.4,574.9354838709677
8098290,BRHB42,USGS GAGE,8098290.0,8098290,31.13382718547344,-96.82433517607916,"Brazos Rv nr Highbank, TX",2024,1801.9354838709678,3541.0344827586205,2623.935483870968,5222.666666666667,22075.8064516129,15371.666666666666,1472.6451612903227,333.03225806451616,226.23333333333332,341.6774193548387,299.46666666666664,390.9032258064516
8099100,LEDL43,USGS GAGE,8099100.0,8099100,32.17302184855155,-98.53325796030032,"Leon Rv nr De Leon, TX",2010,19.705806451612904,30.060714285714283,34.04322580645161,18.967666666666666,13.717419354838709,14.653333333333334,0.4093548387096774,0.0,0.0,0.0,0.0,0.0
8099100,LEDL43,USGS GAGE,8099100.0,8099100,32.17302184855155,-98.53325796030032,"Leon Rv nr De Leon, TX",2011,0.36161290322580647,0.9771428571428571,4.372903225806452,2.7776666666666667,1.9251612903225805,0.0,0.0,0.0,0.0,14.145806451612904,0.0,0.0
8099100,LEDL43,USGS GAGE,8099100.0,8099100,32.17302184855155,-98.53325796030032,"Leon Rv nr De Leon, TX",2012,119.9116129032258,55.35206896551724,116.95161290322581,11.068666666666667,1.9554838709677418,0.08499999999999999,0.0,0.0,0.38166666666666665,0.0,0.0,0.0
8099100,LEDL43,USGS GAGE,8099100.0,8099100,32.17302184855155,-98.53325796030032,"Leon Rv nr De Leon, TX",2013,0.08193548387096775,0.3696428571428571,7.688064516129033,65.17066666666666,4.726451612903226,0.32266666666666666,0.5580645161290323,0.0,0.0,0.0,0.0,0.2783870967741936
8099100,LEDL43,USGS GAGE,8099100.0,8099100,32.17302184855155,-98.53325796030032,"Leon Rv nr De Leon, TX",2014,0.0,1.6614285714285715,1.0661290322580643,1.0799999999999998,0.02,0.0,0.0,0.0,0.0,0.0,0.0,0.0
8099100,LEDL43,USGS GAGE,8099100.0,8099100,32.17302184855155,-98.53325796030032,"Leon Rv nr De Leon, TX",2015,0.0,0.0,0.0,3.5663333333333336,1142.1716129032259,177.85866666666666,440.39290322580644,0.20548387096774193,0.0,27.383225806451613,511.87333333333333,322.8451612903226
8099100,LEDL43,USGS GAGE,8099100.0,8099100,32.17302184855155,-98.53325796030032,"Leon Rv nr De Leon, TX",2016,51.92580645161291,13.96896551724138,147.83870967741936,869.7533333333333,1125.4870967741936,1592.3066666666666,4.751612903225807,1.3093548387096776,0.06633333333333333,0.0,2.1986666666666665,2.091290322580645
8099100,LEDL43,USGS GAGE,8099100.0,8099100,32.17302184855155,-98.53325796030032,"Leon Rv nr De Leon, TX",2017,2.536774193548387,4.154642857142857,3.2564516129032257,13.159,2.5274193548387096,231.20333333333335,30.844193548387096,1.971290322580645,0.0,0.0,0.0,1.513225806451613
8099100,LEDL43,USGS GAGE,8099100.0,8099100,32.17302184855155,-98.53325796030032,"Leon Rv nr De Leon, TX",2018,1.6993548387096775,7.3774999999999995,4.357741935483871,2.3956666666666666,0.16096774193548385,0.0,0.0,0.0,20.391666666666666,401.9729032258064,51.983333333333334,163.67419354838708
8099100,LEDL43,USGS GAGE,8099100.0,8099100,32.17302184855155,-98.53325796030032,"Leon Rv nr De Leon, TX",2019,50.00645161290323,12.979642857142858,14.312903225806451,109.25666666666666,343.4548387096774,171.47933333333333,3.468709677419355,0.0,0.0,0.0,0.0,0.12387096774193548
8099100,LEDL43,USGS GAGE,8099100.0,8099100,32.17302184855155,-98.53325796030032,"Leon Rv nr De Leon, TX",2020,1.6129032258064515,3.4886206896551726,180.55290322580646,13.117666666666667,13.628387096774194,1.2356666666666667,0.0367741935483871,0.0,130.454,0.0364516129032258,0.12733333333333335,1.3203225806451613
8099100,LEDL43,USGS GAGE,8099100.0,8099100,32.17302184855155,-98.53325796030032,"Leon Rv nr De Leon, TX",2021,2.604193548387097,2.5485714285714285,2.6851612903225806,22.890333333333334,560.4867741935484,1052.6933333333334,17.716129032258067,25.349032258064515,1.2566666666666666,7.619354838709677,5.563999999999999,2.607741935483871
8099100,LEDL43,USGS GAGE,8099100.0,8099100,32.17302184855155,-98.53325796030032,"Leon Rv nr De Leon, TX",2022,0.6122580645161291,3.7178571428571425,5.050967741935485,4.2476666666666665,0.9406451612903226,0.0,0.0,0.0,0.06566666666666666,0.0,0.11033333333333334,1.0190322580645161
8099100,LEDL43,USGS GAGE,8099100.0,8099100,32.17302184855155,-98.53325796030032,"Leon Rv nr De Leon, TX",2023,0.17709677419354838,0.5157142857142857,0.6325806451612903,0.603,8.972903225806453,4.401666666666667,0.0025806451612903226,0.0,0.9406666666666667,9.748387096774193,0.058666666666666666,0.2296774193548387
8099100,LEDL43,USGS GAGE,8099100.0,8099100,32.17302184855155,-98.53325796030032,"Leon Rv nr De Leon, TX",2024,0.652258064516129,0.92,12.91741935483871,3.862333333333333,97.99774193548389,35.52066666666666,9.80258064516129,0.0006451612903225806,122.24566666666666,0.9303225806451613,163.53733333333332,6.671290322580645
8099300,SADL44,USGS GAGE,8099300.0,8099300,32.11384807539575,-98.60552699021044,"Sabana Rv nr De Leon, TX",2010,22.675806451612903,23.24892857142857,27.096451612903227,28.456666666666667,2.6180645161290323,1.5946666666666667,0.1964516129032258,0.0,0.0,0.0,0.0,0.02
8099300,SADL44,USGS GAGE,8099300.0,8099300,32.11384807539575,-98.60552699021044,"Sabana Rv nr De Leon, TX",2011,3.4648387096774194,4.517857142857143,1.261935483870968,10.835,10.668387096774195,0.028333333333333332,0.0,0.0,0.0,43.215806451612906,0.005666666666666667,13.923225806451613
8099300,SADL44,USGS GAGE,8099300.0,8099300,32.11384807539575,-98.60552699021044,"Sabana Rv nr De Leon, TX",2012,140.09387096774194,82.90413793103447,118.9774193548387,8.178333333333333,2.49741935483871,0.26066666666666666,0.02,0.0,8.47,1.7303225806451612,0.0,0.2612903225806452
8099300,SADL44,USGS GAGE,8099300.0,8099300,32.11384807539575,-98.60552699021044,"Sabana Rv nr De Leon, TX",2013,1.0880645161290323,0.5335714285714286,1.3270967741935484,8.886,0.8825806451612903,0.0,22.166774193548385,0.0,0.0,0.0,0.0,0.0
8099300,SADL44,USGS GAGE,8099300.0,8099300,32.11384807539575,-98.60552699021044,"Sabana Rv nr De Leon, TX",2014,0.0,0.33321428571428574,0.0,0.07766666666666668,31.43290322580645,0.02,0.0,0.0,0.0,0.0,0.0,0.0
8099300,SADL44,USGS GAGE,8099300.0,8099300,32.11384807539575,-98.60552699021044,"Sabana Rv nr De Leon, TX",2015,0.3570967741935484,0.13535714285714287,0.30548387096774193,34.57633333333333,429.4,48.37433333333333,203.52064516129033,1.2574193548387098,0.03833333333333333,0.8016129032258065,249.17066666666668,62.26709677419355
8099300,SADL44,USGS GAGE,8099300.0,8099300,32.11384807539575,-98.60552699021044,"Sabana Rv nr De Leon, TX",2016,20.509354838709676,9.549655172413793,85.8958064516129,400.05199999999996,1004.6516129032258,810.9133333333334,6.699032258064515,1.4980645161290322,1.8916666666666666,1.8361290322580646,18.963666666666665,2.544193548387097
8099300,SADL44,USGS GAGE,8099300.0,8099300,32.11384807539575,-98.60552699021044,"Sabana Rv nr De Leon, TX",2017,4.220967741935484,13.0625,4.008064516129032,17.028666666666666,10.55516129032258,106.19633333333333,8.020967741935484,1.2151612903225808,0.10233333333333335,0.20967741935483872,1.6873333333333334,3.3561290322580644
8099300,SADL44,USGS GAGE,8099300.0,8099300,32.11384807539575,-98.60552699021044,"Sabana Rv nr De Leon, TX",2018,1.1016129032258064,4.5407142857142855,2.5232258064516127,0.827,0.26129032258064516,0.0,0.0,0.0,26.243,282.6064516129032,12.941,76.84483870967742
8099300,SADL44,USGS GAGE,8099300.0,8099300,32.11384807539575,-98.60552699021044,"Sabana Rv nr De Leon, TX",2019,17.84193548387097,8.48857142857143,8.223870967741936,109.96533333333333,179.61709677419356,85.91666666666667,7.349032258064517,0.407741935483871,0.13133333333333333,0.028064516129032258,0.5473333333333333,1.124516129032258
8099300,SADL44,USGS GAGE,8099300.0,8099300,32.11384807539575,-98.60552699021044,"Sabana Rv nr De Leon, TX",2020,2.546774193548387,2.1551724137931036,127.92032258064516,7.429,3.254516129032258,1.2493333333333332,0.05290322580645162,0.011935483870967743,89.84766666666668,0.08548387096774193,0.558,0.7970967741935484
8099300,SADL44,USGS GAGE,8099300.0,8099300,32.11384807539575,-98.60552699021044,"Sabana Rv nr De Leon, TX",2021,1.1125806451612903,1.1624999999999999,1.7109677419354838,31.892666666666667,379.158064516129,373.0133333333333,7.950322580645161,41.84645161290322,0.5133333333333333,1.903225806451613,0.7346666666666667,0.9483870967741935
8099300,SADL44,USGS GAGE,8099300.0,8099300,32.11384807539575,-98.60552699021044,"Sabana Rv nr De Leon, TX",2022,1.0648387096774192,2.025714285714286,1.8161290322580645,0.9550000000000001,0.09258064516129033,0.005,0.0,0.0,0.0013333333333333333,0.0,0.025,6.241935483870968
8099300,SADL44,USGS GAGE,8099300.0,8099300,32.11384807539575,-98.60552699021044,"Sabana Rv nr De Leon, TX",2023,0.3790322580645161,0.5628571428571428,0.6051612903225807,0.5066666666666667,20.654193548387095,2.574,0.0,0.0,1.087,4.308709677419355,0.5486666666666667,0.4358064516129032
8099300,SADL44,USGS GAGE,8099300.0,8099300,32.11384807539575,-98.60552699021044,"Sabana Rv nr De Leon, TX",2024,0.48161290322580647,0.40379310344827585,13.015161290322581,2.576,236.9058064516129,23.591,0.06387096774193549,0.0,108.79333333333334,0.5319354838709678,85.75366666666666,1.3477419354838711
8099500,LEHS45,USGS GAGE,8099500.0,8099500,31.957537545318665,-98.4593215038405,"Leon Rv nr Hasse, TX",2010,0.8651612903225806,1.6742857142857144,1.2658064516129033,6.541333333333333,15.7,28.33,24.835483870967742,31.416774193548385,23.613,10.118064516129033,4.338666666666667,0.8306451612903226
8099500,LEHS45,USGS GAGE,8099500.0,8099500,31.957537545318665,-98.4593215038405,"Leon Rv nr Hasse, TX",2011,0.6438709677419355,0.7257142857142858,5.4070967741935485,11.919,13.508387096774193,30.749666666666666,15.431935483870967,5.96741935483871,30.190333333333335,10.399354838709677,1.9256666666666669,0.20903225806451614
8099500,LEHS45,USGS GAGE,8099500.0,8099500,31.957537545318665,-98.4593215038405,"Leon Rv nr Hasse, TX",2012,23.083548387096776,345.2358620689655,386.9129032258064,68.53366666666668,16.09,25.765666666666668,23.506451612903227,18.84935483870968,11.657333333333334,2.5335483870967743,5.741,0.25451612903225806
8099500,LEHS45,USGS GAGE,8099500.0,8099500,31.957537545318665,-98.4593215038405,"Leon Rv nr Hasse, TX",2013,0.43774193548387097,0.2842857142857143,3.734516129032258,3.5643333333333334,3.5325806451612904,29.284,15.504838709677419,17.96451612903226,10.179,4.654516129032258,0.5153333333333333,1.085483870967742
8099500,LEHS45,USGS GAGE,8099500.0,8099500,31.957537545318665,-98.4593215038405,"Leon Rv nr Hasse, TX",2014,1.1287096774193548,0.8853571428571428,0.732258064516129,8.956,21.980645161290322,14.934,15.693870967741935,4.380322580645161,2.1550000000000002,0.5848387096774194,0.7806666666666667,1.017741935483871
8099500,LEHS45,USGS GAGE,8099500.0,8099500,31.957537545318665,-98.4593215038405,"Leon Rv nr Hasse, TX",2015,2.0064516129032257,1.0592857142857144,1.554516129032258,0.8813333333333334,449.25612903225806,1325.3333333333333,1557.741935483871,595.8870967741935,45.65,12.433870967741935,20.247,976.0322580645161
8099500,LEHS45,USGS GAGE,8099500.0,8099500,31.957537545318665,-98.4593215038405,"Leon Rv nr Hasse, TX",2016,542.058064516129,25.99103448275862,327.81935483870967,527.5666666666667,1437.9354838709678,6517.333333333333,935.7516129032258,25.75483870967742,8.666666666666666,5.804193548387097,3.391,4.653870967741936
8099500,LEHS45,USGS GAGE,8099500.0,8099500,31.957537545318665,-98.4593215038405,"Leon Rv nr Hasse, TX",2017,4.268387096774194,3.149642857142857,22.730645161290322,134.53,14.008387096774193,686.1933333333333,114.42903225806452,18.55322580645161,21.163333333333334,5.489677419354839,3.597,4.249354838709677
8099500,LEHS45,USGS GAGE,8099500.0,8099500,31.957537545318665,-98.4593215038405,"Leon Rv nr Hasse, TX",2018,0.8480645161290322,8.55107142857143,3.504193548387097,8.202666666666667,13.526774193548386,26.06,28.041935483870965,20.406451612903226,3.74,526.5687096774194,577.3666666666667,330.3451612903226
8099500,LEHS45,USGS GAGE,8099500.0,8099500,31.957537545318665,-98.4593215038405,"Leon Rv nr Hasse, TX",2019,205.7109677419355,36.11071428571429,53.55096774193548,312.13933333333335,1927.4193548387098,717.6333333333333,44.61290322580645,31.03548387096774,29.14,8.089032258064515,4.081333333333333,1.2635483870967743
8099500,LEHS45,USGS GAGE,8099500.0,8099500,31.957537545318665,-98.4593215038405,"Leon Rv nr Hasse, TX",2020,1.3325806451612905,0.8672413793103447,235.15774193548384,119.58999999999999,17.260967741935485,24.050333333333334,35.019354838709674,33.42903225806452,126.53666666666666,7.078387096774194,6.17,7.271290322580645
8099500,LEHS45,USGS GAGE,8099500.0,8099500,31.957537545318665,-98.4593215038405,"Leon Rv nr Hasse, TX",2021,0.5545161290322581,1.1989285714285713,1.8341935483870968,6.185333333333333,1042.4009677419356,2513.5666666666666,159.08387096774194,36.31290322580645,43.15,7.628064516129032,6.029,8.523548387096774
8099500,LEHS45,USGS GAGE,8099500.0,8099500,31.957537545318665,-98.4593215038405,"Leon Rv nr Hasse, TX",2022,1.8612903225806452,1.325,10.856451612903227,9.405333333333335,18.85,29.15666666666667,28.72258064516129,27.48032258064516,13.110333333333333,10.375483870967741,3.7520000000000002,1.684193548387097
8099500,LEHS45,USGS GAGE,8099500.0,8099500,31.957537545318665,-98.4593215038405,"Leon Rv nr Hasse, TX",2023,1.488709677419355,0.41250000000000003,1.2519354838709678,11.661666666666667,5.316129032258065,30.915666666666667,29.0,21.229032258064517,3.1713333333333336,2.374516129032258,0.9626666666666667,0.7732258064516129
8099500,LEHS45,USGS GAGE,8099500.0,8099500,31.957537545318665,-98.4593215038405,"Leon Rv nr Hasse, TX",2024,0.41580645161290325,0.33482758620689657,0.48580645161290326,0.523,3.6961290322580647,16.532666666666668,23.635483870967743,26.43548387096774,25.81,61.38193548387097,237.51833333333335,38.12677419354839
8100000,LEHM46,USGS GAGE,8100000.0,8100000,31.788388549438945,-98.12048430165596,"Leon Rv nr Hamilton, TX",2010,342.9741935483871,356.14285714285717,285.6774193548387,122.83666666666666,39.880645161290325,10.090333333333332,21.96741935483871,4.585806451612903,25.583666666666666,6.521612903225807,5.352,1.9641935483870967
8100000,LEHM46,USGS GAGE,8100000.0,8100000,31.788388549438945,-98.12048430165596,"Leon Rv nr Hamilton, TX",2011,3.963225806451613,3.1392857142857147,1.7345161290322582,3.2640000000000002,18.947741935483872,0.0036666666666666666,0.0,0.0,0.0,109.20774193548387,0.0,0.9706451612903225
8100000,LEHM46,USGS GAGE,8100000.0,8100000,31.788388549438945,-98.12048430165596,"Leon Rv nr Hamilton, TX",2012,328.92903225806447,536.2655172413794,701.5645161290323,128.41666666666666,49.81935483870968,39.391333333333336,2.729032258064516,1.556774193548387,0.06433333333333333,0.0,0.0,0.6583870967741936
8100000,LEHM46,USGS GAGE,8100000.0,8100000,31.788388549438945,-98.12048430165596,"Leon Rv nr Hamilton, TX",2013,4.833548387096775,0.6189285714285715,0.7290322580645162,13.127333333333333,167.01032258064518,2.308,3.8403225806451613,0.0,0.0,2.5309677419354837,0.01633333333333333,3.430967741935484
8100000,LEHM46,USGS GAGE,8100000.0,8100000,31.788388549438945,-98.12048430165596,"Leon Rv nr Hamilton, TX",2014,0.2064516129032258,0.095,0.4090322580645161,0.15733333333333333,12.800322580645162,4.175666666666666,10.960967741935484,0.01064516129032258,0.0,1.5425806451612902,0.6093333333333334,0.001935483870967742
8100000,LEHM46,USGS GAGE,8100000.0,8100000,31.788388549438945,-98.12048430165596,"Leon Rv nr Hamilton, TX",2015,1.4541935483870967,0.41428571428571426,3.674516129032258,37.864333333333335,1865.8345161290322,1633.6666666666667,1595.8064516129032,657.2129032258064,36.79,243.61193548387098,441.55,1205.3870967741937
8100000,LEHM46,USGS GAGE,8100000.0,8100000,31.788388549438945,-98.12048430165596,"Leon Rv nr Hamilton, TX",2016,633.0967741935484,114.2103448275862,565.0,1129.6666666666667,2340.3225806451615,6701.666666666667,1264.4354838709678,63.20967741935484,24.543333333333333,16.712903225806453,29.583333333333332,27.835483870967742
8100000,LEHM46,USGS GAGE,8100000.0,8100000,31.788388549438945,-98.12048430165596,"Leon Rv nr Hamilton, TX",2017,43.20322580645161,45.482142857142854,46.696774193548386,132.97666666666666,18.038709677419355,629.64,117.07741935483871,14.245483870967742,4.441333333333334,3.7245161290322577,7.772333333333333,8.631290322580645
8100000,LEHM46,USGS GAGE,8100000.0,8100000,31.788388549438945,-98.12048430165596,"Leon Rv nr Hamilton, TX",2018,7.435806451612903,62.70357142857142,15.713870967741935,9.420333333333334,17.07677419354839,6.301333333333333,5.398064516129033,9.260645161290322,18.034,1558.3674193548386,760.8333333333334,467.93548387096774
8100000,LEHM46,USGS GAGE,8100000.0,8100000,31.788388549438945,-98.12048430165596,"Leon Rv nr Hamilton, TX",2019,372.96774193548384,129.975,166.11612903225807,407.9533333333333,2792.2580645161293,851.8333333333334,67.6741935483871,16.080645161290324,11.860000000000001,8.84741935483871,8.782666666666668,8.059677419354838
8100000,LEHM46,USGS GAGE,8100000.0,8100000,31.788388549438945,-98.12048430165596,"Leon Rv nr Hamilton, TX",2020,8.117096774193548,15.790344827586207,241.4325806451613,157.04,26.27741935483871,15.255333333333333,17.851612903225806,8.841612903225805,545.9,15.651612903225805,12.276333333333334,13.994193548387097
8100000,LEHM46,USGS GAGE,8100000.0,8100000,31.788388549438945,-98.12048430165596,"Leon Rv nr Hamilton, TX",2021,17.693548387096776,10.853214285714285,20.853225806451615,44.297,1303.5483870967741,2992.5666666666666,229.16451612903228,35.63870967741936,21.526666666666664,21.054516129032258,8.951,9.221935483870968
8100000,LEHM46,USGS GAGE,8100000.0,8100000,31.788388549438945,-98.12048430165596,"Leon Rv nr Hamilton, TX",2022,7.2,8.645357142857142,9.499354838709678,9.611333333333333,6.918709677419354,4.452666666666667,3.88,1.6058064516129034,6.029666666666667,1.5358064516129033,3.774,3.0787096774193548
8100000,LEHM46,USGS GAGE,8100000.0,8100000,31.788388549438945,-98.12048430165596,"Leon Rv nr Hamilton, TX",2023,3.363548387096774,3.1242857142857146,2.93,7.190333333333333,19.023225806451613,6.939666666666667,4.145161290322581,0.0,0.0,147.3516129032258,6.500666666666667,0.5041935483870968
8100000,LEHM46,USGS GAGE,8100000.0,8100000,31.788388549438945,-98.12048430165596,"Leon Rv nr Hamilton, TX",2024,9.233225806451614,42.30586206896551,44.351290322580645,17.598000000000003,359.5516129032258,111.96666666666667,19.11741935483871,5.8832258064516125,79.35,64.16451612903225,184.76899999999998,49.85290322580645
8100500,LEGT47,USGS GAGE,8100500.0,8100500,31.43294641292048,-97.76188010404624,N/A,2010,1144.1870967741936,1350.8214285714287,758.9677419354839,359.6666666666667,134.00967741935486,53.163333333333334,79.95161290322581,15.834193548387097,359.3933333333334,16.08290322580645,13.233333333333333,16.94193548387097
8100500,LEGT47,USGS GAGE,8100500.0,8100500,31.43294641292048,-97.76188010404624,N/A,2011,28.12258064516129,22.349999999999998,15.535483870967743,11.635,37.31548387096774,1.462,1.0483870967741935,1.3306451612903225,1.4533333333333334,117.69387096774194,3.054666666666667,4.833548387096775
8100500,LEGT47,USGS GAGE,8100500.0,8100500,31.43294641292048,-97.76188010404624,N/A,2012,405.58870967741933,642.7793103448275,1093.4516129032259,223.61666666666667,83.22935483870968,39.364333333333335,1.5816129032258064,1.842258064516129,2.6246666666666667,2.2061290322580644,2.989,2.11741935483871
8100500,LEGT47,USGS GAGE,8100500.0,8100500,31.43294641292048,-97.76188010404624,N/A,2013,2.907741935483871,3.3042857142857143,3.540645161290323,22.577333333333335,218.51774193548388,6.8886666666666665,4.589677419354839,1.41,62.43766666666667,88.64645161290322,15.632333333333333,80.91387096774193
8100500,LEGT47,USGS GAGE,8100500.0,8100500,31.43294641292048,-97.76188010404624,N/A,2014,18.44451612903226,9.222857142857142,7.079354838709678,5.5696666666666665,32.24967741935484,71.33466666666666,21.443870967741937,2.326774193548387,3.1116666666666664,4.3100000000000005,3.525,3.06
8100500,LEGT47,USGS GAGE,8100500.0,8100500,31.43294641292048,-97.76188010404624,N/A,2015,5.346774193548387,6.0928571428571425,36.44225806451613,118.16000000000001,2451.261290322581,2056.0,1496.774193548387,690.6612903225806,53.330000000000005,544.8419354838709,727.1666666666666,1668.3870967741937
8100500,LEGT47,USGS GAGE,8100500.0,8100500,31.43294641292048,-97.76188010404624,N/A,2016,847.9032258064516,272.9310344827586,1092.5483870967741,1651.2,2352.9032258064517,6774.0,1323.5806451612902,391.39677419354837,105.79666666666667,61.3,122.03666666666666,81.76774193548388
8100500,LEGT47,USGS GAGE,8100500.0,8100500,31.43294641292048,-97.76188010404624,N/A,2017,147.04516129032257,233.87142857142857,139.70322580645163,420.76666666666665,60.46774193548387,730.8466666666667,208.8290322580645,31.90967741935484,17.338666666666665,21.091290322580647,15.623333333333333,20.5
8100500,LEGT47,USGS GAGE,8100500.0,8100500,31.43294641292048,-97.76188010404624,N/A,2018,18.187096774193545,123.48928571428571,52.49677419354839,39.60333333333333,71.07096774193548,8.858666666666666,4.005483870967742,42.64,119.744,2941.6967741935487,1227.8666666666666,985.8709677419355
8100500,LEGT47,USGS GAGE,8100500.0,8100500,31.43294641292048,-97.76188010404624,N/A,2019,1003.4516129032259,283.7142857142857,304.9032258064516,455.46666666666664,2960.0,1151.5,160.67419354838708,45.751612903225805,27.476666666666667,23.251612903225805,19.80666666666667,23.387096774193548
8100500,LEGT47,USGS GAGE,8100500.0,8100500,31.43294641292048,-97.76188010404624,N/A,2020,22.241935483870968,123.56551724137931,556.2645161290322,367.23333333333335,77.39354838709677,28.546666666666667,24.05483870967742,11.031935483870969,625.9446666666666,30.4,20.303333333333335,24.345161290322583
8100500,LEGT47,USGS GAGE,8100500.0,8100500,31.43294641292048,-97.76188010404624,N/A,2021,29.916129032258063,23.47142857142857,44.79032258064516,35.980000000000004,1536.9032258064517,3382.6666666666665,405.0870967741936,57.332258064516125,26.736666666666668,38.39032258064516,17.473333333333336,16.067741935483873
8100500,LEGT47,USGS GAGE,8100500.0,8100500,31.43294641292048,-97.76188010404624,N/A,2022,14.361290322580645,15.282142857142857,15.303225806451612,17.14,21.466129032258063,4.123,1.7374193548387096,2.089677419354839,2.4616666666666664,3.3003225806451613,8.083333333333334,5.60741935483871
8100500,LEGT47,USGS GAGE,8100500.0,8100500,31.43294641292048,-97.76188010404624,N/A,2023,4.578387096774194,5.999285714285714,4.772903225806452,7.895666666666667,66.8958064516129,8.537333333333333,2.3861290322580646,1.1464516129032258,1.6186666666666667,508.2245161290322,34.57966666666667,28.441935483870967
8100500,LEGT47,USGS GAGE,8100500.0,8100500,31.43294641292048,-97.76188010404624,N/A,2024,68.51612903225806,207.34137931034482,137.36129032258063,157.05,2598.8064516129034,505.35,58.34516129032258,14.870322580645162,72.105,68.82903225806452,175.1,97.1032258064516
8101000,COPI48,USGS GAGE,8101000.0,8101000,31.285977902540395,-97.88453835864644,N/A,2010,876.1645161290322,625.5714285714286,387.03225806451616,215.76666666666668,93.41612903225807,31.833333333333332,27.990322580645163,1.887741935483871,133.82966666666667,2.402258064516129,2.631333333333333,3.0290322580645164
8101000,COPI48,USGS GAGE,8101000.0,8101000,31.285977902540395,-97.88453835864644,N/A,2011,4.964516129032258,4.370357142857143,2.642258064516129,1.0906666666666667,54.01193548387097,0.831,0.0016129032258064516,0.0,0.0,6.392258064516129,0.039,0.1570967741935484
8101000,COPI48,USGS GAGE,8101000.0,8101000,31.285977902540395,-97.88453835864644,N/A,2012,77.77774193548387,83.90103448275862,216.04225806451615,36.81266666666667,17.963870967741936,4.7123333333333335,0.20193548387096774,0.0032258064516129032,0.011333333333333332,0.013548387096774195,0.0,0.0
8101000,COPI48,USGS GAGE,8101000.0,8101000,31.285977902540395,-97.88453835864644,N/A,2013,0.016451612903225808,0.016071428571428573,0.025483870967741937,0.015666666666666666,93.23870967741935,0.313,15.08290322580645,0.0,18.729666666666667,99.3816129032258,19.692333333333334,50.99032258064516
8101000,COPI48,USGS GAGE,8101000.0,8101000,31.285977902540395,-97.88453835864644,N/A,2014,16.003225806451614,10.880714285714287,7.314838709677419,5.6290000000000004,24.26967741935484,11.113,1.504193548387097,0.18548387096774194,0.006,0.26838709677419353,0.25966666666666666,0.2803225806451613
8101000,COPI48,USGS GAGE,8101000.0,8101000,31.285977902540395,-97.88453835864644,N/A,2015,1.2293548387096773,2.681785714285714,16.64483870967742,18.726999999999997,1113.6806451612904,229.98999999999998,16.399032258064516,1.1341935483870969,0.6056666666666667,373.5254838709677,351.22999999999996,269.89032258064515
8101000,COPI48,USGS GAGE,8101000.0,8101000,31.285977902540395,-97.88453835864644,N/A,2016,153.60645161290324,101.35172413793103,331.9129032258064,514.7466666666667,406.741935483871,872.6933333333333,35.8,108.22258064516129,56.15,21.251612903225805,47.04666666666667,42.71612903225807
8101000,COPI48,USGS GAGE,8101000.0,8101000,31.285977902540395,-97.88453835864644,N/A,2017,56.690322580645166,123.22857142857143,82.31290322580645,432.22666666666663,56.17741935483871,112.45333333333333,10.387419354838709,10.019032258064515,4.021333333333334,3.7719354838709678,2.716666666666667,2.259677419354839
8101000,COPI48,USGS GAGE,8101000.0,8101000,31.285977902540395,-97.88453835864644,N/A,2018,1.8219354838709676,32.59892857142857,25.59161290322581,13.128666666666668,73.38741935483871,1.5636666666666668,0.023548387096774193,0.08580645161290323,48.35333333333333,1416.956129032258,269.3333333333333,436.741935483871
8101000,COPI48,USGS GAGE,8101000.0,8101000,31.285977902540395,-97.88453835864644,N/A,2019,459.93548387096774,186.92857142857142,160.1709677419355,132.07333333333332,339.9451612903226,104.16333333333334,20.739354838709676,7.224838709677419,1.8530000000000002,1.5432258064516131,1.841,2.112258064516129
8101000,COPI48,USGS GAGE,8101000.0,8101000,31.285977902540395,-97.88453835864644,N/A,2020,2.323225806451613,30.74448275862069,182.73516129032257,138.97666666666666,47.980645161290326,10.569333333333333,1.8190322580645162,0.20419354838709677,147.16433333333333,3.585806451612903,3.786,4.6819354838709675
8101000,COPI48,USGS GAGE,8101000.0,8101000,31.285977902540395,-97.88453835864644,N/A,2021,9.873548387096774,6.130000000000001,10.064193548387097,5.138,263.02935483870965,119.95666666666666,80.25483870967743,9.930967741935484,4.019666666666667,2.0203225806451615,1.1903333333333335,1.1409677419354838
8101000,COPI48,USGS GAGE,8101000.0,8101000,31.285977902540395,-97.88453835864644,N/A,2022,1.0064516129032257,0.9782142857142857,0.9754838709677419,0.9406666666666667,12.773225806451611,0.14333333333333334,0.0,0.0,3.9306666666666668,0.0,8.166333333333334,0.22483870967741934
8101000,COPI48,USGS GAGE,8101000.0,8101000,31.285977902540395,-97.88453835864644,N/A,2023,0.12129032258064515,0.47500000000000003,0.4506451612903226,5.087,17.031935483870967,1.3993333333333335,0.0,0.0,0.0,128.96774193548387,5.78,4.670645161290322
8101000,COPI48,USGS GAGE,8101000.0,8101000,31.285977902540395,-97.88453835864644,N/A,2024,7.275161290322581,19.16793103448276,15.294516129032258,32.311,2394.853870967742,98.07,23.529032258064515,14.973548387096775,8.451,1.8925806451612903,2.0966666666666667,2.2074193548387098
8102500,LEBE49,USGS GAGE,8102500.0,8102500,31.070016695418143,-97.44187762849664,"Leon Rv nr Belton, TX",2010,457.6548387096774,4379.285714285715,3316.1612903225805,930.2833333333333,227.59032258064516,74.65733333333333,84.48709677419355,18.933870967741935,1493.2233333333331,12.203548387096774,17.113999999999997,12.220322580645162
8102500,LEBE49,USGS GAGE,8102500.0,8102500,31.070016695418143,-97.44187762849664,"Leon Rv nr Belton, TX",2011,36.96225806451613,9.886071428571428,7.3912903225806454,14.419666666666668,21.031290322580645,19.758,57.36774193548387,138.70967741935485,198.8,42.69741935483871,14.728,25.29548387096774
8102500,LEBE49,USGS GAGE,8102500.0,8102500,31.070016695418143,-97.44187762849664,"Leon Rv nr Belton, TX",2012,30.88806451612903,10.949655172413793,1454.96,1109.3666666666666,27.989032258064515,26.661333333333335,24.664516129032258,109.38064516129033,31.737666666666666,12.463870967741935,11.586666666666668,33.86451612903225
8102500,LEBE49,USGS GAGE,8102500.0,8102500,31.070016695418143,-97.44187762849664,"Leon Rv nr Belton, TX",2013,44.70322580645161,15.567499999999999,5.540322580645161,5.9846666666666675,27.94193548387097,10.691333333333334,175.34548387096774,320.96774193548384,205.91266666666667,17.243870967741934,22.709999999999997,20.029032258064515
8102500,LEBE49,USGS GAGE,8102500.0,8102500,31.070016695418143,-97.44187762849664,"Leon Rv nr Belton, TX",2014,15.74,16.210714285714285,14.903225806451612,6.710666666666667,23.38290322580645,9.889666666666667,18.921935483870968,86.58935483870968,29.669666666666668,10.182903225806452,21.004,24.67096774193548
8102500,LEBE49,USGS GAGE,8102500.0,8102500,31.070016695418143,-97.44187762849664,"Leon Rv nr Belton, TX",2015,28.148387096774194,7.583928571428571,7.8103225806451615,5.047,23.63935483870968,1946.8396666666667,4163.870967741936,697.0322580645161,25.41,680.2599999999999,2219.233333333333,2799.0774193548386
8102500,LEBE49,USGS GAGE,8102500.0,8102500,31.070016695418143,-97.44187762849664,"Leon Rv nr Belton, TX",2016,2304.3548387096776,660.5862068965517,1949.1612903225807,1300.0666666666666,3199.141935483871,4859.4,5945.4838709677415,2550.3225806451615,498.10333333333335,9.515483870967742,489.878,168.90612903225806
8102500,LEBE49,USGS GAGE,8102500.0,8102500,31.070016695418143,-97.44187762849664,"Leon Rv nr Belton, TX",2017,659.3741935483871,689.6107142857143,445.4548387096774,2700.7966666666666,216.00322580645164,863.4636666666667,182.46354838709678,26.858064516129033,21.753333333333334,21.151612903225807,19.963666666666665,8.432580645161291
8102500,LEBE49,USGS GAGE,8102500.0,8102500,31.070016695418143,-97.44187762849664,"Leon Rv nr Belton, TX",2018,8.410645161290324,10.959642857142857,10.731612903225807,18.951,20.155161290322578,15.360999999999999,26.085483870967742,19.07935483870968,29.598000000000003,1969.5290322580645,4592.333333333333,2166.283870967742
8102500,LEBE49,USGS GAGE,8102500.0,8102500,31.070016695418143,-97.44187762849664,"Leon Rv nr Belton, TX",2019,2862.4967741935484,1905.8892857142857,483.70000000000005,667.0066666666667,3607.2580645161293,2941.61,220.31935483870967,13.623870967741935,8.533333333333333,15.313225806451612,22.046,13.113225806451613
8102500,LEBE49,USGS GAGE,8102500.0,8102500,31.070016695418143,-97.44187762849664,"Leon Rv nr Belton, TX",2020,4.3103225806451615,9.239310344827587,783.8696774193548,1321.9443333333334,333.3370967741936,15.258333333333333,25.00483870967742,19.248709677419356,711.0816666666667,24.04806451612903,21.218999999999998,26.887096774193548
8102500,LEBE49,USGS GAGE,8102500.0,8102500,31.070016695418143,-97.44187762849664,"Leon Rv nr Belton, TX",2021,20.641935483870967,28.264642857142857,18.270967741935483,21.615666666666666,863.4935483870968,4551.4366666666665,1552.9354838709678,186.07419354838711,19.323333333333334,29.725806451612904,21.34,27.2041935483871
8102500,LEBE49,USGS GAGE,8102500.0,8102500,31.070016695418143,-97.44187762849664,"Leon Rv nr Belton, TX",2022,24.05548387096774,14.927142857142856,10.690967741935484,17.219333333333335,21.793548387096774,9.075,51.170967741935485,55.20322580645161,162.30333333333334,240.19032258064516,16.771666666666665,12.86483870967742
8102500,LEBE49,USGS GAGE,8102500.0,8102500,31.070016695418143,-97.44187762849664,"Leon Rv nr Belton, TX",2023,15.403225806451612,17.93857142857143,6.863225806451613,21.564666666666668,16.177419354838708,7.933666666666666,22.429032258064513,14.151612903225805,18.26966666666667,14.573225806451612,18.740000000000002,16.89
8102500,LEBE49,USGS GAGE,8102500.0,8102500,31.070016695418143,-97.44187762849664,"Leon Rv nr Belton, TX",2024,26.406451612903226,27.951724137931034,12.8,56.94866666666667,3151.251612903226,3901.5333333333333,1458.7096774193549,70.77806451612904,16.590666666666667,11.935161290322581,17.735666666666667,9.917741935483871
8103800,LAKE50,USGS GAGE,8103800.0,8103800,31.081650875399127,-98.01702794539656,"Lampasas Rv nr Kempner, TX",2010,994.6451612903226,1204.0,727.4516129032259,369.76666666666665,324.5806451612903,73.68,64.17096774193548,31.874193548387098,35.74666666666667,20.212903225806453,20.866666666666667,20.419354838709676
8103800,LAKE50,USGS GAGE,8103800.0,8103800,31.081650875399127,-98.01702794539656,"Lampasas Rv nr Kempner, TX",2011,18.893548387096775,18.74285714285714,24.570967741935487,14.933333333333334,61.31483870967741,9.634333333333334,8.230322580645161,7.991290322580645,8.708333333333334,72.12903225806451,8.689,10.677741935483871
8103800,LAKE50,USGS GAGE,8103800.0,8103800,31.081650875399127,-98.01702794539656,"Lampasas Rv nr Kempner, TX",2012,29.885483870967743,111.48965517241379,281.0967741935484,81.87666666666668,83.39677419354838,17.676666666666666,12.295483870967741,8.806129032258065,8.707333333333334,11.506451612903225,9.849,14.348387096774195
8103800,LAKE50,USGS GAGE,8103800.0,8103800,31.081650875399127,-98.01702794539656,"Lampasas Rv nr Kempner, TX",2013,17.73225806451613,23.36785714285714,15.883870967741935,14.370000000000001,13.25,7.961,12.510967741935483,10.524193548387096,12.024000000000001,36.6741935483871,25.65,35.900000000000006
8103800,LAKE50,USGS GAGE,8103800.0,8103800,31.081650875399127,-98.01702794539656,"Lampasas Rv nr Kempner, TX",2014,18.825806451612905,17.382142857142856,13.23258064516129,15.333333333333334,157.7409677419355,71.68333333333334,22.990322580645163,17.570967741935487,19.205,17.677419354838708,17.236666666666668,16.93548387096774
8103800,LAKE50,USGS GAGE,8103800.0,8103800,31.081650875399127,-98.01702794539656,"Lampasas Rv nr Kempner, TX",2015,23.76451612903226,49.63214285714286,28.54516129032258,18.35,715.2129032258064,186.85666666666665,37.23870967741936,16.677419354838708,12.446666666666665,195.49677419354836,197.12,325.03225806451616
8103800,LAKE50,USGS GAGE,8103800.0,8103800,31.081650875399127,-98.01702794539656,"Lampasas Rv nr Kempner, TX",2016,169.58064516129033,155.40689655172415,513.0,637.9666666666667,764.6129032258065,970.8666666666667,103.47096774193548,165.77096774193546,123.83,45.09032258064516,50.03333333333333,46.380645161290325
8103800,LAKE50,USGS GAGE,8103800.0,8103800,31.081650875399127,-98.01702794539656,"Lampasas Rv nr Kempner, TX",2017,64.48709677419355,124.83214285714287,104.41612903225807,296.2566666666667,93.23548387096774,203.79333333333335,37.09032258064516,22.761290322580646,22.970000000000002,20.10967741935484,19.42,16.6
8103800,LAKE50,USGS GAGE,8103800.0,8103800,31.081650875399127,-98.01702794539656,"Lampasas Rv nr Kempner, TX",2018,13.600000000000001,24.935714285714287,13.506451612903225,13.366666666666667,25.838709677419356,12.008666666666667,8.448709677419355,6.836774193548387,12.035,1819.0774193548389,402.6666666666667,823.9032258064516
8103800,LAKE50,USGS GAGE,8103800.0,8103800,31.081650875399127,-98.01702794539656,"Lampasas Rv nr Kempner, TX",2019,796.0,271.39285714285717,283.16129032258067,206.13333333333333,443.5483870967742,138.49666666666664,43.91935483870968,24.493548387096773,22.203333333333333,19.770967741935483,18.136666666666667,19.838709677419356
8103800,LAKE50,USGS GAGE,8103800.0,8103800,31.081650875399127,-98.01702794539656,"Lampasas Rv nr Kempner, TX",2020,15.40967741935484,28.658620689655173,102.50645161290322,143.27666666666667,91.20645161290322,44.02333333333333,17.42258064516129,23.758064516129032,687.2099999999999,52.63225806451613,62.98,47.067741935483866
8103800,LAKE50,USGS GAGE,8103800.0,8103800,31.081650875399127,-98.01702794539656,"Lampasas Rv nr Kempner, TX",2021,42.961290322580645,40.346428571428575,28.38064516129032,30.903333333333332,176.13870967741937,178.25666666666666,119.51935483870967,28.925806451612903,22.976666666666667,27.251612903225805,17.452333333333335,16.35483870967742
8103800,LAKE50,USGS GAGE,8103800.0,8103800,31.081650875399127,-98.01702794539656,"Lampasas Rv nr Kempner, TX",2022,15.383870967741935,35.41428571428572,24.874193548387098,9.05,12.241612903225807,9.739666666666666,7.179354838709678,10.743548387096775,13.649333333333335,9.348709677419356,45.23266666666667,15.458064516129031
8103800,LAKE50,USGS GAGE,8103800.0,8103800,31.081650875399127,-98.01702794539656,"Lampasas Rv nr Kempner, TX",2023,14.48709677419355,14.200000000000001,20.516129032258064,14.233333333333333,15.603225806451613,10.253333333333334,5.991935483870968,8.898387096774194,37.184666666666665,234.8451612903226,11.096666666666666,9.129032258064516
8103800,LAKE50,USGS GAGE,8103800.0,8103800,31.081650875399127,-98.01702794539656,"Lampasas Rv nr Kempner, TX",2024,10.196451612903225,30.593103448275862,24.967741935483872,45.376666666666665,3249.777419354839,255.59333333333333,53.696774193548386,26.29032258064516,19.826666666666664,15.935483870967742,16.863333333333333,19.56451612903226
8104100,LABE52,USGS GAGE,8104100.0,8104100,31.00175399048184,-97.49202967974104,"Lampasas Rv nr Belton, TX",2010,397.2258064516129,3286.0714285714284,1282.8387096774193,654.7333333333333,369.61290322580646,115.13666666666667,77.90774193548387,10.98709677419355,871.98,20.63225806451613,19.846666666666668,10.058387096774194
8104100,LABE52,USGS GAGE,8104100.0,8104100,31.00175399048184,-97.49202967974104,"Lampasas Rv nr Belton, TX",2011,29.81709677419355,28.446428571428573,25.966451612903228,110.34033333333333,161.91774193548386,212.6,365.39580645161294,237.73580645161292,2.470666666666667,1.7548387096774194,1.6903333333333335,1.879677419354839
8104100,LABE52,USGS GAGE,8104100.0,8104100,31.00175399048184,-97.49202967974104,"Lampasas Rv nr Belton, TX",2012,1.7661290322580645,5.33551724137931,14.51258064516129,12.526666666666667,13.548387096774194,10.55,7.917419354838709,6.411935483870968,6.38,6.174838709677419,7.100333333333333,5.972903225806451
8104100,LABE52,USGS GAGE,8104100.0,8104100,31.00175399048184,-97.49202967974104,"Lampasas Rv nr Belton, TX",2013,5.323548387096774,4.041428571428571,4.321290322580645,3.1866666666666665,3.178709677419355,2.4156666666666666,2.830322580645161,2.23,2.744666666666667,4.587741935483871,6.682666666666666,6.482903225806451
8104100,LABE52,USGS GAGE,8104100.0,8104100,31.00175399048184,-97.49202967974104,"Lampasas Rv nr Belton, TX",2014,2.9080645161290324,2.5799999999999996,2.452258064516129,3.0923333333333334,3.4106451612903226,2.1233333333333335,3.5893548387096774,1.9416129032258065,4.358666666666666,1.4351612903225808,1.5733333333333335,4.968387096774194
8104100,LABE52,USGS GAGE,8104100.0,8104100,31.00175399048184,-97.49202967974104,"Lampasas Rv nr Belton, TX",2015,5.048709677419355,2.5482142857142853,5.419354838709677,3.0483333333333333,11.899354838709677,657.7333333333333,210.7483870967742,13.774193548387096,10.716333333333333,69.37483870967742,797.2333333333333,1312.7096774193549
8104100,LABE52,USGS GAGE,8104100.0,8104100,31.00175399048184,-97.49202967974104,"Lampasas Rv nr Belton, TX",2016,422.68709677419355,292.58620689655174,904.3,363.19,808.5967741935484,1616.6399999999999,1318.3225806451612,437.64516129032256,276.2366666666667,108.77741935483871,79.33,78.51935483870967
8104100,LABE52,USGS GAGE,8104100.0,8104100,31.00175399048184,-97.49202967974104,"Lampasas Rv nr Belton, TX",2017,199.09677419354838,280.51785714285717,377.61290322580646,799.51,98.83870967741936,220.43566666666666,10.618387096774194,12.067741935483872,10.603333333333333,10.855483870967742,8.885,7.723870967741935
8104100,LABE52,USGS GAGE,8104100.0,8104100,31.00175399048184,-97.49202967974104,"Lampasas Rv nr Belton, TX",2018,6.6335483870967735,5.411428571428572,5.819354838709677,9.563333333333333,7.227096774193548,4.348,3.856451612903226,3.7316129032258067,4.814666666666667,407.2041935483871,1252.6666666666667,1592.3709677419354
8104100,LABE52,USGS GAGE,8104100.0,8104100,31.00175399048184,-97.49202967974104,"Lampasas Rv nr Belton, TX",2019,1903.1612903225807,1228.675,417.4806451612903,325.62333333333333,624.7677419354839,1196.7333333333333,131.76451612903224,12.203225806451613,11.223333333333333,10.98709677419355,9.419666666666666,8.452580645161289
8104100,LABE52,USGS GAGE,8104100.0,8104100,31.00175399048184,-97.49202967974104,"Lampasas Rv nr Belton, TX",2020,7.35,9.813448275862068,10.27774193548387,14.295333333333334,163.5483870967742,9.116333333333333,7.650322580645161,5.863548387096775,63.006,20.370967741935484,14.363333333333333,12.451612903225806
8104100,LABE52,USGS GAGE,8104100.0,8104100,31.00175399048184,-97.49202967974104,"Lampasas Rv nr Belton, TX",2021,95.5,10.086428571428572,8.974838709677421,6.908333333333333,16.905161290322578,582.3666666666667,136.36967741935484,49.20967741935484,9.815666666666665,9.177741935483871,10.129666666666667,9.202258064516128
8104100,LABE52,USGS GAGE,8104100.0,8104100,31.00175399048184,-97.49202967974104,"Lampasas Rv nr Belton, TX",2022,7.608064516129032,7.54,5.4474193548387095,5.612,4.822258064516129,3.472666666666667,2.582258064516129,4.839032258064516,3.4283333333333332,2.7819354838709676,5.490333333333334,3.86
8104100,LABE52,USGS GAGE,8104100.0,8104100,31.00175399048184,-97.49202967974104,"Lampasas Rv nr Belton, TX",2023,1.1103225806451613,5.476785714285714,3.4729032258064514,4.13,4.7377419354838715,2.3913333333333333,1.0703225806451613,0.6361290322580645,0.8586666666666667,2.194516129032258,3.377666666666667,6.368387096774193
8104100,LABE52,USGS GAGE,8104100.0,8104100,31.00175399048184,-97.49202967974104,"Lampasas Rv nr Belton, TX",2024,9.683548387096774,7.527586206896552,5.640322580645161,34.323,857.2612903225806,1774.1666666666667,579.9967741935484,21.59032258064516,16.233333333333334,13.293548387096775,12.352333333333332,8.44741935483871
8104500,LRLR53,USGS GAGE,8104500.0,8104500,30.96666038112089,-97.34595389612244,"Little Rv nr Little River, TX",2010,1405.5483870967741,8833.57142857143,5476.129032258064,1963.1,793.1935483870968,335.3,325.2903225806452,89.93548387096774,3871.2533333333336,151.06451612903226,120.26666666666667,109.91935483870968
8104500,LRLR53,USGS GAGE,8104500.0,8104500,30.96666038112089,-97.34595389612244,"Little Rv nr Little River, TX",2011,205.33225806451614,136.92857142857142,108.71290322580644,184.8,310.5806451612903,281.23333333333335,447.0,390.51612903225805,215.96666666666667,114.13225806451612,56.15333333333333,126.94193548387096
8104500,LRLR53,USGS GAGE,8104500.0,8104500,30.96666038112089,-97.34595389612244,"Little Rv nr Little River, TX",2012,133.6516129032258,230.4551724137931,2132.0,1252.0,112.55806451612904,99.9,81.28387096774195,170.48387096774192,130.41333333333333,65.96129032258064,57.04666666666667,79.58709677419354
8104500,LRLR53,USGS GAGE,8104500.0,8104500,30.96666038112089,-97.34595389612244,"Little Rv nr Little River, TX",2013,165.3774193548387,90.72500000000001,79.03870967741935,67.90333333333334,185.44193548387096,55.04,288.4548387096774,363.0967741935484,266.57,242.33548387096772,160.44333333333333,133.16129032258064
8104500,LRLR53,USGS GAGE,8104500.0,8104500,30.96666038112089,-97.34595389612244,"Little Rv nr Little River, TX",2014,99.3258064516129,86.75357142857142,96.8483870967742,72.83,204.10645161290324,95.73666666666666,73.62258064516129,102.99032258064516,108.95,75.23225806451612,111.27666666666666,74.76451612903226
8104500,LRLR53,USGS GAGE,8104500.0,8104500,30.96666038112089,-97.34595389612244,"Little Rv nr Little River, TX",2015,163.4225806451613,98.16785714285713,194.41290322580645,118.66333333333334,938.332258064516,2900.5333333333333,4629.354838709677,830.2258064516129,100.14,1583.6193548387096,3685.3333333333335,4915.4838709677415
8104500,LRLR53,USGS GAGE,8104500.0,8104500,30.96666038112089,-97.34595389612244,"Little Rv nr Little River, TX",2016,3293.7096774193546,1114.1724137931035,3524.6451612903224,2061.9333333333334,4930.548387096775,6981.533333333334,7408.387096774193,3375.1612903225805,869.5666666666667,230.96451612903223,707.6,345.06451612903226
8104500,LRLR53,USGS GAGE,8104500.0,8104500,30.96666038112089,-97.34595389612244,"Little Rv nr Little River, TX",2017,1077.3225806451612,1197.5357142857142,1028.032258064516,4597.666666666667,543.3870967741935,1271.3666666666666,260.4193548387097,133.52903225806452,84.07333333333332,86.96129032258064,75.48,94.85483870967742
8104500,LRLR53,USGS GAGE,8104500.0,8104500,30.96666038112089,-97.34595389612244,"Little Rv nr Little River, TX",2018,67.27741935483871,96.97857142857143,115.49354838709678,93.83666666666666,120.3967741935484,43.93666666666666,41.303225806451614,69.78064516129032,182.58333333333334,3235.6387096774192,6247.333333333333,4410.4838709677415
8104500,LRLR53,USGS GAGE,8104500.0,8104500,30.96666038112089,-97.34595389612244,"Little Rv nr Little River, TX",2019,5899.354838709677,3569.3214285714284,1171.8064516129032,1435.9666666666667,5969.677419354839,4952.666666666667,602.6774193548387,100.58387096774193,71.57666666666667,84.52258064516128,96.3,84.15806451612903
8104500,LRLR53,USGS GAGE,8104500.0,8104500,30.96666038112089,-97.34595389612244,"Little Rv nr Little River, TX",2020,96.3483870967742,194.51379310344825,1072.7838709677421,1754.8333333333333,703.8387096774194,91.57666666666667,80.06774193548387,45.829032258064515,1186.7466666666667,101.80645161290323,85.38333333333334,118.29032258064517
8104500,LRLR53,USGS GAGE,8104500.0,8104500,30.96666038112089,-97.34595389612244,"Little Rv nr Little River, TX",2021,266.0,136.28214285714287,113.00645161290322,118.18,1185.1774193548388,5455.033333333334,2010.0,330.7129032258065,94.59666666666666,207.7741935483871,152.26666666666668,144.78064516129032
8104500,LRLR53,USGS GAGE,8104500.0,8104500,30.96666038112089,-97.34595389612244,"Little Rv nr Little River, TX",2022,111.50322580645161,161.7392857142857,105.09032258064516,147.82333333333332,118.26774193548387,49.526666666666664,67.9258064516129,138.0774193548387,204.54666666666665,290.2129032258065,136.02333333333334,78.81935483870969
8104500,LRLR53,USGS GAGE,8104500.0,8104500,30.96666038112089,-97.34595389612244,"Little Rv nr Little River, TX",2023,77.7741935483871,142.2642857142857,96.23870967741935,232.57333333333332,246.36129032258063,49.62,40.32258064516129,32.44838709677419,63.343333333333334,110.61290322580645,76.82666666666667,148.8290322580645
8104500,LRLR53,USGS GAGE,8104500.0,8104500,30.96666038112089,-97.34595389612244,"Little Rv nr Little River, TX",2024,319.14193548387095,185.10344827586206,124.61290322580645,720.2833333333333,4909.0,6047.666666666667,2258.7419354838707,180.5,95.2,72.55806451612904,102.11,83.97419354838709
8104700,NGGE54,USGS GAGE,8104700.0,8104700,30.66216232592956,-97.71087082927946,"N Fk San Gabriel Rv nr Georgetown, TX",2010,112.33967741935484,659.0714285714286,145.40870967741935,73.825,12.838709677419354,6.066,6.035483870967742,1.022258064516129,99.512,3.438064516129032,0.9686666666666668,0.9416129032258065
8104700,NGGE54,USGS GAGE,8104700.0,8104700,30.66216232592956,-97.71087082927946,"N Fk San Gabriel Rv nr Georgetown, TX",2011,0.9087096774193549,1.3489285714285715,0.9983870967741936,0.40800000000000003,0.5725806451612904,1.4283333333333335,1.1164516129032258,5.48258064516129,5.4943333333333335,0.1735483870967742,0.402,0.46774193548387094
8104700,NGGE54,USGS GAGE,8104700.0,8104700,30.66216232592956,-97.71087082927946,"N Fk San Gabriel Rv nr Georgetown, TX",2012,0.4654838709677419,1.1400000000000001,1.5138709677419355,0.8306666666666668,0.6000000000000001,0.8193333333333332,0.6996774193548387,1.44,1.1173333333333335,0.8083870967741935,1.6806666666666668,0.8790322580645161
8104700,NGGE54,USGS GAGE,8104700.0,8104700,30.66216232592956,-97.71087082927946,"N Fk San Gabriel Rv nr Georgetown, TX",2013,0.5932258064516129,0.6185714285714285,0.4358064516129032,0.5526666666666668,0.6103225806451613,0.25233333333333335,0.2948387096774194,0.48451612903225805,0.507,0.6151612903225806,1.8423333333333334,0.8261290322580644
8104700,NGGE54,USGS GAGE,8104700.0,8104700,30.66216232592956,-97.71087082927946,"N Fk San Gabriel Rv nr Georgetown, TX",2014,0.7693548387096775,0.7664285714285715,1.0706451612903225,0.4666666666666667,1.1051612903225805,1.6463333333333334,1.0893548387096774,0.6474193548387097,0.794,0.8796774193548387,0.7656666666666666,0.4961290322580645
8104700,NGGE54,USGS GAGE,8104700.0,8104700,30.66216232592956,-97.71087082927946,"N Fk San Gabriel Rv nr Georgetown, TX",2015,0.6874193548387096,0.875357142857143,1.1174193548387097,0.7496666666666666,16.94709677419355,260.55466666666666,32.49258064516129,1.8116129032258064,0.909,2.0425806451612902,1.9106666666666667,175.7751612903226
8104700,NGGE54,USGS GAGE,8104700.0,8104700,30.66216232592956,-97.71087082927946,"N Fk San Gabriel Rv nr Georgetown, TX",2016,55.74354838709677,19.62896551724138,206.66516129032257,46.30333333333333,340.5,279.5903333333333,29.476451612903226,37.76129032258064,7.185333333333333,3.584516129032258,3.5013333333333336,2.801612903225806
8104700,NGGE54,USGS GAGE,8104700.0,8104700,30.66216232592956,-97.71087082927946,"N Fk San Gabriel Rv nr Georgetown, TX",2017,26.226451612903226,88.18928571428572,95.8616129032258,37.300666666666665,1.6674193548387095,1.8359999999999999,2.227096774193549,2.6351612903225807,3.6563333333333334,1.8277419354838709,3.4253333333333336,1.719032258064516
8104700,NGGE54,USGS GAGE,8104700.0,8104700,30.66216232592956,-97.71087082927946,"N Fk San Gabriel Rv nr Georgetown, TX",2018,1.2903225806451613,1.1192857142857142,1.242258064516129,1.7349999999999999,1.507741935483871,0.818,1.1564516129032258,1.4151612903225805,1.7446666666666668,263.2883870967742,241.62333333333333,153.6422580645161
8104700,NGGE54,USGS GAGE,8104700.0,8104700,30.66216232592956,-97.71087082927946,"N Fk San Gabriel Rv nr Georgetown, TX",2019,534.9387096774193,139.53571428571428,61.76870967741935,17.778000000000002,214.43870967741935,197.60333333333335,37.14064516129032,2.2745161290322584,1.5083333333333333,1.5970967741935482,6.840999999999999,2.9493548387096777
8104700,NGGE54,USGS GAGE,8104700.0,8104700,30.66216232592956,-97.71087082927946,"N Fk San Gabriel Rv nr Georgetown, TX",2020,0.9032258064516129,1.123448275862069,1.6148387096774195,1.5183333333333333,1.243548387096774,1.3566666666666667,1.0993548387096774,1.2712903225806451,0.9463333333333334,1.3458064516129031,1.2713333333333334,1.2509677419354839
8104700,NGGE54,USGS GAGE,8104700.0,8104700,30.66216232592956,-97.71087082927946,"N Fk San Gabriel Rv nr Georgetown, TX",2021,1.4258064516129034,2.4339285714285714,1.1241935483870968,2.213,1.9009677419354838,2.3156666666666665,1.5390322580645162,1.5819354838709676,1.3363333333333334,1.8561290322580646,1.748,1.5164516129032257
8104700,NGGE54,USGS GAGE,8104700.0,8104700,30.66216232592956,-97.71087082927946,"N Fk San Gabriel Rv nr Georgetown, TX",2022,1.4803225806451612,1.6032142857142857,0.8383870967741937,0.41333333333333333,0.2803225806451613,0.05533333333333334,0.7187096774193549,1.4667741935483871,1.254,1.8267741935483872,1.6343333333333334,1.6458064516129034
8104700,NGGE54,USGS GAGE,8104700.0,8104700,30.66216232592956,-97.71087082927946,"N Fk San Gabriel Rv nr Georgetown, TX",2023,1.3019354838709678,1.4949999999999999,1.604516129032258,1.6116666666666668,2.065483870967742,1.5336666666666665,1.5919354838709678,1.2287096774193547,1.1233333333333335,0.942258064516129,1.428,0.5083870967741936
8104700,NGGE54,USGS GAGE,8104700.0,8104700,30.66216232592956,-97.71087082927946,"N Fk San Gabriel Rv nr Georgetown, TX",2024,2.21741935483871,0.79,0.4729032258064516,0.3893333333333333,0.9696774193548388,0.37266666666666665,0.7906451612903226,0.7174193548387098,0.42,0.19419354838709676,0.378,0.9787096774193549
8104900,SGGE55,USGS GAGE,8104900.0,8104900,30.62602662493732,-97.69111191658286,"S Fk San Gabriel Rv at Georgetown, TX",2010,127.09032258064516,230.35714285714286,159.74193548387098,81.79333333333334,32.803225806451614,10.899333333333335,10.29483870967742,0.6525806451612903,256.27000000000004,15.126451612903226,8.047,5.934193548387097
8104900,SGGE55,USGS GAGE,8104900.0,8104900,30.62602662493732,-97.69111191658286,"S Fk San Gabriel Rv at Georgetown, TX",2011,9.176451612903227,6.145714285714286,3.721290322580645,1.9853333333333334,0.4164516129032258,0.10266666666666667,0.07838709677419356,0.030000000000000002,0.014333333333333333,0.36645161290322587,1.7026666666666666,3.6129032258064515
8104900,SGGE55,USGS GAGE,8104900.0,8104900,30.62602662493732,-97.69111191658286,"S Fk San Gabriel Rv at Georgetown, TX",2012,3.5751612903225807,20.537586206896552,79.99612903225807,18.238333333333333,18.782258064516128,3.6286666666666667,3.1345161290322583,2.563548387096774,11.298333333333334,3.4322580645161294,1.3666666666666667,1.3516129032258064
8104900,SGGE55,USGS GAGE,8104900.0,8104900,30.62602662493732,-97.69111191658286,"S Fk San Gabriel Rv at Georgetown, TX",2013,5.240322580645161,2.0900000000000003,1.944193548387097,1.8816666666666668,4.2212903225806455,0.06533333333333334,0.876774193548387,0.34483870967741936,11.172333333333333,4.606129032258064,17.180333333333333,21.309677419354838
8104900,SGGE55,USGS GAGE,8104900.0,8104900,30.62602662493732,-97.69111191658286,"S Fk San Gabriel Rv at Georgetown, TX",2014,9.14225806451613,4.480357142857143,5.964838709677419,7.453666666666667,14.303225806451612,7.426,13.616129032258065,0.4509677419354839,1.3963333333333334,3.57741935483871,12.958,4.624193548387097
8104900,SGGE55,USGS GAGE,8104900.0,8104900,30.62602662493732,-97.69111191658286,"S Fk San Gabriel Rv at Georgetown, TX",2015,9.886129032258063,8.853214285714285,43.457741935483874,21.526666666666664,403.0,125.63000000000001,45.116129032258065,7.110967741935484,1.5366666666666666,77.01225806451613,90.81333333333333,89.97741935483872
8104900,SGGE55,USGS GAGE,8104900.0,8104900,30.62602662493732,-97.69111191658286,"S Fk San Gabriel Rv at Georgetown, TX",2016,49.94193548387097,35.30344827586207,99.58709677419354,129.05666666666667,153.9741935483871,112.33,21.89032258064516,85.93161290322581,62.37,31.483870967741936,55.083333333333336,85.86774193548388
8104900,SGGE55,USGS GAGE,8104900.0,8104900,30.62602662493732,-97.69111191658286,"S Fk San Gabriel Rv at Georgetown, TX",2017,89.85806451612903,91.63214285714285,68.22258064516129,35.973333333333336,16.361290322580643,11.708,2.9358064516129034,14.946129032258064,7.015,6.075483870967742,6.174,6.6006451612903225
8104900,SGGE55,USGS GAGE,8104900.0,8104900,30.62602662493732,-97.69111191658286,"S Fk San Gabriel Rv at Georgetown, TX",2018,5.598387096774194,5.574642857142857,7.328709677419355,7.061333333333334,16.081935483870968,9.918,2.863225806451613,2.848064516129032,354.104,418.2548387096774,108.25333333333333,130.7709677419355
8104900,SGGE55,USGS GAGE,8104900.0,8104900,30.62602662493732,-97.69111191658286,"S Fk San Gabriel Rv at Georgetown, TX",2019,195.90322580645162,86.18214285714285,54.37096774193548,95.84333333333333,194.28709677419354,78.31333333333333,23.17064516129032,2.574193548387097,1.2950000000000002,3.07741935483871,5.612666666666667,5.589677419354839
8104900,SGGE55,USGS GAGE,8104900.0,8104900,30.62602662493732,-97.69111191658286,"S Fk San Gabriel Rv at Georgetown, TX",2020,6.956451612903226,18.40793103448276,18.11967741935484,31.966666666666665,25.441935483870967,9.039666666666667,1.6061290322580646,1.0183870967741935,7.038666666666667,3.073225806451613,3.256666666666667,5.565483870967742
8104900,SGGE55,USGS GAGE,8104900.0,8104900,30.62602662493732,-97.69111191658286,"S Fk San Gabriel Rv at Georgetown, TX",2021,9.11741935483871,11.254999999999999,7.782258064516129,5.664666666666666,59.12903225806452,142.87666666666667,49.5258064516129,13.832258064516129,10.251333333333333,28.34,29.006666666666668,12.750645161290322
8104900,SGGE55,USGS GAGE,8104900.0,8104900,30.62602662493732,-97.69111191658286,"S Fk San Gabriel Rv at Georgetown, TX",2022,9.387419354838709,19.224999999999998,10.938387096774193,8.820333333333334,11.829032258064515,7.776333333333333,2.264516129032258,6.526774193548388,10.010666666666667,9.508064516129032,20.622666666666664,9.973548387096775
8104900,SGGE55,USGS GAGE,8104900.0,8104900,30.62602662493732,-97.69111191658286,"S Fk San Gabriel Rv at Georgetown, TX",2023,6.309354838709678,27.593214285714286,14.46483870967742,35.068666666666665,45.748387096774195,17.57133333333333,4.332580645161291,3.1867741935483873,9.865666666666666,19.230645161290322,17.766666666666666,26.38258064516129
8104900,SGGE55,USGS GAGE,8104900.0,8104900,30.62602662493732,-97.69111191658286,"S Fk San Gabriel Rv at Georgetown, TX",2024,70.36451612903227,45.53103448275862,21.09032258064516,36.983333333333334,119.9483870967742,36.843333333333334,24.145806451612902,9.856451612903227,8.256,3.8319354838709674,8.275666666666668,7.7380645161290325
8105700,GALA57,USGS GAGE,8105700.0,8105700,30.694443628895,-97.2790336819017,"San Gabriel Rv at Laneport, TX",2010,495.3032258064516,1626.392857142857,832.7516129032258,341.07,98.12903225806451,99.39966666666668,28.27258064516129,6.159354838709677,1305.4836666666667,66.23225806451612,47.27333333333333,19.855483870967742
8105700,GALA57,USGS GAGE,8105700.0,8105700,30.694443628895,-97.2790336819017,"San Gabriel Rv at Laneport, TX",2011,4.838387096774194,4.165,17.73516129032258,6.595333333333333,9.8,1.9476666666666667,1.8974193548387097,2.1393548387096772,3.441666666666667,3.154516129032258,2.5243333333333333,3.081935483870968
8105700,GALA57,USGS GAGE,8105700.0,8105700,30.694443628895,-97.2790336819017,"San Gabriel Rv at Laneport, TX",2012,4.949677419354838,7.806206896551724,204.31129032258065,115.52933333333334,10.083548387096775,9.833666666666666,3.5458064516129033,4.462580645161291,4.217333333333333,2.797741935483871,3.3070000000000004,3.648064516129032
8105700,GALA57,USGS GAGE,8105700.0,8105700,30.694443628895,-97.2790336819017,"San Gabriel Rv at Laneport, TX",2013,2.754516129032258,2.0300000000000002,2.136774193548387,2.02,13.193548387096774,29.157333333333334,11.148709677419355,1.213548387096774,7.596666666666667,10.48741935483871,104.09933333333333,199.25806451612902
8105700,GALA57,USGS GAGE,8105700.0,8105700,30.694443628895,-97.2790336819017,"San Gabriel Rv at Laneport, TX",2014,111.69999999999999,40.86071428571428,51.00645161290323,59.97633333333333,21.787419354838708,56.77833333333333,37.53967741935484,27.983225806451614,8.703333333333335,3.548064516129032,50.458999999999996,138.59032258064516
8105700,GALA57,USGS GAGE,8105700.0,8105700,30.694443628895,-97.2790336819017,"San Gabriel Rv at Laneport, TX",2015,210.90322580645162,202.12857142857143,306.6741935483871,155.542,338.79322580645163,2327.1,191.96451612903223,32.395161290322584,5.047666666666667,15.776129032258064,828.2533333333333,608.9967741935484
8105700,GALA57,USGS GAGE,8105700.0,8105700,30.694443628895,-97.2790336819017,"San Gabriel Rv at Laneport, TX",2016,481.16129032258067,189.75862068965517,709.3870967741935,806.55,1395.2129032258065,1501.1066666666666,264.61290322580646,634.6419354838711,330.53333333333336,119.35483870967742,202.42666666666668,156.0774193548387
8105700,GALA57,USGS GAGE,8105700.0,8105700,30.694443628895,-97.2790336819017,"San Gabriel Rv at Laneport, TX",2017,276.64516129032256,356.07142857142856,357.416129032258,361.55,41.15774193548387,41.778,1.926774193548387,52.005806451612905,255.63733333333332,43.79806451612903,4.066333333333334,102.28354838709677
8105700,GALA57,USGS GAGE,8105700.0,8105700,30.694443628895,-97.2790336819017,"San Gabriel Rv at Laneport, TX",2018,21.500967741935483,80.35785714285714,87.90741935483871,213.77066666666667,28.44741935483871,1.5476666666666667,1.2283870967741934,0.3693548387096774,275.25333333333333,952.9003225806451,1108.7333333333333,780.6064516129032
8105700,GALA57,USGS GAGE,8105700.0,8105700,30.694443628895,-97.2790336819017,"San Gabriel Rv at Laneport, TX",2019,1847.1580645161291,382.75,228.43354838709675,520.8063333333333,1057.8612903225805,785.4333333333333,149.71548387096774,4.98258064516129,4.332333333333334,3.105483870967742,2.493333333333333,1.0993548387096774
8105700,GALA57,USGS GAGE,8105700.0,8105700,30.694443628895,-97.2790336819017,"San Gabriel Rv at Laneport, TX",2020,80.99225806451612,106.45172413793104,106.81,112.61766666666668,62.400000000000006,7.887666666666666,3.460322580645161,1.9854838709677418,1.8783333333333334,1.8116129032258064,1.2003333333333333,1.5499999999999998
8105700,GALA57,USGS GAGE,8105700.0,8105700,30.694443628895,-97.2790336819017,"San Gabriel Rv at Laneport, TX",2021,1.5777419354838709,2.3414285714285716,20.606451612903225,13.028666666666668,203.3577419354839,558.1086666666666,155.58064516129033,69.53225806451613,8.205666666666666,65.52967741935484,203.07133333333334,71.87161290322581
8105700,GALA57,USGS GAGE,8105700.0,8105700,30.694443628895,-97.2790336819017,"San Gabriel Rv at Laneport, TX",2022,100.73225806451612,320.89285714285717,71.63225806451612,53.233333333333334,39.567419354838705,21.176333333333332,9.041612903225808,4.7864516129032255,5.644666666666667,6.2706451612903225,7.429666666666666,7.206451612903226
8105700,GALA57,USGS GAGE,8105700.0,8105700,30.694443628895,-97.2790336819017,"San Gabriel Rv at Laneport, TX",2023,4.819999999999999,90.85249999999999,69.61935483870967,153.108,170.24193548387098,13.838333333333333,5.942903225806451,22.274838709677418,16.615,6.408387096774193,3.8986666666666663,4.3509677419354835
8105700,GALA57,USGS GAGE,8105700.0,8105700,30.694443628895,-97.2790336819017,"San Gabriel Rv at Laneport, TX",2024,76.89935483870968,287.2910344827586,57.16709677419355,113.22666666666667,555.5803225806452,349.8666666666667,23.565483870967743,53.82258064516129,28.78666666666667,5.961290322580646,20.003333333333334,20.538709677419355
8106500,LRCA58,USGS GAGE,8106500.0,8106500,30.831515543117664,-96.95005765227188,"Little Rv nr Cameron, TX",2010,2505.8064516129034,11121.07142857143,7297.741935483871,2631.0,1128.3225806451612,718.5333333333333,518.6129032258065,142.17741935483872,5533.433333333333,391.03225806451616,256.9,200.1290322580645
8106500,LRCA58,USGS GAGE,8106500.0,8106500,30.831515543117664,-96.95005765227188,"Little Rv nr Cameron, TX",2011,377.8709677419355,229.57142857142858,153.1290322580645,196.73333333333332,333.0,254.33333333333334,399.64516129032256,349.1290322580645,203.3,141.78064516129032,63.593333333333334,243.81612903225806
8106500,LRCA58,USGS GAGE,8106500.0,8106500,30.831515543117664,-96.95005765227188,"Little Rv nr Cameron, TX",2012,631.8290322580646,1710.103448275862,3626.7419354838707,1713.7,267.583870967742,102.53333333333333,234.91290322580645,177.9516129032258,133.50666666666666,138.55161290322582,68.33666666666666,88.49677419354839
8106500,LRCA58,USGS GAGE,8106500.0,8106500,30.831515543117664,-96.95005765227188,"Little Rv nr Cameron, TX",2013,410.258064516129,144.625,128.38387096774193,143.36333333333332,241.67741935483872,87.11666666666666,323.0870967741936,329.5483870967742,363.02000000000004,746.6580645161291,2167.1666666666665,503.38709677419354
8106500,LRCA58,USGS GAGE,8106500.0,8106500,30.831515543117664,-96.95005765227188,"Little Rv nr Cameron, TX",2014,312.38709677419354,208.5,232.1290322580645,209.37333333333333,835.6580645161291,331.3333333333333,413.03225806451616,131.94193548387096,419.14000000000004,132.28709677419354,557.4866666666666,303.64516129032256
8106500,LRCA58,USGS GAGE,8106500.0,8106500,30.831515543117664,-96.95005765227188,"Little Rv nr Cameron, TX",2015,1449.6451612903227,434.42857142857144,2046.258064516129,523.6666666666666,6986.774193548387,6843.666666666667,5447.096774193548,950.2258064516129,148.73333333333332,2143.3,7851.666666666667,6647.741935483871
8106500,LRCA58,USGS GAGE,8106500.0,8106500,30.831515543117664,-96.95005765227188,"Little Rv nr Cameron, TX",2016,4187.096774193548,1535.1724137931035,5444.129032258064,6340.0,9282.90322580645,9347.666666666666,8050.322580645161,5988.064516129032,1643.3,504.16129032258067,1245.8666666666666,891.9354838709677
8106500,LRCA58,USGS GAGE,8106500.0,8106500,30.831515543117664,-96.95005765227188,"Little Rv nr Cameron, TX",2017,2332.967741935484,2038.607142857143,1843.225806451613,5804.0,1059.6129032258063,1508.0,380.90967741935486,1612.8548387096773,569.7666666666667,311.6774193548387,143.18666666666667,526.7096774193549
8106500,LRCA58,USGS GAGE,8106500.0,8106500,30.831515543117664,-96.95005765227188,"Little Rv nr Cameron, TX",2018,204.7741935483871,334.4642857142857,1249.0645161290322,580.0666666666667,270.61290322580646,137.72666666666666,115.6032258064516,88.07096774193548,1002.2233333333334,5121.096774193548,7483.333333333333,7644.5161290322585
8106500,LRCA58,USGS GAGE,8106500.0,8106500,30.831515543117664,-96.95005765227188,"Little Rv nr Cameron, TX",2019,10015.483870967742,4508.571428571428,1718.741935483871,4985.3,10097.09677419355,6680.0,932.5483870967741,195.38709677419354,143.73333333333332,172.61290322580646,196.9,181.8709677419355
8106500,LRCA58,USGS GAGE,8106500.0,8106500,30.831515543117664,-96.95005765227188,"Little Rv nr Cameron, TX",2020,316.51612903225805,495.44827586206895,1254.0,2283.0333333333333,904.9677419354839,244.4,108.58709677419354,78.14838709677419,1139.0533333333333,203.3548387096774,125.77666666666667,221.2258064516129
8106500,LRCA58,USGS GAGE,8106500.0,8106500,30.831515543117664,-96.95005765227188,"Little Rv nr Cameron, TX",2021,666.6129032258065,351.42857142857144,279.7741935483871,202.26666666666668,1822.7096774193549,6687.0,2645.1612903225805,714.3870967741935,195.22,605.8709677419355,638.2333333333333,607.741935483871
8106500,LRCA58,USGS GAGE,8106500.0,8106500,30.831515543117664,-96.95005765227188,"Little Rv nr Cameron, TX",2022,329.7741935483871,1940.7142857142858,590.5483870967741,352.56666666666666,328.93548387096774,119.85333333333332,64.63548387096775,180.1483870967742,360.35,392.6774193548387,407.76666666666665,290.19354838709677
8106500,LRCA58,USGS GAGE,8106500.0,8106500,30.831515543117664,-96.95005765227188,"Little Rv nr Cameron, TX",2023,182.7741935483871,672.6071428571429,244.41935483870967,1362.0,1406.225806451613,215.96666666666667,86.15806451612903,43.21612903225807,105.42333333333333,244.458064516129,197.06666666666666,337.1290322580645
8106500,LRCA58,USGS GAGE,8106500.0,8106500,30.831515543117664,-96.95005765227188,"Little Rv nr Cameron, TX",2024,1410.0,873.1034482758621,373.4516129032258,1650.4,6861.612903225807,7500.333333333333,2479.5806451612902,343.48387096774195,210.71666666666667,90.55806451612904,219.56666666666666,193.67741935483872
8109700,MYDB60,USGS GAGE,8109700.0,8109700,30.339408885631794,-96.90432014146512,"Middle Yegua Ck nr Dime Box, TX",2010,47.00967741935484,185.53928571428574,42.47096774193548,16.033666666666665,33.47838709677419,142.1173333333333,6.0441935483870965,1.5593548387096776,2.820333333333333,1.0493548387096774,4.444999999999999,4.141612903225806
8109700,MYDB60,USGS GAGE,8109700.0,8109700,30.339408885631794,-96.90432014146512,"Middle Yegua Ck nr Dime Box, TX",2011,8.21516129032258,6.323214285714286,5.437096774193549,1.7466666666666666,8.026451612903225,0.9066666666666666,0.24064516129032257,0.0,0.0,0.0,0.0,7.891935483870968
8109700,MYDB60,USGS GAGE,8109700.0,8109700,30.339408885631794,-96.90432014146512,"Middle Yegua Ck nr Dime Box, TX",2012,109.85225806451614,103.51034482758621,267.1322580645161,23.77,10.710967741935484,6.649,4.466451612903226,1.3758064516129032,0.7953333333333333,3.2745161290322584,1.6596666666666666,2.99741935483871
8109700,MYDB60,USGS GAGE,8109700.0,8109700,30.339408885631794,-96.90432014146512,"Middle Yegua Ck nr Dime Box, TX",2013,18.655483870967743,6.433571428571428,5.699032258064515,6.309,14.190967741935484,1.6753333333333333,1.5925806451612903,0.9696774193548386,6.451666666666667,30.542903225806448,68.98666666666666,12.640322580645162
8109700,MYDB60,USGS GAGE,8109700.0,8109700,30.339408885631794,-96.90432014146512,"Middle Yegua Ck nr Dime Box, TX",2014,11.26,12.275,12.19741935483871,8.554333333333334,37.8558064516129,11.781333333333333,4.282258064516129,1.9416129032258065,5.496333333333333,5.546774193548386,14.235666666666667,9.358064516129033
8109700,MYDB60,USGS GAGE,8109700.0,8109700,30.339408885631794,-96.90432014146512,"Middle Yegua Ck nr Dime Box, TX",2015,185.1483870967742,18.385714285714283,213.79032258064515,57.669999999999995,1547.1967741935484,105.94,11.498709677419354,2.936774193548387,1.8846666666666667,360.1109677419355,509.85,197.55161290322582
8109700,MYDB60,USGS GAGE,8109700.0,8109700,30.339408885631794,-96.90432014146512,"Middle Yegua Ck nr Dime Box, TX",2016,62.37096774193548,24.455172413793104,236.14193548387095,669.1966666666667,936.3193548387097,181.02333333333334,8.266451612903225,441.2890322580645,20.470000000000002,11.190645161290323,34.03366666666667,83.10967741935484
8109700,MYDB60,USGS GAGE,8109700.0,8109700,30.339408885631794,-96.90432014146512,"Middle Yegua Ck nr Dime Box, TX",2017,204.7,109.57142857142857,37.68064516129032,56.876666666666665,18.177419354838708,15.070333333333334,7.707096774193548,461.21935483870965,72.89333333333335,16.643225806451614,11.582666666666666,17.12258064516129
8109700,MYDB60,USGS GAGE,8109700.0,8109700,30.339408885631794,-96.90432014146512,"Middle Yegua Ck nr Dime Box, TX",2018,13.39516129032258,17.99642857142857,67.56774193548387,79.85,16.293225806451613,6.6193333333333335,3.317096774193548,1.1748387096774193,13.967,90.6174193548387,90.59333333333333,613.0225806451613
8109700,MYDB60,USGS GAGE,8109700.0,8109700,30.339408885631794,-96.90432014146512,"Middle Yegua Ck nr Dime Box, TX",2019,306.15161290322584,37.03928571428571,28.361290322580647,264.9133333333333,864.1064516129032,47.35333333333333,15.072258064516129,2.044193548387097,1.8880000000000001,4.103548387096774,8.249666666666666,7.724838709677419
8109700,MYDB60,USGS GAGE,8109700.0,8109700,30.339408885631794,-96.90432014146512,"Middle Yegua Ck nr Dime Box, TX",2020,11.381612903225806,11.592068965517242,15.812903225806451,15.761666666666667,54.204193548387096,8.297666666666666,1.157741935483871,0.0,0.729,0.021612903225806453,0.0,1.0596774193548388
8109700,MYDB60,USGS GAGE,8109700.0,8109700,30.339408885631794,-96.90432014146512,"Middle Yegua Ck nr Dime Box, TX",2021,13.749032258064517,7.4957142857142856,5.110967741935484,3.3463333333333334,39.86258064516129,222.543,28.716451612903228,3.92,0.016666666666666666,5.202903225806451,14.583,26.78774193548387
8109700,MYDB60,USGS GAGE,8109700.0,8109700,30.339408885631794,-96.90432014146512,"Middle Yegua Ck nr Dime Box, TX",2022,9.475483870967743,110.41428571428571,59.89354838709678,14.908,4.760967741935484,0.5593333333333333,0.0,0.0,1.8490000000000002,0.0,0.0,26.976129032258065
8109700,MYDB60,USGS GAGE,8109700.0,8109700,30.339408885631794,-96.90432014146512,"Middle Yegua Ck nr Dime Box, TX",2023,10.85741935483871,39.412142857142854,5.452258064516129,105.22066666666666,192.93548387096774,7.993333333333334,0.015161290322580645,0.0,0.0,0.0,0.0,0.0003225806451612903
8109700,MYDB60,USGS GAGE,8109700.0,8109700,30.339408885631794,-96.90432014146512,"Middle Yegua Ck nr Dime Box, TX",2024,27.606129032258064,21.191724137931036,4.353870967741935,16.557,74.66483870967743,68.49600000000001,124.8367741935484,8.276774193548386,0.2776666666666667,0.0,0.0,0.0
8109800,EYDB61,USGS GAGE,8109800.0,8109800,30.40656156220073,-96.81773467399488,"E Yegua Ck nr Dime Box, TX",2010,62.38709677419355,160.59642857142856,47.751612903225805,14.918333333333333,17.324838709677422,286.97166666666664,7.852903225806451,1.333225806451613,3.652333333333333,0.22225806451612903,1.2443333333333333,0.876774193548387
8109800,EYDB61,USGS GAGE,8109800.0,8109800,30.40656156220073,-96.81773467399488,"E Yegua Ck nr Dime Box, TX",2011,3.019354838709677,3.0124999999999997,2.4783870967741937,0.6566666666666666,7.912903225806452,0.15266666666666667,0.08838709677419355,0.0,0.0,0.02935483870967742,0.37266666666666665,7.072258064516129
8109800,EYDB61,USGS GAGE,8109800.0,8109800,30.40656156220073,-96.81773467399488,"E Yegua Ck nr Dime Box, TX",2012,40.25483870967742,155.60999999999999,353.46580645161293,21.049666666666667,4.509677419354839,6.520333333333334,7.204516129032259,0.04225806451612903,0.07466666666666667,1.2654838709677418,0.26266666666666666,1.462258064516129
8109800,EYDB61,USGS GAGE,8109800.0,8109800,30.40656156220073,-96.81773467399488,"E Yegua Ck nr Dime Box, TX",2013,11.763548387096774,1.889642857142857,5.231935483870967,2.9846666666666666,8.610322580645162,0.18333333333333332,0.0,0.0,3.4699999999999998,38.94516129032258,68.01433333333334,12.490645161290324
8109800,EYDB61,USGS GAGE,8109800.0,8109800,30.40656156220073,-96.81773467399488,"E Yegua Ck nr Dime Box, TX",2014,5.459677419354839,4.878214285714286,30.22258064516129,4.718666666666667,54.54,26.03966666666667,1.9954838709677418,0.08741935483870968,1.2996666666666667,0.4112903225806452,6.906000000000001,3.8793548387096775
8109800,EYDB61,USGS GAGE,8109800.0,8109800,30.40656156220073,-96.81773467399488,"E Yegua Ck nr Dime Box, TX",2015,212.91387096774193,23.771428571428572,250.86129032258063,69.46266666666666,1690.6109677419356,101.91333333333334,4.0522580645161295,0.28935483870967743,0.28500000000000003,140.32806451612905,457.81666666666666,257.6741935483871
8109800,EYDB61,USGS GAGE,8109800.0,8109800,30.40656156220073,-96.81773467399488,"E Yegua Ck nr Dime Box, TX",2016,95.88709677419355,32.44827586206897,293.01612903225805,280.1433333333333,582.1612903225806,66.98766666666667,2.3687096774193552,166.01290322580644,41.118,5.598709677419355,10.700999999999999,40.831935483870964
8109800,EYDB61,USGS GAGE,8109800.0,8109800,30.40656156220073,-96.81773467399488,"E Yegua Ck nr Dime Box, TX",2017,156.57419354838711,114.52499999999999,46.33548387096774,30.513666666666666,51.69129032258065,37.83866666666667,3.464193548387097,301.68645161290317,38.906,7.429354838709678,6.193666666666667,17.35516129032258
8109800,EYDB61,USGS GAGE,8109800.0,8109800,30.40656156220073,-96.81773467399488,"E Yegua Ck nr Dime Box, TX",2018,12.735483870967743,21.02857142857143,176.93967741935484,40.32533333333333,15.444193548387096,4.211666666666667,1.853225806451613,0.31580645161290327,26.598000000000003,200.1516129032258,204.97666666666666,501.80967741935484
8109800,EYDB61,USGS GAGE,8109800.0,8109800,30.40656156220073,-96.81773467399488,"E Yegua Ck nr Dime Box, TX",2019,242.3709677419355,37.525,37.438709677419354,356.96666666666664,750.4032258064516,75.57566666666666,14.379999999999999,0.7012903225806452,0.33666666666666667,1.4593548387096775,2.037,2.3803225806451613
8109800,EYDB61,USGS GAGE,8109800.0,8109800,30.40656156220073,-96.81773467399488,"E Yegua Ck nr Dime Box, TX",2020,6.869354838709677,10.041724137931034,17.641290322580645,20.373,40.05032258064516,3.743666666666667,0.49096774193548387,0.4348387096774194,4.769,0.3464516129032258,0.6613333333333333,3.2541935483870965
8109800,EYDB61,USGS GAGE,8109800.0,8109800,30.40656156220073,-96.81773467399488,"E Yegua Ck nr Dime Box, TX",2021,25.18354838709677,8.188214285714286,7.428709677419355,4.840333333333334,72.7358064516129,142.85,110.64193548387097,18.574193548387097,0.8463333333333334,10.089677419354839,23.291999999999998,25.765806451612903
8109800,EYDB61,USGS GAGE,8109800.0,8109800,30.40656156220073,-96.81773467399488,"E Yegua Ck nr Dime Box, TX",2022,15.06258064516129,104.48928571428571,22.419354838709676,8.297,5.064838709677419,0.4713333333333333,0.22741935483870968,1.838064516129032,3.015333333333333,0.23419354838709677,5.0023333333333335,66.21354838709676
8109800,EYDB61,USGS GAGE,8109800.0,8109800,30.40656156220073,-96.81773467399488,"E Yegua Ck nr Dime Box, TX",2023,25.571290322580648,67.59035714285714,7.986774193548388,169.5993333333333,165.15483870967742,16.002333333333333,0.46774193548387094,0.12290322580645162,0.4796666666666667,0.7864516129032258,0.9183333333333333,3.7838709677419353
8109800,EYDB61,USGS GAGE,8109800.0,8109800,30.40656156220073,-96.81773467399488,"E Yegua Ck nr Dime Box, TX",2024,79.83129032258064,27.54655172413793,8.091290322580646,16.176333333333336,136.29032258064515,14.443000000000001,12.191612903225806,0.7312903225806451,0.23866666666666667,0.25387096774193546,0.1716666666666667,0.4732258064516129
8110000,YCSO62,USGS GAGE,8110000.0,8110000,30.321753267712158,-96.50731383811208,"Yegua Ck nr Somerville, TX",2010,173.40645161290323,634.2928571428572,840.6451612903226,41.513333333333335,83.94903225806452,401.04633333333334,4.276451612903226,5.381290322580645,2.022,6.35,2.3036666666666665,0.18387096774193548
8110000,YCSO62,USGS GAGE,8110000.0,8110000,30.321753267712158,-96.50731383811208,"Yegua Ck nr Somerville, TX",2011,0.09870967741935484,0.01,0.001935483870967742,87.99333333333334,3.140967741935484,35.68566666666666,228.29451612903227,184.32258064516128,10.474666666666668,0.01741935483870968,0.046000000000000006,0.2696774193548387
8110000,YCSO62,USGS GAGE,8110000.0,8110000,30.321753267712158,-96.50731383811208,"Yegua Ck nr Somerville, TX",2012,0.35258064516129034,9.68551724137931,151.67806451612904,1005.7333333333333,54.96677419354839,6.265666666666666,5.2625806451612895,55.6583870967742,1.8760000000000001,1.7000000000000002,1.9363333333333332,2.150645161290323
8110000,YCSO62,USGS GAGE,8110000.0,8110000,30.321753267712158,-96.50731383811208,"Yegua Ck nr Somerville, TX",2013,2.3677419354838714,1.7364285714285714,1.3925806451612903,2.6863333333333332,2.947741935483871,207.387,213.10032258064516,80.79903225806451,61.876333333333335,0.815483870967742,0.8916666666666667,0.07129032258064516
8110000,YCSO62,USGS GAGE,8110000.0,8110000,30.321753267712158,-96.50731383811208,"Yegua Ck nr Somerville, TX",2014,0.13064516129032258,0.18571428571428572,1.211290322580645,0.43233333333333335,55.410645161290326,210.64266666666666,0.44419354838709674,25.319032258064517,4.902333333333333,1.0499999999999998,40.257666666666665,4.329354838709677
8110000,YCSO62,USGS GAGE,8110000.0,8110000,30.321753267712158,-96.50731383811208,"Yegua Ck nr Somerville, TX",2015,461.4067741935484,678.9821428571429,658.0022580645161,612.0666666666667,656.7709677419356,1706.5266666666669,2206.1290322580644,1673.9032258064517,386.66133333333335,136.0506451612903,1641.93,1434.8774193548386
8110000,YCSO62,USGS GAGE,8110000.0,8110000,30.321753267712158,-96.50731383811208,"Yegua Ck nr Somerville, TX",2016,1440.967741935484,187.32,1093.2709677419355,493.81666666666666,2240.8,2788.0,2282.5806451612902,1910.5806451612902,1641.6,92.61258064516129,29.329666666666665,402.8645161290322
8110000,YCSO62,USGS GAGE,8110000.0,8110000,30.321753267712158,-96.50731383811208,"Yegua Ck nr Somerville, TX",2017,562.6935483870968,679.6042857142857,388.9216129032258,272.83033333333333,2.576451612903226,13.503666666666668,13.513225806451613,75.80032258064516,2092.8643333333334,2161.935483870968,672.6643333333334,86.64322580645161
8110000,YCSO62,USGS GAGE,8110000.0,8110000,30.321753267712158,-96.50731383811208,"Yegua Ck nr Somerville, TX",2018,64.71129032258064,70.11749999999999,188.24806451612906,997.9793333333333,40.722903225806455,33.91866666666667,135.22870967741935,62.43645161290323,2.2176666666666667,418.93806451612903,961.4,1366.7096774193549
8110000,YCSO62,USGS GAGE,8110000.0,8110000,30.321753267712158,-96.50731383811208,"Yegua Ck nr Somerville, TX",2019,1604.8490322580644,1303.2717857142857,263.3503225806451,410.65333333333336,697.5974193548387,1001.7333333333333,996.1935483870968,1250.5809677419356,128.286,0.10193548387096775,0.25633333333333336,0.4506451612903226
8110000,YCSO62,USGS GAGE,8110000.0,8110000,30.321753267712158,-96.50731383811208,"Yegua Ck nr Somerville, TX",2020,1.0554838709677419,1.260344827586207,81.81612903225808,108.51,163.31548387096774,41.13666666666666,33.811290322580646,62.58322580645161,19.277333333333335,0.02870967741935484,61.60033333333333,0.6248387096774193
8110000,YCSO62,USGS GAGE,8110000.0,8110000,30.321753267712158,-96.50731383811208,"Yegua Ck nr Somerville, TX",2021,0.8912903225806451,0.9035714285714286,0.4461290322580645,1.1386666666666665,235.21903225806452,1357.9553333333336,855.9032258064516,138.071935483871,0.025333333333333333,0.04516129032258064,54.406,31.28483870967742
8110000,YCSO62,USGS GAGE,8110000.0,8110000,30.321753267712158,-96.50731383811208,"Yegua Ck nr Somerville, TX",2022,40.56193548387097,194.84285714285716,115.89354838709677,179.83333333333334,78.57903225806452,116.09133333333334,45.99322580645161,212.62709677419355,128.63666666666666,14.240645161290322,0.042666666666666665,0.10354838709677419
8110000,YCSO62,USGS GAGE,8110000.0,8110000,30.321753267712158,-96.50731383811208,"Yegua Ck nr Somerville, TX",2023,0.1329032258064516,0.78,0.334516129032258,37.794,1167.225806451613,334.79266666666666,236.15806451612903,261.1835483870968,149.70166666666668,66.07903225806452,0.07066666666666667,0.07225806451612904
8110000,YCSO62,USGS GAGE,8110000.0,8110000,30.321753267712158,-96.50731383811208,"Yegua Ck nr Somerville, TX",2024,8.77290322580645,1.2451724137931035,0.09032258064516129,356.85033333333337,405.6625806451613,318.96666666666664,179.32258064516128,314.9225806451613,80.75433333333334,94.71387096774194,0.016666666666666666,0.06225806451612904
8110100,DCLY63,USGS GAGE,8110100.0,8110100,30.41972967951037,-96.54013754017664,"Davidson Ck nr Lyons, TX",2010,133.35290322580647,241.71428571428572,44.5258064516129,7.330333333333333,13.613548387096774,248.96099999999998,7.862258064516129,0.594516129032258,6.753666666666666,0.013548387096774195,0.013666666666666667,0.0
8110100,DCLY63,USGS GAGE,8110100.0,8110100,30.41972967951037,-96.54013754017664,"Davidson Ck nr Lyons, TX",2011,5.849677419354839,1.7610714285714286,0.7083870967741935,0.19666666666666668,0.91,0.30700000000000005,0.0006451612903225806,0.0,0.0,0.0,0.0,3.575483870967742
8110100,DCLY63,USGS GAGE,8110100.0,8110100,30.41972967951037,-96.54013754017664,"Davidson Ck nr Lyons, TX",2012,16.82,239.5537931034483,576.8909677419355,36.739333333333335,4.208387096774194,2.705,2.8677419354838714,0.03903225806451613,0.0,1.1996774193548387,0.0,0.9193548387096774
8110100,DCLY63,USGS GAGE,8110100.0,8110100,30.41972967951037,-96.54013754017664,"Davidson Ck nr Lyons, TX",2013,65.06516129032258,0.7735714285714286,2.573870967741936,0.572,7.650322580645161,0.022,0.31774193548387103,0.0,0.6683333333333333,54.0141935483871,105.22366666666667,2.0206451612903225
8110100,DCLY63,USGS GAGE,8110100.0,8110100,30.41972967951037,-96.54013754017664,"Davidson Ck nr Lyons, TX",2014,0.8819354838709678,0.6810714285714285,6.970322580645162,0.5183333333333333,197.84290322580645,22.768666666666668,0.6309677419354839,0.24580645161290324,1.991,0.7793548387096775,20.043999999999997,8.069032258064517
8110100,DCLY63,USGS GAGE,8110100.0,8110100,30.41972967951037,-96.54013754017664,"Davidson Ck nr Lyons, TX",2015,360.28096774193546,5.804642857142857,226.55967741935484,127.727,1229.580322580645,115.73666666666666,4.131612903225807,0.08,0.0,317.758064516129,296.82,494.53225806451616
8110100,DCLY63,USGS GAGE,8110100.0,8110100,30.41972967951037,-96.54013754017664,"Davidson Ck nr Lyons, TX",2016,110.30000000000001,31.641379310344828,354.8645161290322,237.37333333333333,1077.9967741935484,91.44233333333334,3.1851612903225806,352.51354838709676,13.561,3.143870967741935,5.775,69.00225806451614
8110100,DCLY63,USGS GAGE,8110100.0,8110100,30.41972967951037,-96.54013754017664,"Davidson Ck nr Lyons, TX",2017,193.66612903225806,222.43178571428572,40.068064516129034,48.45466666666667,52.818709677419356,81.757,2.163870967741935,1123.5674193548386,23.310333333333332,3.8603225806451613,3.0513333333333335,27.696129032258067
8110100,DCLY63,USGS GAGE,8110100.0,8110100,30.41972967951037,-96.54013754017664,"Davidson Ck nr Lyons, TX",2018,7.540967741935484,16.5475,261.1464516129032,32.99333333333333,10.666451612903225,2.8626666666666667,1.0641935483870968,0.0,1.7013333333333334,194.53612903225806,205.7,675.3290322580646
8110100,DCLY63,USGS GAGE,8110100.0,8110100,30.41972967951037,-96.54013754017664,"Davidson Ck nr Lyons, TX",2019,297.0064516129033,28.196428571428573,22.796774193548387,418.60133333333334,740.1903225806452,73.07666666666667,15.652580645161288,0.7258064516129032,0.0,0.7267741935483871,2.0366666666666666,0.8590322580645161
8110100,DCLY63,USGS GAGE,8110100.0,8110100,30.41972967951037,-96.54013754017664,"Davidson Ck nr Lyons, TX",2020,3.5270967741935486,5.773793103448276,11.483870967741936,49.25566666666667,41.114838709677414,2.195333333333333,0.000967741935483871,0.06838709677419355,15.097666666666667,0.2803225806451613,0.026333333333333334,1.0925806451612903
8110100,DCLY63,USGS GAGE,8110100.0,8110100,30.41972967951037,-96.54013754017664,"Davidson Ck nr Lyons, TX",2021,51.14354838709678,9.112142857142857,4.483870967741935,15.253666666666668,392.53741935483873,222.15533333333332,72.31774193548387,1.7819354838709678,0.528,8.838709677419354,19.89,18.066774193548387
8110100,DCLY63,USGS GAGE,8110100.0,8110100,30.41972967951037,-96.54013754017664,"Davidson Ck nr Lyons, TX",2022,4.680322580645162,116.59178571428572,63.185483870967744,7.108666666666666,3.2819354838709676,0.608,0.0,4.143548387096774,5.390333333333333,0.0,2.146,56.25741935483871
8110100,DCLY63,USGS GAGE,8110100.0,8110100,30.41972967951037,-96.54013754017664,"Davidson Ck nr Lyons, TX",2023,20.725806451612904,113.16464285714287,4.598064516129032,385.21633333333335,184.3,62.75966666666667,0.02064516129032258,0.0,0.0,0.00903225806451613,0.07133333333333333,0.6296774193548387
8110100,DCLY63,USGS GAGE,8110100.0,8110100,30.41972967951037,-96.54013754017664,"Davidson Ck nr Lyons, TX",2024,165.7825806451613,61.62965517241379,6.565483870967742,37.129,169.30225806451614,17.05,22.36806451612903,0.5216129032258064,0.0,0.0,0.0,0.15806451612903227
8110325,NAGR64,USGS GAGE,8110325.0,8110325,31.574260795628145,-96.52054439853246,"Navasota Rv abv Groesbeck, TX",2010,490.86129032258066,459.84999999999997,524.0516129032259,27.416999999999998,9.26741935483871,297.3366666666667,6.33,0.856774193548387,73.59666666666666,0.0035483870967741938,0.0,0.0
8110325,NAGR64,USGS GAGE,8110325.0,8110325,31.574260795628145,-96.52054439853246,"Navasota Rv abv Groesbeck, TX",2011,182.9132258064516,7.952857142857143,2.986774193548387,0.047,8.863548387096774,0.0,0.0,0.0,0.0,0.0,0.0,0.1761290322580645
8110325,NAGR64,USGS GAGE,8110325.0,8110325,31.574260795628145,-96.52054439853246,"Navasota Rv abv Groesbeck, TX",2012,316.9035483870968,199.24758620689653,842.9335483870967,4.003,0.25806451612903225,5.328,0.0,0.011935483870967744,0.012,0.0,0.0023333333333333335,0.0
8110325,NAGR64,USGS GAGE,8110325.0,8110325,31.574260795628145,-96.52054439853246,"Navasota Rv abv Groesbeck, TX",2013,256.851935483871,35.57785714285714,43.08419354838709,1.1616666666666666,0.013548387096774193,0.0,0.0003225806451612903,0.0,24.716666666666665,289.57129032258064,343.976,41.73
8110325,NAGR64,USGS GAGE,8110325.0,8110325,31.574260795628145,-96.52054439853246,"Navasota Rv abv Groesbeck, TX",2014,21.246451612903225,1.6335714285714287,26.894193548387097,16.96933333333333,66.88387096774194,79.00233333333334,2.2551612903225804,0.09612903225806452,0.0,0.014193548387096775,0.08266666666666667,0.40677419354838706
8110325,NAGR64,USGS GAGE,8110325.0,8110325,31.574260795628145,-96.52054439853246,"Navasota Rv abv Groesbeck, TX",2015,118.15064516129033,2.6485714285714286,346.2745161290323,483.59600000000006,1759.0967741935483,440.3136666666667,13.287096774193548,2.0787096774193548,0.079,1005.9677419354839,914.81,996.3129032258065
8110325,NAGR64,USGS GAGE,8110325.0,8110325,31.574260795628145,-96.52054439853246,"Navasota Rv abv Groesbeck, TX",2016,47.428387096774195,98.50103448275863,1007.9493548387097,892.2803333333334,413.69032258064516,879.453,2.2512903225806453,14.091290322580644,1.4953333333333334,1.1293548387096775,0.9863333333333333,1.792258064516129
8110325,NAGR64,USGS GAGE,8110325.0,8110325,31.574260795628145,-96.52054439853246,"Navasota Rv abv Groesbeck, TX",2017,29.694193548387098,22.75857142857143,73.08548387096775,942.0016666666667,4.266774193548388,9.55,2.327741935483871,2.3183870967741935,0.44966666666666666,0.0019354838709677422,0.115,0.7529032258064516
8110325,NAGR64,USGS GAGE,8110325.0,8110325,31.574260795628145,-96.52054439853246,"Navasota Rv abv Groesbeck, TX",2018,0.2203225806451613,0.39964285714285713,161.10935483870966,13.703000000000001,0.46,0.005666666666666667,0.0,0.0,0.0,368.16387096774196,579.6226666666666,535.3516129032258
8110325,NAGR64,USGS GAGE,8110325.0,8110325,31.574260795628145,-96.52054439853246,"Navasota Rv abv Groesbeck, TX",2019,551.0548387096775,98.62142857142858,70.1632258064516,461.616,717.5451612903227,109.42,36.61451612903225,0.29419354838709677,0.03333333333333333,0.1332258064516129,1.1729999999999998,1.4287096774193548
8110325,NAGR64,USGS GAGE,8110325.0,8110325,31.574260795628145,-96.52054439853246,"Navasota Rv abv Groesbeck, TX",2020,0.552258064516129,465.39724137931034,318.3258064516129,281.0466666666667,121.53516129032259,4.640666666666666,608.4319354838709,0.06999999999999999,435.111,0.33161290322580644,0.302,78.05225806451612
8110325,NAGR64,USGS GAGE,8110325.0,8110325,31.574260795628145,-96.52054439853246,"Navasota Rv abv Groesbeck, TX",2021,324.1677419354839,33.56428571428571,17.56709677419355,2.162,185.48290322580647,976.4846666666667,42.07064516129032,6.47258064516129,0.5609999999999999,0.5416129032258065,0.5523333333333333,0.4670967741935484
8110325,NAGR64,USGS GAGE,8110325.0,8110325,31.574260795628145,-96.52054439853246,"Navasota Rv abv Groesbeck, TX",2022,0.18387096774193548,49.832499999999996,10.768064516129032,1.9576666666666669,0.7151612903225806,0.28300000000000003,0.0,0.004193548387096774,0.009666666666666667,0.0,32.053000000000004,8.29483870967742
8110325,NAGR64,USGS GAGE,8110325.0,8110325,31.574260795628145,-96.52054439853246,"Navasota Rv abv Groesbeck, TX",2023,8.847741935483871,137.51500000000001,7.622258064516129,89.06633333333333,39.84806451612903,0.7006666666666667,0.0,0.0,0.0,0.0,0.0,10.583870967741936
8110325,NAGR64,USGS GAGE,8110325.0,8110325,31.574260795628145,-96.52054439853246,"Navasota Rv abv Groesbeck, TX",2024,308.1409677419355,186.20793103448275,42.28,510.96066666666667,2139.1290322580644,451.35566666666665,2.509677419354839,1.8619354838709676,0.751,0.26903225806451614,0.10533333333333333,0.08870967741935484
8110430,BGFR65,USGS GAGE,8110430.0,8110430,31.50632038759831,-96.32506990271344,"Big Ck nr Freestone, TX",2010,81.01838709677419,192.93214285714288,165.49032258064514,11.709,6.638709677419355,13.113666666666667,16.740322580645163,0.42451612903225805,0.0,0.17516129032258063,0.03966666666666666,0.0
8110430,BGFR65,USGS GAGE,8110430.0,8110430,31.50632038759831,-96.32506990271344,"Big Ck nr Freestone, TX",2011,32.288709677419355,3.2525,0.5912903225806451,4.130333333333334,34.68516129032258,0.04066666666666666,0.004838709677419355,0.0,0.0,0.0,0.09066666666666666,15.55483870967742
8110430,BGFR65,USGS GAGE,8110430.0,8110430,31.50632038759831,-96.32506990271344,"Big Ck nr Freestone, TX",2012,69.71419354838709,142.13206896551725,298.9425806451613,6.9656666666666665,3.7625806451612904,1.003,0.0025806451612903226,0.0,0.7886666666666667,0.008064516129032258,0.0,0.003870967741935484
8110430,BGFR65,USGS GAGE,8110430.0,8110430,31.50632038759831,-96.32506990271344,"Big Ck nr Freestone, TX",2013,6.940322580645161,13.402857142857144,0.967741935483871,0.19566666666666668,0.0867741935483871,0.0003333333333333333,0.0,0.0,7.053,452.16225806451615,233.44533333333337,62.7
8110430,BGFR65,USGS GAGE,8110430.0,8110430,31.50632038759831,-96.32506990271344,"Big Ck nr Freestone, TX",2014,10.044516129032258,7.7664285714285715,7.52483870967742,9.919,38.90354838709678,10.761666666666667,2.428709677419355,0.007741935483870969,0.02266666666666667,0.4238709677419355,14.119333333333334,4.555806451612903
8110430,BGFR65,USGS GAGE,8110430.0,8110430,31.50632038759831,-96.32506990271344,"Big Ck nr Freestone, TX",2015,80.48677419354838,6.064642857142857,259.6974193548387,371.8566666666667,645.5548387096775,45.862,1.6016129032258064,0.000967741935483871,0.0,57.188709677419354,168.38,487.0193548387097
8110430,BGFR65,USGS GAGE,8110430.0,8110430,31.50632038759831,-96.32506990271344,"Big Ck nr Freestone, TX",2016,44.08387096774193,24.889655172413793,422.72258064516126,114.93333333333334,159.96129032258065,376.5833333333333,4.711935483870968,37.45870967741936,8.272,0.6154838709677419,5.306333333333333,6.077096774193548
8110430,BGFR65,USGS GAGE,8110430.0,8110430,31.50632038759831,-96.32506990271344,"Big Ck nr Freestone, TX",2017,79.3758064516129,44.31714285714286,45.78806451612903,320.38666666666666,50.62870967741936,6.161666666666667,3.9996774193548386,1.2616129032258063,0.006000000000000001,0.0,0.0,10.957096774193548
8110430,BGFR65,USGS GAGE,8110430.0,8110430,31.50632038759831,-96.32506990271344,"Big Ck nr Freestone, TX",2018,0.7829032258064516,43.10107142857142,137.5141935483871,16.878,5.541935483870968,0.0016666666666666668,0.6025806451612903,0.0,0.0,60.75032258064516,114.23233333333333,283.1390322580645
8110430,BGFR65,USGS GAGE,8110430.0,8110430,31.50632038759831,-96.32506990271344,"Big Ck nr Freestone, TX",2019,219.61290322580646,46.55714285714286,21.260645161290324,481.558,558.9483870967742,110.98633333333333,30.786774193548386,0.6906451612903226,0.0,0.4458064516129032,0.87,1.197741935483871
8110430,BGFR65,USGS GAGE,8110430.0,8110430,31.50632038759831,-96.32506990271344,"Big Ck nr Freestone, TX",2020,8.795806451612904,191.3062068965517,175.88935483870966,309.7133333333333,175.70322580645163,9.137333333333334,3.0106451612903227,0.0532258064516129,15.442666666666666,0.32193548387096776,0.5133333333333333,14.963225806451613
8110430,BGFR65,USGS GAGE,8110430.0,8110430,31.50632038759831,-96.32506990271344,"Big Ck nr Freestone, TX",2021,111.17999999999999,33.4075,11.908387096774195,5.184,150.98354838709676,482.07666666666665,61.95677419354839,6.6574193548387095,5.737666666666667,2.712258064516129,2.7136666666666667,10.55225806451613
8110430,BGFR65,USGS GAGE,8110430.0,8110430,31.50632038759831,-96.32506990271344,"Big Ck nr Freestone, TX",2022,3.585483870967742,30.645357142857144,38.761935483870964,7.154,3.016451612903226,0.635,0.0,30.905161290322578,6.3293333333333335,0.3093548387096774,8.808,13.778064516129032
8110430,BGFR65,USGS GAGE,8110430.0,8110430,31.50632038759831,-96.32506990271344,"Big Ck nr Freestone, TX",2023,7.700967741935484,80.15535714285714,12.850322580645162,87.86333333333333,28.815483870967743,7.8516666666666675,0.043225806451612905,1.9074193548387095,0.23633333333333334,3.375483870967742,0.8363333333333334,5.785161290322581
8110430,BGFR65,USGS GAGE,8110430.0,8110430,31.50632038759831,-96.32506990271344,"Big Ck nr Freestone, TX",2024,66.1267741935484,37.471034482758625,24.52516129032258,454.61066666666665,1334.6709677419356,199.74666666666664,7.206129032258065,0.14612903225806453,0.0,0.0,6.578,28.888387096774192
8110500,NAEA66,USGS GAGE,8110500.0,8110500,31.170086000976053,-96.29898911861206,N/A,2010,526.825806451613,2427.7678571428573,1543.664516129032,41.516666666666666,51.58709677419355,674.44,27.587096774193547,13.098387096774195,15.479999999999999,18.358064516129033,25.293333333333333,11.255483870967742
8110500,NAEA66,USGS GAGE,8110500.0,8110500,31.170086000976053,-96.29898911861206,N/A,2011,29.896774193548385,19.085714285714285,15.53225806451613,11.585666666666667,26.456451612903226,16.404999999999998,32.674193548387095,177.39354838709676,14.066666666666666,4.525161290322581,6.290666666666667,29.893548387096775
8110500,NAEA66,USGS GAGE,8110500.0,8110500,31.170086000976053,-96.29898911861206,N/A,2012,148.86064516129034,309.0,2481.3225806451615,81.9,16.91290322580645,16.892,23.485806451612905,28.905806451612904,14.867666666666667,41.380967741935486,10.371666666666666,14.446451612903225
8110500,NAEA66,USGS GAGE,8110500.0,8110500,31.170086000976053,-96.29898911861206,N/A,2013,104.40645161290323,57.78928571428571,19.261290322580646,13.2,16.53516129032258,8.467333333333334,15.665806451612903,10.107096774193549,9.235000000000001,153.78967741935483,2783.5733333333333,301.50967741935483
8110500,NAEA66,USGS GAGE,8110500.0,8110500,31.170086000976053,-96.29898911861206,N/A,2014,35.00645161290323,33.95357142857143,36.932258064516134,25.913333333333334,189.71935483870968,201.22333333333333,25.312903225806448,12.376774193548387,10.925333333333333,13.608387096774194,41.70333333333333,23.538709677419355
8110500,NAEA66,USGS GAGE,8110500.0,8110500,31.170086000976053,-96.29898911861206,N/A,2015,253.50322580645164,31.575,1518.148387096774,1616.04,4190.806451612903,744.6433333333333,16.74483870967742,32.79774193548387,38.07966666666667,30.574193548387097,2319.85,3922.090322580645
8110500,NAEA66,USGS GAGE,8110500.0,8110500,31.170086000976053,-96.29898911861206,N/A,2016,412.89032258064515,135.87241379310345,3278.8709677419356,1647.4733333333331,2163.016129032258,2827.9866666666667,17.323870967741936,58.19451612903226,20.236666666666668,9.778387096774193,15.891,25.88064516129032
8110500,NAEA66,USGS GAGE,8110500.0,8110500,31.170086000976053,-96.29898911861206,N/A,2017,148.01612903225808,92.33571428571429,176.6258064516129,3287.4033333333336,281.5193548387097,106.49,17.000967741935483,13.188064516129032,11.340333333333332,11.140645161290323,15.956666666666667,31.13225806451613
8110500,NAEA66,USGS GAGE,8110500.0,8110500,31.170086000976053,-96.29898911861206,N/A,2018,14.96774193548387,45.021428571428565,103.47419354838709,68.15,19.635483870967743,10.515666666666666,8.730645161290322,8.259032258064517,14.726666666666667,449.2825806451613,1569.66,2914.9290322580646
8110500,NAEA66,USGS GAGE,8110500.0,8110500,31.170086000976053,-96.29898911861206,N/A,2019,2787.8354838709674,286.93571428571425,269.2483870967742,4945.416666666667,3941.2096774193546,875.87,229.5193548387097,14.345161290322581,10.624,13.751935483870968,17.243333333333332,16.690322580645162
8110500,NAEA66,USGS GAGE,8110500.0,8110500,31.170086000976053,-96.29898911861206,N/A,2020,41.5,382.29655172413794,1020.7161290322581,1418.9666666666667,608.1290322580645,19.746666666666666,370.5483870967742,18.009677419354837,692.5766666666666,19.822580645161292,14.803333333333335,26.216129032258067
8110500,NAEA66,USGS GAGE,8110500.0,8110500,31.170086000976053,-96.29898911861206,N/A,2021,1293.6806451612904,251.125,106.6258064516129,30.373333333333335,1332.2516129032258,3445.14,389.07096774193553,47.251612903225805,14.266666666666667,19.82903225806452,19.03666666666667,47.75806451612903
8110500,NAEA66,USGS GAGE,8110500.0,8110500,31.170086000976053,-96.29898911861206,N/A,2022,22.548387096774192,99.7,225.34516129032258,83.83,53.809677419354834,34.65133333333333,101.32322580645162,100.63387096774194,20.732000000000003,8.856451612903227,13.449666666666667,23.461290322580645
8110500,NAEA66,USGS GAGE,8110500.0,8110500,31.170086000976053,-96.29898911861206,N/A,2023,42.561290322580646,125.47142857142856,27.848387096774193,140.23999999999998,449.93548387096774,30.003333333333334,6.438064516129032,5.622903225806452,115.70833333333333,18.07677419354839,26.77,40.18064516129032
8110500,NAEA66,USGS GAGE,8110500.0,8110500,31.170086000976053,-96.29898911861206,N/A,2024,316.9258064516129,392.2448275862069,282.13870967741934,2164.07,10120.451612903225,2495.133333333333,171.0258064516129,22.835483870967742,17.283333333333335,17.593548387096774,19.392666666666667,62.005806451612905
8111500,BRHE68,USGS GAGE,8111500.0,8111500,30.12899152567363,-96.18711208198933,"Brazos Rv nr Hempstead, TX",2010,5014.8387096774195,34878.57142857143,18651.612903225807,10314.0,6269.677419354839,7060.666666666667,2340.967741935484,1287.1935483870968,10189.4,2388.064516129032,2153.0,1013.9354838709677
8111500,BRHE68,USGS GAGE,8111500.0,8111500,30.12899152567363,-96.18711208198933,"Brazos Rv nr Hempstead, TX",2011,1597.9354838709678,916.0714285714286,615.0,627.0333333333333,997.2903225806451,788.3333333333334,877.7741935483871,802.0322580645161,744.8666666666667,677.516129032258,630.2333333333333,1109.2903225806451
8111500,BRHE68,USGS GAGE,8111500.0,8111500,30.12899152567363,-96.18711208198933,"Brazos Rv nr Hempstead, TX",2012,2670.7741935483873,9891.724137931034,19419.354838709678,9562.0,1530.258064516129,993.4333333333333,1247.5483870967741,893.8064516129032,1394.3333333333333,1074.483870967742,277.3333333333333,447.2903225806452
8111500,BRHE68,USGS GAGE,8111500.0,8111500,30.12899152567363,-96.18711208198933,"Brazos Rv nr Hempstead, TX",2013,2375.2258064516127,740.9642857142857,676.2258064516129,550.4,1487.1612903225807,722.8333333333334,951.8064516129032,498.8709677419355,946.8333333333334,3516.4193548387098,11971.333333333334,3141.6129032258063
8111500,BRHE68,USGS GAGE,8111500.0,8111500,30.12899152567363,-96.18711208198933,"Brazos Rv nr Hempstead, TX",2014,1392.4193548387098,764.8571428571429,1192.5483870967741,808.4333333333333,4858.322580645161,2775.0,1696.1290322580646,389.258064516129,957.6333333333333,467.4516129032258,1779.38,1320.2903225806451
8111500,BRHE68,USGS GAGE,8111500.0,8111500,30.12899152567363,-96.18711208198933,"Brazos Rv nr Hempstead, TX",2015,6973.870967741936,2199.3928571428573,12307.516129032258,5779.333333333333,35388.3870967742,43236.666666666664,17961.612903225807,4339.677419354839,1582.7333333333333,5394.129032258064,27431.666666666668,35545.16129032258
8111500,BRHE68,USGS GAGE,8111500.0,8111500,30.12899152567363,-96.18711208198933,"Brazos Rv nr Hempstead, TX",2016,20060.322580645163,5568.620689655172,25941.612903225807,21047.0,49296.77419354839,46480.0,20245.16129032258,12567.41935483871,6275.0,2198.7096774193546,3780.3333333333335,4572.580645161291
8111500,BRHE68,USGS GAGE,8111500.0,8111500,30.12899152567363,-96.18711208198933,"Brazos Rv nr Hempstead, TX",2017,7667.096774193548,7408.928571428572,5924.8387096774195,15979.666666666666,4069.032258064516,5612.666666666667,2746.1290322580644,14323.225806451614,9050.0,3212.9032258064517,1588.5666666666666,1616.7096774193549
8111500,BRHE68,USGS GAGE,8111500.0,8111500,30.12899152567363,-96.18711208198933,"Brazos Rv nr Hempstead, TX",2018,957.9677419354839,2003.857142857143,5536.677419354839,5462.666666666667,1284.0967741935483,731.6,827.5806451612904,710.4516129032259,1348.3333333333333,25900.645161290322,38323.333333333336,27851.612903225807
8111500,BRHE68,USGS GAGE,8111500.0,8111500,30.12899152567363,-96.18711208198933,"Brazos Rv nr Hempstead, TX",2019,37493.54838709677,10832.5,6517.096774193548,19619.0,47612.903225806454,34723.333333333336,7012.903225806452,3223.8709677419356,1107.5,810.5806451612904,898.0666666666667,746.6451612903226
8111500,BRHE68,USGS GAGE,8111500.0,8111500,30.12899152567363,-96.18711208198933,"Brazos Rv nr Hempstead, TX",2020,988.0322580645161,3331.6206896551726,11160.322580645161,13190.333333333334,6363.548387096775,2470.3,1400.8709677419354,876.483870967742,6627.066666666667,1616.5483870967741,784.6,886.258064516129
8111500,BRHE68,USGS GAGE,8111500.0,8111500,30.12899152567363,-96.18711208198933,"Brazos Rv nr Hempstead, TX",2021,6258.064516129032,2288.5714285714284,1548.7096774193549,1455.8666666666666,14434.193548387097,39480.0,15877.09677419355,3583.548387096774,1179.7,2037.5806451612902,1485.3,2053.3870967741937
8111500,BRHE68,USGS GAGE,8111500.0,8111500,30.12899152567363,-96.18711208198933,"Brazos Rv nr Hempstead, TX",2022,1031.8709677419354,5296.428571428572,3462.9032258064517,1979.0,2117.967741935484,949.8333333333334,900.5806451612904,844.8064516129032,1049.9333333333334,731.3225806451613,1237.0,2386.3225806451615
8111500,BRHE68,USGS GAGE,8111500.0,8111500,30.12899152567363,-96.18711208198933,"Brazos Rv nr Hempstead, TX",2023,1628.8387096774193,4167.321428571428,818.3225806451613,6169.3,11280.322580645161,2130.733333333333,816.9677419354839,674.0967741935484,640.2,783.0645161290323,1432.0,1272.4516129032259
8111500,BRHE68,USGS GAGE,8111500.0,8111500,30.12899152567363,-96.18711208198933,"Brazos Rv nr Hempstead, TX",2024,9658.387096774193,8420.0,3732.9032258064517,9285.0,53122.58064516129,30733.333333333332,6995.4838709677415,1816.225806451613,808.0333333333333,728.2258064516129,806.6333333333333,946.8709677419355
8111700,MCBL69,USGS GAGE,8111700.0,8111700,29.880949568106807,-96.20524317106003,"Mill Ck nr Bellville, TX",2010,152.24516129032259,462.27500000000003,81.11935483870967,27.066666666666666,25.291935483870965,10.032333333333334,13.476774193548389,2.014838709677419,6.780333333333333,1.754193548387097,2.9843333333333333,4.821290322580645
8111700,MCBL69,USGS GAGE,8111700.0,8111700,29.880949568106807,-96.20524317106003,"Mill Ck nr Bellville, TX",2011,10.53967741935484,9.59607142857143,7.6493548387096775,2.964,1.3358064516129033,1.1796666666666666,0.08806451612903225,0.0,0.0,0.13999999999999999,0.8283333333333334,3.239032258064516
8111700,MCBL69,USGS GAGE,8111700.0,8111700,29.880949568106807,-96.20524317106003,"Mill Ck nr Bellville, TX",2012,59.18935483870968,295.2793103448276,426.9509677419355,17.696666666666665,10.901290322580644,7.144,157.93451612903226,3.387741935483871,1.7726666666666666,2.05741935483871,3.447666666666667,4.4796774193548385
8111700,MCBL69,USGS GAGE,8111700.0,8111700,29.880949568106807,-96.20524317106003,"Mill Ck nr Bellville, TX",2013,10.058709677419355,7.173571428571429,6.082580645161291,9.462333333333333,6.304516129032258,3.113,2.0370967741935484,0.6545161290322581,1.7236666666666667,107.50387096774193,122.86666666666666,37.5
8111700,MCBL69,USGS GAGE,8111700.0,8111700,29.880949568106807,-96.20524317106003,"Mill Ck nr Bellville, TX",2014,55.096774193548384,17.789285714285715,70.01741935483871,4.553,573.9990322580645,65.28633333333333,5.317096774193549,3.209354838709677,9.514333333333333,3.2816129032258066,75.19000000000001,70.16129032258064
8111700,MCBL69,USGS GAGE,8111700.0,8111700,29.880949568106807,-96.20524317106003,"Mill Ck nr Bellville, TX",2015,132.46451612903223,22.678571428571427,1144.741935483871,237.36,2043.7677419354839,1081.0133333333333,98.20645161290322,17.958387096774196,10.270000000000001,325.64774193548385,385.72,894.8709677419355
8111700,MCBL69,USGS GAGE,8111700.0,8111700,29.880949568106807,-96.20524317106003,"Mill Ck nr Bellville, TX",2016,129.01612903225808,220.66551724137932,823.0387096774194,2963.92,3843.3612903225808,596.25,21.032258064516128,92.05129032258066,27.886666666666667,10.861612903225806,21.415333333333333,146.44838709677418
8111700,MCBL69,USGS GAGE,8111700.0,8111700,29.880949568106807,-96.20524317106003,"Mill Ck nr Bellville, TX",2017,294.3806451612903,417.5857142857143,119.62903225806451,183.65666666666667,23.27741935483871,37.931666666666665,7.436129032258065,3716.6858064516127,88.96666666666667,32.064516129032256,31.306666666666665,70.87741935483871
8111700,MCBL69,USGS GAGE,8111700.0,8111700,29.880949568106807,-96.20524317106003,"Mill Ck nr Bellville, TX",2018,54.770967741935486,365.8142857142857,625.2612903225806,101.33333333333333,24.225806451612904,14.660333333333334,6.620645161290323,2.5883870967741935,4.187333333333333,25.28516129032258,200.85666666666665,1034.7064516129033
8111700,MCBL69,USGS GAGE,8111700.0,8111700,29.880949568106807,-96.20524317106003,"Mill Ck nr Bellville, TX",2019,451.64516129032256,166.92499999999998,107.69677419354838,128.97333333333333,424.43225806451613,138.71666666666667,24.823870967741936,4.216451612903226,3.1026666666666665,9.361612903225806,17.15666666666667,14.641935483870967
8111700,MCBL69,USGS GAGE,8111700.0,8111700,29.880949568106807,-96.20524317106003,"Mill Ck nr Bellville, TX",2020,23.32903225806452,23.662068965517243,37.8258064516129,57.11,108.50645161290323,17.949,4.084193548387097,5.324838709677419,41.471,6.463225806451613,8.418666666666667,55.99193548387097
8111700,MCBL69,USGS GAGE,8111700.0,8111700,29.880949568106807,-96.20524317106003,"Mill Ck nr Bellville, TX",2021,132.28387096774193,42.721428571428575,34.95161290322581,17.936666666666667,3360.7870967741933,1263.3733333333332,848.7483870967742,26.529032258064515,6.569999999999999,248.5225806451613,52.63333333333333,62.04516129032258
8111700,MCBL69,USGS GAGE,8111700.0,8111700,29.880949568106807,-96.20524317106003,"Mill Ck nr Bellville, TX",2022,38.380645161290325,174.6357142857143,187.0774193548387,41.49666666666667,16.648064516129033,4.256333333333333,1.99,2.169032258064516,1.669,1.6635483870967742,5.741,60.72677419354839
8111700,MCBL69,USGS GAGE,8111700.0,8111700,29.880949568106807,-96.20524317106003,"Mill Ck nr Bellville, TX",2023,93.50322580645161,57.75714285714286,24.62258064516129,306.15333333333336,592.7838709677419,29.21966666666667,2.5551612903225807,0.7283870967741934,2.768,5.153870967741936,6.495333333333334,10.354516129032259
8111700,MCBL69,USGS GAGE,8111700.0,8111700,29.880949568106807,-96.20524317106003,"Mill Ck nr Bellville, TX",2024,1330.1838709677418,345.61034482758623,152.24193548387098,69.62333333333332,211.66451612903228,141.76333333333332,423.8032258064516,18.250967741935483,5.905333333333333,3.915483870967742,7.0729999999999995,25.00483870967742
8114000,BRRI70,USGS GAGE,8114000.0,8114000,29.582380246720792,-95.75727254175467,"Brazos Rv at Richmond, TX",2010,4585.4838709677415,34767.857142857145,18825.8064516129,10684.666666666666,7660.322580645161,7465.0,2730.6451612903224,1213.5806451612902,9614.466666666667,2610.6451612903224,2184.3333333333335,939.7096774193549
8114000,BRRI70,USGS GAGE,8114000.0,8114000,29.582380246720792,-95.75727254175467,"Brazos Rv at Richmond, TX",2011,1584.0,991.25,668.4516129032259,377.73333333333335,684.0,626.3,638.258064516129,502.93548387096774,465.26666666666665,567.6451612903226,470.06666666666666,1064.9354838709678
8114000,BRRI70,USGS GAGE,8114000.0,8114000,29.582380246720792,-95.75727254175467,"Brazos Rv at Richmond, TX",2012,2757.483870967742,10606.896551724138,18208.387096774193,11896.666666666666,2324.7741935483873,970.7666666666667,2353.4193548387098,685.6451612903226,1162.1666666666667,1108.1612903225807,292.6,380.258064516129
8114000,BRRI70,USGS GAGE,8114000.0,8114000,29.582380246720792,-95.75727254175467,"Brazos Rv at Richmond, TX",2013,2694.2258064516127,868.6071428571429,610.0,607.2666666666667,1356.0645161290322,621.8666666666667,600.5806451612904,371.7096774193548,545.8333333333334,3679.2903225806454,13576.666666666666,4046.1290322580644
8114000,BRRI70,USGS GAGE,8114000.0,8114000,29.582380246720792,-95.75727254175467,"Brazos Rv at Richmond, TX",2014,1735.6774193548388,772.0714285714286,1623.7096774193549,740.3,6543.580645161291,3646.4333333333334,1716.5483870967741,464.6774193548387,1069.8333333333333,682.0322580645161,1789.1333333333334,1602.5806451612902
8114000,BRRI70,USGS GAGE,8114000.0,8114000,29.582380246720792,-95.75727254175467,"Brazos Rv at Richmond, TX",2015,7108.064516129032,2767.3214285714284,14720.290322580646,7462.333333333333,33453.87096774193,50626.666666666664,21506.451612903227,5961.612903225807,2503.6666666666665,5332.322580645161,28913.333333333332,35441.93548387097
8114000,BRRI70,USGS GAGE,8114000.0,8114000,29.582380246720792,-95.75727254175467,"Brazos Rv at Richmond, TX",2016,23235.483870967742,6243.793103448276,28092.90322580645,29268.0,44629.032258064515,56656.666666666664,22758.064516129034,13664.193548387097,7680.0,2386.7741935483873,3876.3333333333335,5560.322580645161
8114000,BRRI70,USGS GAGE,8114000.0,8114000,29.582380246720792,-95.75727254175467,"Brazos Rv at Richmond, TX",2017,9279.032258064517,8555.357142857143,6903.548387096775,16283.0,4163.548387096775,6001.333333333333,2981.2903225806454,15334.516129032258,21610.333333333332,3688.064516129032,2065.3,2148.2580645161293
8114000,BRRI70,USGS GAGE,8114000.0,8114000,29.582380246720792,-95.75727254175467,"Brazos Rv at Richmond, TX",2018,1400.6451612903227,3026.785714285714,5399.354838709677,8591.333333333334,1725.483870967742,1423.9,1160.6129032258063,769.0322580645161,1581.5,23377.41935483871,39340.0,28138.709677419356
8114000,BRRI70,USGS GAGE,8114000.0,8114000,29.582380246720792,-95.75727254175467,"Brazos Rv at Richmond, TX",2019,40683.87096774193,12852.142857142857,7498.387096774193,17719.333333333332,49506.45161290323,36216.666666666664,8609.354838709678,3588.7096774193546,1885.0,1003.7096774193549,1318.2333333333333,856.1612903225806
8114000,BRRI70,USGS GAGE,8114000.0,8114000,29.582380246720792,-95.75727254175467,"Brazos Rv at Richmond, TX",2020,1109.4516129032259,3143.793103448276,9808.064516129032,14191.666666666666,6474.193548387097,3977.3333333333335,1649.0,942.1935483870968,6889.3,2082.451612903226,1073.8,1350.032258064516
8114000,BRRI70,USGS GAGE,8114000.0,8114000,29.582380246720792,-95.75727254175467,"Brazos Rv at Richmond, TX",2021,7837.419354838709,2518.9285714285716,1974.1935483870968,1589.9666666666667,16649.032258064515,41600.0,17147.09677419355,3876.451612903226,1464.0,2928.7096774193546,1883.3333333333333,2292.5806451612902
8114000,BRRI70,USGS GAGE,8114000.0,8114000,29.582380246720792,-95.75727254175467,"Brazos Rv at Richmond, TX",2022,1308.3870967741937,5532.857142857143,3481.6129032258063,2181.3333333333335,2198.935483870968,928.8,701.1290322580645,821.2903225806451,1072.6333333333334,604.7096774193549,1180.9666666666667,2757.9032258064517
8114000,BRRI70,USGS GAGE,8114000.0,8114000,29.582380246720792,-95.75727254175467,"Brazos Rv at Richmond, TX",2023,3002.7096774193546,4861.428571428572,1075.6129032258063,5900.366666666667,12658.064516129032,2499.0333333333333,724.8387096774194,534.9032258064516,535.6666666666666,700.7741935483871,1554.6,1117.483870967742
8114000,BRRI70,USGS GAGE,8114000.0,8114000,29.582380246720792,-95.75727254175467,"Brazos Rv at Richmond, TX",2024,12267.41935483871,9175.51724137931,3748.7096774193546,8670.333333333334,54606.45161290323,31760.0,9267.09677419355,2667.4193548387098,1144.5666666666666,827.2903225806451,1047.0666666666666,1088.8064516129032
8115000,BGNE71,USGS GAGE,8115000.0,8115000,29.476230748247986,-95.81246333573245,"Big Ck nr Needville, TX",2010,28.324838709677422,43.12928571428571,3.6206451612903225,2.884666666666667,133.45,31.586000000000002,148.78806451612905,9.778709677419354,14.309333333333335,1.6235483870967742,2.180333333333333,19.701612903225808
8115000,BGNE71,USGS GAGE,8115000.0,8115000,29.476230748247986,-95.81246333573245,"Big Ck nr Needville, TX",2011,9.483548387096775,1.5160714285714287,1.3296774193548386,1.7866666666666666,1.5767741935483872,2.741333333333333,2.555483870967742,2.4848387096774194,4.005333333333334,4.812258064516129,2.5563333333333333,6.646451612903226
8115000,BGNE71,USGS GAGE,8115000.0,8115000,29.476230748247986,-95.81246333573245,"Big Ck nr Needville, TX",2012,68.05741935483871,97.92344827586207,74.49870967741936,2.2536666666666667,34.45225806451613,12.544999999999998,51.182903225806456,3.4561290322580644,15.192666666666666,7.628709677419355,2.3093333333333335,0.6274193548387097
8115000,BGNE71,USGS GAGE,8115000.0,8115000,29.476230748247986,-95.81246333573245,"Big Ck nr Needville, TX",2013,49.215483870967745,1.845357142857143,1.633225806451613,11.190333333333333,30.375806451612902,1.335,2.13258064516129,2.5151612903225806,6.271333333333333,43.02806451612903,55.82000000000001,3.184516129032258
8115000,BGNE71,USGS GAGE,8115000.0,8115000,29.476230748247986,-95.81246333573245,"Big Ck nr Needville, TX",2014,4.647741935483872,4.1882142857142854,22.746774193548386,3.19,96.16387096774193,7.024333333333333,13.313870967741936,4.266774193548388,42.32033333333334,9.094193548387098,3.6293333333333333,47.36612903225806
8115000,BGNE71,USGS GAGE,8115000.0,8115000,29.476230748247986,-95.81246333573245,"Big Ck nr Needville, TX",2015,41.524193548387096,2.794642857142857,91.36580645161291,215.25533333333334,361.0583870967742,36.134,1.8170967741935484,3.9767741935483873,49.26766666666666,178.25290322580645,39.29633333333334,46.71
8115000,BGNE71,USGS GAGE,8115000.0,8115000,29.476230748247986,-95.81246333573245,"Big Ck nr Needville, TX",2016,18.190645161290323,8.693103448275862,72.62354838709678,164.74833333333333,103.13064516129033,75.22800000000001,13.36741935483871,12.794193548387097,21.716,3.424516129032258,3.5981333333333327,3.7177096774193545
8115000,BGNE71,USGS GAGE,8115000.0,8115000,29.476230748247986,-95.81246333573245,"Big Ck nr Needville, TX",2017,4.707967741935484,3.9446964285714285,3.722225806451613,3.042333333333333,4.487887096774194,26.21175,3.143548387096774,651.3093548387097,33.326,18.00774193548387,6.664666666666666,4.497741935483871
8115000,BGNE71,USGS GAGE,8115000.0,8115000,29.476230748247986,-95.81246333573245,"Big Ck nr Needville, TX",2018,4.402258064516129,47.99142857142857,19.67064516129032,8.132333333333333,2.908709677419355,72.15266666666666,4.887741935483871,3.2680645161290323,26.567333333333334,59.82967741935484,54.868,210.2277419354839
8115000,BGNE71,USGS GAGE,8115000.0,8115000,29.476230748247986,-95.81246333573245,"Big Ck nr Needville, TX",2019,57.15870967741936,67.91,8.64774193548387,3.1959999999999997,435.5438709677419,197.36266666666668,2.6238709677419356,2.4264516129032256,53.23,4.108064516129032,7.11,3.2683870967741937
8115000,BGNE71,USGS GAGE,8115000.0,8115000,29.476230748247986,-95.81246333573245,"Big Ck nr Needville, TX",2020,9.808709677419355,14.040344827586207,4.712903225806452,4.294666666666667,7.7541935483870965,55.592666666666666,6.7535483870967745,3.7893548387096776,82.37333333333335,2.7506451612903224,42.19433333333333,98.09709677419356
8115000,BGNE71,USGS GAGE,8115000.0,8115000,29.476230748247986,-95.81246333573245,"Big Ck nr Needville, TX",2021,55.33548387096774,16.09035714285714,5.727741935483871,15.496666666666666,312.6787096774193,128.09966666666665,160.00290322580645,44.46064516129032,8.309333333333333,52.16935483870968,5.968666666666667,4.233225806451612
8115000,BGNE71,USGS GAGE,8115000.0,8115000,29.476230748247986,-95.81246333573245,"Big Ck nr Needville, TX",2022,28.33516129032258,9.930714285714286,7.443548387096774,3.4059999999999997,14.887096774193548,2.7723333333333335,2.930967741935484,57.2341935483871,53.709666666666664,2.959032258064516,111.90166666666667,9.418709677419356
8115000,BGNE71,USGS GAGE,8115000.0,8115000,29.476230748247986,-95.81246333573245,"Big Ck nr Needville, TX",2023,60.93,12.660357142857142,4.583225806451614,56.550666666666665,88.18451612903225,3.4596666666666662,3.7774193548387096,3.2761290322580647,4.861000000000001,3.9396774193548385,7.023,6.983225806451612
8115000,BGNE71,USGS GAGE,8115000.0,8115000,29.476230748247986,-95.81246333573245,"Big Ck nr Needville, TX",2024,180.4448387096774,41.647241379310344,55.85645161290322,3.9863333333333335,65.59193548387097,58.071333333333335,278.80387096774194,9.32258064516129,5.504333333333333,3.8609677419354838,23.299333333333333,10.555806451612904
8116650,BRRO72,USGS GAGE,8116650.0,8116650,29.34936931380495,-95.58243149237504,"Brazos Rv nr Rosharon, TX",2010,4728.064516129032,33392.857142857145,18677.41935483871,10287.666666666666,7853.870967741936,7092.333333333333,4870.322580645161,1221.516129032258,9437.1,2642.2580645161293,2041.3333333333333,1326.258064516129
8116650,BRRO72,USGS GAGE,8116650.0,8116650,29.34936931380495,-95.58243149237504,"Brazos Rv nr Rosharon, TX",2011,1780.9354838709678,1136.5,697.5483870967741,278.3333333333333,383.0967741935484,228.4,301.0774193548387,279.03225806451616,397.9,651.1612903225806,476.1666666666667,1049.516129032258
8116650,BRRO72,USGS GAGE,8116650.0,8116650,29.34936931380495,-95.58243149237504,"Brazos Rv nr Rosharon, TX",2012,3113.548387096774,12396.206896551725,18571.935483870966,12213.333333333334,2468.2903225806454,444.1,2475.8387096774195,656.9354838709677,1090.3333333333333,1035.1612903225807,333.43333333333334,501.06451612903226
8116650,BRRO72,USGS GAGE,8116650.0,8116650,29.34936931380495,-95.58243149237504,"Brazos Rv nr Rosharon, TX",2013,2909.6129032258063,884.1785714285714,574.258064516129,876.2,1346.516129032258,461.1,360.16129032258067,382.3225806451613,530.8,3347.7419354838707,13694.333333333334,4145.1612903225805
8116650,BRRO72,USGS GAGE,8116650.0,8116650,29.34936931380495,-95.58243149237504,"Brazos Rv nr Rosharon, TX",2014,1712.5806451612902,917.4285714285714,1616.5483870967741,660.1666666666666,6486.612903225807,4102.0,1724.6774193548388,627.3548387096774,1313.3333333333333,863.1612903225806,1721.3,2021.967741935484
8116650,BRRO72,USGS GAGE,8116650.0,8116650,29.34936931380495,-95.58243149237504,"Brazos Rv nr Rosharon, TX",2015,7484.5161290322585,3184.6428571428573,15652.258064516129,9391.0,33967.096774193546,52720.0,22018.387096774193,5753.548387096775,2884.3333333333335,6159.903225806452,30613.333333333332,36058.06451612903
8116650,BRRO72,USGS GAGE,8116650.0,8116650,29.34936931380495,-95.58243149237504,"Brazos Rv nr Rosharon, TX",2016,24751.290322580644,6760.0,29678.709677419356,29433.0,42909.67741935484,59823.333333333336,23867.74193548387,14500.322580645161,8541.666666666666,2693.2258064516127,3879.6666666666665,5742.258064516129
8116650,BRRO72,USGS GAGE,8116650.0,8116650,29.34936931380495,-95.58243149237504,"Brazos Rv nr Rosharon, TX",2017,9822.258064516129,8680.0,7926.129032258064,15983.0,4094.1935483870966,6269.333333333333,2844.8387096774195,16744.1935483871,25845.333333333332,4508.064516129032,2543.3333333333335,2341.7419354838707
8116650,BRRO72,USGS GAGE,8116650.0,8116650,29.34936931380495,-95.58243149237504,"Brazos Rv nr Rosharon, TX",2018,1480.9354838709678,3448.8928571428573,4559.032258064516,9252.666666666666,1605.1935483870968,1629.8,1078.8709677419354,696.1612903225806,1758.3,21699.032258064515,39633.333333333336,29267.74193548387
8116650,BRRO72,USGS GAGE,8116650.0,8116650,29.34936931380495,-95.58243149237504,"Brazos Rv nr Rosharon, TX",2019,42787.096774193546,13804.642857142857,8160.0,16811.0,51283.87096774193,38683.333333333336,8458.709677419354,3486.7741935483873,2326.6666666666665,1084.5483870967741,1408.7,884.0645161290323
8116650,BRRO72,USGS GAGE,8116650.0,8116650,29.34936931380495,-95.58243149237504,"Brazos Rv nr Rosharon, TX",2020,1269.483870967742,3250.5172413793102,9679.032258064517,14898.333333333334,6500.967741935484,4533.666666666667,1748.741935483871,1100.225806451613,7781.433333333333,1869.1935483870968,1177.4666666666667,1862.9032258064517
8116650,BRRO72,USGS GAGE,8116650.0,8116650,29.34936931380495,-95.58243149237504,"Brazos Rv nr Rosharon, TX",2021,8767.41935483871,2564.285714285714,1925.8064516129032,1462.5333333333333,18992.25806451613,44073.333333333336,19582.25806451613,4532.258064516129,2091.0,3377.4193548387098,1889.3333333333333,2311.935483870968
8116650,BRRO72,USGS GAGE,8116650.0,8116650,29.34936931380495,-95.58243149237504,"Brazos Rv nr Rosharon, TX",2022,1383.225806451613,5536.428571428572,3343.2258064516127,2181.0,2007.2903225806451,620.0666666666667,465.1290322580645,656.0967741935484,1074.7,579.3225806451613,1959.7666666666667,2532.5806451612902
8116650,BRRO72,USGS GAGE,8116650.0,8116650,29.34936931380495,-95.58243149237504,"Brazos Rv nr Rosharon, TX",2023,2871.3225806451615,4911.785714285715,1116.6451612903227,5603.433333333333,13690.645161290322,2451.0666666666666,660.483870967742,431.96774193548384,439.93333333333334,739.2258064516129,1550.9333333333334,1152.8709677419354
8116650,BRRO72,USGS GAGE,8116650.0,8116650,29.34936931380495,-95.58243149237504,"Brazos Rv nr Rosharon, TX",2024,12533.548387096775,10258.620689655172,4589.677419354839,9040.666666666666,51644.1935483871,34150.0,13361.290322580646,3094.516129032258,1405.3333333333333,1002.2258064516129,1381.0666666666666,1204.3870967741937
