Gage_ID_norm,CPID,Type,ID,Gage_ID,LAT,LONG,Station_Name,Year,JAN,FEB,MAR,APR,MAY,JUN,JUL,AUG,SEP,OCT,NOV,DEC
8082500,BRSE11,USGS GAGE,8082500.0,8082500,33.580936928573934,-99.26778047829596,"Brazos Rv at Seymour, TX",2010,85.54032258064517,343.2857142857143,143.70967741935485,866.6833333333333,455.7096774193548,188.89,2352.9806451612903,261.83870967741933,480.78,132.3967741935484,73.24,56.61290322580645
8082500,BRSE11,USGS GAGE,8082500.0,8082500,33.580936928573934,-99.26778047829596,"Brazos Rv at Seymour, TX",2011,54.92903225806452,57.425,33.94193548387097,21.64,8.192903225806452,0.1276666666666666,0.1341935483870967,0.0048387096774193,0.0153333333333333,8.891612903225806,0.548,8.442258064516128
8082500,BRSE11,USGS GAGE,8082500.0,8082500,33.580936928573934,-99.26778047829596,"Brazos Rv at Seymour, TX",2012,4.832903225806452,5.398620689655172,12.408709677419356,1.1896666666666669,48.25,166.29466666666667,9.116129032258064,95.32774193548389,48.78366666666667,29.08870967741936,0.104,0.5909677419354838
8082500,BRSE11,USGS GAGE,8082500.0,8082500,33.580936928573934,-99.26778047829596,"Brazos Rv at Seymour, TX",2013,9.632903225806452,7.671428571428572,6.372903225806452,16.074333333333335,102.65387096774194,178.27,93.28774193548388,166.69354838709677,34.492333333333335,16.85967741935484,0.253,2.8567741935483872
8082500,BRSE11,USGS GAGE,8082500.0,8082500,33.580936928573934,-99.26778047829596,"Brazos Rv at Seymour, TX",2014,5.16774193548387,10.001428571428573,3.032258064516129,1.112,26.918709677419358,137.62066666666666,90.99387096774193,38.693225806451615,322.06,137.28709677419354,95.89,48.0516129032258
8082500,BRSE11,USGS GAGE,8082500.0,8082500,33.580936928573934,-99.26778047829596,"Brazos Rv at Seymour, TX",2015,45.8,41.07857142857143,46.14193548387097,92.21666666666668,1310.3322580645165,802.8333333333334,904.548387096774,105.83548387096776,22.526666666666664,46.94516129032258,89.58999999999999,238.40967741935484
8082500,BRSE11,USGS GAGE,8082500.0,8082500,33.580936928573934,-99.26778047829596,"Brazos Rv at Seymour, TX",2016,157.24193548387098,67.72413793103448,52.47096774193548,73.38000000000001,157.44516129032257,189.92,37.78,34.726129032258065,139.47,74.70967741935483,264.55333333333334,91.92258064516128
8082500,BRSE11,USGS GAGE,8082500.0,8082500,33.580936928573934,-99.26778047829596,"Brazos Rv at Seymour, TX",2017,78.40967741935484,76.20357142857142,81.79677419354839,72.94333333333334,47.31612903225806,59.811,90.8532258064516,96.0032258064516,47.932,46.85806451612903,17.19,14.36774193548387
8082500,BRSE11,USGS GAGE,8082500.0,8082500,33.580936928573934,-99.26778047829596,"Brazos Rv at Seymour, TX",2018,17.68064516129032,17.8,14.825806451612904,9.476666666666668,143.14838709677417,93.08033333333331,2.553548387096774,0.9183870967741936,575.76,1806.3193548387096,273.53333333333336,125.82903225806452
8082500,BRSE11,USGS GAGE,8082500.0,8082500,33.580936928573934,-99.26778047829596,"Brazos Rv at Seymour, TX",2019,98.28387096774196,70.02142857142857,74.36129032258064,663.5433333333333,1089.741935483871,1117.9333333333334,97.47741935483872,28.961290322580645,115.19666666666669,53.05806451612903,126.59333333333332,58.6
8082500,BRSE11,USGS GAGE,8082500.0,8082500,33.580936928573934,-99.26778047829596,"Brazos Rv at Seymour, TX",2020,108.18709677419356,158.41379310344828,682.9354838709677,167.35666666666663,184.91290322580645,188.6,47.08387096774193,12.031290322580649,248.5186666666667,27.20967741935484,21.62333333333333,24.241935483870968
8082500,BRSE11,USGS GAGE,8082500.0,8082500,33.580936928573934,-99.26778047829596,"Brazos Rv at Seymour, TX",2021,36.41935483870968,61.08928571428572,78.24838709677418,94.49333333333334,416.5032258064516,989.4333333333332,803.483870967742,159.32258064516128,62.20666666666667,23.22258064516129,11.682333333333334,10.151290322580644
8082500,BRSE11,USGS GAGE,8082500.0,8082500,33.580936928573934,-99.26778047829596,"Brazos Rv at Seymour, TX",2022,19.9,34.84285714285714,29.38064516129032,22.923333333333336,24.40935483870968,69.48233333333333,8.790000000000001,86.08258064516129,123.79,20.48774193548387,36.88,49.8516129032258
8082500,BRSE11,USGS GAGE,8082500.0,8082500,33.580936928573934,-99.26778047829596,"Brazos Rv at Seymour, TX",2023,30.070967741935487,28.667857142857144,70.22258064516129,27.71333333333333,253.8587096774193,1000.6,295.59354838709675,31.758064516129032,134.59666666666666,373.9451612903226,194.76,145.92580645161289
8082500,BRSE11,USGS GAGE,8082500.0,8082500,33.580936928573934,-99.26778047829596,"Brazos Rv at Seymour, TX",2024,68.04193548387097,60.3,40.75483870967742,388.3566666666667,580.5935483870968,1145.24,39.82258064516129,7.993870967741936,82.52600000000001,20.376774193548385,341.04866666666663,121.46774193548389
8082700,MSMN12,USGS GAGE,8082700.0,8082700,33.3293212721645,-99.46475605054646,"Millers Ck nr Munday, TX",2010,12.69516129032258,14.214642857142858,10.41,24.290333333333333,16.766774193548386,3.059,4.811290322580645,0.1277419354838709,10.006666666666666,0.0590322580645161,0.0,0.0
8082700,MSMN12,USGS GAGE,8082700.0,8082700,33.3293212721645,-99.46475605054646,"Millers Ck nr Munday, TX",2011,0.0,0.0,0.0,0.0,0.0,0.0,0.0,0.0,0.0,0.6051612903225807,0.0,0.0909677419354838
8082700,MSMN12,USGS GAGE,8082700.0,8082700,33.3293212721645,-99.46475605054646,"Millers Ck nr Munday, TX",2012,0.0,0.0,0.0,0.0,0.0,0.782,0.9651612903225808,0.0009677419354838,7.682666666666666,0.4919354838709677,0.0,0.0
8082700,MSMN12,USGS GAGE,8082700.0,8082700,33.3293212721645,-99.46475605054646,"Millers Ck nr Munday, TX",2013,0.0,0.0,0.0,0.0026666666666666,0.0,7.364333333333334,0.0716129032258064,0.0,1.0903333333333334,0.5616129032258065,0.0,0.0
8082700,MSMN12,USGS GAGE,8082700.0,8082700,33.3293212721645,-99.46475605054646,"Millers Ck nr Munday, TX",2014,0.0,0.0,0.0,0.0,0.0,0.6490000000000001,1.3477419354838711,0.0,0.6713333333333333,0.4180645161290322,1.405333333333333,0.0093548387096774
8082700,MSMN12,USGS GAGE,8082700.0,8082700,33.3293212721645,-99.46475605054646,"Millers Ck nr Munday, TX",2015,0.3409677419354839,0.0275,0.392258064516129,1.9936666666666667,183.29387096774192,89.05466666666666,0.724516129032258,0.0035483870967741,0.0,0.0425806451612903,13.447333333333336,58.86709677419355
8082700,MSMN12,USGS GAGE,8082700.0,8082700,33.3293212721645,-99.46475605054646,"Millers Ck nr Munday, TX",2016,3.3716129032258064,0.2572413793103448,0.1606451612903226,0.185,1.330967741935484,0.989,0.0,0.2103225806451612,50.696,0.7770967741935484,3.627333333333333,0.2648387096774194
8082700,MSMN12,USGS GAGE,8082700.0,8082700,33.3293212721645,-99.46475605054646,"Millers Ck nr Munday, TX",2017,0.2938709677419354,0.4492857142857143,0.8861290322580645,0.6579999999999999,0.2174193548387097,90.069,10.15967741935484,0.1109677419354838,1.727666666666667,0.5261290322580646,0.013,0.0606451612903225
8082700,MSMN12,USGS GAGE,8082700.0,8082700,33.3293212721645,-99.46475605054646,"Millers Ck nr Munday, TX",2018,0.0319354838709677,0.1085714285714285,0.1548387096774193,0.009,0.0,0.1843333333333333,0.0,0.0487096774193548,194.9523333333333,429.8632258064516,56.519666666666666,5.17483870967742
8082700,MSMN12,USGS GAGE,8082700.0,8082700,33.3293212721645,-99.46475605054646,"Millers Ck nr Munday, TX",2019,2.5370967741935484,0.5667857142857142,9.291612903225808,87.61366666666666,70.4874193548387,148.67366666666666,4.878709677419355,0.3870967741935484,0.596,0.0112903225806451,0.2423333333333333,0.0
8082700,MSMN12,USGS GAGE,8082700.0,8082700,33.3293212721645,-99.46475605054646,"Millers Ck nr Munday, TX",2020,1.0529032258064517,1.406551724137931,69.00709677419354,12.756,0.2396774193548387,19.477666666666668,0.0054838709677419,0.0,170.79266666666666,0.19,0.1093333333333333,0.0564516129032258
8082700,MSMN12,USGS GAGE,8082700.0,8082700,33.3293212721645,-99.46475605054646,"Millers Ck nr Munday, TX",2021,0.1716129032258064,0.0585714285714285,0.0490322580645161,53.31466666666667,68.30645161290323,76.26,35.89161290322581,0.2741935483870967,0.0,0.0,0.0,0.0
8082700,MSMN12,USGS GAGE,8082700.0,8082700,33.3293212721645,-99.46475605054646,"Millers Ck nr Munday, TX",2022,0.0,0.0,0.0,0.0,0.0,0.0,0.0,0.0,0.0,0.0,0.0,0.0
8082700,MSMN12,USGS GAGE,8082700.0,8082700,33.3293212721645,-99.46475605054646,"Millers Ck nr Munday, TX",2023,0.0,0.0,7.925483870967742,0.0,0.024516129032258,0.0103333333333333,0.0,0.0,0.0243333333333333,2.607096774193548,0.2733333333333333,0.0064516129032258
8082700,MSMN12,USGS GAGE,8082700.0,8082700,33.3293212721645,-99.46475605054646,"Millers Ck nr Munday, TX",2024,0.002258064516129,15.561379310344826,0.0,38.82166666666667,57.11064516129032,70.65533333333333,0.1293548387096774,0.0,0.962,0.0,3.975333333333333,0.0
8083100,CFRO13,USGS GAGE,8083100.0,8083100,32.787751668531925,-100.38853711789864,"Clear Fk Brazos Rv nr Roby, TX",2010,0.3625806451612903,0.6907142857142857,0.6596774193548387,5.815666666666667,2.845483870967742,23.54433333333333,20.818387096774195,3.564516129032258,7.635666666666666,7.620967741935484,3.506,2.8251612903225807
8083100,CFRO13,USGS GAGE,8083100.0,8083100,32.787751668531925,-100.38853711789864,"Clear Fk Brazos Rv nr Roby, TX",2011,1.1593548387096773,1.1457142857142857,1.3225806451612905,0.7826666666666667,1.0183870967741937,0.3086666666666666,0.0625806451612903,0.0,0.0016666666666666,0.2667741935483871,0.3443333333333333,0.3996774193548387
8083100,CFRO13,USGS GAGE,8083100.0,8083100,32.787751668531925,-100.38853711789864,"Clear Fk Brazos Rv nr Roby, TX",2012,0.3880645161290322,0.3479310344827586,0.2954838709677419,0.0213333333333333,0.5264516129032258,0.1123333333333333,0.0264516129032258,0.0070967741935483,0.493,0.0138709677419354,0.0,0.0151612903225806
8083100,CFRO13,USGS GAGE,8083100.0,8083100,32.787751668531925,-100.38853711789864,"Clear Fk Brazos Rv nr Roby, TX",2013,0.0416129032258064,0.0,0.0,0.0,26.467741935483872,0.6606666666666666,0.2132258064516129,0.0,0.084,0.0,0.0,0.0
8083100,CFRO13,USGS GAGE,8083100.0,8083100,32.787751668531925,-100.38853711789864,"Clear Fk Brazos Rv nr Roby, TX",2014,0.0,0.0,0.0,0.0,7.820645161290323,4.932666666666666,0.0,0.0,2.648,0.0,0.1356666666666666,0.0
8083100,CFRO13,USGS GAGE,8083100.0,8083100,32.787751668531925,-100.38853711789864,"Clear Fk Brazos Rv nr Roby, TX",2015,0.0,0.0,0.1470967741935483,0.322,12.568709677419356,1.917,20.056451612903224,0.5132258064516129,0.053,1.640967741935484,0.6596666666666666,1.4861290322580645
8083100,CFRO13,USGS GAGE,8083100.0,8083100,32.787751668531925,-100.38853711789864,"Clear Fk Brazos Rv nr Roby, TX",2016,0.7570967741935484,0.8479310344827586,0.7574193548387097,0.3053333333333333,7.028387096774194,25.72,0.8903225806451613,0.5851612903225807,0.5640000000000001,0.6964516129032258,10.516333333333334,1.1922580645161291
8083100,CFRO13,USGS GAGE,8083100.0,8083100,32.787751668531925,-100.38853711789864,"Clear Fk Brazos Rv nr Roby, TX",2017,1.2625806451612904,1.3257142857142856,1.2983870967741935,1.1646666666666663,0.8574193548387096,0.5606666666666666,1.1274193548387097,0.0435483870967741,0.0876666666666666,0.0361290322580645,0.2276666666666666,0.422258064516129
8083100,CFRO13,USGS GAGE,8083100.0,8083100,32.787751668531925,-100.38853711789864,"Clear Fk Brazos Rv nr Roby, TX",2018,0.3941935483870968,0.3567857142857143,0.4338709677419354,0.2583333333333333,0.2303225806451612,1.259,0.0493548387096774,0.3867741935483871,0.4756666666666666,36.47709677419355,4.334666666666666,1.7458064516129033
8083100,CFRO13,USGS GAGE,8083100.0,8083100,32.787751668531925,-100.38853711789864,"Clear Fk Brazos Rv nr Roby, TX",2019,1.914516129032258,1.7617857142857145,2.0261290322580647,1.4460000000000002,35.130967741935486,33.626666666666665,2.9570967741935483,1.1519354838709677,3.302,0.6361290322580645,2.320666666666667,1.1838709677419357
8083100,CFRO13,USGS GAGE,8083100.0,8083100,32.787751668531925,-100.38853711789864,"Clear Fk Brazos Rv nr Roby, TX",2020,1.1351612903225805,1.3158620689655172,2.396774193548387,1.547,0.9651612903225808,0.588,0.2061290322580645,0.0619354838709677,10.140333333333333,0.2170967741935484,0.5043333333333333,0.6780645161290323
8083100,CFRO13,USGS GAGE,8083100.0,8083100,32.787751668531925,-100.38853711789864,"Clear Fk Brazos Rv nr Roby, TX",2021,0.7290322580645162,0.8117857142857143,0.7887096774193548,5.699,39.27483870967742,53.044,44.81677419354838,1.7764516129032255,0.7493333333333333,0.6206451612903227,0.7413333333333333,0.9367741935483872
8083100,CFRO13,USGS GAGE,8083100.0,8083100,32.787751668531925,-100.38853711789864,"Clear Fk Brazos Rv nr Roby, TX",2022,1.2841935483870968,1.1682142857142856,1.0370967741935484,0.8493333333333334,1.5319354838709678,0.5743333333333334,0.2396774193548387,0.4038709677419355,0.3913333333333333,0.3525806451612903,0.522,0.6732258064516129
8083100,CFRO13,USGS GAGE,8083100.0,8083100,32.787751668531925,-100.38853711789864,"Clear Fk Brazos Rv nr Roby, TX",2023,0.667741935483871,0.7203571428571429,0.8635483870967742,0.8753333333333333,3.746451612903226,4.751,2.337741935483871,0.4909677419354838,2.923666666666666,0.893225806451613,0.5656666666666667,0.886774193548387
8083100,CFRO13,USGS GAGE,8083100.0,8083100,32.787751668531925,-100.38853711789864,"Clear Fk Brazos Rv nr Roby, TX",2024,1.0235483870967743,1.182758620689655,1.0074193548387096,2.4433333333333334,0.6258064516129032,0.5283333333333333,0.2729032258064516,0.0519354838709677,0.2326666666666667,0.1890322580645161,32.01833333333333,0.6880645161290322
8083240,CFHA14,USGS GAGE,8083240.0,8083240,32.598517250719446,-99.81467513289076,"Clear Fk Brazos Rv at Hwy 83 nr Hawley, TX",2010,18.259234150206485,17.64625787645965,17.897767399697038,26.343583357342748,16.229952359923757,24.29348306967672,47.66116322432565,15.167016525745256,40.83768457219325,19.180564453257578,11.35936800910732,13.383681184262771
8083240,CFHA14,USGS GAGE,8083240.0,8083240,32.598517250719446,-99.81467513289076,"Clear Fk Brazos Rv at Hwy 83 nr Hawley, TX",2011,12.08240088242876,12.443388516479503,12.404367142676351,9.923681699465323,7.282271494117121,5.664525188981417,5.587029698841268,5.593886387716911,5.618471095366681,7.018438030858679,6.494114982322453,7.278246915864027
8083240,CFHA14,USGS GAGE,8083240.0,8083240,32.598517250719446,-99.81467513289076,"Clear Fk Brazos Rv at Hwy 83 nr Hawley, TX",2012,7.2986679240371375,6.598391307998629,6.396417103074793,7.35697462255574,7.966002621781794,5.806076065342429,5.587476874202724,5.586433465025995,13.190749858870582,12.682212100593716,5.66899197398084,5.762620557439259
8083240,CFHA14,USGS GAGE,8083240.0,8083240,32.598517250719446,-99.81467513289076,"Clear Fk Brazos Rv at Hwy 83 nr Hawley, TX",2013,5.838640368886607,5.920452165968039,5.941341643567435,5.993372981180287,8.557019391171469,9.760258979314036,21.07718421964199,5.852949980453166,5.731835018110647,5.799437995532387,5.702569875010982,5.700612240650835
8083240,CFHA14,USGS GAGE,8083240.0,8083240,32.598517250719446,-99.81467513289076,"Clear Fk Brazos Rv at Hwy 83 nr Hawley, TX",2014,5.69122155806028,5.668122821234647,5.723120067177402,5.783280059138479,5.976966614030016,11.8159042414621,6.880409902622907,5.58956369255618,8.407131178626885,5.604618596391831,5.634335883468079,5.688389447437732
8083240,CFHA14,USGS GAGE,8083240.0,8083240,32.598517250719446,-99.81467513289076,"Clear Fk Brazos Rv at Hwy 83 nr Hawley, TX",2015,5.694500844044283,5.722417363037974,5.739516497097418,5.770033731209158,34.04005265595295,24.08107974160073,24.202194703943253,5.587029698841268,5.586433465025995,30.53076947770804,20.05773867367255,35.9426347604901
8083240,CFHA14,USGS GAGE,8083240.0,8083240,32.598517250719446,-99.81467513289076,"Clear Fk Brazos Rv at Hwy 83 nr Hawley, TX",2016,8.776582493645867,7.14348779371889,9.986788080196876,136.79300590272027,482.688260693118,411.4724044677301,13.45090654693484,8.61217101908425,19.07221066862053,18.60483870967742,41.27833333333333,12.229032258064516
8083240,CFHA14,USGS GAGE,8083240.0,8083240,32.598517250719446,-99.81467513289076,"Clear Fk Brazos Rv at Hwy 83 nr Hawley, TX",2017,14.190645161290323,14.478571428571428,9.870645161290325,8.172,89.61129032258064,68.652,14.91709677419355,5.671612903225806,5.664666666666666,3.2316129032258067,3.731,4.26741935483871
8083240,CFHA14,USGS GAGE,8083240.0,8083240,32.598517250719446,-99.81467513289076,"Clear Fk Brazos Rv at Hwy 83 nr Hawley, TX",2018,4.3180645161290325,4.843571428571429,4.71741935483871,2.909666666666667,1.3483870967741938,2.181,0.9558064516129032,3.760322580645161,121.796,728.816129032258,307.44,103.5548387096774
8083240,CFHA14,USGS GAGE,8083240.0,8083240,32.598517250719446,-99.81467513289076,"Clear Fk Brazos Rv at Hwy 83 nr Hawley, TX",2019,74.05806451612904,57.35,45.6741935483871,68.83666666666666,487.4129032258064,297.62666666666667,52.57419354838709,21.43870967741936,15.253333333333334,10.511290322580646,16.513333333333332,14.980645161290322
8083240,CFHA14,USGS GAGE,8083240.0,8083240,32.598517250719446,-99.81467513289076,"Clear Fk Brazos Rv at Hwy 83 nr Hawley, TX",2020,13.78064516129032,19.75862068965517,79.79677419354839,24.77,15.329032258064515,13.959,8.731290322580646,2.5270967741935486,114.08033333333331,6.762903225806451,7.786333333333333,7.953225806451614
8083240,CFHA14,USGS GAGE,8083240.0,8083240,32.598517250719446,-99.81467513289076,"Clear Fk Brazos Rv at Hwy 83 nr Hawley, TX",2021,9.744193548387097,9.083571428571428,9.186774193548388,38.08533333333333,123.86774193548388,456.97333333333336,114.61290322580643,19.01290322580645,15.52,8.614193548387098,10.733,7.984516129032259
8083240,CFHA14,USGS GAGE,8083240.0,8083240,32.598517250719446,-99.81467513289076,"Clear Fk Brazos Rv at Hwy 83 nr Hawley, TX",2022,8.418709677419356,10.7675,11.40483870967742,8.359666666666666,2.1716129032258062,1.520333333333333,0.0570967741935483,0.1261290322580645,0.7023333333333334,1.5829032258064517,0.4943333333333333,2.613548387096774
8083240,CFHA14,USGS GAGE,8083240.0,8083240,32.598517250719446,-99.81467513289076,"Clear Fk Brazos Rv at Hwy 83 nr Hawley, TX",2023,2.3096774193548386,2.160357142857143,3.087741935483871,1.625,65.76225806451613,75.56333333333333,13.894516129032258,0.022258064516129,12.93,39.99612903225807,3.1743333333333337,3.822258064516129
8083240,CFHA14,USGS GAGE,8083240.0,8083240,32.598517250719446,-99.81467513289076,"Clear Fk Brazos Rv at Hwy 83 nr Hawley, TX",2024,3.759032258064517,5.288620689655173,4.685161290322581,5.747333333333333,33.38290322580646,8.641333333333334,0.2190322580645161,0.0,18.374666666666663,0.3412903225806452,52.088,2.183870967741936
8084000,CFNU16,USGS GAGE,8084000.0,8084000,32.69010955738532,-99.669404234539,"Clear Fk Brazos Rv at Nugent, TX",2010,27.425483870967746,26.09892857142857,26.64322580645161,44.92100000000001,23.033870967741937,40.48433333333333,91.0548387096774,20.73354838709677,76.288,29.41935483870968,12.493333333333334,16.874193548387098
8084000,CFNU16,USGS GAGE,8084000.0,8084000,32.69010955738532,-99.669404234539,"Clear Fk Brazos Rv at Nugent, TX",2011,14.058064516129033,14.839285714285714,14.75483870967742,9.386333333333331,3.67,0.169,0.0012903225806451,0.0161290322580645,0.0693333333333333,3.099032258064516,1.9643333333333333,3.661290322580645
8084000,CFNU16,USGS GAGE,8084000.0,8084000,32.69010955738532,-99.669404234539,"Clear Fk Brazos Rv at Nugent, TX",2012,3.705483870967742,2.19,1.7529032258064516,3.8316666666666666,5.149677419354839,0.4753333333333333,0.002258064516129,0.0,16.456666666666667,15.356129032258066,0.1786666666666666,0.3812903225806451
8084000,CFNU16,USGS GAGE,8084000.0,8084000,32.69010955738532,-99.669404234539,"Clear Fk Brazos Rv at Nugent, TX",2013,0.5458064516129033,0.7228571428571428,0.7680645161290323,0.8806666666666666,6.428709677419356,9.032666666666668,33.523870967741935,0.5767741935483871,0.3146666666666666,0.4609677419354839,0.2513333333333333,0.2470967741935484
8084000,CFNU16,USGS GAGE,8084000.0,8084000,32.69010955738532,-99.669404234539,"Clear Fk Brazos Rv at Nugent, TX",2014,0.2267741935483871,0.1767857142857143,0.2958064516129032,0.426,0.8451612903225806,13.481333333333334,2.8003225806451613,0.006774193548387,6.104333333333333,0.0393548387096774,0.1036666666666666,0.2206451612903225
8084000,CFNU16,USGS GAGE,8084000.0,8084000,32.69010955738532,-99.669404234539,"Clear Fk Brazos Rv at Nugent, TX",2015,0.2338709677419354,0.2942857142857143,0.3312903225806451,0.3973333333333333,61.57709677419354,40.02466666666667,40.28677419354839,0.0012903225806451,0.0,53.98258064516129,31.317666666666664,65.69451612903225
8084000,CFNU16,USGS GAGE,8084000.0,8084000,32.69010955738532,-99.669404234539,"Clear Fk Brazos Rv at Nugent, TX",2016,6.903870967741936,3.369655172413793,9.52290322580645,283.947,1032.5064516129032,878.3866666666667,17.01967741935484,6.548064516129033,29.374,24.656129032258065,49.99366666666666,16.380645161290325
8084000,CFNU16,USGS GAGE,8084000.0,8084000,32.69010955738532,-99.669404234539,"Clear Fk Brazos Rv at Nugent, TX",2017,19.351612903225806,21.267857142857142,12.147419354838709,10.217666666666668,95.85,94.20666666666666,20.90419354838709,6.635483870967741,13.976666666666668,6.270645161290323,7.079666666666666,5.540322580645161
8084000,CFNU16,USGS GAGE,8084000.0,8084000,32.69010955738532,-99.669404234539,"Clear Fk Brazos Rv at Nugent, TX",2018,5.969032258064516,6.799285714285714,6.58741935483871,5.1466666666666665,2.221290322580645,7.990666666666667,1.0338709677419355,3.025483870967742,89.33066666666667,1553.2193548387097,538.3333333333334,269.93548387096774
8084000,CFNU16,USGS GAGE,8084000.0,8084000,32.69010955738532,-99.669404234539,"Clear Fk Brazos Rv at Nugent, TX",2019,192.70967741935485,101.64642857142856,96.81290322580644,182.48666666666668,1171.645161290323,754.8333333333334,72.90967741935484,27.648387096774197,21.25,13.983870967741936,20.546666666666667,18.09032258064516
8084000,CFNU16,USGS GAGE,8084000.0,8084000,32.69010955738532,-99.669404234539,"Clear Fk Brazos Rv at Nugent, TX",2020,20.48064516129032,31.00689655172414,180.78709677419357,45.5,18.11290322580645,14.499666666666666,8.524516129032257,3.1083870967741936,169.411,10.273548387096774,11.229,14.141935483870968
8084000,CFNU16,USGS GAGE,8084000.0,8084000,32.69010955738532,-99.669404234539,"Clear Fk Brazos Rv at Nugent, TX",2021,15.816129032258065,13.425,13.225806451612904,46.20766666666667,201.50322580645164,896.15,213.18709677419355,24.858064516129037,10.986666666666668,11.422258064516129,9.054,12.60741935483871
8084000,CFNU16,USGS GAGE,8084000.0,8084000,32.69010955738532,-99.669404234539,"Clear Fk Brazos Rv at Nugent, TX",2022,14.816129032258065,12.60142857142857,11.786451612903226,14.015666666666666,7.944516129032258,1.6883333333333332,0.2583870967741935,0.8667741935483871,3.5956666666666663,11.128709677419357,3.134333333333333,4.116451612903226
8084000,CFNU16,USGS GAGE,8084000.0,8084000,32.69010955738532,-99.669404234539,"Clear Fk Brazos Rv at Nugent, TX",2023,3.758709677419355,3.9075,7.992903225806452,4.277,101.23870967741937,81.881,26.024516129032257,0.0106451612903225,19.578666666666667,25.817419354838712,6.233666666666666,7.25516129032258
8084000,CFNU16,USGS GAGE,8084000.0,8084000,32.69010955738532,-99.669404234539,"Clear Fk Brazos Rv at Nugent, TX",2024,5.389354838709677,10.423103448275862,12.021935483870967,12.011666666666668,34.01032258064516,14.232666666666669,0.1170967741935483,0.064516129032258,17.03066666666667,2.8225806451612905,71.56433333333332,3.509677419354839
8084800,CAST17,USGS GAGE,8084800.0,8084800,32.93119966152174,-99.642825024378,"California Ck nr Stamford, TX",2010,41.72741935483871,37.41857142857143,17.60967741935484,396.037,19.79064516129032,51.30200000000001,53.64161290322581,7.371290322580645,101.26766666666668,7.934516129032258,2.732666666666667,3.872903225806452
8084800,CAST17,USGS GAGE,8084800.0,8084800,32.93119966152174,-99.642825024378,"California Ck nr Stamford, TX",2011,3.455161290322581,3.716428571428572,2.596774193548387,2.2976666666666667,0.5783870967741935,0.0456666666666666,0.0,0.6803225806451613,0.2443333333333333,9.124193548387098,1.2526666666666666,10.18451612903226
8084800,CAST17,USGS GAGE,8084800.0,8084800,32.93119966152174,-99.642825024378,"California Ck nr Stamford, TX",2012,2.8648387096774197,2.8286206896551724,1.4480645161290322,0.4036666666666667,0.0054838709677419,0.9336666666666668,0.0,0.0,1.606666666666667,0.4393548387096774,0.0,0.0
8084800,CAST17,USGS GAGE,8084800.0,8084800,32.93119966152174,-99.642825024378,"California Ck nr Stamford, TX",2013,0.0,0.0,0.0,0.0103333333333333,0.0151612903225806,26.566666666666663,37.809677419354834,3.9922580645161294,1.9643333333333333,1.0541935483870968,0.0263333333333333,0.0480645161290322
8084800,CAST17,USGS GAGE,8084800.0,8084800,32.93119966152174,-99.642825024378,"California Ck nr Stamford, TX",2014,0.0941935483870967,0.1471428571428571,0.1203225806451612,0.0246666666666666,5.800645161290323,37.129333333333335,0.67,0.0,22.911,0.7496774193548388,9.887333333333334,1.6716129032258065
8084800,CAST17,USGS GAGE,8084800.0,8084800,32.93119966152174,-99.642825024378,"California Ck nr Stamford, TX",2015,1.5538709677419356,1.2185714285714284,3.131612903225806,116.91833333333334,373.473870967742,193.22666666666663,62.78967741935484,1.4854838709677418,0.265,83.11580645161291,68.15333333333334,172.10064516129032
8084800,CAST17,USGS GAGE,8084800.0,8084800,32.93119966152174,-99.642825024378,"California Ck nr Stamford, TX",2016,27.72322580645161,6.934827586206896,6.006129032258064,141.71966666666668,440.3183870967742,191.63,8.913870967741936,4.440322580645161,17.657,5.938387096774194,13.269666666666668,4.538387096774193
8084800,CAST17,USGS GAGE,8084800.0,8084800,32.93119966152174,-99.642825024378,"California Ck nr Stamford, TX",2017,6.844516129032258,8.797142857142857,5.0045161290322575,3.3726666666666665,130.44709677419354,122.55633333333334,27.541935483870965,1.7448387096774194,22.285666666666668,4.936129032258064,1.1966666666666663,0.7645161290322581
8084800,CAST17,USGS GAGE,8084800.0,8084800,32.93119966152174,-99.642825024378,"California Ck nr Stamford, TX",2018,1.2461290322580647,1.692142857142857,1.848387096774193,1.1063333333333332,15.032903225806454,13.221,0.3725806451612903,0.3235483870967742,522.6633333333333,1369.983870967742,251.17666666666668,85.73870967741935
8084800,CAST17,USGS GAGE,8084800.0,8084800,32.93119966152174,-99.642825024378,"California Ck nr Stamford, TX",2019,25.858064516129037,12.9325,11.675806451612903,103.236,625.0129032258066,529.5933333333334,13.636774193548389,3.1548387096774198,11.322333333333336,1.9035483870967744,41.96933333333333,4.781290322580645
8084800,CAST17,USGS GAGE,8084800.0,8084800,32.93119966152174,-99.642825024378,"California Ck nr Stamford, TX",2020,15.886451612903226,28.55,275.82645161290327,18.034,10.220322580645162,45.824666666666666,2.0903225806451613,0.4893548387096774,476.6486666666667,6.639354838709677,5.12,4.752580645161291
8084800,CAST17,USGS GAGE,8084800.0,8084800,32.93119966152174,-99.642825024378,"California Ck nr Stamford, TX",2021,5.499354838709677,4.277142857142858,3.539032258064516,20.515,256.1051612903226,795.9133333333334,133.14870967741933,6.355483870967742,2.5616666666666665,1.783548387096774,2.3920000000000003,2.3390322580645164
8084800,CAST17,USGS GAGE,8084800.0,8084800,32.93119966152174,-99.642825024378,"California Ck nr Stamford, TX",2022,2.476774193548388,2.8464285714285715,2.135483870967742,25.768666666666665,36.925161290322585,12.882,0.4561290322580645,20.006774193548388,70.55066666666667,4.620645161290323,3.2883333333333336,4.06741935483871
8084800,CAST17,USGS GAGE,8084800.0,8084800,32.93119966152174,-99.642825024378,"California Ck nr Stamford, TX",2023,1.9851612903225808,2.1839285714285714,3.07741935483871,1.3896666666666666,76.71967741935484,337.8366666666667,222.0483870967742,2.9025806451612906,5.905,55.12,9.012333333333334,8.553870967741936
8084800,CAST17,USGS GAGE,8084800.0,8084800,32.93119966152174,-99.642825024378,"California Ck nr Stamford, TX",2024,5.254838709677419,11.16,3.0503225806451613,12.300999999999998,161.42677419354837,31.323666666666668,0.6483870967741936,0.0,31.124,0.0003225806451612,77.41233333333334,5.156451612903226
8085500,CFFG18,USGS GAGE,8085500.0,8085500,32.934552636344634,-99.22446763215038,"Clear Fk Brazos Rv at Ft Griffin, TX",2010,110.08387096774192,180.41071428571428,108.8483870967742,693.98,140.73225806451612,115.47666666666667,194.9032258064516,48.50967741935484,286.7,77.09677419354838,22.876666666666665,37.35806451612903
8085500,CFFG18,USGS GAGE,8085500.0,8085500,32.934552636344634,-99.22446763215038,"Clear Fk Brazos Rv at Ft Griffin, TX",2011,33.9741935483871,38.114285714285714,20.52258064516129,9.732666666666669,5.671935483870969,0.0996666666666666,0.0,0.0406451612903225,0.0,0.0716129032258064,0.0023333333333333,8.838064516129032
8085500,CFFG18,USGS GAGE,8085500.0,8085500,32.934552636344634,-99.22446763215038,"Clear Fk Brazos Rv at Ft Griffin, TX",2012,11.138064516129033,11.164137931034482,10.562903225806451,4.484666666666667,1.4822580645161292,0.0016666666666666,0.0,0.0,0.074,29.27935483870968,1.0783333333333334,4.3345161290322585
8085500,CFFG18,USGS GAGE,8085500.0,8085500,32.934552636344634,-99.22446763215038,"Clear Fk Brazos Rv at Ft Griffin, TX",2013,8.598387096774195,8.316428571428572,7.2216129032258065,8.771333333333333,0.7109677419354838,66.71833333333333,102.15,8.210322580645162,0.048,0.0016129032258064,1.1313333333333333,14.18032258064516
8085500,CFFG18,USGS GAGE,8085500.0,8085500,32.934552636344634,-99.22446763215038,"Clear Fk Brazos Rv at Ft Griffin, TX",2014,11.566774193548389,10.898928571428572,4.035806451612904,2.3383333333333334,7.684193548387097,73.42800000000001,11.087096774193547,0.1096774193548387,22.310666666666663,3.511935483870968,24.53333333333333,13.111290322580643
8085500,CFFG18,USGS GAGE,8085500.0,8085500,32.934552636344634,-99.22446763215038,"Clear Fk Brazos Rv at Ft Griffin, TX",2015,9.348387096774196,8.625,18.18064516129032,209.66666666666663,1408.2709677419357,746.1233333333333,212.8516129032258,4.804193548387097,0.1496666666666666,175.62645161290322,132.84,464.258064516129
8085500,CFFG18,USGS GAGE,8085500.0,8085500,32.934552636344634,-99.22446763215038,"Clear Fk Brazos Rv at Ft Griffin, TX",2016,204.20967741935485,40.220689655172414,59.40967741935484,573.66,1577.383870967742,1744.1333333333334,67.42258064516129,54.096774193548384,268.13,121.90967741935484,166.73666666666668,63.41612903225807
8085500,CFFG18,USGS GAGE,8085500.0,8085500,32.934552636344634,-99.22446763215038,"Clear Fk Brazos Rv at Ft Griffin, TX",2017,75.0741935483871,192.025,54.43225806451613,38.39666666666667,255.0935483870968,575.0766666666666,116.10967741935484,12.716774193548387,53.689,53.270967741935486,20.636666666666667,20.951612903225808
8085500,CFFG18,USGS GAGE,8085500.0,8085500,32.934552636344634,-99.22446763215038,"Clear Fk Brazos Rv at Ft Griffin, TX",2018,23.596774193548388,21.74285714285714,34.23548387096774,9.679,48.92677419354839,45.95433333333334,0.1796774193548387,0.0135483870967741,781.2,4975.109677419355,1384.4,834.1935483870968
8085500,CFFG18,USGS GAGE,8085500.0,8085500,32.934552636344634,-99.22446763215038,"Clear Fk Brazos Rv at Ft Griffin, TX",2019,704.1935483870968,275.2857142857143,191.6451612903226,609.2,3295.6774193548385,2519.133333333333,186.3032258064516,50.20967741935484,40.05,30.641935483870967,94.42,36.09032258064516
8085500,CFFG18,USGS GAGE,8085500.0,8085500,32.934552636344634,-99.22446763215038,"Clear Fk Brazos Rv at Ft Griffin, TX",2020,58.94193548387097,91.69310344827586,1204.7451612903226,264.5,79.49354838709678,136.92333333333332,31.115483870967743,2.66,1192.09,56.37741935483872,33.586666666666666,35.66129032258065
8085500,CFFG18,USGS GAGE,8085500.0,8085500,32.934552636344634,-99.22446763215038,"Clear Fk Brazos Rv at Ft Griffin, TX",2021,45.53548387096774,34.30714285714286,33.63870967741936,106.40666666666668,954.3290322580646,2940.266666666667,670.6451612903226,77.52580645161291,28.35666666666667,24.46451612903226,23.90333333333333,34.65806451612904
8085500,CFFG18,USGS GAGE,8085500.0,8085500,32.934552636344634,-99.22446763215038,"Clear Fk Brazos Rv at Ft Griffin, TX",2022,33.2,34.70357142857143,19.56451612903226,46.345,58.12225806451613,29.917666666666666,0.05,0.0129032258064516,82.23,0.995483870967742,18.29733333333333,12.68741935483871
8085500,CFFG18,USGS GAGE,8085500.0,8085500,32.934552636344634,-99.22446763215038,"Clear Fk Brazos Rv at Ft Griffin, TX",2023,6.97516129032258,13.819642857142856,47.42161290322581,3.0843333333333334,202.3322580645161,510.7366666666667,260.0074193548387,0.2493548387096774,4.354333333333333,61.55096774193548,31.098000000000003,21.78903225806452
8085500,CFFG18,USGS GAGE,8085500.0,8085500,32.934552636344634,-99.22446763215038,"Clear Fk Brazos Rv at Ft Griffin, TX",2024,25.26451612903226,50.03103448275862,29.574193548387097,41.223333333333336,265.7129032258065,112.388,1.7103225806451614,0.0193548387096774,37.743,0.5267741935483871,301.8833333333333,17.296774193548387
8086212,HCAL19,USGS GAGE,8086212.0,8086212,32.73301542286712,-99.14026686647829,"Hubbard Ck bl Albany, TX",2010,32.674193548387095,20.64,10.326451612903226,1.3013333333333332,49.84193548387096,17.275666666666666,2.5935483870967744,0.0303225806451612,13.844666666666663,0.2799999999999999,0.0,0.0
8086212,HCAL19,USGS GAGE,8086212.0,8086212,32.73301542286712,-99.14026686647829,"Hubbard Ck bl Albany, TX",2011,0.0,0.0,0.0,17.869000000000003,1.8180645161290323,0.0656666666666666,0.0,0.0,0.0,44.78516129032258,0.0,0.0
8086212,HCAL19,USGS GAGE,8086212.0,8086212,32.73301542286712,-99.14026686647829,"Hubbard Ck bl Albany, TX",2012,7.182903225806451,1.8679310344827584,0.1529032258064516,0.17,0.0164516129032258,0.101,0.0,0.0,29.766666666666666,4.625806451612903,0.0,0.0
8086212,HCAL19,USGS GAGE,8086212.0,8086212,32.73301542286712,-99.14026686647829,"Hubbard Ck bl Albany, TX",2013,0.0,0.0,0.0,0.0,0.0,0.0,97.6948387096774,0.2274193548387096,0.0,0.0,0.0,0.0
8086212,HCAL19,USGS GAGE,8086212.0,8086212,32.73301542286712,-99.14026686647829,"Hubbard Ck bl Albany, TX",2014,0.0,0.0,0.0,0.0,0.0009677419354838,0.635,13.02,0.0006451612903225,0.0,0.0,4.579666666666666,0.0332258064516129
8086212,HCAL19,USGS GAGE,8086212.0,8086212,32.73301542286712,-99.14026686647829,"Hubbard Ck bl Albany, TX",2015,0.0029032258064516,0.0,0.0,0.0,270.018064516129,14.354666666666668,68.42774193548388,0.0529032258064516,0.0,158.80580645161288,149.027,94.72967741935484
8086212,HCAL19,USGS GAGE,8086212.0,8086212,32.73301542286712,-99.14026686647829,"Hubbard Ck bl Albany, TX",2016,27.076129032258063,2.673448275862069,12.443870967741937,383.72766666666666,1373.7516129032258,1270.0866666666666,19.181612903225805,14.763548387096774,50.444,75.4758064516129,282.2566666666666,33.26451612903226
8086212,HCAL19,USGS GAGE,8086212.0,8086212,32.73301542286712,-99.14026686647829,"Hubbard Ck bl Albany, TX",2017,56.461290322580645,366.2857142857143,67.1741935483871,25.916666666666668,29.225806451612904,35.23833333333334,1.2351612903225806,2.928064516129032,0.7236666666666667,0.5206451612903226,0.5173333333333333,1.7403225806451612
8086212,HCAL19,USGS GAGE,8086212.0,8086212,32.73301542286712,-99.14026686647829,"Hubbard Ck bl Albany, TX",2018,0.3293548387096774,2.587857142857143,4.405806451612904,0.5783333333333334,0.2658064516129032,11.076,0.2261290322580645,0.0006451612903225,11.095333333333334,677.9632258064516,138.07999999999998,291.3967741935484
8086212,HCAL19,USGS GAGE,8086212.0,8086212,32.73301542286712,-99.14026686647829,"Hubbard Ck bl Albany, TX",2019,176.5806451612903,47.3,68.03548387096774,108.32666666666668,578.2258064516129,543.0666666666667,41.83935483870968,2.164516129032258,0.522,0.2845161290322581,1.439,2.326129032258065
8086212,HCAL19,USGS GAGE,8086212.0,8086212,32.73301542286712,-99.14026686647829,"Hubbard Ck bl Albany, TX",2020,4.257096774193548,5.745172413793104,293.3645161290322,38.76,8.227741935483872,6.455,0.922258064516129,0.0335483870967741,243.57766666666663,0.6322580645161291,0.9793333333333332,1.9941935483870967
8086212,HCAL19,USGS GAGE,8086212.0,8086212,32.73301542286712,-99.14026686647829,"Hubbard Ck bl Albany, TX",2021,3.1564516129032256,1.7142857142857142,3.0016129032258063,35.98566666666667,421.13,742.6266666666667,28.156774193548387,132.48806451612904,3.254,2.861612903225806,1.1813333333333331,1.4919354838709675
8086212,HCAL19,USGS GAGE,8086212.0,8086212,32.73301542286712,-99.14026686647829,"Hubbard Ck bl Albany, TX",2022,1.1741935483870969,2.2775000000000003,0.716774193548387,0.5743333333333334,0.2732258064516129,32.124,0.072258064516129,0.0,0.0,0.0,0.0,0.0
8086212,HCAL19,USGS GAGE,8086212.0,8086212,32.73301542286712,-99.14026686647829,"Hubbard Ck bl Albany, TX",2023,0.0,0.0,0.0,0.0,0.0,15.555,2.4296774193548383,0.0,0.0,0.0,0.0,0.0
8086212,HCAL19,USGS GAGE,8086212.0,8086212,32.73301542286712,-99.14026686647829,"Hubbard Ck bl Albany, TX",2024,0.0,0.4375862068965517,1.835161290322581,1.3326666666666669,4.475483870967742,0.7230000000000001,0.0390322580645161,0.0,30.415666666666667,0.2658064516129032,100.74033333333334,0.2667741935483871
8086290,BSBR20,USGS GAGE,8086290.0,8086290,32.64866626140848,-99.0039506590076,"Big Sandy Ck abv Breckenridge, TX",2010,9.387419354838707,16.74642857142857,2.170645161290323,3.239333333333333,28.83,54.504333333333335,0.2987096774193548,0.0,30.91933333333333,0.0290322580645161,0.0326666666666666,0.0112903225806451
8086290,BSBR20,USGS GAGE,8086290.0,8086290,32.64866626140848,-99.0039506590076,"Big Sandy Ck abv Breckenridge, TX",2011,0.0006451612903225,0.0046428571428571,0.0035483870967741,3.004,0.4861290322580645,0.0,0.0,0.0,0.0353333333333333,59.75387096774193,0.0,0.0
8086290,BSBR20,USGS GAGE,8086290.0,8086290,32.64866626140848,-99.0039506590076,"Big Sandy Ck abv Breckenridge, TX",2012,63.34516129032258,10.621379310344826,4.9309677419354845,0.013,0.1812903225806451,5.729333333333333,0.0,0.0,14.025666666666666,0.8690322580645161,0.0,0.0
8086290,BSBR20,USGS GAGE,8086290.0,8086290,32.64866626140848,-99.0039506590076,"Big Sandy Ck abv Breckenridge, TX",2013,0.0,0.0,0.0,3.388,0.0,0.0,258.0858064516129,0.014516129032258,0.001,0.0,0.0,0.0
8086290,BSBR20,USGS GAGE,8086290.0,8086290,32.64866626140848,-99.0039506590076,"Big Sandy Ck abv Breckenridge, TX",2014,0.0,0.0,0.0,0.0,0.0,0.0,19.27774193548387,0.0,0.0,0.0,16.86466666666667,0.0
8086290,BSBR20,USGS GAGE,8086290.0,8086290,32.64866626140848,-99.0039506590076,"Big Sandy Ck abv Breckenridge, TX",2015,0.0,0.6314285714285715,0.0,0.0,420.8448387096775,26.166666666666668,238.2332258064516,0.0109677419354838,0.0,37.33096774193548,141.97699999999998,50.13580645161291
8086290,BSBR20,USGS GAGE,8086290.0,8086290,32.64866626140848,-99.0039506590076,"Big Sandy Ck abv Breckenridge, TX",2016,2.5383870967741933,0.0820689655172413,3.310967741935484,373.92766666666665,558.0099999999999,1251.325,3.575483870967742,9.168709677419354,54.31,46.41451612903226,123.63966666666668,1.382258064516129
8086290,BSBR20,USGS GAGE,8086290.0,8086290,32.64866626140848,-99.0039506590076,"Big Sandy Ck abv Breckenridge, TX",2017,10.397419354838709,76.84571428571428,2.504516129032258,55.525666666666666,14.239354838709676,103.473,0.5793548387096774,4.498387096774193,0.0036666666666666,0.0093548387096774,0.0246666666666666,0.0258064516129032
8086290,BSBR20,USGS GAGE,8086290.0,8086290,32.64866626140848,-99.0039506590076,"Big Sandy Ck abv Breckenridge, TX",2018,0.0367741935483871,1.258571428571429,11.178387096774191,0.0303333333333333,0.0061290322580645,0.0,0.0,0.0,0.1949999999999999,382.5993548387097,34.291000000000004,118.63451612903226
8086290,BSBR20,USGS GAGE,8086290.0,8086290,32.64866626140848,-99.0039506590076,"Big Sandy Ck abv Breckenridge, TX",2019,19.201290322580647,3.8025,7.827096774193548,65.38266666666667,405.6012903225806,137.6436666666667,3.548064516129032,0.0829032258064516,0.0323333333333333,0.006774193548387,0.027,0.0183870967741935
8086290,BSBR20,USGS GAGE,8086290.0,8086290,32.64866626140848,-99.0039506590076,"Big Sandy Ck abv Breckenridge, TX",2020,0.0929032258064516,0.733103448275862,84.54,0.9663333333333334,1.229032258064516,0.0386666666666666,0.0164516129032258,0.0,53.56966666666667,0.0967741935483871,0.039,0.0293548387096774
8086290,BSBR20,USGS GAGE,8086290.0,8086290,32.64866626140848,-99.0039506590076,"Big Sandy Ck abv Breckenridge, TX",2021,0.0377419354838709,0.045,0.062258064516129,62.422666666666665,254.34387096774196,535.6793333333333,4.940967741935484,27.230967741935483,0.249,0.3316129032258064,0.1673333333333333,0.2325806451612903
8086290,BSBR20,USGS GAGE,8086290.0,8086290,32.64866626140848,-99.0039506590076,"Big Sandy Ck abv Breckenridge, TX",2022,0.4432258064516129,0.4875,0.3341935483870967,0.172,0.054516129032258,0.002,0.0,0.0,0.1766666666666666,0.0080645161290322,0.0273333333333333,0.4909677419354838
8086290,BSBR20,USGS GAGE,8086290.0,8086290,32.64866626140848,-99.0039506590076,"Big Sandy Ck abv Breckenridge, TX",2023,0.0393548387096774,0.1775,0.0429032258064516,0.007,0.1841935483870967,9.114666666666666,0.3816129032258064,0.0,4.338333333333334,0.3738709677419354,0.0036666666666666,0.0
8086290,BSBR20,USGS GAGE,8086290.0,8086290,32.64866626140848,-99.0039506590076,"Big Sandy Ck abv Breckenridge, TX",2024,0.0209677419354838,2.373793103448276,16.419354838709676,1.5746666666666669,10.372903225806452,0.7106666666666667,0.0,0.0,12.814333333333334,0.0,83.273,0.2090322580645161
8088000,BRSB23,USGS GAGE,8088000.0,8088000,33.0238254736883,-98.6446326341029,"Brazos Rv nr South Bend, TX",2010,212.21612903225807,647.4642857142857,360.258064516129,3189.0533333333337,1026.0645161290322,360.9666666666666,2443.3870967741937,401.03225806451616,853.2,286.8258064516129,119.16666666666669,111.70967741935485
8088000,BRSB23,USGS GAGE,8088000.0,8088000,33.0238254736883,-98.6446326341029,"Brazos Rv nr South Bend, TX",2011,100.54193548387096,104.09642857142856,63.37419354838709,34.406666666666666,12.944516129032255,1.03,0.0,8.636129032258065,0.0,193.01645161290324,53.28333333333333,11.58483870967742
8088000,BRSB23,USGS GAGE,8088000.0,8088000,33.0238254736883,-98.6446326341029,"Brazos Rv nr South Bend, TX",2012,290.7209677419355,31.66896551724138,40.12516129032259,10.314333333333334,25.361290322580647,178.17666666666668,6.840645161290323,32.34258064516129,63.565333333333335,66.13580645161291,1.538,0.4858064516129032
8088000,BRSB23,USGS GAGE,8088000.0,8088000,33.0238254736883,-98.6446326341029,"Brazos Rv nr South Bend, TX",2013,2.575806451612903,3.9328571428571424,6.196129032258065,40.717333333333336,66.09258064516129,287.82666666666665,438.2341935483871,246.08709677419355,45.56333333333334,16.945806451612903,2.9170000000000003,3.474838709677419
8088000,BRSB23,USGS GAGE,8088000.0,8088000,33.0238254736883,-98.6446326341029,"Brazos Rv nr South Bend, TX",2014,5.979032258064516,11.3875,6.202903225806451,1.496,3.3893548387096777,171.77,127.7,4.401612903225806,262.12666666666667,184.6903225806452,116.20333333333332,70.6032258064516
8088000,BRSB23,USGS GAGE,8088000.0,8088000,33.0238254736883,-98.6446326341029,"Brazos Rv nr South Bend, TX",2015,55.2258064516129,45.32142857142857,63.89677419354839,296.5466666666667,4822.290322580645,3451.7,1299.451612903226,164.60967741935482,39.223333333333336,378.68387096774194,711.4166666666666,1093.3225806451612
8088000,BRSB23,USGS GAGE,8088000.0,8088000,33.0238254736883,-98.6446326341029,"Brazos Rv nr South Bend, TX",2016,663.258064516129,149.51724137931035,129.7516129032258,1544.4033333333332,1995.0,6335.533333333334,200.63225806451612,749.6548387096774,1028.5666666666666,396.4516129032258,628.7933333333333,163.61290322580646
8088000,BRSB23,USGS GAGE,8088000.0,8088000,33.0238254736883,-98.6446326341029,"Brazos Rv nr South Bend, TX",2017,171.11935483870968,992.5,123.10645161290324,175.29333333333335,248.05806451612904,1537.1766666666667,182.4322580645161,75.59032258064516,191.63333333333333,132.4741935483871,31.613333333333333,36.49032258064516
8088000,BRSB23,USGS GAGE,8088000.0,8088000,33.0238254736883,-98.6446326341029,"Brazos Rv nr South Bend, TX",2018,34.92903225806452,39.746428571428574,117.09677419354838,36.60666666666667,235.95419354838708,121.658,1.6390322580645162,0.0,1949.452,9862.967741935485,3302.5333333333333,2720.8387096774195
8088000,BRSB23,USGS GAGE,8088000.0,8088000,33.0238254736883,-98.6446326341029,"Brazos Rv nr South Bend, TX",2019,1763.645161290323,506.1785714285714,526.516129032258,2159.233333333333,8309.354838709678,6697.666666666667,651.1290322580645,140.1258064516129,170.73,122.38064516129032,270.18666666666667,114.70967741935485
8088000,BRSB23,USGS GAGE,8088000.0,8088000,33.0238254736883,-98.6446326341029,"Brazos Rv nr South Bend, TX",2020,179.3032258064516,243.93103448275863,3062.1193548387096,711.7333333333333,446.03225806451616,608.6,132.52903225806452,12.389354838709677,2025.98,106.84193548387096,67.87666666666667,72.53870967741935
8088000,BRSB23,USGS GAGE,8088000.0,8088000,33.0238254736883,-98.6446326341029,"Brazos Rv nr South Bend, TX",2021,104.62258064516128,85.04642857142858,78.00967741935484,440.04,1778.1290322580646,7524.0,1979.258064516129,338.96774193548384,96.57333333333332,72.97741935483872,55.18333333333333,57.02258064516129
8088000,BRSB23,USGS GAGE,8088000.0,8088000,33.0238254736883,-98.6446326341029,"Brazos Rv nr South Bend, TX",2022,47.49677419354839,55.121428571428574,38.11935483870968,91.72,172.71290322580646,380.698,0.5083870967741936,84.38193548387098,136.28900000000002,10.97225806451613,34.61,47.59032258064516
8088000,BRSB23,USGS GAGE,8088000.0,8088000,33.0238254736883,-98.6446326341029,"Brazos Rv nr South Bend, TX",2023,27.95483870967742,40.767857142857146,226.31935483870967,52.4,666.3064516129032,1638.6,686.9645161290323,35.358064516129026,132.39966666666666,446.8709677419355,343.03333333333336,200.84516129032255
8088000,BRSB23,USGS GAGE,8088000.0,8088000,33.0238254736883,-98.6446326341029,"Brazos Rv nr South Bend, TX",2024,223.21290322580649,211.9655172413793,109.5516129032258,445.44666666666666,1825.516129032258,1742.0,143.27096774193546,26.351612903225806,117.90333333333334,31.0,1473.5,217.83870967741936
8089000,BRPP27,USGS GAGE,8089000.0,8089000,32.86284893994616,-98.30236414156532,"Brazos Rv nr Palo Pinto, TX",2010,115.15806451612904,212.7,670.6774193548387,4338.633333333333,2026.935483870968,191.86666666666667,2308.870967741936,311.2258064516129,821.6,170.09677419354838,94.52,47.20322580645161
8089000,BRPP27,USGS GAGE,8089000.0,8089000,32.86284893994616,-98.30236414156532,"Brazos Rv nr Palo Pinto, TX",2011,100.47096774193548,138.92857142857142,107.4516129032258,103.65666666666668,91.6741935483871,178.74333333333334,275.61290322580646,260.8225806451613,339.80333333333334,270.14838709677423,81.92,64.8258064516129
8089000,BRPP27,USGS GAGE,8089000.0,8089000,32.86284893994616,-98.30236414156532,"Brazos Rv nr Palo Pinto, TX",2012,343.3806451612903,114.32758620689656,351.3322580645161,115.88666666666668,69.13870967741936,71.72333333333333,42.10645161290322,45.03225806451613,131.23,101.80967741935484,80.78333333333333,62.935483870967744
8089000,BRPP27,USGS GAGE,8089000.0,8089000,32.86284893994616,-98.30236414156532,"Brazos Rv nr Palo Pinto, TX",2013,31.81290322580645,28.87857142857143,25.74516129032258,35.85,51.61290322580645,136.3,174.25806451612902,155.70967741935485,112.82333333333332,56.07419354838709,70.62333333333332,33.4741935483871
8089000,BRPP27,USGS GAGE,8089000.0,8089000,32.86284893994616,-98.30236414156532,"Brazos Rv nr Palo Pinto, TX",2014,21.40967741935484,29.410714285714285,24.206451612903223,89.18666666666667,68.78387096774195,36.09,15.148387096774194,29.0,34.3,38.21935483870968,41.34333333333333,41.78064516129032
8089000,BRPP27,USGS GAGE,8089000.0,8089000,32.86284893994616,-98.30236414156532,"Brazos Rv nr Palo Pinto, TX",2015,45.19677419354839,47.07857142857143,50.770967741935486,50.52,3511.6612903225805,4148.2,1681.258064516129,185.91290322580645,114.09666666666666,273.4870967741936,2313.4333333333334,1914.354838709677
8089000,BRPP27,USGS GAGE,8089000.0,8089000,32.86284893994616,-98.30236414156532,"Brazos Rv nr Palo Pinto, TX",2016,890.483870967742,249.88275862068969,341.38709677419354,4300.2,3164.6774193548385,7342.433333333333,185.06451612903223,867.0709677419355,938.8233333333334,222.38709677419357,669.2466666666666,131.19354838709677
8089000,BRPP27,USGS GAGE,8089000.0,8089000,32.86284893994616,-98.30236414156532,"Brazos Rv nr Palo Pinto, TX",2017,186.85806451612905,1264.3428571428572,188.4193548387097,274.43333333333334,157.55161290322582,1490.7333333333331,207.58064516129036,104.6032258064516,117.75666666666666,120.69354838709675,85.86333333333333,67.55483870967741
8089000,BRPP27,USGS GAGE,8089000.0,8089000,32.86284893994616,-98.30236414156532,"Brazos Rv nr Palo Pinto, TX",2018,60.332258064516125,81.09285714285714,111.46129032258064,79.02333333333333,105.57741935483872,209.66666666666663,169.0,145.71290322580646,719.2433333333333,11007.483870967742,3070.2,2791.761290322581
8089000,BRPP27,USGS GAGE,8089000.0,8089000,32.86284893994616,-98.30236414156532,"Brazos Rv nr Palo Pinto, TX",2019,1674.6129032258063,495.2107142857143,598.7064516129033,2343.133333333333,10771.290322580646,7285.166666666667,475.0,165.4516129032258,87.97333333333333,100.43870967741935,56.91333333333333,66.7258064516129
8089000,BRPP27,USGS GAGE,8089000.0,8089000,32.86284893994616,-98.30236414156532,"Brazos Rv nr Palo Pinto, TX",2020,110.40322580645162,236.151724137931,4597.548387096775,663.4,620.0645161290323,387.9666666666666,224.63870967741937,155.38709677419354,1665.7,104.21612903225804,78.71666666666667,75.00322580645161
8089000,BRPP27,USGS GAGE,8089000.0,8089000,32.86284893994616,-98.30236414156532,"Brazos Rv nr Palo Pinto, TX",2021,77.11290322580645,73.37857142857142,110.62258064516128,644.3666666666667,2550.7419354838707,8812.533333333333,1849.354838709677,392.5161290322581,168.0,155.38387096774193,101.92666666666668,74.12903225806451
8089000,BRPP27,USGS GAGE,8089000.0,8089000,32.86284893994616,-98.30236414156532,"Brazos Rv nr Palo Pinto, TX",2022,91.03225806451611,79.61428571428571,153.3548387096774,109.69333333333334,115.38064516129032,153.06666666666666,215.6451612903226,175.1258064516129,86.42,345.4516129032258,73.44,36.91290322580645
8089000,BRPP27,USGS GAGE,8089000.0,8089000,32.86284893994616,-98.30236414156532,"Brazos Rv nr Palo Pinto, TX",2023,45.3,49.24285714285714,79.37741935483871,68.33333333333333,78.61935483870967,308.2,607.7741935483871,251.6129032258065,370.4666666666666,164.70967741935485,55.52666666666666,54.60322580645161
8089000,BRPP27,USGS GAGE,8089000.0,8089000,32.86284893994616,-98.30236414156532,"Brazos Rv nr Palo Pinto, TX",2024,63.270967741935486,73.5551724137931,160.48387096774192,353.3,1998.290322580645,1494.6666666666667,148.24193548387098,143.17419354838708,122.88666666666668,107.25161290322582,869.2666666666667,188.03225806451613
8090800,BRDE29,USGS GAGE,8090800.0,8090800,32.61575220344663,-97.92558921534798,"Brazos Rv nr Dennis, TX",2010,390.7967741935484,1075.821428571429,1151.0645161290322,5477.133333333333,2534.2258064516127,242.5,2263.903225806452,333.64516129032256,831.9666666666667,209.7741935483871,105.81666666666666,56.89032258064516
8090800,BRDE29,USGS GAGE,8090800.0,8090800,32.61575220344663,-97.92558921534798,"Brazos Rv nr Dennis, TX",2011,90.24516129032256,128.71428571428572,135.5483870967742,190.0,161.81935483870967,97.54,183.80645161290323,204.2548387096774,273.15333333333336,557.9193548387096,82.17666666666668,98.64193548387097
8090800,BRDE29,USGS GAGE,8090800.0,8090800,32.61575220344663,-97.92558921534798,"Brazos Rv nr Dennis, TX",2012,1625.9870967741936,480.2413793103448,1551.0967741935483,226.26666666666668,79.09677419354838,167.43666666666667,31.641935483870967,37.79096774193548,104.68666666666668,113.3,97.35333333333332,48.47096774193548
8090800,BRDE29,USGS GAGE,8090800.0,8090800,32.61575220344663,-97.92558921534798,"Brazos Rv nr Dennis, TX",2013,67.86451612903227,45.396428571428565,32.093548387096774,99.18333333333334,58.251612903225805,125.34333333333332,171.5483870967742,143.76129032258066,101.9,53.803225806451614,70.62666666666668,77.81612903225808
8090800,BRDE29,USGS GAGE,8090800.0,8090800,32.61575220344663,-97.92558921534798,"Brazos Rv nr Dennis, TX",2014,28.706451612903223,37.38214285714286,22.835483870967742,65.50333333333333,62.43225806451613,256.34666666666664,25.316451612903226,1.0477419354838708,10.340333333333332,33.12387096774193,63.3,51.567741935483866
8090800,BRDE29,USGS GAGE,8090800.0,8090800,32.61575220344663,-97.92558921534798,"Brazos Rv nr Dennis, TX",2015,71.4258064516129,73.82142857142857,101.99032258064516,736.2666666666667,7606.887096774193,7036.3,2573.8064516129034,228.38709677419357,116.40333333333334,231.03225806451613,4860.566666666667,2669.967741935484
8090800,BRDE29,USGS GAGE,8090800.0,8090800,32.61575220344663,-97.92558921534798,"Brazos Rv nr Dennis, TX",2016,1416.225806451613,391.2758620689655,2802.322580645161,8037.833333333333,4173.0,10338.633333333331,291.6774193548387,1076.9645161290323,989.7,390.06451612903226,768.1,203.67741935483872
8090800,BRDE29,USGS GAGE,8090800.0,8090800,32.61575220344663,-97.92558921534798,"Brazos Rv nr Dennis, TX",2017,217.4,1194.392857142857,257.258064516129,321.8333333333333,155.93548387096774,1664.1,258.4193548387097,154.7451612903226,114.22666666666667,139.72903225806454,92.38333333333334,75.51935483870967
8090800,BRDE29,USGS GAGE,8090800.0,8090800,32.61575220344663,-97.92558921534798,"Brazos Rv nr Dennis, TX",2018,66.42258064516129,226.7321428571429,217.2064516129032,101.26,96.40322580645162,206.4333333333333,150.16129032258064,151.23548387096776,676.4699999999999,12040.741935483871,3859.766666666667,2656.451612903226
8090800,BRDE29,USGS GAGE,8090800.0,8090800,32.61575220344663,-97.92558921534798,"Brazos Rv nr Dennis, TX",2019,2114.322580645161,625.5,700.4193548387096,2770.4666666666667,13030.0,9162.0,824.2903225806451,231.80645161290323,180.4333333333333,208.06451612903223,148.19666666666666,79.63548387096773
8090800,BRDE29,USGS GAGE,8090800.0,8090800,32.61575220344663,-97.92558921534798,"Brazos Rv nr Dennis, TX",2020,224.08064516129036,396.0,6268.645161290323,1109.0333333333333,872.0645161290323,536.2333333333333,335.96774193548384,181.51612903225808,2066.8,176.00645161290322,82.98,82.42903225806452
8090800,BRDE29,USGS GAGE,8090800.0,8090800,32.61575220344663,-97.92558921534798,"Brazos Rv nr Dennis, TX",2021,119.00967741935484,81.98928571428571,95.47096774193548,507.8833333333333,4450.709677419355,10327.233333333334,2104.870967741936,874.8064516129032,160.3,446.4516129032258,106.84,92.52258064516128
8090800,BRDE29,USGS GAGE,8090800.0,8090800,32.61575220344663,-97.92558921534798,"Brazos Rv nr Dennis, TX",2022,90.2,97.77857142857144,125.96451612903226,117.87666666666668,209.9193548387097,121.74,176.03225806451613,176.18064516129033,78.55,297.8935483870968,144.25666666666666,76.29032258064517
8090800,BRDE29,USGS GAGE,8090800.0,8090800,32.61575220344663,-97.92558921534798,"Brazos Rv nr Dennis, TX",2023,37.067741935483866,61.93571428571429,69.07096774193548,55.51,184.18709677419355,262.0366666666667,607.9354838709677,171.74193548387098,284.03333333333336,362.5612903225807,106.03666666666666,72.93870967741935
8090800,BRDE29,USGS GAGE,8090800.0,8090800,32.61575220344663,-97.92558921534798,"Brazos Rv nr Dennis, TX",2024,104.04193548387096,124.86551724137932,480.3258064516129,453.3333333333333,2653.967741935484,1659.1,217.6129032258065,167.48387096774192,336.8366666666667,71.34516129032258,1035.6666666666667,272.96774193548384
8091000,BRGR30,USGS GAGE,8091000.0,8091000,32.27158287284919,-97.66341308239278,"Brazos Rv nr Glen Rose, TX",2010,384.0290322580645,1448.2142857142858,1333.7096774193549,5816.996666666667,2654.0967741935483,97.68666666666668,2097.9290322580646,136.7225806451613,988.1866666666666,156.50322580645164,52.42666666666666,36.66129032258065
8091000,BRGR30,USGS GAGE,8091000.0,8091000,32.27158287284919,-97.66341308239278,"Brazos Rv nr Glen Rose, TX",2011,38.67741935483871,50.61785714285714,60.21612903225807,35.74666666666667,154.73870967741934,60.193333333333335,60.26774193548387,80.69354838709677,345.61,283.7838709677419,201.45666666666665,74.75483870967743
8091000,BRGR30,USGS GAGE,8091000.0,8091000,32.27158287284919,-97.66341308239278,"Brazos Rv nr Glen Rose, TX",2012,1709.1548387096775,832.8000000000001,2058.558064516129,343.97666666666663,42.5,37.06666666666667,28.541935483870965,31.31290322580645,19.84333333333333,22.37741935483871,24.683333333333334,27.31935483870968
8091000,BRGR30,USGS GAGE,8091000.0,8091000,32.27158287284919,-97.66341308239278,"Brazos Rv nr Glen Rose, TX",2013,42.86451612903225,28.885714285714283,30.38387096774193,33.62666666666667,27.648387096774197,18.816666666666663,26.080645161290324,17.248387096774195,24.336666666666662,23.461290322580645,25.326666666666664,37.13548387096775
8091000,BRGR30,USGS GAGE,8091000.0,8091000,32.27158287284919,-97.66341308239278,"Brazos Rv nr Glen Rose, TX",2014,26.712903225806453,23.053571428571427,19.774193548387096,18.43,29.63225806451613,227.4233333333333,17.061290322580643,9.493225806451614,8.855333333333332,11.420645161290324,18.543333333333333,19.083870967741937
8091000,BRGR30,USGS GAGE,8091000.0,8091000,32.27158287284919,-97.66341308239278,"Brazos Rv nr Glen Rose, TX",2015,21.225806451612904,19.589285714285715,23.00967741935484,121.26666666666668,8085.358064516129,7549.333333333333,2331.9612903225807,74.85161290322581,18.236666666666668,229.30967741935484,5911.866666666667,3012.1290322580644
8091000,BRGR30,USGS GAGE,8091000.0,8091000,32.27158287284919,-97.66341308239278,"Brazos Rv nr Glen Rose, TX",2016,1675.1612903225807,555.9068965517241,2960.6774193548385,8578.640000000001,4937.4838709677415,12885.766666666666,220.6,877.941935483871,708.3633333333333,430.90645161290325,719.6233333333333,93.58467741935485
8091000,BRGR30,USGS GAGE,8091000.0,8091000,32.27158287284919,-97.66341308239278,"Brazos Rv nr Glen Rose, TX",2017,172.06451612903226,1324.1392857142855,234.8258064516129,314.3193333333333,45.85838709677419,1739.9266666666667,195.02096774193544,139.96032258064517,13.884,21.154838709677417,23.644333333333336,20.324838709677422
8091000,BRGR30,USGS GAGE,8091000.0,8091000,32.27158287284919,-97.66341308239278,"Brazos Rv nr Glen Rose, TX",2018,25.4,468.41785714285714,409.4935483870967,49.77666666666666,36.05483870967742,13.965333333333335,11.91967741935484,17.443225806451615,580.4093333333333,13008.483870967742,4088.766666666667,2446.709677419354
8091000,BRGR30,USGS GAGE,8091000.0,8091000,32.27158287284919,-97.66341308239278,"Brazos Rv nr Glen Rose, TX",2019,2542.967741935484,670.8214285714286,832.3354838709678,3165.2633333333333,13187.41935483871,8577.0,715.3967741935484,29.44516129032258,26.426666666666662,27.241935483870968,28.363333333333333,28.51935483870968
8091000,BRGR30,USGS GAGE,8091000.0,8091000,32.27158287284919,-97.66341308239278,"Brazos Rv nr Glen Rose, TX",2020,148.71612903225807,386.5551724137931,6883.148387096774,854.6,693.3967741935484,307.22666666666663,175.94193548387096,11.432258064516128,1675.1033333333332,53.2483870967742,28.73333333333333,31.806451612903224
8091000,BRGR30,USGS GAGE,8091000.0,8091000,32.27158287284919,-97.66341308239278,"Brazos Rv nr Glen Rose, TX",2021,78.99032258064516,116.43214285714284,76.21935483870968,410.62,6132.129032258064,11508.0,2669.870967741936,833.6419354838711,34.79666666666667,369.3064516129032,30.64333333333333,26.700000000000003
8091000,BRGR30,USGS GAGE,8091000.0,8091000,32.27158287284919,-97.66341308239278,"Brazos Rv nr Glen Rose, TX",2022,22.95483870967742,23.52142857142857,87.50645161290322,60.46333333333334,78.31612903225808,10.806666666666668,11.116129032258064,28.925806451612903,32.46,160.03548387096777,110.68666666666668,36.016129032258064
8091000,BRGR30,USGS GAGE,8091000.0,8091000,32.27158287284919,-97.66341308239278,"Brazos Rv nr Glen Rose, TX",2023,20.538709677419355,70.35357142857143,51.751612903225805,24.683333333333334,67.49354838709678,23.25,242.5774193548387,8.934516129032259,155.68933333333334,1008.1967741935484,128.96666666666667,92.28064516129032
8091000,BRGR30,USGS GAGE,8091000.0,8091000,32.27158287284919,-97.66341308239278,"Brazos Rv nr Glen Rose, TX",2024,133.55161290322582,295.2413793103448,867.6612903225806,789.2633333333334,3943.258064516129,1950.4633333333331,36.31612903225806,18.3,168.63666666666668,18.62903225806452,732.02,195.65806451612903
8091500,PAGR31,USGS GAGE,8091500.0,8091500,32.23134996598337,-97.77720687990474,"Paluxy Rv at Glen Rose, TX",2010,107.22258064516129,259.2142857142857,209.32258064516128,193.0133333333333,88.57741935483871,35.18666666666666,32.56774193548387,5.4880645161290325,102.636,15.456774193548387,12.873333333333331,14.603225806451611
8091500,PAGR31,USGS GAGE,8091500.0,8091500,32.23134996598337,-97.77720687990474,"Paluxy Rv at Glen Rose, TX",2011,15.27741935483871,13.353571428571428,11.903225806451612,10.435666666666666,12.605483870967742,0.642,0.0,1.0887096774193548,0.0,37.46225806451613,2.740333333333333,9.558709677419357
8091500,PAGR31,USGS GAGE,8091500.0,8091500,32.23134996598337,-97.77720687990474,"Paluxy Rv at Glen Rose, TX",2012,444.3103225806451,210.73103448275864,385.9258064516129,70.17333333333333,25.816129032258065,30.74233333333333,3.967741935483871,2.383225806451613,0.073,0.204516129032258,0.2063333333333333,0.8374193548387097
8091500,PAGR31,USGS GAGE,8091500.0,8091500,32.23134996598337,-97.77720687990474,"Paluxy Rv at Glen Rose, TX",2013,10.007741935483873,8.494642857142857,8.943870967741935,9.932333333333334,4.397741935483872,0.6016666666666667,0.0074193548387096,0.0,13.877999999999998,0.8993548387096774,0.3996666666666666,4.824516129032258
8091500,PAGR31,USGS GAGE,8091500.0,8091500,32.23134996598337,-97.77720687990474,"Paluxy Rv at Glen Rose, TX",2014,4.184838709677419,4.633928571428571,5.3993548387096775,4.557333333333333,39.04,93.98933333333332,5.927096774193549,0.4312903225806452,0.0803333333333333,0.0287096774193548,0.341,0.3625806451612903
8091500,PAGR31,USGS GAGE,8091500.0,8091500,32.23134996598337,-97.77720687990474,"Paluxy Rv at Glen Rose, TX",2015,0.8416129032258064,0.4464285714285714,0.812258064516129,303.155,2314.28064516129,405.1133333333333,65.67096774193548,21.50967741935484,10.264666666666669,84.02935483870968,603.4133333333334,343.4258064516129
8091500,PAGR31,USGS GAGE,8091500.0,8091500,32.23134996598337,-97.77720687990474,"Paluxy Rv at Glen Rose, TX",2016,138.36774193548385,68.0551724137931,193.4935483870968,786.9666666666667,976.483870967742,1645.3333333333333,61.58709677419355,26.70967741935484,22.97,21.30322580645161,38.373333333333335,21.60322580645161
8091500,PAGR31,USGS GAGE,8091500.0,8091500,32.23134996598337,-97.77720687990474,"Paluxy Rv at Glen Rose, TX",2017,25.048387096774192,24.607142857142858,20.461290322580645,30.78,11.682258064516128,64.34933333333333,36.70322580645161,18.29967741935484,5.444333333333334,4.755806451612903,6.297666666666667,10.652258064516127
8091500,PAGR31,USGS GAGE,8091500.0,8091500,32.23134996598337,-97.77720687990474,"Paluxy Rv at Glen Rose, TX",2018,12.193548387096774,89.18571428571428,33.88387096774194,22.34333333333333,17.56709677419355,2.5616666666666665,0.2264516129032258,0.0325806451612903,24.214333333333336,816.1883870967742,148.59666666666666,111.29032258064515
8091500,PAGR31,USGS GAGE,8091500.0,8091500,32.23134996598337,-97.77720687990474,"Paluxy Rv at Glen Rose, TX",2019,123.84193548387096,68.41785714285714,79.85806451612903,388.7933333333333,1115.741935483871,436.9266666666666,63.84838709677419,22.54516129032258,13.811666666666667,11.019032258064517,15.026666666666667,16.261290322580646
8091500,PAGR31,USGS GAGE,8091500.0,8091500,32.23134996598337,-97.77720687990474,"Paluxy Rv at Glen Rose, TX",2020,21.59354838709677,22.941379310344825,148.08709677419355,50.73333333333333,35.29677419354839,17.85166666666667,6.734193548387096,0.5022580645161291,79.92366666666666,9.227741935483872,11.923333333333334,13.55483870967742
8091500,PAGR31,USGS GAGE,8091500.0,8091500,32.23134996598337,-97.77720687990474,"Paluxy Rv at Glen Rose, TX",2021,16.151612903225807,15.621428571428572,18.82258064516129,32.67333333333333,621.5419354838709,507.9766666666666,45.61935483870968,27.845161290322583,10.279666666666666,12.447096774193549,12.395666666666669,15.151612903225804
8091500,PAGR31,USGS GAGE,8091500.0,8091500,32.23134996598337,-97.77720687990474,"Paluxy Rv at Glen Rose, TX",2022,14.687096774193549,15.7,13.62258064516129,14.75,6.546451612903225,1.4213333333333331,0.0,0.4064516129032258,6.416333333333333,1.26,8.098666666666666,14.78032258064516
8091500,PAGR31,USGS GAGE,8091500.0,8091500,32.23134996598337,-97.77720687990474,"Paluxy Rv at Glen Rose, TX",2023,8.608064516129033,21.042857142857144,17.225806451612904,11.371666666666666,37.44548387096774,8.143333333333334,0.114516129032258,0.0,0.0,355.4516129032258,67.99,35.04838709677419
8091500,PAGR31,USGS GAGE,8091500.0,8091500,32.23134996598337,-97.77720687990474,"Paluxy Rv at Glen Rose, TX",2024,49.75483870967742,91.63103448275862,207.50322580645164,148.88666666666668,587.7096774193549,335.55333333333334,59.403225806451616,15.436451612903229,20.58566666666667,8.47709677419355,11.535666666666666,15.390322580645162
8092000,NRBL32,USGS GAGE,8092000.0,8092000,32.15032337084656,-97.40244964620258,"Nolan Rv at Blum, TX",2010,334.1774193548387,357.57142857142856,258.741935483871,84.04333333333334,25.961290322580645,4.688,4.06741935483871,7.174193548387097,531.616,10.056129032258063,6.357,9.433870967741935
8092000,NRBL32,USGS GAGE,8092000.0,8092000,32.15032337084656,-97.40244964620258,"Nolan Rv at Blum, TX",2011,14.859354838709676,11.184285714285716,6.677741935483871,16.068333333333335,16.120967741935484,5.170333333333334,2.13741935483871,1.8016129032258064,2.7496666666666667,19.23677419354839,5.902333333333333,32.350967741935484
8092000,NRBL32,USGS GAGE,8092000.0,8092000,32.15032337084656,-97.40244964620258,"Nolan Rv at Blum, TX",2012,272.323870967742,168.21724137931034,419.9870967741936,39.90333333333333,28.05806451612903,20.23333333333333,5.143870967741936,5.134838709677419,11.546333333333331,2.871290322580645,3.4776666666666665,3.6916129032258063
8092000,NRBL32,USGS GAGE,8092000.0,8092000,32.15032337084656,-97.40244964620258,"Nolan Rv at Blum, TX",2013,11.87741935483871,6.090714285714285,9.33258064516129,22.020333333333333,75.82000000000001,6.667333333333334,5.566129032258065,0.7419354838709677,10.961333333333334,16.280322580645162,8.919333333333332,24.201290322580647
8092000,NRBL32,USGS GAGE,8092000.0,8092000,32.15032337084656,-97.40244964620258,"Nolan Rv at Blum, TX",2014,6.985483870967743,5.774642857142857,6.137096774193548,7.938999999999999,48.30903225806451,122.342,5.153870967741936,3.748064516129032,4.343999999999999,4.502903225806452,2.357666666666667,3.062903225806452
8092000,NRBL32,USGS GAGE,8092000.0,8092000,32.15032337084656,-97.40244964620258,"Nolan Rv at Blum, TX",2015,12.709677419354838,11.525,60.25806451612903,376.0133333333333,2210.2,339.2133333333333,19.10290322580645,6.500645161290323,7.984,387.483870967742,998.8633333333332,351.6741935483871
8092000,NRBL32,USGS GAGE,8092000.0,8092000,32.15032337084656,-97.40244964620258,"Nolan Rv at Blum, TX",2016,130.79032258064515,99.8103448275862,370.8096774193549,607.94,264.1258064516129,957.91,33.774193548387096,16.488709677419354,8.787,8.961290322580645,14.192333333333332,7.205483870967743
8092000,NRBL32,USGS GAGE,8092000.0,8092000,32.15032337084656,-97.40244964620258,"Nolan Rv at Blum, TX",2017,86.9190322580645,31.960714285714285,20.15806451612903,68.24666666666667,14.98032258064516,62.162333333333336,87.86322580645162,10.05967741935484,7.637333333333333,9.34,8.442333333333332,12.71516129032258
8092000,NRBL32,USGS GAGE,8092000.0,8092000,32.15032337084656,-97.40244964620258,"Nolan Rv at Blum, TX",2018,7.066129032258065,131.10892857142858,120.72258064516129,46.14,55.01483870967742,5.215000000000001,7.224193548387096,25.805806451612906,290.672,1532.777419354839,264.43666666666667,291.88709677419354
8092000,NRBL32,USGS GAGE,8092000.0,8092000,32.15032337084656,-97.40244964620258,"Nolan Rv at Blum, TX",2019,299.0967741935484,53.146428571428565,106.07741935483872,283.38,1087.593548387097,154.51666666666668,11.819354838709677,4.693225806451613,2.2756666666666665,9.487741935483871,5.802333333333333,8.490967741935485
8092000,NRBL32,USGS GAGE,8092000.0,8092000,32.15032337084656,-97.40244964620258,"Nolan Rv at Blum, TX",2020,24.63741935483871,92.21758620689656,350.2645161290323,85.22333333333333,71.46774193548387,28.82033333333333,6.052903225806452,1.4548387096774194,26.840666666666667,4.589677419354839,3.94,7.257096774193548
8092000,NRBL32,USGS GAGE,8092000.0,8092000,32.15032337084656,-97.40244964620258,"Nolan Rv at Blum, TX",2021,15.744516129032258,10.655714285714286,22.642903225806453,113.67133333333332,719.5806451612904,327.1433333333333,37.59,7.809354838709678,5.4030000000000005,8.734193548387097,6.364999999999999,5.785806451612903
8092000,NRBL32,USGS GAGE,8092000.0,8092000,32.15032337084656,-97.40244964620258,"Nolan Rv at Blum, TX",2022,4.888387096774193,8.469642857142857,10.725161290322582,13.895666666666669,5.779677419354838,0.8986666666666667,0.4258064516129032,73.8016129032258,27.267,10.53064516129032,40.01200000000001,25.654838709677417
8092000,NRBL32,USGS GAGE,8092000.0,8092000,32.15032337084656,-97.40244964620258,"Nolan Rv at Blum, TX",2023,15.66451612903226,54.596428571428575,30.82258064516129,15.676666666666668,58.80645161290322,13.126333333333331,1.304516129032258,1.122258064516129,3.192333333333333,262.4577419354839,20.247666666666664,227.99387096774197
8092000,NRBL32,USGS GAGE,8092000.0,8092000,32.15032337084656,-97.40244964620258,"Nolan Rv at Blum, TX",2024,117.29032258064515,228.5310344827586,152.78064516129032,376.9066666666667,970.1741935483872,220.88666666666668,29.44193548387097,7.301290322580646,10.924666666666669,6.863548387096775,7.513000000000001,13.233225806451614
8093100,BRAQ33,USGS GAGE,8093100.0,8093100,31.811753714276467,-97.29675029609923,"Brazos Rv nr Aquilla, TX",2010,631.6419354838711,4351.071428571428,2466.1290322580644,5698.0,3112.903225806452,984.8,842.6451612903226,473.5,2796.266666666667,1417.4193548387098,1421.1133333333337,111.8225806451613
8093100,BRAQ33,USGS GAGE,8093100.0,8093100,31.811753714276467,-97.29675029609923,"Brazos Rv nr Aquilla, TX",2011,91.4258064516129,104.55714285714284,42.45806451612904,214.78,349.4709677419355,429.5566666666667,236.4032258064516,177.57096774193548,531.8666666666667,446.5483870967742,339.87333333333333,74.45483870967742
8093100,BRAQ33,USGS GAGE,8093100.0,8093100,31.811753714276467,-97.29675029609923,"Brazos Rv nr Aquilla, TX",2012,97.26129032258063,96.86206896551724,2429.451612903226,1234.3,144.83548387096772,317.81333333333333,430.3225806451613,886.1612903225806,1680.3333333333333,269.4258064516129,46.056666666666665,79.05483870967741
8093100,BRAQ33,USGS GAGE,8093100.0,8093100,31.811753714276467,-97.29675029609923,"Brazos Rv nr Aquilla, TX",2013,93.3,20.514285714285712,87.0516129032258,89.78666666666666,134.94193548387096,260.06666666666666,306.53225806451616,94.43870967741935,51.04666666666667,87.95806451612903,35.593333333333334,54.68064516129032
8093100,BRAQ33,USGS GAGE,8093100.0,8093100,31.811753714276467,-97.29675029609923,"Brazos Rv nr Aquilla, TX",2014,40.309677419354834,71.48214285714286,223.30967741935484,46.556666666666665,71.7290322580645,91.04666666666668,223.3709677419355,221.06129032258065,320.77666666666664,86.02903225806452,83.43333333333334,32.18709677419355
8093100,BRAQ33,USGS GAGE,8093100.0,8093100,31.811753714276467,-97.29675029609923,"Brazos Rv nr Aquilla, TX",2015,40.57741935483871,17.110714285714288,41.4741935483871,24.61,3384.3870967741937,17152.333333333332,5788.096774193548,467.1612903225807,373.98,228.5903225806452,4672.996666666667,9929.032258064515
8093100,BRAQ33,USGS GAGE,8093100.0,8093100,31.811753714276467,-97.29675029609923,"Brazos Rv nr Aquilla, TX",2016,3989.316129032258,1611.7586206896551,4472.329032258065,4840.733333333334,11024.064516129032,16900.0,4436.535483870968,1162.048387096774,847.6233333333333,393.9645161290322,762.6233333333333,556.3193548387097
8093100,BRAQ33,USGS GAGE,8093100.0,8093100,31.811753714276467,-97.29675029609923,"Brazos Rv nr Aquilla, TX",2017,564.8935483870968,825.9142857142857,1039.516129032258,792.4266666666666,192.26774193548388,1226.27,1076.5677419354838,322.55806451612904,33.696666666666665,166.36451612903227,31.666666666666668,35.8
8093100,BRAQ33,USGS GAGE,8093100.0,8093100,31.811753714276467,-97.29675029609923,"Brazos Rv nr Aquilla, TX",2018,35.10645161290322,150.3607142857143,574.5838709677419,81.22333333333333,130.83870967741936,159.73,583.4451612903225,543.1935483870968,37.29333333333333,11289.867741935484,11660.1,2792.451612903226
8093100,BRAQ33,USGS GAGE,8093100.0,8093100,31.811753714276467,-97.29675029609923,"Brazos Rv nr Aquilla, TX",2019,5620.741935483871,1333.5678571428573,2082.767741935484,2245.186666666667,14836.548387096776,14823.333333333334,1409.483870967742,843.5709677419355,113.32,65.01612903225806,125.6,46.95806451612904
8093100,BRAQ33,USGS GAGE,8093100.0,8093100,31.811753714276467,-97.29675029609923,"Brazos Rv nr Aquilla, TX",2020,57.23870967741936,297.8137931034483,5712.629032258064,2336.6666666666665,583.3774193548387,168.23666666666668,174.19354838709677,263.9612903225806,1339.7766666666669,707.2129032258064,179.97,62.541935483870965
8093100,BRAQ33,USGS GAGE,8093100.0,8093100,31.811753714276467,-97.29675029609923,"Brazos Rv nr Aquilla, TX",2021,73.35161290322581,464.36785714285713,65.47096774193548,55.95666666666667,7189.919354838709,13526.333333333334,3202.1000000000004,658.2935483870967,285.0566666666667,409.5387096774194,54.763333333333335,42.26451612903226
8093100,BRAQ33,USGS GAGE,8093100.0,8093100,31.811753714276467,-97.29675029609923,"Brazos Rv nr Aquilla, TX",2022,22.9,23.975,93.90322580645162,32.29333333333333,75.65806451612903,505.8433333333333,483.5161290322581,52.08709677419355,38.81666666666667,264.1161290322581,60.68,37.55483870967742
8093100,BRAQ33,USGS GAGE,8093100.0,8093100,31.811753714276467,-97.29675029609923,"Brazos Rv nr Aquilla, TX",2023,36.82903225806452,42.91428571428571,34.86129032258064,33.68,30.4,27.21,316.241935483871,213.7290322580645,244.23,65.33225806451613,64.44,73.20645161290322
8093100,BRAQ33,USGS GAGE,8093100.0,8093100,31.811753714276467,-97.29675029609923,"Brazos Rv nr Aquilla, TX",2024,285.5258064516129,1614.9310344827586,1630.3709677419354,1473.2666666666669,6106.5161290322585,6046.7,299.741935483871,87.88387096774194,79.90333333333334,263.8,124.15333333333334,201.4774193548387
8094800,NBHI35,USGS GAGE,8094800.0,8094800,31.97731813076533,-98.03454974984908,"N Bosque Rv at Hico, TX",2010,1.8288777636824936,2.4676238964687003,3.872881478796666,4.094821629213483,6.800683218557449,6.330433520599251,2.2967587894164554,1.1377818050018125,1.3428801498127343,1.4169028633562886,1.724942883895131,1.5789896701703516
8094800,NBHI35,USGS GAGE,8094800.0,8094800,31.97731813076533,-98.03454974984908,"N Bosque Rv at Hico, TX",2011,1.8288777636824936,2.4676238964687003,3.872881478796666,4.094821629213483,6.800683218557449,6.330433520599251,2.2967587894164554,1.1377818050018125,1.3428801498127343,1.4169028633562886,1.724942883895131,1.5789896701703516
8094800,NBHI35,USGS GAGE,8094800.0,8094800,31.97731813076533,-98.03454974984908,"N Bosque Rv at Hico, TX",2012,1.8288777636824936,2.465937136768694,3.9053397970279087,4.18380383895131,6.72798477709315,6.349478464419476,2.1982575208408845,1.130409568684306,1.3568464419475654,1.4107593330917,1.727376404494382,1.5944508880028996
8094800,NBHI35,USGS GAGE,8094800.0,8094800,31.97731813076533,-98.03454974984908,"N Bosque Rv at Hico, TX",2013,1.8288777636824936,2.4676238964687003,3.872881478796666,4.094821629213483,6.800683218557449,6.330433520599251,2.2967587894164554,1.1377818050018125,1.3428801498127343,1.4169028633562886,1.724942883895131,1.5789896701703516
8094800,NBHI35,USGS GAGE,8094800.0,8094800,31.97731813076533,-98.03454974984908,"N Bosque Rv at Hico, TX",2014,1.8288777636824936,2.4676238964687003,3.872881478796666,3.479758895131086,9.775806451612905,2.627,0.6812903225806451,0.0851612903225806,0.0363333333333333,3.1916129032258063,4.590999999999999,0.4151612903225806
8094800,NBHI35,USGS GAGE,8094800.0,8094800,31.97731813076533,-98.03454974984908,"N Bosque Rv at Hico, TX",2015,2.805483870967742,0.3014285714285714,3.5458064516129038,94.83166666666666,1416.4903225806452,202.75333333333336,37.13032258064517,4.283548387096774,2.837,70.7158064516129,363.36,129.50967741935486
8094800,NBHI35,USGS GAGE,8094800.0,8094800,31.97731813076533,-98.03454974984908,"N Bosque Rv at Hico, TX",2016,50.90967741935484,38.50689655172414,93.74516129032256,478.3666666666667,930.1225806451612,1019.09,29.04516129032258,10.231935483870968,7.031666666666666,3.779032258064517,11.578666666666669,5.700322580645161
8094800,NBHI35,USGS GAGE,8094800.0,8094800,31.97731813076533,-98.03454974984908,"N Bosque Rv at Hico, TX",2017,9.369032258064516,10.020357142857142,8.326774193548387,23.444,9.386774193548389,223.4226666666667,44.40967741935484,13.736451612903226,2.0166666666666666,2.142903225806452,12.879666666666669,8.485806451612904
8094800,NBHI35,USGS GAGE,8094800.0,8094800,31.97731813076533,-98.03454974984908,"N Bosque Rv at Hico, TX",2018,4.084193548387097,63.01,15.310967741935483,8.291333333333334,10.229354838709678,1.627,0.0303225806451612,0.3051612903225806,21.83233333333333,629.771935483871,103.72333333333331,106.83225806451614
8094800,NBHI35,USGS GAGE,8094800.0,8094800,31.97731813076533,-98.03454974984908,"N Bosque Rv at Hico, TX",2019,91.7032258064516,46.87857142857143,59.061290322580646,421.72333333333336,1104.645161290323,203.3033333333333,20.387096774193548,11.773548387096774,6.123666666666667,5.673870967741936,5.553,4.421290322580645
8094800,NBHI35,USGS GAGE,8094800.0,8094800,31.97731813076533,-98.03454974984908,"N Bosque Rv at Hico, TX",2020,6.434516129032258,9.403103448275862,177.92903225806452,36.056666666666665,20.135483870967743,11.434666666666669,5.479354838709677,0.5277419354838709,224.325,4.682903225806451,4.021,5.250322580645161
8094800,NBHI35,USGS GAGE,8094800.0,8094800,31.97731813076533,-98.03454974984908,"N Bosque Rv at Hico, TX",2021,8.71032258064516,5.736785714285714,12.573870967741936,29.220333333333333,342.5225806451613,531.3233333333334,47.00645161290323,14.051935483870968,5.321,11.305483870967745,5.808333333333334,4.815806451612903
8094800,NBHI35,USGS GAGE,8094800.0,8094800,31.97731813076533,-98.03454974984908,"N Bosque Rv at Hico, TX",2022,4.945806451612903,7.659285714285715,5.014193548387096,6.341666666666667,2.091935483870968,0.1823333333333333,0.0,0.0,0.0036666666666666,0.2041935483870967,3.648,7.08483870967742
8094800,NBHI35,USGS GAGE,8094800.0,8094800,31.97731813076533,-98.03454974984908,"N Bosque Rv at Hico, TX",2023,1.5812903225806452,5.389642857142857,6.463870967741936,6.951,9.033548387096776,2.429666666666667,0.0,0.0,6.977,209.32612903225808,15.025,6.492258064516129
8094800,NBHI35,USGS GAGE,8094800.0,8094800,31.97731813076533,-98.03454974984908,"N Bosque Rv at Hico, TX",2024,16.637096774193548,56.6,138.5451612903226,35.63,279.34838709677416,220.4833333333333,11.138387096774194,4.52258064516129,16.660333333333334,7.381290322580645,6.242333333333334,5.046451612903225
8095000,NBCL36,USGS GAGE,8095000.0,8095000,31.785937671338043,-97.56741374970905,"N Bosque Rv nr Clifton, TX",2010,1143.7903225806451,1114.607142857143,743.1935483870968,356.3666666666667,112.41290322580646,49.57333333333334,86.38387096774194,18.93516129032258,412.39666666666665,22.793548387096774,20.423333333333336,22.73225806451613
8095000,NBCL36,USGS GAGE,8095000.0,8095000,31.785937671338043,-97.56741374970905,"N Bosque Rv nr Clifton, TX",2011,32.43225806451613,24.071428571428573,16.329032258064515,12.14,13.90967741935484,5.029,0.9609677419354838,0.0454838709677419,1.1403333333333334,134.55741935483871,4.529333333333333,10.90258064516129
8095000,NBCL36,USGS GAGE,8095000.0,8095000,31.785937671338043,-97.56741374970905,"N Bosque Rv nr Clifton, TX",2012,705.17,425.8206896551724,895.2290322580644,98.78333333333332,96.54193548387096,32.98533333333334,2.067096774193548,0.08,0.122,0.6245161290322581,0.6463333333333333,0.3938709677419355
8095000,NBCL36,USGS GAGE,8095000.0,8095000,31.785937671338043,-97.56741374970905,"N Bosque Rv nr Clifton, TX",2013,16.25709677419355,7.243571428571428,4.22516129032258,8.324,2.726451612903225,3.369333333333333,3.4454838709677422,1.2287096774193549,10.787666666666668,19.944193548387094,2.691333333333333,17.531290322580645
8095000,NBCL36,USGS GAGE,8095000.0,8095000,31.785937671338043,-97.56741374970905,"N Bosque Rv nr Clifton, TX",2014,8.037741935483872,5.979642857142857,4.073225806451613,2.783666666666667,49.45548387096774,102.496,6.347096774193548,0.7319354838709677,0.2073333333333333,1.0525806451612905,1.6273333333333333,3.0016129032258063
8095000,NBCL36,USGS GAGE,8095000.0,8095000,31.785937671338043,-97.56741374970905,"N Bosque Rv nr Clifton, TX",2015,15.14,17.433214285714286,55.400000000000006,147.39,3406.664516129033,832.8333333333334,132.1516129032258,15.282903225806452,7.360666666666666,819.1580645161291,1629.6666666666667,909.3870967741937
8095000,NBCL36,USGS GAGE,8095000.0,8095000,31.785937671338043,-97.56741374970905,"N Bosque Rv nr Clifton, TX",2016,417.06451612903226,286.7241379310345,1154.8709677419354,2216.2,1978.8709677419356,2572.6,126.5,269.3645161290322,61.04333333333333,30.406451612903226,205.08666666666667,70.47096774193548
8095000,NBCL36,USGS GAGE,8095000.0,8095000,31.785937671338043,-97.56741374970905,"N Bosque Rv nr Clifton, TX",2017,137.0193548387097,240.2642857142857,120.25483870967744,468.73333333333335,65.32903225806452,478.7066666666667,111.42903225806452,45.47096774193548,11.352,12.177741935483873,13.275333333333332,18.126774193548385
8095000,NBCL36,USGS GAGE,8095000.0,8095000,31.785937671338043,-97.56741374970905,"N Bosque Rv nr Clifton, TX",2018,13.929032258064517,243.9492857142857,118.45806451612904,56.05,98.0032258064516,6.219333333333334,0.7706451612903226,1.7061290322580644,165.08766666666668,3530.6935483870966,693.5666666666667,728.1612903225806
8095000,NBCL36,USGS GAGE,8095000.0,8095000,31.785937671338043,-97.56741374970905,"N Bosque Rv nr Clifton, TX",2019,801.8064516129032,263.5,294.35483870967744,884.9666666666667,2777.548387096774,453.1,83.79032258064517,29.506451612903227,14.274333333333336,16.78774193548387,18.587333333333333,17.690322580645162
8095000,NBCL36,USGS GAGE,8095000.0,8095000,31.785937671338043,-97.56741374970905,"N Bosque Rv nr Clifton, TX",2020,23.232258064516127,95.96896551724136,581.983870967742,127.22333333333331,85.68709677419355,26.96333333333333,58.62483870967743,6.638709677419354,378.38666666666666,20.3,29.285,25.60322580645161
8095000,NBCL36,USGS GAGE,8095000.0,8095000,31.785937671338043,-97.56741374970905,"N Bosque Rv nr Clifton, TX",2021,32.674193548387095,19.52142857142857,78.89032258064516,85.52,671.2258064516129,1220.3,136.18709677419355,67.9,15.563333333333333,22.212903225806453,13.564333333333334,13.586451612903224
8095000,NBCL36,USGS GAGE,8095000.0,8095000,31.785937671338043,-97.56741374970905,"N Bosque Rv nr Clifton, TX",2022,11.402903225806453,15.428571428571429,11.01290322580645,8.001333333333333,4.625806451612903,0.6343333333333334,0.1251612903225806,0.4290322580645161,0.251,0.8296774193548387,3.939,5.991612903225807
8095000,NBCL36,USGS GAGE,8095000.0,8095000,31.785937671338043,-97.56741374970905,"N Bosque Rv nr Clifton, TX",2023,1.6,8.94,5.468387096774194,18.12933333333333,34.6441935483871,2.833333333333333,0.1448387096774193,0.174516129032258,10.028333333333334,2026.2003225806448,127.80666666666666,124.41290322580646
8095000,NBCL36,USGS GAGE,8095000.0,8095000,31.785937671338043,-97.56741374970905,"N Bosque Rv nr Clifton, TX",2024,184.70967741935485,569.7931034482758,439.2258064516129,344.7366666666667,3088.0,741.8,93.24838709677418,27.851612903225806,51.50666666666667,14.25258064516129,17.866666666666667,21.845161290322583
8095200,NBVM37,USGS GAGE,8095200.0,8095200,31.66978461768131,-97.4691583666502,"N Bosque Rv at Valley Mills, TX",2010,1592.967741935484,1778.892857142857,944.9354838709676,455.6666666666667,161.52903225806452,83.76333333333334,136.24193548387098,40.78709677419355,617.7900000000001,43.73225806451613,30.01333333333333,40.99354838709677
8095200,NBVM37,USGS GAGE,8095200.0,8095200,31.66978461768131,-97.4691583666502,"N Bosque Rv at Valley Mills, TX",2011,53.19677419354839,37.82857142857143,28.41935483870968,25.14,16.97290322580645,5.337000000000001,1.8535483870967744,0.6054838709677419,1.142,197.10193548387096,10.316,20.628387096774198
8095200,NBVM37,USGS GAGE,8095200.0,8095200,31.66978461768131,-97.4691583666502,"N Bosque Rv at Valley Mills, TX",2012,770.5958064516129,474.6206896551725,1074.4645161290323,127.92,108.51290322580644,36.003,6.5680645161290325,2.7164516129032257,2.452,2.9358064516129034,4.312333333333333,3.240645161290322
8095200,NBVM37,USGS GAGE,8095200.0,8095200,31.66978461768131,-97.4691583666502,"N Bosque Rv at Valley Mills, TX",2013,26.32870967741936,6.991785714285714,7.59516129032258,59.202666666666666,5.809354838709678,3.019333333333333,4.73483870967742,0.1938709677419355,39.22,79.81129032258065,9.221666666666666,56.03903225806452
8095200,NBVM37,USGS GAGE,8095200.0,8095200,31.66978461768131,-97.4691583666502,"N Bosque Rv at Valley Mills, TX",2014,14.40967741935484,10.5975,10.452903225806452,7.251666666666667,71.9941935483871,141.1726666666667,11.60193548387097,2.424516129032258,1.586666666666667,2.984516129032258,3.978333333333333,3.9793548387096775
8095200,NBVM37,USGS GAGE,8095200.0,8095200,31.66978461768131,-97.4691583666502,"N Bosque Rv at Valley Mills, TX",2015,14.19451612903226,8.220357142857143,44.785806451612906,227.51666666666668,3949.464516129032,1283.3666666666666,189.1258064516129,25.029032258064515,18.18,1038.6387096774192,1799.5,1226.451612903226
8095200,NBVM37,USGS GAGE,8095200.0,8095200,31.66978461768131,-97.4691583666502,"N Bosque Rv at Valley Mills, TX",2016,485.6774193548387,306.2068965517241,1390.6774193548388,2767.333333333333,2229.548387096774,2824.4666666666667,136.61612903225807,389.0612903225807,94.59333333333332,57.75483870967742,246.7433333333333,93.09677419354838
8095200,NBVM37,USGS GAGE,8095200.0,8095200,31.66978461768131,-97.4691583666502,"N Bosque Rv at Valley Mills, TX",2017,187.7290322580645,284.0214285714286,138.48387096774192,531.0666666666667,88.31290322580645,481.3466666666666,101.33225806451614,50.36129032258064,20.10333333333333,18.87741935483871,18.24,20.52258064516129
8095200,NBVM37,USGS GAGE,8095200.0,8095200,31.66978461768131,-97.4691583666502,"N Bosque Rv at Valley Mills, TX",2018,17.61935483870968,268.0964285714286,130.81935483870967,64.07666666666667,110.48064516129033,8.017999999999999,3.096774193548387,5.059354838709678,193.0256666666667,3735.170967741936,833.2666666666667,905.8709677419356
8095200,NBVM37,USGS GAGE,8095200.0,8095200,31.66978461768131,-97.4691583666502,"N Bosque Rv at Valley Mills, TX",2019,1015.3548387096774,328.32142857142856,321.2903225806452,875.6,2963.2258064516127,469.73333333333335,135.40967741935484,55.33870967741935,28.48,27.61290322580645,24.76,22.929032258064517
8095200,NBVM37,USGS GAGE,8095200.0,8095200,31.66978461768131,-97.4691583666502,"N Bosque Rv at Valley Mills, TX",2020,29.39032258064516,164.56896551724137,665.6612903225806,203.83333333333331,117.81612903225808,44.10333333333333,77.44193548387096,16.25161290322581,362.0266666666666,27.748387096774195,24.866666666666667,28.11290322580645
8095200,NBVM37,USGS GAGE,8095200.0,8095200,31.66978461768131,-97.4691583666502,"N Bosque Rv at Valley Mills, TX",2021,47.83870967741935,32.44285714285714,77.59677419354838,88.77333333333333,637.0967741935484,1273.4,192.08064516129036,92.5,30.10333333333333,24.654838709677417,19.34333333333333,18.070967741935487
8095200,NBVM37,USGS GAGE,8095200.0,8095200,31.66978461768131,-97.4691583666502,"N Bosque Rv at Valley Mills, TX",2022,19.248387096774195,23.42142857142857,16.60967741935484,10.809,5.022903225806452,2.203333333333333,1.0038709677419355,0.5980645161290322,0.6946666666666667,0.9664516129032258,4.747,13.332258064516129
8095200,NBVM37,USGS GAGE,8095200.0,8095200,31.66978461768131,-97.4691583666502,"N Bosque Rv at Valley Mills, TX",2023,9.606451612903228,8.852142857142857,6.715483870967742,7.271333333333333,24.4,5.007333333333333,0.1716129032258064,0.0761290322580645,4.187666666666667,1857.6435483870969,153.90666666666667,123.30645161290325
8095200,NBVM37,USGS GAGE,8095200.0,8095200,31.66978461768131,-97.4691583666502,"N Bosque Rv at Valley Mills, TX",2024,105.92258064516128,492.6758620689656,421.458064516129,401.9,3952.967741935484,908.8333333333334,125.65806451612904,63.91290322580645,75.71000000000001,28.61290322580645,29.18,32.49032258064516
8095300,MBMG38,USGS GAGE,8095300.0,8095300,31.50916793041617,-97.36543796363098,"Middle Bosque Rv nr McGregor, TX",2010,360.0516129032258,412.3571428571428,293.35483870967744,107.25,33.33548387096774,6.4670000000000005,5.652903225806452,0.1612903225806451,327.12833333333333,15.07741935483871,6.176,4.897096774193549
8095300,MBMG38,USGS GAGE,8095300.0,8095300,31.50916793041617,-97.36543796363098,"Middle Bosque Rv nr McGregor, TX",2011,31.263870967741937,37.95,20.05806451612903,6.009,0.4058064516129032,0.0,0.0,0.0,0.0,0.2480645161290322,0.018,8.491290322580646
8095300,MBMG38,USGS GAGE,8095300.0,8095300,31.50916793041617,-97.36543796363098,"Middle Bosque Rv nr McGregor, TX",2012,57.979032258064514,108.7103448275862,345.7483870967742,66.86999999999999,14.108387096774194,3.1896666666666667,0.3816129032258064,0.0574193548387096,0.0933333333333333,0.0280645161290322,0.1773333333333333,0.1003225806451612
8095300,MBMG38,USGS GAGE,8095300.0,8095300,31.50916793041617,-97.36543796363098,"Middle Bosque Rv nr McGregor, TX",2013,7.018064516129033,4.741785714285714,5.191612903225806,4.138333333333334,2.5090322580645164,0.4836666666666666,0.13,0.0,5.186333333333334,214.80967741935484,90.21333333333334,84.33870967741936
8095300,MBMG38,USGS GAGE,8095300.0,8095300,31.50916793041617,-97.36543796363098,"Middle Bosque Rv nr McGregor, TX",2014,40.87741935483872,19.50714285714286,10.469032258064518,6.243333333333334,21.613225806451613,242.87,24.716129032258067,1.5225806451612904,0.3623333333333333,42.39354838709678,31.23866666666667,18.038709677419355
8095300,MBMG38,USGS GAGE,8095300.0,8095300,31.50916793041617,-97.36543796363098,"Middle Bosque Rv nr McGregor, TX",2015,44.93225806451613,37.6,107.71290322580644,108.61333333333332,539.5,143.3766666666667,20.693548387096776,1.0093548387096771,0.1346666666666666,161.1732258064516,342.7066666666667,271.93548387096774
8095300,MBMG38,USGS GAGE,8095300.0,8095300,31.50916793041617,-97.36543796363098,"Middle Bosque Rv nr McGregor, TX",2016,117.3258064516129,65.6448275862069,215.4935483870968,325.1566666666667,227.1935483870968,262.49333333333334,27.220322580645163,66.03709677419356,31.243666666666662,14.62741935483871,247.68066666666667,133.16129032258064
8095300,MBMG38,USGS GAGE,8095300.0,8095300,31.50916793041617,-97.36543796363098,"Middle Bosque Rv nr McGregor, TX",2017,231.5935483870968,224.56785714285712,92.1774193548387,78.22,17.40838709677419,21.681,2.7451612903225806,0.7148387096774194,0.098,0.0535483870967741,0.0546666666666666,0.5958064516129032
8095300,MBMG38,USGS GAGE,8095300.0,8095300,31.50916793041617,-97.36543796363098,"Middle Bosque Rv nr McGregor, TX",2018,0.3570967741935484,7.837142857142857,11.906774193548388,12.868666666666666,21.443870967741937,0.159,0.0,0.0,0.0,755.6096774193549,248.76666666666668,334.8838709677419
8095300,MBMG38,USGS GAGE,8095300.0,8095300,31.50916793041617,-97.36543796363098,"Middle Bosque Rv nr McGregor, TX",2019,421.1612903225807,79.12142857142858,50.89354838709678,47.23333333333333,219.9774193548387,100.02666666666669,54.19451612903226,4.069354838709677,0.2603333333333333,0.1916129032258064,0.321,0.21
8095300,MBMG38,USGS GAGE,8095300.0,8095300,31.50916793041617,-97.36543796363098,"Middle Bosque Rv nr McGregor, TX",2020,0.0229032258064516,157.61758620689653,384.3645161290322,312.0733333333334,61.02903225806452,15.829,20.03451612903225,0.3719354838709677,21.052333333333333,3.495483870967742,2.271666666666667,3.2035483870967743
8095300,MBMG38,USGS GAGE,8095300.0,8095300,31.50916793041617,-97.36543796363098,"Middle Bosque Rv nr McGregor, TX",2021,17.20967741935484,11.334285714285716,8.186774193548386,5.933333333333334,94.31225806451612,138.24666666666664,103.31935483870969,55.182580645161295,7.219666666666667,4.316129032258065,3.1713333333333336,2.101290322580645
8095300,MBMG38,USGS GAGE,8095300.0,8095300,31.50916793041617,-97.36543796363098,"Middle Bosque Rv nr McGregor, TX",2022,1.0774193548387097,1.8242857142857145,1.0819354838709676,1.0193333333333334,15.42967741935484,0.1746666666666666,0.0,0.0164516129032258,0.0,0.0,1.9336666666666664,0.9106451612903226
8095300,MBMG38,USGS GAGE,8095300.0,8095300,31.50916793041617,-97.36543796363098,"Middle Bosque Rv nr McGregor, TX",2023,0.6729032258064516,7.479285714285714,13.413548387096776,21.553,159.71935483870968,19.594,0.636774193548387,0.0574193548387096,0.035,14.024838709677418,5.392333333333334,34.05193548387096
8095300,MBMG38,USGS GAGE,8095300.0,8095300,31.50916793041617,-97.36543796363098,"Middle Bosque Rv nr McGregor, TX",2024,123.4,142.59310344827583,57.54516129032258,128.41333333333333,1552.8387096774193,240.2,32.94838709677419,6.258387096774193,0.6166666666666667,0.1903225806451613,0.1333333333333333,0.1909677419354838
8095400,HGCR39,USGS GAGE,8095400.0,8095400,31.55557221142961,-97.35629581274368,"Hog Ck nr Crawford, TX",2010,137.71935483870968,179.3642857142857,104.87096774193547,45.96333333333334,18.955483870967743,2.7816666666666667,1.2816129032258063,0.1606451612903225,194.20833333333331,7.849354838709678,3.529333333333333,2.0712903225806456
8095400,HGCR39,USGS GAGE,8095400.0,8095400,31.55557221142961,-97.35629581274368,"Hog Ck nr Crawford, TX",2011,10.579354838709676,10.051428571428572,5.1493548387096775,1.3743333333333332,0.0083870967741935,0.0,0.0,0.0,0.0,0.1206451612903225,0.0686666666666666,0.8970967741935484
8095400,HGCR39,USGS GAGE,8095400.0,8095400,31.55557221142961,-97.35629581274368,"Hog Ck nr Crawford, TX",2012,13.842258064516129,16.920344827586206,105.5741935483871,20.782,2.3196774193548384,0.6153333333333334,0.0780645161290322,0.0070967741935483,0.0233333333333333,0.0096774193548387,0.0036666666666666,0.0458064516129032
8095400,HGCR39,USGS GAGE,8095400.0,8095400,31.55557221142961,-97.35629581274368,"Hog Ck nr Crawford, TX",2013,0.3109677419354839,0.5528571428571428,0.8667741935483871,0.5143333333333333,0.3116129032258065,0.027,0.01,0.0,0.0026666666666666,37.84935483870967,11.842666666666668,29.5
8095400,HGCR39,USGS GAGE,8095400.0,8095400,31.55557221142961,-97.35629581274368,"Hog Ck nr Crawford, TX",2014,11.082258064516129,6.805714285714286,8.220645161290323,2.759333333333333,3.4574193548387093,18.703666666666667,0.7109677419354838,0.0296774193548387,0.006,0.678709677419355,0.2656666666666666,0.476774193548387
8095400,HGCR39,USGS GAGE,8095400.0,8095400,31.55557221142961,-97.35629581274368,"Hog Ck nr Crawford, TX",2015,4.8425806451612905,6.619642857142857,28.541935483870965,42.321,265.1548387096774,102.902,15.644193548387095,0.1554838709677419,0.0656666666666666,121.00483870967744,128.94666666666666,121.29032258064515
8095400,HGCR39,USGS GAGE,8095400.0,8095400,31.55557221142961,-97.35629581274368,"Hog Ck nr Crawford, TX",2016,40.47096774193548,24.29655172413793,117.2258064516129,226.58,68.46129032258065,100.75033333333332,2.171935483870968,25.11064516129032,9.632333333333332,3.943548387096774,44.83566666666666,26.638709677419357
8095400,HGCR39,USGS GAGE,8095400.0,8095400,31.55557221142961,-97.35629581274368,"Hog Ck nr Crawford, TX",2017,64.48709677419355,62.721428571428575,31.89354838709677,54.77333333333333,9.05225806451613,11.128333333333334,2.63741935483871,0.9158064516129032,0.447,0.076774193548387,0.1733333333333333,0.1732258064516129
8095400,HGCR39,USGS GAGE,8095400.0,8095400,31.55557221142961,-97.35629581274368,"Hog Ck nr Crawford, TX",2018,0.1261290322580645,0.1385714285714285,0.9393548387096774,2.0726666666666667,10.265483870967742,0.3573333333333333,0.0209677419354838,0.0006451612903225,11.367666666666668,344.3645161290322,84.61999999999999,118.61935483870968
8095400,HGCR39,USGS GAGE,8095400.0,8095400,31.55557221142961,-97.35629581274368,"Hog Ck nr Crawford, TX",2019,140.9322580645161,24.49285714285714,31.76774193548387,33.17666666666666,55.96548387096775,22.284,7.880322580645161,0.5619354838709678,0.286,0.3345161290322581,0.5476666666666666,0.5054838709677419
8095400,HGCR39,USGS GAGE,8095400.0,8095400,31.55557221142961,-97.35629581274368,"Hog Ck nr Crawford, TX",2020,0.2632258064516129,66.81896551724138,211.1516129032258,88.0,32.987096774193546,5.638000000000001,7.521935483870968,0.0903225806451612,27.66633333333333,1.0374193548387096,0.7829999999999999,3.3067741935483874
8095400,HGCR39,USGS GAGE,8095400.0,8095400,31.55557221142961,-97.35629581274368,"Hog Ck nr Crawford, TX",2021,7.874516129032258,6.014285714285714,4.854516129032258,2.925,4.58,26.803,15.993548387096777,3.163870967741935,0.6533333333333334,0.3654838709677419,0.356,0.2551612903225806
8095400,HGCR39,USGS GAGE,8095400.0,8095400,31.55557221142961,-97.35629581274368,"Hog Ck nr Crawford, TX",2022,0.1812903225806451,0.1878571428571428,0.154516129032258,0.0663333333333333,0.1761290322580645,0.0463333333333333,0.0090322580645161,0.0029032258064516,0.002,0.0,0.205,0.2745161290322581
8095400,HGCR39,USGS GAGE,8095400.0,8095400,31.55557221142961,-97.35629581274368,"Hog Ck nr Crawford, TX",2023,0.2993548387096774,0.4664285714285714,0.5503225806451613,0.7286666666666667,14.85741935483871,2.0203333333333333,0.1674193548387096,0.0390322580645161,0.0299999999999999,0.1148387096774193,0.7823333333333333,10.951290322580643
8095400,HGCR39,USGS GAGE,8095400.0,8095400,31.55557221142961,-97.35629581274368,"Hog Ck nr Crawford, TX",2024,41.91,48.08620689655172,25.848387096774196,52.57233333333333,701.6516129032258,172.36333333333332,7.285483870967742,1.0216129032258066,0.2763333333333333,0.042258064516129,0.1186666666666666,0.1890322580645161
8096500,BRWA41,USGS GAGE,8096500.0,8096500,31.53561569738146,-97.07344549595166,"Brazos Rv at Waco, TX",2010,1907.1612903225807,8452.857142857143,4511.935483870968,5663.333333333333,3611.935483870968,1738.8666666666666,1129.2903225806451,563.0,5480.133333333333,1504.1935483870968,1432.7333333333331,199.32258064516128
8096500,BRWA41,USGS GAGE,8096500.0,8096500,31.53561569738146,-97.07344549595166,"Brazos Rv at Waco, TX",2011,251.5903225806452,406.0,211.0,289.3666666666667,350.48387096774195,336.6666666666667,183.54516129032257,141.03225806451613,449.7,489.5129032258064,349.85,300.14516129032256
8096500,BRWA41,USGS GAGE,8096500.0,8096500,31.53561569738146,-97.07344549595166,"Brazos Rv at Waco, TX",2012,599.1548387096774,1459.2413793103449,5907.677419354839,2253.9333333333334,221.82258064516128,298.4066666666667,367.9354838709677,554.0645161290323,1027.7,196.7516129032258,56.57666666666667,102.47096774193548
8096500,BRWA41,USGS GAGE,8096500.0,8096500,31.53561569738146,-97.07344549595166,"Brazos Rv at Waco, TX",2013,401.1935483870968,75.80357142857143,172.10645161290324,94.74666666666668,159.09677419354838,175.07333333333332,283.7161290322581,68.60645161290323,134.41400000000002,639.1374193548388,173.6,158.57096774193548
8096500,BRWA41,USGS GAGE,8096500.0,8096500,31.53561569738146,-97.07344549595166,"Brazos Rv at Waco, TX",2014,106.31290322580644,103.05,250.55806451612904,85.95,322.9935483870967,611.4733333333334,223.8774193548387,168.88387096774193,310.44,108.10645161290324,81.06333333333333,42.141935483870974
8096500,BRWA41,USGS GAGE,8096500.0,8096500,31.53561569738146,-97.07344549595166,"Brazos Rv at Waco, TX",2015,120.30967741935484,52.11785714285714,326.0387096774194,642.1333333333333,7919.290322580645,21682.33333333333,6700.580645161291,533.5612903225807,381.43666666666667,3616.058064516129,7950.866666666667,14348.064516129032
8096500,BRWA41,USGS GAGE,8096500.0,8096500,31.53561569738146,-97.07344549595166,"Brazos Rv at Waco, TX",2016,5738.1612903225805,2211.310344827586,7259.774193548387,6275.733333333334,14802.90322580645,21571.666666666668,6851.032258064516,2137.3870967741937,1268.4666666666667,515.741935483871,1439.5,1008.8064516129032
8096500,BRWA41,USGS GAGE,8096500.0,8096500,31.53561569738146,-97.07344549595166,"Brazos Rv at Waco, TX",2017,1410.3225806451612,1753.857142857143,1724.032258064516,3809.033333333333,329.0967741935484,2030.9666666666667,1534.6129032258063,418.2000000000001,74.58333333333333,252.7935483870968,85.52333333333333,90.34193548387096
8096500,BRWA41,USGS GAGE,8096500.0,8096500,31.53561569738146,-97.07344549595166,"Brazos Rv at Waco, TX",2018,71.85161290322581,309.0785714285715,869.1419354838711,170.98999999999998,380.5935483870968,142.97,539.8258064516128,591.9387096774193,118.10333333333332,15323.254838709678,17136.333333333332,4674.83870967742
8096500,BRWA41,USGS GAGE,8096500.0,8096500,31.53561569738146,-97.07344549595166,"Brazos Rv at Waco, TX",2019,9879.354838709678,1934.0,2511.451612903226,3562.733333333333,18109.35483870968,18132.33333333333,1962.741935483871,1214.645161290323,227.06666666666663,190.06451612903223,191.46666666666667,120.48387096774194
8096500,BRWA41,USGS GAGE,8096500.0,8096500,31.53561569738146,-97.07344549595166,"Brazos Rv at Waco, TX",2020,140.90322580645162,1141.448275862069,8647.129032258064,3952.866666666667,1659.0645161290322,488.1666666666667,658.0,373.1774193548387,1785.7333333333331,726.3870967741935,221.36666666666667,195.82258064516128
8096500,BRWA41,USGS GAGE,8096500.0,8096500,31.53561569738146,-97.07344549595166,"Brazos Rv at Waco, TX",2021,313.16129032258067,534.9285714285714,183.06451612903223,176.36666666666667,7617.322580645161,16637.666666666668,4412.645161290323,1020.1612903225806,375.0,532.9677419354839,118.75666666666666,97.3
8096500,BRWA41,USGS GAGE,8096500.0,8096500,31.53561569738146,-97.07344549595166,"Brazos Rv at Waco, TX",2022,81.19354838709677,174.16071428571428,199.66774193548383,63.22,163.2064516129032,670.38,628.1741935483872,51.57096774193548,87.587,354.86677419354834,249.2133333333333,32.28064516129032
8096500,BRWA41,USGS GAGE,8096500.0,8096500,31.53561569738146,-97.07344549595166,"Brazos Rv at Waco, TX",2023,34.303225806451614,246.2642857142857,76.69354838709677,170.29,409.85483870967744,116.14,240.7483870967742,186.1709677419355,221.69333333333333,254.6967741935484,697.3333333333334,363.741935483871
8096500,BRWA41,USGS GAGE,8096500.0,8096500,31.53561569738146,-97.07344549595166,"Brazos Rv at Waco, TX",2024,1024.6774193548388,2997.2413793103447,2295.6451612903224,2296.133333333333,13747.09677419355,11331.0,730.5483870967741,166.70967741935485,120.53666666666666,299.59032258064514,190.97666666666663,289.9741935483871
