CPID,NHDPlusID,lat,lon
1001,3.0001E+13,33.26913478,-100.0100446
391501,3.0001E+13,34.16944181,-101.6485973
398501,3.0001E+13,33.55948767,-101.7959305
398551,3.0001E+13,33.56100781,-101.7978102
P40351,3.0001E+13,34.16519697,-101.6165522
403551,3.0001E+13,34.16462932,-101.6161939
P41461,3.0001E+13,33.06297004,-101.0410752
4146P1,3.0001E+13,33.06297004,-101.0410752
P51621,3.0001E+13,33.10854921,-100.2404525
5162P1,3.0001E+13,33.10854921,-100.2404525
528201,3.0001E+13,33.02196144,-100.1304875
P53591,3.0001E+13,32.99485687,-101.3688479
535951,3.0001E+13,32.9933406,-101.366067
540501,3.0001E+13,34.15645531,-101.593743
381301,3.0001E+13,34.27428258,-101.9550171
368101,3.0001E+13,34.27607296,-101.9907937
368131,3.0001E+13,34.27607296,-101.9907937
368201,3.0001E+13,34.24104517,-101.8834829
368231,3.0001E+13,34.24104517,-101.8834829
368301,3.0001E+13,34.20275371,-101.8398481
368331,3.0001E+13,34.20275371,-101.8398481
368401,3.0001E+13,34.23248114,-101.8134186
368431,3.0001E+13,34.23248114,-101.8134186
368501,3.0001E+13,34.20695385,-101.7961472
368531,3.0001E+13,34.20695385,-101.7961472
368601,3.0001E+13,34.16936783,-101.67529
368701,3.0001E+13,34.16890815,-101.6501394
368702,3.0001E+13,34.16653244,-101.6547531
368703,3.0001E+13,34.16723938,-101.6600422
368801,3.0001E+13,34.16951821,-101.6423906
369001,3.0001E+13,33.86715102,-101.487895
369101,3.0001E+13,33.75665618,-101.3186387
369131,3.0001E+13,33.75665618,-101.3186387
369151,3.0001E+13,33.75665618,-101.3186387
369201,3.0001E+13,33.66575901,-101.1601223
369231,3.0001E+13,33.66575901,-101.1601223
369301,3.0001E+13,33.45830453,-101.0830889
369331,3.0001E+13,33.45830453,-101.0830889
369351,3.0001E+13,33.45830453,-101.0830889
369401,3.0001E+13,33.43240603,-101.3522112
369431,3.0001E+13,33.43240603,-101.3522112
369601,3.0001E+13,33.64400649,-100.9016379
369631,3.0001E+13,33.64400649,-100.9016379
369651,3.0001E+13,33.63757366,-100.900958
369731,3.0001E+13,33.61948,-100.9112722
369801,3.0001E+13,33.57784166,-100.938001
369831,3.0001E+13,33.57784166,-100.938001
369901,3.0001E+13,33.55577439,-100.9633675
369902,3.0001E+13,33.55577439,-100.9633675
369931,3.0001E+13,33.55577439,-100.9633675
370001,3.0001E+13,33.50235322,-100.9082719
370031,3.0001E+13,33.50235322,-100.9082719
370131,3.0001E+13,33.24762391,-100.6160078
370231,3.0001E+13,33.30747403,-100.3753368
370501,3.0001E+13,33.61555017,-101.8756973
370502,3.0001E+13,33.60751596,-101.861034
370503,3.0001E+13,33.56584027,-101.8022208
370531,3.0001E+13,33.61555017,-101.8756973
370532,3.0001E+13,33.60751596,-101.861034
370533,3.0001E+13,33.60075049,-101.8476325
370534,3.0001E+13,33.59674275,-101.8395318
370535,3.0001E+13,33.58944812,-101.8270488
370536,3.0001E+13,33.56584027,-101.8022208
370631,3.0001E+13,33.5332721,-101.6943101
370701,3.0001E+13,33.52446574,-101.678121
370702,3.0001E+13,33.52446574,-101.678121
370731,3.0001E+13,33.52446574,-101.678121
370732,3.0001E+13,33.53109991,-101.6828648
370751,3.0001E+13,33.53109991,-101.6828648
370801,3.0001E+13,33.47146796,-101.4796978
370831,3.0001E+13,33.47146796,-101.4796978
370901,3.0001E+13,33.43182125,-101.479373
370931,3.0001E+13,33.43182125,-101.479373
371001,3.0001E+13,33.43182125,-101.479373
371101,3.0001E+13,33.21694167,-101.2725839
371131,3.0001E+13,33.21694167,-101.2725839
371301,3.0001E+13,33.05591869,-101.6147816
371331,3.0001E+13,33.05591495,-101.6150878
371401,3.0001E+13,32.94670097,-101.2407144
371431,3.0001E+13,32.94670097,-101.2407144
371501,3.0001E+13,33.03021211,-101.1767464
371531,3.0001E+13,33.03021211,-101.1767464
371601,3.0001E+13,32.98521837,-101.0323653
371602,3.0001E+13,32.98504889,-101.0319312
371631,3.0001E+13,32.98504889,-101.0319312
371701,3.0001E+13,33.02224184,-100.7451056
371801,3.0001E+13,32.98924633,-100.7071499
371802,3.0001E+13,32.9688453,-100.6705377
371803,3.0001E+13,32.96637461,-100.6499934
371901,3.0001E+13,32.94964464,-100.5953541
372001,3.0001E+13,32.82440977,-100.57039
372031,3.0001E+13,32.82440977,-100.57039
372101,3.0001E+13,32.84294251,-100.5698914
372131,3.0001E+13,32.84294251,-100.5698914
372201,3.0001E+13,33.00579822,-100.2668514
372202,3.0001E+13,33.0050294,-100.2653164
372203,3.0001E+13,33.01200931,-100.249705
372401,3.0001E+13,33.1563844,-99.96920364
372431,3.0001E+13,33.1563844,-99.96920364
366701,3.0001E+13,34.5584595,-102.9558865
366731,3.0001E+13,34.5584595,-102.9558865
366801,3.0001E+13,34.55558119,-102.946128
366831,3.0001E+13,34.55558119,-102.946128
367002,3.0001E+13,34.44577646,-102.597893
367031,3.0001E+13,34.44577646,-102.597893
367001,3.0001E+13,34.43990717,-102.5949249
367032,3.0001E+13,34.43990717,-102.5949249
367101,3.0001E+13,34.40284927,-102.5293831
367131,3.0001E+13,34.40284927,-102.5293831
367201,3.0001E+13,34.40284927,-102.5293831
367202,3.0001E+13,34.40284927,-102.5293831
367231,3.0001E+13,34.40284927,-102.5293831
367301,3.0001E+13,34.40284927,-102.5293831
367302,3.0001E+13,34.40284927,-102.5293831
367303,3.0001E+13,34.40284927,-102.5293831
367304,3.0001E+13,34.40284927,-102.5293831
367331,3.0001E+13,34.40284927,-102.5293831
367401,3.0001E+13,34.40284927,-102.5293831
367431,3.0001E+13,34.40284927,-102.5293831
367901,3.0001E+13,34.32356582,-102.0362859
367931,3.0001E+13,34.32356582,-102.0362859
368001,3.0001E+13,34.3034864,-102.0352194
368031,3.0001E+13,34.3034864,-102.0352194
370411,3.0001E+13,33.92170202,-102.0704519
370431,3.0001E+13,33.92772932,-102.0637764
370401,3.0001E+13,33.92772932,-102.0637764
370421,3.0001E+13,33.9274679,-102.0640798
370301,3.0001E+13,34.24537686,-102.6599676
370331,3.0001E+13,34.24537686,-102.6599676
367801,3.0001E+13,34.32455821,-102.0387954
367831,3.0001E+13,34.32455821,-102.0387954
367701,3.0001E+13,34.35712318,-102.1315886
367731,3.0001E+13,34.35712318,-102.1315886
367501,3.0001E+13,34.32151585,-102.2296394
367531,3.0001E+13,34.32151585,-102.2296394
367601,3.0001E+13,34.37865561,-102.2020914
367631,3.0001E+13,34.37865561,-102.2020914
P40641,3.0001E+13,34.33757768,-102.2244317
406431,3.0001E+13,34.33808706,-102.2247547
366401,3.0001E+13,34.57982065,-103.0152052
366431,3.0001E+13,34.57982065,-103.0152052
366501,3.0001E+13,34.57764916,-103.0085849
366531,3.0001E+13,34.57764916,-103.0085849
366904,3.0001E+13,34.46557301,-102.6788077
366934,3.0001E+13,34.46557301,-102.6788077
366903,3.0001E+13,34.46753268,-102.6853603
366902,3.0001E+13,34.46490785,-102.6862633
366931,3.0001E+13,34.47225468,-102.6965853
366933,3.0001E+13,34.46753268,-102.6853603
366932,3.0001E+13,34.46490785,-102.6862633
366901,3.0001E+13,34.47225468,-102.6965853
366601,3.0001E+13,34.56575198,-102.9757654
366631,3.0001E+13,34.56575198,-102.9757654
406451,3.0001E+13,34.33757768,-102.2244317
369531,3.0001E+13,33.45494724,-101.2037805
369501,3.0001E+13,33.45494724,-101.2037805
W12381,3.0001E+13,33.44726708,-101.3841485
W12382,3.0001E+13,33.25008612,-100.0054333
W12391,3.0001E+13,33.24021275,-100.9342087
W12392,3.0001E+13,33.45855861,-101.0834002
W12401,3.0001E+13,33.45855861,-101.0834002
W12402,3.0001E+13,33.49698924,-101.0749132
W12411,3.0001E+13,33.10061104,-101.0000766
W12412,3.0001E+13,33.17182623,-99.9581457
CON001,3.0001E+13,33.7832846,-101.2269115
CON002,3.0001E+13,33.24081177,-100.6921648
CON003,3.0001E+13,33.22177879,-100.6376482
CON004,3.0001E+13,33.24060796,-100.9349048
CON005,3.0001E+13,33.29112447,-100.4192334
CON006,3.0001E+13,33.30184427,-100.3630158
CON007,3.0001E+13,33.44354859,-101.4897227
CON008,3.0001E+13,33.06270995,-101.0413787
CON010,3.0001E+13,33.20143081,-99.96918872
CON009,3.0001E+13,32.90619314,-100.5234347
CON159,3.0001E+13,33.02987411,-101.2096311
CON160,3.0001E+13,33.03352094,-101.1762597
CON244,3.0001E+13,33.10086872,-101.0000794
CON245,3.0001E+13,33.26913478,-100.0100446
CON248,3.0001E+13,33.97889689,-101.490317
RWPL01,3.0001E+13,34.17881671,-101.7021589
WRSP02,3.0001E+13,33.45779663,-101.0821593
DUGI03,3.0001E+13,33.35632945,-100.7050244
SFPE04,3.0001E+13,33.21179301,-100.4336194
CRJA05,3.0001E+13,33.28773815,-100.4315145
SFAS06,3.0001E+13,33.33405016,-100.2376528
BSLU07,3.0001E+13,33.53352082,-101.6949312
DMJU08,3.0001E+13,33.03898567,-101.1984048
DMAS09,3.0001E+13,33.00851794,-100.1804278
105371,3.0001E+13,34.16910613,-101.6755953
1002,3.00007E+13,32.85788629,-98.44261815
P37211,3.00007E+13,32.38354357,-99.76121194
3721P1,3.00007E+13,32.38354357,-99.76121194
426603,3.00007E+13,32.59582726,-99.63586634
P51651,3.00007E+13,33.22959121,-98.65300096
524201,3.00007E+13,33.38703587,-100.0075953
543501,3.00007E+13,33.49779073,-99.768201
417002,3.00007E+13,32.70413455,-99.62108588
341101,3.00007E+13,33.49181494,-100.0088363
341131,3.00007E+13,33.49181494,-100.0088363
341231,3.00007E+13,33.53300736,-100.0069908
341301,3.00007E+13,33.49266672,-99.78238596
341302,3.00007E+13,33.49266672,-99.78238596
341331,3.00007E+13,33.49266672,-99.78238596
341401,3.00007E+13,33.56617635,-99.79724777
341431,3.00007E+13,33.56617635,-99.79724777
344001,3.00007E+13,33.53453171,-99.72834659
344002,3.00007E+13,33.53247328,-99.7289691
344003,3.00007E+13,33.52733465,-99.73422354
344004,3.00007E+13,33.52374597,-99.7419387
344005,3.00007E+13,33.5335265,-99.7406785
344031,3.00007E+13,33.52374597,-99.7419387
344032,3.00007E+13,33.5335265,-99.7406785
344131,3.00007E+13,33.41801991,-99.57476346
344201,3.00007E+13,33.56862099,-99.27558726
344231,3.00007E+13,33.56862099,-99.27558726
344301,3.00007E+13,33.3986241,-99.39547786
344302,3.00007E+13,33.40135573,-99.39416364
344401,3.00007E+13,33.4226083,-99.36939474
344431,3.00007E+13,33.4226083,-99.36939474
344501,3.00007E+13,33.45492995,-99.29495305
344601,3.00007E+13,33.26371866,-99.09386362
344631,3.00007E+13,33.26371866,-99.09386362
344651,3.00007E+13,33.26397847,-99.09416878
344701,3.00007E+13,33.23776892,-98.92819527
344702,3.00007E+13,33.24111442,-98.92815669
344703,3.00007E+13,33.24240922,-98.92906329
344801,3.00007E+13,33.23329262,-98.91595652
344802,3.00007E+13,33.23356539,-98.91779757
344803,3.00007E+13,33.23204794,-98.92119471
344804,3.00007E+13,33.23076061,-98.92120965
344931,3.00007E+13,33.2235854,-99.36337286
345001,3.00007E+13,33.17115706,-99.19025578
345031,3.00007E+13,33.17115706,-99.19025578
345101,3.00007E+13,33.1697322,-98.91884631
345102,3.00007E+13,33.16949569,-98.92130545
345103,3.00007E+13,33.16900282,-98.92407492
345201,3.00007E+13,33.17733538,-98.74525063
345231,3.00007E+13,33.17688626,-98.73820815
345232,3.00007E+13,33.17733538,-98.74525063
345301,3.00007E+13,33.0239519,-98.60723032
345401,3.00007E+13,33.35611104,-98.74346411
345431,3.00007E+13,33.35611104,-98.74346411
345501,3.00007E+13,33.20774722,-98.65669611
345502,3.00007E+13,33.20904385,-98.6575986
345503,3.00007E+13,33.21337828,-98.65354341
345602,3.00007E+13,33.18456224,-98.64296524
345632,3.00007E+13,33.18456224,-98.64296524
345701,3.00007E+13,33.12776453,-98.64396311
345702,3.00007E+13,33.12649454,-98.64068183
345731,3.00007E+13,33.12776453,-98.64396311
345732,3.00007E+13,33.12649454,-98.64068183
345801,3.00007E+13,33.13265782,-98.61450325
345802,3.00007E+13,33.11319668,-98.59975724
345803,3.00007E+13,33.11319668,-98.59975724
345804,3.00007E+13,33.13105284,-98.6086958
345805,3.00007E+13,33.13265782,-98.61450325
345831,3.00007E+13,33.13105284,-98.6086958
345832,3.00007E+13,33.13265782,-98.61450325
345833,3.00007E+13,33.11319668,-98.59975724
345911,3.00007E+13,33.12489161,-98.61032281
345921,3.00007E+13,33.12309661,-98.61096275
346001,3.00007E+13,33.1232994,-98.60574333
346002,3.00007E+13,33.12435803,-98.60848865
346101,3.00007E+13,33.08116991,-98.58980819
346102,3.00007E+13,33.08528807,-98.58974581
346201,3.00007E+13,33.18641984,-98.40517515
346231,3.00007E+13,33.18641984,-98.40517515
346251,3.00007E+13,33.16085409,-98.37736736
346301,3.00007E+13,33.01071211,-98.41462069
346302,3.00007E+13,33.01658863,-98.41412723
346303,3.00007E+13,33.0189469,-98.41448054
346304,3.00007E+13,33.02072359,-98.41230461
346305,3.00007E+13,33.02199118,-98.41074977
346306,3.00007E+13,33.01946404,-98.40841236
411501,3.00007E+13,32.49418309,-100.5769137
411531,3.00007E+13,32.49418309,-100.5769137
411601,3.00007E+13,32.73812523,-100.3724386
411701,3.00007E+13,32.73993285,-100.3706121
411801,3.00007E+13,32.74456499,-100.3706304
411901,3.00007E+13,32.74508943,-100.3669655
411931,3.00007E+13,32.74508943,-100.3669655
412001,3.00007E+13,32.77122407,-100.3129556
412031,3.00007E+13,32.77122407,-100.3129556
412101,3.00007E+13,32.76454898,-100.305597
412131,3.00007E+13,32.76454898,-100.305597
412201,3.00007E+13,32.749121,-100.2997388
412231,3.00007E+13,32.749121,-100.2997388
412301,3.00007E+13,32.71860705,-100.2449485
412331,3.00007E+13,32.71860705,-100.2449485
412401,3.00007E+13,32.68755018,-100.1944693
412402,3.00007E+13,32.68754927,-100.1950802
412501,3.00007E+13,32.68549703,-100.1904946
412531,3.00007E+13,32.68549703,-100.1904946
412601,3.00007E+13,32.67572797,-100.1831448
412602,3.00007E+13,32.67983459,-100.1910939
412631,3.00007E+13,32.67572797,-100.1831448
412632,3.00007E+13,32.67983459,-100.1910939
412701,3.00007E+13,32.65727272,-100.1171545
412801,3.00007E+13,32.36477264,-100.4336617
412831,3.00007E+13,32.36477264,-100.4336617
412901,3.00007E+13,32.49925221,-100.3879501
412931,3.00007E+13,32.49925221,-100.3879501
413001,3.00007E+13,32.43822851,-100.302096
413031,3.00007E+13,32.43822851,-100.302096
413201,3.00007E+13,32.6400407,-99.89488342
413202,3.00007E+13,32.64390679,-99.90251213
413301,3.00007E+13,32.60415349,-99.79757459
413302,3.00007E+13,32.60416183,-99.80306781
413331,3.00007E+13,32.60415349,-99.79757459
413401,3.00007E+13,32.35668978,-100.1146481
413431,3.00007E+13,32.35668978,-100.1146481
413501,3.00007E+13,32.37391656,-100.0170298
413531,3.00007E+13,32.37391656,-100.0170298
413601,3.00007E+13,32.57472289,-99.7442503
413631,3.00007E+13,32.57472289,-99.7442503
413701,3.00007E+13,32.58729779,-99.72682415
413801,3.00007E+13,32.60807639,-99.69624488
413901,3.00007E+13,32.61115482,-99.69196272
413931,3.00007E+13,32.61115482,-99.69196272
414001,3.00007E+13,32.64304511,-99.68269847
414101,3.00007E+13,32.66208742,-99.68171808
414102,3.00007E+13,32.6636344,-99.6826286
414103,3.00007E+13,32.6636344,-99.6826286
414201,3.00007E+13,32.23419862,-99.88834647
414231,3.00007E+13,32.23419862,-99.88834647
414301,3.00007E+13,32.40958069,-99.7876408
414331,3.00007E+13,32.40958069,-99.7876408
414401,3.00007E+13,32.32963935,-99.85537131
414431,3.00007E+13,32.32963935,-99.85537131
414501,3.00007E+13,32.36564477,-99.85192429
414531,3.00007E+13,32.36564477,-99.85192429
414601,3.00007E+13,32.5042188,-99.74993019
414602,3.00007E+13,32.50086997,-99.74841458
414603,3.00007E+13,32.49959041,-99.75177158
414604,3.00007E+13,32.50216341,-99.75176476
414631,3.00007E+13,32.5042188,-99.74993019
414632,3.00007E+13,32.50086997,-99.74841458
414633,3.00007E+13,32.49959041,-99.75177158
414634,3.00007E+13,32.50216341,-99.75176476
414701,3.00007E+13,32.51678422,-99.72763964
414702,3.00007E+13,32.51780921,-99.7255027
414703,3.00007E+13,32.51780602,-99.72397788
414801,3.00007E+13,32.51625858,-99.72215308
414901,3.00007E+13,32.52345941,-99.71969238
415001,3.00007E+13,32.36129462,-99.72757664
415031,3.00007E+13,32.36129462,-99.72757664
415101,3.00007E+13,32.61598732,-99.6684453
415131,3.00007E+13,32.61598732,-99.6684453
415201,3.00007E+13,32.43413453,-99.70838439
415202,3.00007E+13,32.43413453,-99.70838439
415231,3.00007E+13,32.43413453,-99.70838439
415251,3.00007E+13,32.43413453,-99.70838439
415301,3.00007E+13,32.44315828,-99.71597237
415302,3.00007E+13,32.45140356,-99.72112664
415331,3.00007E+13,32.44315828,-99.71597237
415351,3.00007E+13,32.44315828,-99.71597237
415401,3.00007E+13,32.45140356,-99.72112664
415431,3.00007E+13,32.45140356,-99.72112664
415501,3.00007E+13,32.49461697,-99.71124432
415551,3.00007E+13,32.44290065,-99.71597315
415601,3.00007E+13,32.49693679,-99.71276099
415602,3.00007E+13,32.49770858,-99.71275862
415701,3.00007E+13,32.50002039,-99.71061798
415801,3.00007E+13,32.45799409,-99.67692662
415802,3.00007E+13,32.45131054,-99.68030084
415901,3.00007E+13,32.47217408,-99.68754365
415931,3.00007E+13,32.47217408,-99.68754365
416031,3.00007E+13,32.46911076,-99.69821944
416101,3.00007E+13,32.61598732,-99.6684453
416131,3.00007E+13,32.61598732,-99.6684453
416201,3.00007E+13,32.67931584,-99.67555091
416202,3.00007E+13,32.68059768,-99.67340812
416301,3.00007E+13,32.68471177,-99.67186687
416401,3.00007E+13,32.54568233,-99.65039557
416501,3.00007E+13,32.55548812,-99.66011964
416502,3.00007E+13,32.61598732,-99.6684453
416531,3.00007E+13,32.55548812,-99.66011964
416551,3.00007E+13,32.61598732,-99.6684453
416601,3.00007E+13,32.55959603,-99.656749
416701,3.00007E+13,32.58835443,-99.63223387
416731,3.00007E+13,32.58835443,-99.63223387
416801,3.00007E+13,32.9680538,-98.73092529
416802,3.00007E+13,32.96627778,-98.73370593
416803,3.00007E+13,32.97147223,-98.73853778
416804,3.00007E+13,32.97430604,-98.73880617
416901,3.00007E+13,32.68685722,-99.60954945
417001,3.00007E+13,32.6964061,-99.6183682
417003,3.00007E+13,32.71726627,-99.62317182
417051,3.00007E+13,32.71726627,-99.62317182
417111,3.00007E+13,32.74840915,-99.6236575
417121,3.00007E+13,32.7342747,-99.6310483
417201,3.00007E+13,32.75564232,-99.63310396
417202,3.00007E+13,32.76465945,-99.63643097
417301,3.00007E+13,32.77697738,-99.62354238
417431,3.00007E+13,32.79264276,-99.61185895
417501,3.00007E+13,32.86083151,-99.52803401
417502,3.00007E+13,32.85932989,-99.54028225
417531,3.00007E+13,32.85932989,-99.54028225
417601,3.00007E+13,32.96290229,-99.78086574
417631,3.00007E+13,32.96290229,-99.78086574
417701,3.00007E+13,33.00388737,-99.68361465
417702,3.00007E+13,32.99718788,-99.68087952
417731,3.00007E+13,32.99718788,-99.68087952
417801,3.00007E+13,33.00797007,-99.66950232
417802,3.00007E+13,33.00566728,-99.67472057
417803,3.00007E+13,33.00490735,-99.67962711
417804,3.00007E+13,33.00719201,-99.66705307
417805,3.00007E+13,33.00024798,-99.66922357
417831,3.00007E+13,33.00719201,-99.66705307
417832,3.00007E+13,33.00024798,-99.66922357
417901,3.00007E+13,33.07635159,-99.56231202
417902,3.00007E+13,33.07635159,-99.56231202
417903,3.00007E+13,33.07635159,-99.56231202
417904,3.00007E+13,33.07635159,-99.56231202
417905,3.00007E+13,32.95028673,-99.77905752
417931,3.00007E+13,33.07635159,-99.56231202
417932,3.00007E+13,32.95028673,-99.77905752
417951,3.00007E+13,32.95028673,-99.77905752
418001,3.00007E+13,32.82021083,-100.0849358
418031,3.00007E+13,32.81995317,-100.0849356
418101,3.00007E+13,32.85777919,-99.90228868
418131,3.00007E+13,32.85777919,-99.90228868
418231,3.00007E+13,32.72752726,-99.87675667
418301,3.00007E+13,32.7648295,-99.86050547
418331,3.00007E+13,32.76508683,-99.86019905
418401,3.00007E+13,33.18539597,-99.70142239
418402,3.00007E+13,33.18126544,-99.69621505
418431,3.00007E+13,33.18539597,-99.70142239
418432,3.00007E+13,33.18126544,-99.69621505
418501,3.00007E+13,32.95159315,-99.23351491
418502,3.00007E+13,32.95029525,-99.231687
418601,3.00007E+13,32.93372647,-99.21528588
418602,3.00007E+13,32.93612106,-99.21741831
418631,3.00007E+13,32.93612106,-99.21741831
418701,3.00007E+13,32.90112848,-99.07075161
418801,3.00007E+13,32.92017227,-99.03442805
418911,3.00007E+13,32.92621141,-99.01568559
418921,3.00007E+13,32.92136247,-99.02124822
419001,3.00007E+13,32.92468482,-99.01815162
419101,3.00007E+13,32.92719051,-99.00893712
419102,3.00007E+13,32.93090466,-98.98960355
419103,3.00007E+13,32.93321903,-98.98927321
419104,3.00007E+13,32.93989626,-98.98736241
419201,3.00007E+13,32.93345443,-98.9865139
419331,3.00007E+13,32.9344863,-98.98680929
419401,3.00007E+13,33.0184619,-99.06528886
419431,3.00007E+13,33.0184619,-99.06528886
419501,3.00007E+13,32.94302989,-98.92790786
419601,3.00007E+13,32.92536614,-98.90820604
419701,3.00007E+13,32.90681983,-98.90658538
419831,3.00007E+13,32.90186636,-98.89899025
419901,3.00007E+13,32.90452447,-98.87844534
419902,3.00007E+13,32.90842635,-98.88329746
419903,3.00007E+13,32.90198246,-98.88214994
419931,3.00007E+13,32.90198246,-98.88214994
420001,3.00007E+13,32.31629685,-99.21375563
420131,3.00007E+13,32.38920272,-99.37116799
420201,3.00007E+13,32.37555689,-99.36973696
420231,3.00007E+13,32.37555689,-99.36973696
420301,3.00007E+13,32.376314,-99.36668811
420331,3.00007E+13,32.376314,-99.36668811
420332,3.00007E+13,32.37991153,-99.365446
420401,3.00007E+13,32.38338304,-99.2896128
420501,3.00007E+13,32.38866937,-99.26825954
420502,3.00007E+13,32.39253436,-99.26914254
420503,3.00007E+13,32.39432304,-99.26669257
420601,3.00007E+13,32.79569436,-100.4004963
420631,3.00007E+13,32.79569436,-100.4004963
420701,3.00007E+13,32.53456277,-99.17685263
420702,3.00007E+13,32.53202786,-99.18297395
420731,3.00007E+13,32.53456277,-99.17685263
420732,3.00007E+13,32.53202786,-99.18297395
420801,3.00007E+13,32.65885687,-99.35988863
420831,3.00007E+13,32.65885687,-99.35988863
420901,3.00007E+13,32.72389065,-99.10856157
420931,3.00007E+13,32.72389065,-99.10856157
421001,3.00007E+13,32.81461234,-99.10281158
421031,3.00007E+13,32.81461234,-99.10281158
421101,3.00007E+13,32.43927731,-98.98393718
421102,3.00007E+13,32.43927731,-98.98393718
421131,3.00007E+13,32.43927731,-98.98393718
421201,3.00007E+13,32.45973311,-99.10742693
421231,3.00007E+13,32.45973311,-99.10742693
421301,3.00007E+13,32.83059932,-98.9662161
421331,3.00007E+13,32.83059932,-98.9662161
421401,3.00007E+13,32.64860263,-98.86869096
421431,3.00007E+13,32.64860263,-98.86869096
421501,3.00007E+13,32.70426353,-98.87657047
421531,3.00007E+13,32.70426353,-98.87657047
421601,3.00007E+13,32.77341214,-98.89683558
421602,3.00007E+13,32.77522108,-98.89773114
421701,3.00007E+13,32.76855747,-98.87060068
421731,3.00007E+13,32.76855747,-98.87060068
421801,3.00007E+13,32.87916223,-98.89252347
421802,3.00007E+13,32.88145202,-98.88943594
421901,3.00007E+13,32.88332803,-98.88687173
421902,3.00007E+13,32.89580548,-98.88222397
422001,3.00007E+13,32.89455456,-98.88652431
422101,3.00007E+13,32.89750514,-98.87026391
422102,3.00007E+13,32.89603457,-98.87885391
422201,3.00007E+13,32.92364344,-98.85677923
422301,3.00007E+13,32.93716718,-98.78586297
422431,3.00007E+13,32.96041783,-98.76717828
422501,3.00007E+13,32.96554135,-98.76465947
422502,3.00007E+13,32.96659091,-98.76679125
422503,3.00007E+13,32.96895897,-98.77227431
422504,3.00007E+13,32.96558711,-98.76956096
422601,3.00007E+13,32.96963645,-98.76215537
422602,3.00007E+13,32.96815575,-98.76891494
422603,3.00007E+13,32.96946289,-98.7710421
422701,3.00007E+13,32.97550116,-98.75625461
426601,3.00007E+13,32.59247732,-99.63404852
426602,3.00007E+13,32.58989804,-99.63222781
476701,3.00007E+13,32.65009434,-99.62313682
415831,3.00007E+13,32.45799409,-99.67692662
W12071,3.00007E+13,32.89021804,-98.61841057
W12072,3.00007E+13,32.96383275,-98.39090835
W12081,3.00007E+13,33.32962766,-100.0174326
W12082,3.00007E+13,32.99351818,-98.53259952
W12311,3.00007E+13,33.12260059,-98.61281225
W12312,3.00007E+13,33.20228533,-98.65124673
W12321,3.00007E+13,32.73212461,-100.6031362
W12322,3.00007E+13,33.01601169,-98.66800185
W12331,3.00007E+13,32.69946376,-99.01654558
W12332,3.00007E+13,32.85147985,-99.00392751
W12341,3.00007E+13,32.42796179,-99.01878425
W12342,3.00007E+13,32.44831846,-98.98733913
W12351,3.00007E+13,33.00794121,-99.65816215
W12352,3.00007E+13,33.07635159,-99.56231202
W12361,3.00007E+13,32.5334729,-99.70898951
W12362,3.00007E+13,32.61598732,-99.6684453
W12371,3.00007E+13,32.4032391,-100.2974157
W12372,3.00007E+13,32.43822851,-100.302096
CON011,3.00007E+13,33.38626384,-100.0072878
CON012,3.00007E+13,33.42976347,-99.95772108
CON013,3.00007E+13,33.48273369,-99.86281363
CON014,3.00007E+13,33.49498298,-99.78238053
CON015,3.00007E+13,33.53708587,-99.7187836
CON016,3.00007E+13,33.5711097,-99.41494726
CON017,3.00007E+13,33.457157,-99.2324152
CON018,3.00007E+13,33.22693955,-98.89483215
CON019,3.00007E+13,33.20524602,-98.82690069
CON020,3.00007E+13,33.17525221,-98.75603985
CON021,3.00007E+13,32.78759543,-100.3524551
CON022,3.00007E+13,32.6575382,-100.1079942
CON024,3.00007E+13,32.58242628,-99.7356862
CON025,3.00007E+13,32.66414857,-99.68262686
CON026,3.00007E+13,32.72732378,-99.62692171
CON027,3.00007E+13,33.07683537,-99.54380886
CON028,3.00007E+13,33.11395846,-99.48900829
CON029,3.00007E+13,33.05174944,-99.37261154
CON030,3.00007E+13,32.94644547,-98.93644536
CON031,3.00007E+13,32.75762192,-99.10040636
CON032,3.00007E+13,32.78952759,-99.04923395
CON033,3.00007E+13,32.87579553,-98.89011477
CON035,3.00007E+13,32.90297298,-98.87754582
CON036,3.00007E+13,33.01582004,-98.66743313
CON037,3.00007E+13,33.05716588,-98.58656047
CON038,3.00007E+13,32.9569412,-98.41706738
CON039,3.00007E+13,32.88179261,-98.52945965
CON034,3.00007E+13,33.12488194,-98.60940255
CON161,3.00007E+13,32.89639623,-100.081638
CON162,3.00007E+13,32.87964484,-99.88818609
CON163,3.00007E+13,32.87901014,-99.79024447
CON164,3.00007E+13,32.36750845,-100.1018769
CON165,3.00007E+13,32.41387003,-100.0035575
CON166,3.00007E+13,32.67070324,-99.17595974
CON167,3.00007E+13,32.72367378,-99.14445779
CON239,3.00007E+13,32.82677255,-98.97054069
NCKN10,3.00007E+13,33.38315011,-100.0808353
BRSE11,3.00007E+13,33.58093693,-99.26778048
MSMN12,3.00007E+13,33.32932127,-99.46475605
CFRO13,3.00007E+13,32.78775167,-100.3885371
CFHA14,3.00007E+13,32.59851725,-99.81467513
MUHA15,3.00007E+13,32.56734356,-99.79216314
CFNU16,3.00007E+13,32.69010956,-99.66940423
CAST17,3.00007E+13,32.93119966,-99.64282502
CFFG18,3.00007E+13,32.93455264,-99.22446763
HCAL19,3.00007E+13,32.73301542,-99.14026687
BSBR20,3.00007E+13,32.64866626,-99.00395066
HCBR21,3.00007E+13,32.83688755,-98.94778925
CFEL22,3.00007E+13,32.96067151,-98.76686957
BRSB23,3.00007E+13,33.02382547,-98.64463263
GHGH24,3.00007E+13,33.12488194,-98.60940255
CCIV25,3.00007E+13,32.82744204,-98.72335355
14221,3.00007E+13,32.59570628,-99.68865656
9631,3.00007E+13,33.07464536,-99.58185196
5511,3.00007E+13,33.13026627,-98.60876515
5512,3.00007E+13,33.12778054,-98.61580355
100401,3.00007E+13,32.7718634,-98.89624172
103732,3.00007E+13,32.49911363,-100.3452728
103341,3.00007E+13,32.5613039,-99.62227414
104871,3.00007E+13,33.08970311,-98.59336047
1003,3.00007E+13,32.37368491,-97.68766458
385101,3.00007E+13,32.45099472,-97.67813768
385102,3.00007E+13,32.45198081,-97.67567524
385131,3.00007E+13,32.45099472,-97.67813768
385132,3.00007E+13,32.45198081,-97.67567524
386201,3.00007E+13,32.83501718,-97.98894715
P51641,3.00007E+13,32.76736104,-98.0087497
5164P1,3.00007E+13,32.76736104,-98.0087497
544701,3.00007E+13,32.70782491,-98.1084066
544731,3.00007E+13,32.70782491,-98.1084066
544751,3.00007E+13,32.70629789,-98.10965973
399901,3.00007E+13,32.83260667,-98.33289772
400001,3.00007E+13,32.87033143,-98.28386418
400102,3.00007E+13,32.86097688,-98.23812845
400201,3.00007E+13,33.02737182,-98.06175228
400231,3.00007E+13,33.02737182,-98.06175228
400301,3.00007E+13,32.99593524,-98.05964733
400302,3.00007E+13,32.99700516,-98.06238399
400331,3.00007E+13,32.99463016,-98.05844849
400401,3.00007E+13,32.93667622,-98.22046464
400431,3.00007E+13,32.94786749,-98.21044801
400432,3.00007E+13,32.93667622,-98.22046464
400451,3.00007E+13,32.94786749,-98.21044801
400501,3.00007E+13,32.8000633,-98.22582019
400502,3.00007E+13,32.82249893,-98.20979154
400503,3.00007E+13,32.85859712,-98.21430214
400504,3.00007E+13,32.79985204,-98.22918964
400505,3.00007E+13,32.77892696,-98.28187447
400531,3.00007E+13,32.77892696,-98.28187447
400532,3.00007E+13,32.79985204,-98.22918964
400601,3.00007E+13,32.78519737,-98.13711448
400602,3.00007E+13,32.78722151,-98.13462753
400701,3.00007E+13,32.77965285,-98.14548122
400801,3.00007E+13,32.73744907,-98.22089752
400901,3.00007E+13,32.73737051,-98.2150906
401001,3.00007E+13,32.73737051,-98.2150906
401101,3.00007E+13,32.68012932,-98.11568806
401201,3.00007E+13,32.65699192,-98.11768165
401202,3.00007E+13,32.66205106,-98.11147156
401301,3.00007E+13,32.65635529,-98.10914345
401302,3.00007E+13,32.63681804,-98.09305131
401303,3.00007E+13,32.65520376,-98.08290383
401304,3.00007E+13,32.67757499,-98.06381137
401305,3.00007E+13,32.65977766,-98.09345956
401307,3.00007E+13,32.65972387,-98.09288853
401308,3.00007E+13,32.65922746,-98.09412027
401309,3.00007E+13,32.6585126,-98.08039277
401300,3.00007E+13,32.67142857,-98.08348711
40130A,3.00007E+13,32.68389428,-98.07345601
401331,3.00007E+13,32.65977766,-98.09345956
401333,3.00007E+13,32.65972387,-98.09288853
401334,3.00007E+13,32.65922746,-98.09412027
401335,3.00007E+13,32.6585126,-98.08039277
401336,3.00007E+13,32.67142857,-98.08348711
401337,3.00007E+13,32.68389428,-98.07345601
401401,3.00007E+13,32.49651303,-98.65195882
401402,3.00007E+13,32.49651303,-98.65195882
401403,3.00007E+13,32.49651303,-98.65195882
401404,3.00007E+13,32.49651303,-98.65195882
401405,3.00007E+13,32.49651303,-98.65195882
401431,3.00007E+13,32.49651303,-98.65195882
401501,3.00007E+13,32.50524318,-98.65000322
401601,3.00007E+13,32.46114257,-98.64119215
401631,3.00007E+13,32.46114257,-98.64119215
401701,3.00007E+13,32.45818553,-98.62904597
401731,3.00007E+13,32.45818553,-98.62904597
401801,3.00007E+13,32.45818553,-98.62904597
401831,3.00007E+13,32.45818553,-98.62904597
401901,3.00007E+13,32.53313594,-98.56207722
401931,3.00007E+13,32.53313594,-98.56207722
402001,3.00007E+13,32.55184124,-98.53128644
402002,3.00007E+13,32.55316226,-98.53431677
402003,3.00007E+13,32.55090701,-98.53984199
402101,3.00007E+13,32.54958082,-98.49075546
402201,3.00007E+13,32.55319023,-98.46903966
402301,3.00007E+13,32.41180856,-98.52921688
402331,3.00007E+13,32.41180856,-98.52921688
402401,3.00007E+13,32.58010597,-98.39506511
402402,3.00007E+13,32.54058154,-98.3832372
402431,3.00007E+13,32.58010597,-98.39506511
402432,3.00007E+13,32.54058154,-98.3832372
402502,3.00007E+13,32.50659811,-98.40115818
402531,3.00007E+13,32.50659811,-98.40115818
402601,3.00007E+13,32.50659811,-98.40115818
402631,3.00007E+13,32.50659811,-98.40115818
402701,3.00007E+13,32.56069518,-98.41087229
402731,3.00007E+13,32.56069518,-98.41087229
402801,3.00007E+13,32.51532008,-98.33885139
402802,3.00007E+13,32.51046463,-98.34168202
402803,3.00007E+13,32.50938525,-98.33773705
402831,3.00007E+13,32.50938525,-98.33773705
402901,3.00007E+13,32.59613523,-98.29835385
402931,3.00007E+13,32.59613523,-98.29835385
403031,3.00007E+13,32.61420621,-98.28276207
403101,3.00007E+13,32.64417764,-98.27183059
403102,3.00007E+13,32.65355091,-98.12904912
403131,3.00007E+13,32.64417764,-98.27183059
403132,3.00007E+13,32.65355091,-98.12904912
403151,3.00007E+13,32.6441616,-98.2706095
403152,3.00007E+13,32.78799325,-98.13461211
403201,3.00007E+13,32.6235668,-98.23161015
403301,3.00007E+13,32.62469762,-98.20106157
403331,3.00007E+13,32.62802539,-98.19977638
403333,3.00007E+13,32.63402373,-98.20725839
403332,3.00007E+13,32.63402373,-98.20725839
403401,3.00007E+13,32.51271349,-98.25687735
403501,3.00007E+13,32.52532277,-98.25664261
403601,3.00007E+13,32.57343435,-98.26930218
403631,3.00007E+13,32.57343435,-98.26930218
403701,3.00007E+13,32.61738363,-98.19326608
403801,3.00007E+13,32.63135441,-98.16124408
403802,3.00007E+13,32.62832184,-98.16527292
403803,3.00007E+13,32.62811525,-98.16894056
403901,3.00007E+13,32.81704676,-98.04348181
403931,3.00007E+13,32.81704676,-98.04348181
404001,3.00007E+13,32.88526097,-97.94194342
404002,3.00007E+13,32.88134814,-97.95519334
404031,3.00007E+13,32.88526097,-97.94194342
404032,3.00007E+13,32.88134814,-97.95519334
404101,3.00005E+13,29.0771306,-98.93510691
404131,3.00007E+13,32.87117425,-97.94653897
404201,3.00007E+13,32.85761218,-97.95173441
404231,3.00007E+13,32.85761218,-97.95173441
404301,3.00007E+13,32.58377099,-98.05629273
404331,3.00007E+13,32.58377099,-98.05629273
404401,3.00007E+13,32.62398207,-97.9580717
404402,3.00007E+13,32.62055018,-97.96913683
404501,3.00007E+13,32.61889378,-97.89651818
404502,3.00007E+13,32.61870929,-97.90110121
404601,3.00007E+13,32.61906833,-97.89132412
404701,3.00007E+13,32.61726858,-97.87549161
404702,3.00007E+13,32.61864895,-97.88126028
404703,3.00007E+13,32.6190096,-97.88766338
404801,3.00007E+13,32.50099764,-98.06349929
404802,3.00007E+13,32.50099764,-98.06349929
404831,3.00007E+13,32.50099764,-98.06349929
404901,3.00007E+13,32.52015689,-97.98534158
404902,3.00007E+13,32.52077502,-97.98575691
404931,3.00007E+13,32.52015689,-97.98534158
404932,3.00007E+13,32.52077502,-97.98575691
405001,3.00007E+13,32.53100565,-97.98785338
405002,3.00007E+13,32.52895644,-97.98850672
405031,3.00007E+13,32.53100565,-97.98785338
405032,3.00007E+13,32.52895644,-97.98850672
400101,3.00007E+13,32.86121294,-98.23659336
405201,3.00007E+13,32.58907061,-97.83523753
405331,3.00007E+13,32.62313462,-97.80739889
405332,3.00007E+13,32.61730824,-97.8150474
405401,3.00007E+13,32.54251887,-97.82197767
405501,3.00007E+13,32.52799824,-97.81560637
405601,3.00007E+13,32.46364563,-97.95943306
405631,3.00007E+13,32.46364563,-97.95943306
405831,3.00007E+13,32.48081254,-97.82615631
405832,3.00007E+13,32.48162954,-97.82888122
405833,3.00007E+13,32.48774945,-97.82538493
405834,3.00007E+13,32.48728973,-97.82875002
406631,3.00007E+13,32.40906445,-97.76872899
406901,3.00007E+13,32.45852011,-97.68160843
406931,3.00007E+13,32.45852011,-97.68160843
409753,3.00007E+13,32.37346486,-97.68980114
411401,3.00007E+13,32.53093715,-97.81720939
515501,3.00007E+13,32.87107643,-98.42617527
515531,3.00007E+13,32.87107643,-98.42617527
515551,3.00007E+13,32.87054767,-98.42495987
405101,3.00007E+13,32.57003803,-97.86771489
W12051,3.00007E+13,32.37344879,-97.68888838
W12052,3.00007E+13,32.57598897,-97.82241923
W12061,3.00007E+13,32.87109833,-98.42801207
W12301,3.00007E+13,32.61141631,-98.32585086
W12302,3.00007E+13,32.64390912,-98.27091985
CON040,3.00007E+13,32.86816378,-98.2174856
CON042,3.00007E+13,32.77027254,-98.15575804
CON044,3.00007E+13,32.64313071,-98.10238812
CON045,3.00007E+13,32.70321198,-98.03944804
CON046,3.00007E+13,32.62597609,-98.00412689
CON047,3.00007E+13,32.58356892,-97.89273511
CON048,3.00007E+13,32.59215335,-97.83486067
CON049,3.00007E+13,32.50255108,-97.83327335
CON050,3.00007E+13,32.41550982,-97.6802352
CON189,3.00007E+13,32.64467851,-98.10266107
CON190,3.00007E+13,32.80005919,-98.22551541
CON191,3.00007E+13,32.51443192,-97.83574327
CON192,3.00007E+13,32.49377712,-97.81640451
CON193,3.00007E+13,32.47760118,-97.80336924
CON194,3.00007E+13,32.41568634,-97.76461088
SHGR26,3.00007E+13,32.87106914,-98.4255639
BRPP27,3.00007E+13,32.86284894,-98.30236414
PPSA28,3.00007E+13,32.63085733,-98.18109917
BRDE29,3.00007E+13,32.6157522,-97.92558922
19031,3.00007E+13,32.65210879,-98.30771719
21703,3.00007E+13,32.57814835,-97.82847203
21701,3.00007E+13,32.58881302,-97.83524349
21702,3.00007E+13,32.59189576,-97.83486663
105851,3.00007E+13,32.81169675,-98.0472648
39571,3.00007E+13,32.64618202,-98.04705669
14811,3.00007E+13,32.40680286,-97.71212795
19032,3.00007E+13,32.65286481,-98.30648202
19033,3.00007E+13,32.65285303,-98.30556645
27891,3.00007E+13,32.85854352,-98.41139161
101782,3.00007E+13,32.41666076,-97.77646787
105852,3.00007E+13,32.78593452,-98.13465324
1004,3.00002E+13,31.97215313,-98.47666502
380801,3.00002E+13,32.08926902,-98.85751011
380802,3.00002E+13,32.08926902,-98.85751011
380803,3.00002E+13,32.08453919,-98.84633738
380831,3.00002E+13,32.08926902,-98.85751011
380851,3.00002E+13,32.08926637,-98.85720629
384401,3.00002E+13,32.07333284,-98.80216956
384402,3.00002E+13,32.08024658,-98.82666377
384403,3.00002E+13,32.08024658,-98.82666377
384404,3.00002E+13,32.08024658,-98.82666377
384431,3.00002E+13,32.08024658,-98.82666377
388031,3.00002E+13,32.10685826,-98.70156167
390201,3.00002E+13,31.93780416,-98.75692194
390231,3.00002E+13,31.93780416,-98.75692194
393401,3.00002E+13,32.16504746,-98.55677242
393431,3.00002E+13,32.16504746,-98.55677242
426301,3.00002E+13,32.15905121,-98.69658877
426331,3.00002E+13,32.15905121,-98.69658877
426401,3.00002E+13,32.00881099,-98.67622748
426431,3.00002E+13,32.00881099,-98.67622748
507301,3.00002E+13,32.0567578,-98.58543752
507331,3.00002E+13,32.0567578,-98.58543752
P51611,3.00002E+13,32.04624411,-98.63747419
5161P1,3.00002E+13,32.04624411,-98.63747419
518701,3.00002E+13,31.99906683,-98.84253291
518731,3.00002E+13,31.99906683,-98.84253291
525501,3.00002E+13,32.05601218,-98.7125803
525531,3.00002E+13,32.05601218,-98.7125803
526001,3.00002E+13,32.14774597,-98.653948
526002,3.00002E+13,32.15613212,-98.63740038
526031,3.00002E+13,32.14774597,-98.653948
526032,3.00002E+13,32.15613212,-98.63740038
P52741,3.00002E+13,32.31767166,-98.6052368
5274P1,3.00002E+13,32.31767166,-98.6052368
541601,3.00002E+13,32.01150862,-98.67684484
541631,3.00002E+13,32.01150862,-98.67684484
360931,3.00002E+13,31.96149089,-98.65415896
346501,3.00002E+13,32.41639796,-98.83220287
346531,3.00002E+13,32.41639796,-98.83220287
346631,3.00002E+13,32.42460454,-98.82905385
346701,3.00002E+13,32.35442505,-99.02777133
346731,3.00002E+13,32.35442505,-99.02777133
346801,3.00002E+13,32.37155582,-98.76913431
346831,3.00002E+13,32.37155582,-98.76913431
346901,3.00002E+13,32.33029186,-98.70668557
346931,3.00002E+13,32.33029186,-98.70668557
347001,3.00002E+13,32.36161823,-98.67368331
347031,3.00002E+13,32.36240224,-98.67488988
347051,3.00002E+13,32.36239917,-98.67458517
347101,3.00002E+13,32.53725029,-98.7370685
347102,3.00002E+13,32.52567366,-98.73752992
347131,3.00002E+13,32.53725029,-98.7370685
347132,3.00002E+13,32.52567366,-98.73752992
347201,3.00002E+13,32.43197245,-98.68304481
347231,3.00002E+13,32.43197245,-98.68304481
347301,3.00002E+13,32.33569257,-98.63022789
347331,3.00002E+13,32.33569257,-98.63022789
347901,3.00002E+13,32.25765768,-98.72684228
347931,3.00002E+13,32.25765768,-98.72684228
348001,3.00002E+13,32.2690761,-98.71026616
348031,3.00002E+13,32.2690761,-98.71026616
348101,3.00002E+13,32.26721512,-98.70420964
348131,3.00002E+13,32.26721512,-98.70420964
348201,3.00002E+13,32.27422954,-98.68495312
348231,3.00002E+13,32.27422954,-98.68495312
348232,3.00002E+13,32.27500124,-98.68494231
348251,3.00002E+13,32.27422954,-98.68495312
348301,3.00002E+13,32.28226278,-98.66251806
348302,3.00002E+13,32.28226278,-98.66251806
348331,3.00002E+13,32.28226278,-98.66251806
348401,3.00002E+13,32.28361748,-98.64649958
348431,3.00002E+13,32.28361748,-98.64649958
348501,3.00002E+13,32.34647185,-98.60298307
348531,3.00002E+13,32.34647185,-98.60298307
348601,3.00002E+13,32.33596752,-98.60739945
348602,3.00002E+13,32.33912202,-98.61374411
348603,3.00002E+13,32.33960504,-98.61069289
348631,3.00002E+13,32.33596752,-98.60739945
348632,3.00002E+13,32.33912202,-98.61374411
348633,3.00002E+13,32.33960504,-98.61069289
348701,3.00002E+13,32.2359528,-98.66633847
348731,3.00002E+13,32.2359528,-98.66633847
348801,3.00002E+13,32.23616666,-98.63715089
348831,3.00002E+13,32.23616666,-98.63715089
348901,3.00002E+13,32.25245733,-98.61988847
348931,3.00002E+13,32.25245733,-98.61988847
349001,3.00002E+13,32.24857738,-98.57008299
349031,3.00002E+13,32.24857738,-98.57008299
349201,3.00002E+13,32.22327527,-98.58627309
349231,3.00002E+13,32.22327527,-98.58627309
349301,3.00002E+13,32.22806347,-98.55337227
349331,3.00002E+13,32.22806347,-98.55337227
349401,3.00002E+13,32.22039349,-98.55804943
349431,3.00002E+13,32.22039349,-98.55804943
349501,3.00002E+13,32.21934413,-98.55624247
349531,3.00002E+13,32.21934413,-98.55624247
349601,3.00002E+13,32.20040302,-98.56564967
349631,3.00002E+13,32.20040302,-98.56564967
349701,3.00002E+13,32.18795261,-98.5567248
349801,3.00002E+13,32.18795261,-98.5567248
349831,3.00002E+13,32.18795261,-98.5567248
349901,3.00002E+13,32.17083909,-98.56853125
349931,3.00002E+13,32.17083909,-98.56853125
350001,3.00002E+13,32.18676183,-98.54215832
350101,3.00002E+13,32.1948489,-98.5289665
350131,3.00002E+13,32.1948489,-98.5289665
350201,3.00002E+13,32.16057987,-98.54833561
350231,3.00002E+13,32.16057987,-98.54833561
350301,3.00002E+13,32.16312216,-98.54556205
350302,3.00002E+13,32.16184877,-98.54679683
350331,3.00002E+13,32.16312216,-98.54556205
350332,3.00002E+13,32.16184877,-98.54679683
350401,3.00002E+13,32.14784928,-98.53759814
350431,3.00002E+13,32.14784928,-98.53759814
350501,3.00002E+13,32.15883892,-98.53074511
350531,3.00002E+13,32.15883892,-98.53074511
350601,3.00002E+13,32.22015184,-98.51337299
350631,3.00002E+13,32.22015184,-98.51337299
350801,3.00002E+13,32.20079631,-98.50507203
350831,3.00002E+13,32.20079631,-98.50507203
351101,3.00002E+13,32.14365746,-98.50820438
351201,3.00002E+13,32.13735057,-98.50245816
351401,3.00002E+13,32.29120473,-98.42265775
351431,3.00002E+13,32.29120473,-98.42265775
351501,3.00002E+13,32.28767898,-98.4551193
351531,3.00002E+13,32.28767898,-98.4551193
351631,3.00002E+13,32.28767898,-98.4551193
351701,3.00002E+13,32.24702974,-98.41322255
351731,3.00002E+13,32.24702974,-98.41322255
351801,3.00002E+13,32.23614181,-98.40671886
351831,3.00002E+13,32.23614181,-98.40671886
351901,3.00002E+13,32.13767793,-98.37689705
351931,3.00002E+13,32.13767793,-98.37689705
352001,3.00002E+13,32.23336293,-98.85514866
352031,3.00002E+13,32.23336293,-98.85514866
352101,3.00002E+13,32.24076515,-98.81918668
352131,3.00002E+13,32.24076515,-98.81918668
352201,3.00002E+13,32.24737819,-98.81059049
352202,3.00002E+13,32.24841026,-98.81088046
352231,3.00002E+13,32.24737819,-98.81059049
352232,3.00002E+13,32.24841026,-98.81088046
352301,3.00002E+13,32.22657784,-98.73303869
352331,3.00002E+13,32.22657784,-98.73303869
352401,3.00002E+13,32.2226888,-98.73005221
352402,3.00002E+13,32.22398048,-98.73064201
352431,3.00002E+13,32.2226888,-98.73005221
352432,3.00002E+13,32.22398048,-98.73064201
352501,3.00002E+13,32.21581378,-98.71130169
352531,3.00002E+13,32.21581378,-98.71130169
352601,3.00002E+13,32.18522351,-98.66341236
352631,3.00002E+13,32.18522351,-98.66341236
352801,3.00002E+13,32.15000005,-98.66664573
352802,3.00002E+13,32.14840288,-98.66150611
352831,3.00002E+13,32.15000005,-98.66664573
353001,3.00002E+13,32.15793652,-98.66258537
353002,3.00002E+13,32.15843818,-98.66136321
353031,3.00002E+13,32.15793652,-98.66258537
353032,3.00002E+13,32.15843818,-98.66136321
353101,3.00002E+13,32.13756482,-98.65862289
353102,3.00002E+13,32.14446236,-98.65366512
353103,3.00002E+13,32.13820207,-98.6455555
353104,3.00002E+13,32.13690575,-98.64466346
353131,3.00002E+13,32.13756482,-98.65862289
353132,3.00002E+13,32.14446236,-98.65366512
353133,3.00002E+13,32.13820207,-98.6455555
353134,3.00002E+13,32.13690575,-98.64466346
353201,3.00002E+13,32.14612211,-98.63997519
353301,3.00002E+13,32.13411003,-98.64804386
353331,3.00002E+13,32.13411003,-98.64804386
353401,3.00002E+13,32.13492128,-98.62707936
353501,3.00002E+13,32.11362541,-98.65805386
353531,3.00002E+13,32.11362541,-98.65805386
353601,3.00002E+13,32.1297844,-98.62806502
353602,3.00002E+13,32.12955018,-98.63019374
353631,3.00002E+13,32.1297844,-98.62806502
353632,3.00002E+13,32.12955018,-98.63019374
353701,3.00002E+13,32.1682349,-98.61353021
353731,3.00002E+13,32.1682349,-98.61353021
353751,3.00002E+13,32.1682349,-98.61353021
353801,3.00002E+13,32.15204,-98.61528808
353831,3.00002E+13,32.15204,-98.61528808
353901,3.00002E+13,32.13290861,-98.60706699
353931,3.00002E+13,32.13290861,-98.60706699
354001,3.00002E+13,32.11049617,-98.60497015
354002,3.00002E+13,32.11130129,-98.60799358
354003,3.00002E+13,32.11758202,-98.61792052
354031,3.00002E+13,32.11130129,-98.60799358
354032,3.00002E+13,32.11758202,-98.61792052
354101,3.00002E+13,32.13013104,-98.5879776
354131,3.00002E+13,32.13013104,-98.5879776
354231,3.00002E+13,32.12283458,-98.60357254
354301,3.00002E+13,32.12078897,-98.60481745
354401,3.00002E+13,32.1130764,-98.60553843
354501,3.00002E+13,32.09677886,-98.60770861
354531,3.00002E+13,32.09677886,-98.60770861
354601,3.00002E+13,32.11596563,-98.58697583
354602,3.00002E+13,32.11927385,-98.58358652
354631,3.00002E+13,32.11927385,-98.58358652
354701,3.00002E+13,32.09638971,-98.58544925
354731,3.00002E+13,32.09638971,-98.58544925
354801,3.00002E+13,32.08936674,-98.57857392
354831,3.00002E+13,32.08936674,-98.57857392
354901,3.00002E+13,32.09402224,-98.65378068
354931,3.00002E+13,32.09402224,-98.65378068
355001,3.00002E+13,32.0740777,-98.61673807
355031,3.00002E+13,32.0740777,-98.61673807
355101,3.00002E+13,32.05987724,-98.6123956
355131,3.00002E+13,32.05987724,-98.6123956
355201,3.00002E+13,32.05361412,-98.58032766
355231,3.00002E+13,32.05361412,-98.58032766
355301,3.00002E+13,32.06146836,-98.5689814
355331,3.00002E+13,32.06146836,-98.5689814
355401,3.00002E+13,32.05818886,-98.56626454
355431,3.00002E+13,32.05818886,-98.56626454
355501,3.00002E+13,32.04005479,-98.5641493
355531,3.00002E+13,32.04005479,-98.5641493
355601,3.00002E+13,32.03871455,-98.55931581
355701,3.00002E+13,32.03871455,-98.55931581
355731,3.00002E+13,32.03871455,-98.55931581
355801,3.00002E+13,32.00803905,-98.45291001
356031,3.00002E+13,32.03132827,-98.82423954
356101,3.00002E+13,32.07640552,-98.77269337
356131,3.00002E+13,32.07640552,-98.77269337
356201,3.00002E+13,32.08174966,-98.76624976
356231,3.00002E+13,32.08174966,-98.76624976
356301,3.00002E+13,32.06359021,-98.76727501
356331,3.00002E+13,32.06359021,-98.76727501
356501,3.00002E+13,32.06863116,-98.74590776
356531,3.00002E+13,32.06863116,-98.74590776
356731,3.00002E+13,32.07533982,-98.74175271
356801,3.00002E+13,31.98411429,-98.78299119
356802,3.00002E+13,31.98362839,-98.78602866
356831,3.00002E+13,31.98411429,-98.78299119
356832,3.00002E+13,31.98362839,-98.78602866
356901,3.00002E+13,32.00116384,-98.76245385
356931,3.00002E+13,32.00116384,-98.76245385
357201,3.00002E+13,32.04463972,-98.73397214
357231,3.00002E+13,32.04463972,-98.73397214
357301,3.00002E+13,32.07516344,-98.7235461
357331,3.00002E+13,32.07516344,-98.7235461
357401,3.00002E+13,32.09916924,-98.70470409
357431,3.00002E+13,32.09916924,-98.70470409
357501,3.00002E+13,32.07961877,-98.70557962
357502,3.00002E+13,32.08775513,-98.70370075
357503,3.00002E+13,32.08374493,-98.70643437
357504,3.00002E+13,32.08165932,-98.70373117
357531,3.00002E+13,32.08775513,-98.70370075
357532,3.00002E+13,32.08374493,-98.70643437
357533,3.00002E+13,32.08165932,-98.70373117
357801,3.00002E+13,32.0721346,-98.67776428
357802,3.00002E+13,32.06429541,-98.66604024
357803,3.00002E+13,32.07443849,-98.67651797
357831,3.00002E+13,32.07443849,-98.67651797
357851,3.00002E+13,32.07443849,-98.67651797
357852,3.00002E+13,32.07443849,-98.67651797
357901,3.00002E+13,32.06998062,-98.66838737
358001,3.00002E+13,32.04364984,-98.68574806
358002,3.00002E+13,32.04029831,-98.68518879
358031,3.00002E+13,32.04364984,-98.68574806
358032,3.00002E+13,32.04029831,-98.68518879
358101,3.00002E+13,32.04639499,-98.65203486
358131,3.00002E+13,32.04639499,-98.65203486
358401,3.00002E+13,32.01739156,-98.68490147
358501,3.00002E+13,32.01805605,-98.67427701
358502,3.00002E+13,32.01625509,-98.67430237
358503,3.00002E+13,32.02410506,-98.66175668
358531,3.00002E+13,32.01805605,-98.67427701
358532,3.00002E+13,32.01625509,-98.67430237
358601,3.00002E+13,32.02513433,-98.66174204
358631,3.00002E+13,32.02539193,-98.66173838
358701,3.00002E+13,32.02513433,-98.66174204
358731,3.00002E+13,32.02539193,-98.66173838
358801,3.00002E+13,32.02513433,-98.66174204
358831,3.00002E+13,32.02539193,-98.66173838
358901,3.00002E+13,32.02513433,-98.66174204
358931,3.00002E+13,32.02539193,-98.66173838
359001,3.00002E+13,32.02513433,-98.66174204
359031,3.00002E+13,32.02539193,-98.66173838
359201,3.00002E+13,32.01153161,-98.64040284
359231,3.00002E+13,32.01153161,-98.64040284
359301,3.00002E+13,32.02048691,-98.59817398
359331,3.00002E+13,32.02048691,-98.59817398
359501,3.00002E+13,32.01845112,-98.58904687
359601,3.00002E+13,31.9331199,-98.72486508
359631,3.00002E+13,31.9331199,-98.72486508
359701,3.00002E+13,31.93076523,-98.77459044
359801,3.00002E+13,31.93076523,-98.77459044
359831,3.00002E+13,31.93076523,-98.77459044
359901,3.00002E+13,31.93076523,-98.77459044
359931,3.00002E+13,31.93076523,-98.77459044
360031,3.00002E+13,31.93076523,-98.77459044
360131,3.00002E+13,31.93076523,-98.77459044
360231,3.00002E+13,31.9363298,-98.76421423
360331,3.00002E+13,31.94467053,-98.74834693
360431,3.00002E+13,31.94467053,-98.74834693
360531,3.00002E+13,31.94333127,-98.74290902
360601,3.00002E+13,31.95145126,-98.73098072
360701,3.00002E+13,31.95708051,-98.70150489
360731,3.00002E+13,31.95708051,-98.70150489
360801,3.00002E+13,31.95384427,-98.68669893
360831,3.00002E+13,31.95384427,-98.68669893
360901,3.00002E+13,31.96149089,-98.65415896
361001,3.00002E+13,31.96195605,-98.64930238
361031,3.00002E+13,31.96195605,-98.64930238
361101,3.00002E+13,31.96878063,-98.63738227
361102,3.00002E+13,31.97396801,-98.64124862
361201,3.00002E+13,31.98853624,-98.63163933
361202,3.00002E+13,31.98797767,-98.62740323
361231,3.00002E+13,31.98797767,-98.62740323
361301,3.00002E+13,31.9829072,-98.65961312
361331,3.00002E+13,31.9829072,-98.65961312
361401,3.00002E+13,31.98362904,-98.6547518
361431,3.00002E+13,31.98362904,-98.6547518
361501,3.00002E+13,31.99502016,-98.63639674
361531,3.00002E+13,31.99502016,-98.63639674
361601,3.00002E+13,31.99502016,-98.63639674
361631,3.00002E+13,31.99502016,-98.63639674
361701,3.00002E+13,31.99359006,-98.59851549
361731,3.00002E+13,31.99359006,-98.59851549
361801,3.00002E+13,32.00415546,-98.59987483
361802,3.00002E+13,32.00130575,-98.59809705
361831,3.00002E+13,32.00130575,-98.59809705
361851,3.00002E+13,32.00130575,-98.59809705
361901,3.00002E+13,32.01533055,-98.58606004
361902,3.00002E+13,32.01943778,-98.58508875
361931,3.00002E+13,32.01943778,-98.58508875
361951,3.00002E+13,32.01943778,-98.58508875
362001,3.00002E+13,31.99914956,-98.56538026
362011,3.00002E+13,32.0013923,-98.55867391
362021,3.00002E+13,32.0102305,-98.56672813
362031,3.00002E+13,31.99914956,-98.56538026
362201,3.00002E+13,32.00068203,-98.54109701
362231,3.00002E+13,32.00068203,-98.54109701
362301,3.00002E+13,31.97331378,-98.57971852
362302,3.00002E+13,31.957324,-98.60020133
362331,3.00002E+13,31.957324,-98.60020133
362401,3.00002E+13,31.97331378,-98.57971852
362402,3.00002E+13,31.957324,-98.60020133
348202,3.00002E+13,32.27500124,-98.68494231
W12211,3.00002E+13,31.97230247,-98.47593326
W12221,3.00002E+13,31.99877842,-98.55507634
W12222,3.00002E+13,31.99949234,-98.45984795
W12231,3.00002E+13,32.05052909,-98.48874636
W12232,3.00002E+13,32.36513389,-98.66510975
W12241,3.00002E+13,32.37210853,-98.74599072
W12242,3.00002E+13,32.36266599,-98.67549431
CON051,3.00002E+13,32.17118343,-98.52994519
CON052,3.00002E+13,32.15898369,-98.52071975
CON053,3.00002E+13,32.1579441,-98.51982384
CON054,3.00002E+13,32.08433737,-98.49700564
CON055,3.00002E+13,32.10159503,-98.59083461
CON056,3.00002E+13,32.08387677,-98.59443837
CON057,3.00002E+13,32.07302312,-98.59035246
CON058,3.00002E+13,32.05669864,-98.57997737
CON059,3.00002E+13,31.97421517,-98.47693517
CON060,3.00002E+13,32.01777869,-98.50534637
CON061,3.00002E+13,31.97945028,-98.52960221
CON168,3.00002E+13,32.18133075,-98.53981192
CON169,3.00002E+13,32.18603293,-98.54611997
CON170,3.00002E+13,32.18707868,-98.54864154
CON171,3.00002E+13,32.20090157,-98.56412225
CON172,3.00002E+13,32.20530182,-98.56648627
CON174,3.00002E+13,32.23119287,-98.58068273
CON173,3.00002E+13,32.22655062,-98.57984128
CON175,3.00002E+13,32.25148257,-98.60074756
CON176,3.00002E+13,32.29088105,-98.62723163
CON177,3.00002E+13,32.29244353,-98.62903324
CON178,3.00002E+13,32.29300321,-98.6332844
CON179,3.00002E+13,32.30136281,-98.64533135
CON180,3.00002E+13,32.30419426,-98.64529048
CON181,3.00002E+13,32.36490411,-98.66785315
CON182,3.00002E+13,32.3714526,-98.75817713
CON246,3.00002E+13,31.98498639,-98.4737296
LEDL43,3.00002E+13,32.17302185,-98.53325796
SADL44,3.00002E+13,32.11384808,-98.60552699
106371,3.00002E+13,32.38788079,-98.80911178
1005,3.00007E+13,31.58891161,-97.15514647
393901,3.00007E+13,32.18360579,-97.95814635
393931,3.00007E+13,32.18360579,-97.95814635
P41411,3.00007E+13,31.78195274,-97.3245353
425801,3.00007E+13,32.38827984,-97.40803922
425831,3.00007E+13,32.38827984,-97.40803922
502831,3.00007E+13,32.22155562,-97.61541087
529501,3.00007E+13,32.24554481,-98.08974623
529502,3.00007E+13,32.24630692,-98.07148704
5295P1,3.00007E+13,32.24554481,-98.08974623
529532,3.00007E+13,32.24630692,-98.07148704
534631,3.00007E+13,31.96081039,-97.55925893
546001,3.00007E+13,32.25668004,-97.72338924
546031,3.00007E+13,32.25668004,-97.72338924
562831,3.00007E+13,32.32251346,-98.00419229
562832,3.00007E+13,32.30033568,-98.01835372
405701,3.00007E+13,32.37367954,-97.68735989
405901,3.00007E+13,32.37367954,-97.68735989
406001,3.00007E+13,32.42866727,-97.78864189
406101,3.00007E+13,32.37367954,-97.68735989
406201,3.00007E+13,32.37367954,-97.68735989
406301,3.00007E+13,32.37367954,-97.68735989
406401,3.00007E+13,32.37367954,-97.68735989
406501,3.00007E+13,32.37367954,-97.68735989
406701,3.00007E+13,32.37367954,-97.68735989
406801,3.00007E+13,32.37367954,-97.68735989
407001,3.00007E+13,32.37367954,-97.68735989
407101,3.00007E+13,32.37367954,-97.68735989
407201,3.00007E+13,32.36451218,-97.62090929
407202,3.00007E+13,32.37980246,-97.64092373
407203,3.00007E+13,32.37762785,-97.66320667
407301,3.00007E+13,32.37588553,-97.66659929
407401,3.00007E+13,32.3766312,-97.66505921
407531,3.00007E+13,32.43399104,-97.57842058
407601,3.00007E+13,32.33427614,-97.70080929
407701,3.00007E+13,32.32144507,-97.68834272
407702,3.00007E+13,32.32717354,-97.6953261
407801,3.00007E+13,32.31961213,-97.68656263
407901,3.00007E+13,32.31934919,-97.68626446
407931,3.00007E+13,32.32566612,-97.68074335
408001,3.00007E+13,32.31407975,-97.67939578
408002,3.00007E+13,32.30956107,-97.67129209
408003,3.00007E+13,32.29749571,-97.67311305
408101,3.00007E+13,32.29690607,-97.68347139
408102,3.00007E+13,32.29748027,-97.68680361
408201,3.00007E+13,32.30385331,-97.69790477
408202,3.00007E+13,32.31196766,-97.70561668
408203,3.00007E+13,32.31378438,-97.70648482
408301,3.00007E+13,32.32468576,-97.7116957
408401,3.00007E+13,32.39484113,-98.1265977
408402,3.00007E+13,32.39666994,-98.13765424
408403,3.00007E+13,32.39071106,-98.12576697
408431,3.00007E+13,32.39666994,-98.13765424
408432,3.00007E+13,32.39071106,-98.12576697
408501,3.00007E+13,32.38119886,-98.12656675
408531,3.00007E+13,32.38119886,-98.12656675
408601,3.00007E+13,32.32534251,-98.07290636
408701,3.00007E+13,32.38533708,-98.00559606
408702,3.00007E+13,32.39857693,-97.99617696
408703,3.00007E+13,32.40420576,-97.99392494
408704,3.00007E+13,32.40905245,-97.99107954
408705,3.00007E+13,32.3985211,-97.99252344
408731,3.00007E+13,32.40905245,-97.99107954
408732,3.00007E+13,32.3985211,-97.99252344
408751,3.00007E+13,32.40905245,-97.99107954
408752,3.00007E+13,32.3985211,-97.99252344
408801,3.00007E+13,32.33674619,-97.99232453
408901,3.00007E+13,32.28991564,-98.01005728
408902,3.00007E+13,32.29150502,-98.01306503
409001,3.00007E+13,32.20629688,-97.99511239
409031,3.00007E+13,32.20629688,-97.99511239
409101,3.00007E+13,32.17300498,-97.95602132
409131,3.00007E+13,32.17300498,-97.95602132
409201,3.00007E+13,32.20951484,-97.97012071
409301,3.00007E+13,32.24338456,-97.94688894
409401,3.00007E+13,32.25758367,-97.88484655
409402,3.00007E+13,32.2569247,-97.89185549
409501,3.00007E+13,32.2379125,-97.83086712
409631,3.00007E+13,32.23801938,-97.74573342
409701,3.00007E+13,32.29377808,-97.78546373
409702,3.00007E+13,32.29181132,-97.76056437
409731,3.00007E+13,32.29377808,-97.78546373
409732,3.00007E+13,32.2920741,-97.76086266
409751,3.00007E+13,32.2920741,-97.76086266
409752,3.00007E+13,32.30368779,-97.79650593
409801,3.00007E+13,32.24075953,-97.68151208
409901,3.00007E+13,32.21412958,-97.64599618
410001,3.00007E+13,32.19405796,-97.58966827
410051,3.00007E+13,32.19431553,-97.58966166
410131,3.00007E+13,32.26183993,-97.55264921
410201,3.00007E+13,32.17874427,-97.58276822
410202,3.00007E+13,32.16559398,-97.56761159
410203,3.00007E+13,32.15335274,-97.57370136
410301,3.00007E+13,32.14912544,-97.55406478
410302,3.00007E+13,32.14618775,-97.54836999
410303,3.00007E+13,32.14378772,-97.54387654
410304,3.00007E+13,32.14192324,-97.54058431
410305,3.00007E+13,32.13951722,-97.53578733
410306,3.00007E+13,32.13761244,-97.53036928
410401,3.00007E+13,32.15427028,-97.51292043
410402,3.00007E+13,32.16279274,-97.50084614
410403,3.00007E+13,32.16471745,-97.49380722
410404,3.00007E+13,32.17102044,-97.48695375
410405,3.00007E+13,32.17108825,-97.48738787
410406,3.00007E+13,32.16119692,-97.45805107
410407,3.00007E+13,32.15540243,-97.46458796
410408,3.00007E+13,32.15183641,-97.46650623
410409,3.00007E+13,32.14496066,-97.4837025
410501,3.00007E+13,32.34065202,-97.44709997
410601,3.00007E+13,32.28929071,-97.4138147
410602,3.00007E+13,32.28929071,-97.4138147
410631,3.00007E+13,32.28929071,-97.4138147
410701,3.00007E+13,32.28935599,-97.40407861
410801,3.00007E+13,32.04966112,-97.58972577
410802,3.00007E+13,32.04805649,-97.58642929
410803,3.00007E+13,32.05663594,-97.54948958
410901,3.00007E+13,32.01574392,-97.63518518
410931,3.00007E+13,32.01574392,-97.63518518
411001,3.00007E+13,32.00931618,-97.62139327
411101,3.00007E+13,31.97653975,-97.64496193
411131,3.00007E+13,31.97653975,-97.64496193
411201,3.00007E+13,32.02063429,-97.59289597
411231,3.00007E+13,32.02063429,-97.59289597
411301,3.00007E+13,31.95478961,-97.48605444
411302,3.00007E+13,31.95316957,-97.48215643
411303,3.00007E+13,31.94919972,-97.47650331
411331,3.00007E+13,31.95478961,-97.48605444
411332,3.00007E+13,31.95316957,-97.48215643
411333,3.00007E+13,31.94919972,-97.47650331
431501,3.00007E+13,31.8433993,-97.32097434
431601,3.00007E+13,31.84681991,-97.31209646
431701,3.00007E+13,31.84426718,-97.28824759
431801,3.00007E+13,31.8436777,-97.28463084
431802,3.00007E+13,31.84729765,-97.29785067
431803,3.00007E+13,31.78273045,-97.32481619
431901,3.00007E+13,31.83705042,-97.27543558
431902,3.00007E+13,31.8344784,-97.27550989
432001,3.00007E+13,31.79418943,-97.31874129
432101,3.00007E+13,31.76444916,-97.3120221
432201,3.00007E+13,31.75943669,-97.30611412
432202,3.00007E+13,31.75836391,-97.30402734
432301,3.00007E+13,31.75620571,-97.29924855
432401,3.00007E+13,31.74652319,-97.27925863
432402,3.00007E+13,31.7492224,-97.28523094
432403,3.00007E+13,31.75296179,-97.29177811
432501,3.00007E+13,31.72002072,-97.27971959
432601,3.00007E+13,31.71803203,-97.28310434
432701,3.00007E+13,31.71778708,-97.28371554
432801,3.00007E+13,31.70577807,-97.28799207
432901,3.00007E+13,31.69974178,-97.28242115
433001,3.00007E+13,31.69464036,-97.23570669
433101,3.00007E+13,31.69464036,-97.23570669
433201,3.00007E+13,31.69464036,-97.23570669
433301,3.00007E+13,32.02086806,-97.10902096
433331,3.00007E+13,32.02086806,-97.10902096
433401,3.00007E+13,31.84862038,-97.2018189
433431,3.00007E+13,31.84862038,-97.2018189
433501,3.00007E+13,31.84211734,-97.1986813
433601,3.00007E+13,31.62859739,-97.18084156
433701,3.00007E+13,31.61401886,-97.12629807
433702,3.00007E+13,31.61483032,-97.12808658
433801,3.00007E+13,31.59164205,-97.15053448
433902,3.00007E+13,31.59164205,-97.15053448
502801,3.00007E+13,32.22155562,-97.61541087
502851,3.00007E+13,32.22154455,-97.61480247
502852,3.00007E+13,32.22154455,-97.61480247
515601,3.00007E+13,32.37367954,-97.68735989
515631,3.00007E+13,32.37367954,-97.68735989
515651,3.00007E+13,32.37340051,-97.68614879
515701,3.00007E+13,31.86603003,-97.37060807
515731,3.00007E+13,31.86603003,-97.37060807
515751,3.00007E+13,31.86521583,-97.36851101
515801,3.00007E+13,31.90029136,-97.22284121
515802,3.00007E+13,31.90029136,-97.22284121
515831,3.00007E+13,31.90029136,-97.22284121
515851,3.00007E+13,31.89589278,-97.20675483
W12031,3.00007E+13,31.85603742,-97.38572504
W12032,3.00007E+13,32.18063965,-97.57390806
W12041,3.00007E+13,32.17409106,-97.59565046
W12042,3.00007E+13,32.38664467,-97.64927869
W12271,3.00007E+13,32.11506615,-97.40281698
W12272,3.00007E+13,32.28929071,-97.4138147
W12281,3.00007E+13,32.28408518,-97.41091659
W12282,3.00007E+13,32.3267713,-97.44808706
W12291,3.00007E+13,32.35707497,-98.21684405
W12292,3.00007E+13,32.24656671,-97.71907356
W12422,3.00007E+13,31.86543673,-97.36668694
W12541,3.00007E+13,31.96892821,-97.25494358
W12542,3.00007E+13,31.95702697,-97.14402675
CON062,3.00007E+13,32.38690771,-97.64957697
CON063,3.00007E+13,32.24629327,-97.71816829
CON064,3.00007E+13,32.20350759,-97.6137417
CON065,3.00007E+13,32.17825175,-97.57001909
CON066,3.00007E+13,32.08764502,-97.46984435
CON067,3.00007E+13,32.02789907,-97.48652864
CON068,3.00007E+13,32.00293801,-97.42077185
CON069,3.00007E+13,31.94622056,-97.41626231
CON070,3.00007E+13,31.66461354,-97.16797965
CON073,3.00007E+13,32.246572,-97.71937784
CON195,3.00007E+13,32.26678792,-97.40835266
CON196,3.00007E+13,32.26016353,-97.90121001
CON197,3.00007E+13,32.27745007,-97.91998594
CON198,3.00007E+13,32.32945768,-97.9870018
CON199,3.00007E+13,32.35514124,-98.01719582
CON200,3.00007E+13,32.35479575,-98.02846685
BRGR30,3.00007E+13,32.27158287,-97.66341308
PAGR31,3.00007E+13,32.23134997,-97.77720688
NRBL32,3.00007E+13,32.15032337,-97.40244965
BRAQ33,3.00007E+13,31.81175371,-97.2967503
AQAQ34,3.00007E+13,31.84449785,-97.20163942
106301,3.00007E+13,31.99694599,-97.14493986
100061,3.00007E+13,32.31207175,-97.39432011
14012,3.00007E+13,32.29443931,-97.63181219
18544,3.00007E+13,32.30686902,-97.78332849
18541,3.00007E+13,32.29164195,-97.76574057
378303,3.00007E+13,31.94952837,-97.98305369
378304,3.00007E+13,31.94952837,-97.98305369
378331,3.00007E+13,31.94952837,-97.98305369
226503,3.00007E+13,31.94918548,-97.978761
226506,3.00007E+13,31.94853086,-97.986353
1006,3.00007E+13,31.58866068,-97.15545636
P36361,3.00007E+13,31.63515612,-97.54259348
363631,3.00007E+13,31.63515612,-97.54259348
378301,3.00007E+13,31.95016775,-97.97570947
378302,3.00007E+13,31.94952837,-97.98305369
380901,3.00007E+13,31.90527281,-97.79398657
380902,3.00007E+13,31.90296449,-97.80979494
380903,3.00007E+13,31.90165858,-97.80861344
380904,3.00007E+13,31.8937162,-97.78032253
380905,3.00007E+13,31.9015987,-97.82043006
380906,3.00007E+13,31.89258824,-97.83578443
380931,3.00007E+13,31.90527281,-97.79398657
380932,3.00007E+13,31.90296449,-97.80979494
380933,3.00007E+13,31.90165858,-97.80861344
380934,3.00007E+13,31.8937162,-97.78032253
380935,3.00007E+13,31.9015987,-97.82043006
380936,3.00007E+13,31.89258824,-97.83578443
390001,3.00007E+13,32.25687501,-98.3355167
390002,3.00007E+13,32.25687501,-98.3355167
P41241,3.00007E+13,32.05500083,-98.11910372
P41242,3.00007E+13,32.05400648,-98.12154978
412431,3.00007E+13,32.05500083,-98.11910372
412451,3.00007E+13,32.05500083,-98.11910372
P41351,3.00007E+13,31.53382887,-97.42722423
413551,3.00007E+13,31.53044222,-97.43186936
500701,3.00007E+13,32.19180931,-98.18412768
500702,3.00007E+13,32.18870476,-98.18297219
505101,3.00007E+13,31.98519507,-98.11503953
505131,3.00007E+13,31.98519507,-98.11503953
505201,3.00007E+13,32.15976497,-98.17472312
505202,3.00007E+13,32.16105602,-98.17500216
509401,3.00007E+13,31.59192721,-97.21122886
509431,3.00007E+13,31.59192721,-97.21122886
539701,3.00007E+13,31.44567464,-97.26981192
539731,3.00007E+13,31.44593793,-97.27010488
541101,3.00007E+13,31.8574245,-97.60554209
555101,3.00007E+13,31.79597791,-97.5813785
555102,3.00007E+13,31.78192251,-97.6008017
555131,3.00007E+13,31.78192251,-97.6008017
555151,3.00007E+13,31.78192251,-97.6008017
555711,3.00007E+13,32.07063095,-98.14575756
555721,3.00007E+13,32.07784755,-98.15112131
561931,3.00007E+13,32.21420547,-98.20314769
561932,3.00007E+13,32.21396454,-98.20436811
225902,3.00007E+13,31.97590115,-98.04306866
220101,3.00007E+13,32.33446164,-98.30462054
220102,3.00007E+13,32.33372141,-98.3070686
220131,3.00007E+13,32.33296152,-98.3079963
220231,3.00007E+13,32.32304851,-98.27804963
220331,3.00007E+13,32.32304851,-98.27804963
220401,3.00007E+13,32.32304851,-98.27804963
220431,3.00007E+13,32.32304851,-98.27804963
220501,3.00007E+13,32.30728505,-98.27316628
220502,3.00007E+13,32.30705148,-98.27499674
220531,3.00007E+13,32.30705148,-98.27499674
220551,3.00007E+13,32.30704748,-98.27469223
220601,3.00007E+13,32.28753313,-98.25862551
220631,3.00007E+13,32.28677245,-98.25955184
220651,3.00007E+13,32.2872836,-98.25923784
220701,3.00007E+13,32.28803911,-98.25800708
220731,3.00007E+13,32.28677245,-98.25955184
220751,3.00007E+13,32.2872836,-98.25923784
220801,3.00007E+13,32.29048318,-98.24822875
220802,3.00007E+13,32.28405815,-98.24895634
220803,3.00007E+13,32.2927819,-98.24696903
220804,3.00007E+13,31.64964159,-97.37481591
220805,3.00007E+13,31.65478079,-97.37437191
220806,3.00007E+13,31.65482366,-97.36379411
220807,3.00007E+13,31.6471491,-97.36612311
220831,3.00007E+13,32.2927819,-98.24696903
220851,3.00007E+13,32.2927819,-98.24696903
220901,3.00007E+13,32.28605159,-98.24405223
220931,3.00007E+13,32.28605159,-98.24405223
221001,3.00007E+13,32.26977995,-98.23979495
221002,3.00007E+13,32.27081737,-98.24038443
221003,3.00007E+13,32.2715931,-98.24067303
221101,3.00007E+13,32.27799683,-98.35734565
221131,3.00007E+13,32.27799683,-98.35734565
221231,3.00007E+13,32.2259292,-98.3105317
221331,3.00007E+13,32.2259292,-98.3105317
221431,3.00007E+13,32.2259292,-98.3105317
221501,3.00007E+13,32.24143075,-98.27559336
221502,3.00007E+13,32.24194481,-98.27558392
221531,3.00007E+13,32.24194481,-98.27558392
221551,3.00007E+13,32.24168834,-98.27558863
221601,3.00007E+13,32.24194481,-98.27558392
221631,3.00007E+13,32.24194481,-98.27558392
221731,3.00007E+13,32.25387541,-98.20573311
221831,3.00007E+13,32.25387541,-98.20573311
221901,3.00007E+13,32.19718779,-98.182201
222001,3.00007E+13,32.19435768,-98.18225576
222101,3.00007E+13,32.18737154,-98.17965578
222201,3.00007E+13,32.17686496,-98.18289829
222301,3.00007E+13,32.16366658,-98.17768458
222431,3.00007E+13,32.13546972,-98.14907734
222501,3.00007E+13,32.12508681,-98.16112438
222601,3.00007E+13,32.10082383,-98.15613354
222701,3.00007E+13,32.13515879,-98.1272171
222731,3.00007E+13,32.13515879,-98.1272171
222801,3.00007E+13,32.11512575,-98.14826324
222802,3.00007E+13,32.11439275,-98.1510107
222803,3.00007E+13,32.11105607,-98.15168288
222804,3.00007E+13,32.10873576,-98.15142454
222831,3.00007E+13,32.11562804,-98.14734278
222851,3.00007E+13,32.11562804,-98.14734278
222901,3.00007E+13,32.09513375,-98.15412044
222902,3.00007E+13,32.09667273,-98.15378633
222903,3.00007E+13,32.09874402,-98.1546574
223001,3.00007E+13,32.10388496,-98.17246844
223031,3.00007E+13,32.10388496,-98.17246844
223101,3.00007E+13,32.10286845,-98.17339864
223131,3.00007E+13,32.10388496,-98.17246844
223211,3.00007E+13,32.10164511,-98.17797591
223231,3.00007E+13,32.10164511,-98.17797591
223301,3.00007E+13,32.06039759,-98.13659577
223401,3.00007E+13,32.05637359,-98.12514387
223402,3.00007E+13,32.05525292,-98.11879491
223451,3.00007E+13,32.05525292,-98.11879491
223501,3.00007E+13,32.05215656,-98.11824929
223502,3.00007E+13,32.05217838,-98.11976634
223601,3.00007E+13,32.04721133,-98.11440476
223701,3.00007E+13,32.16480548,-98.34079266
223702,3.00007E+13,32.16480548,-98.34079266
223731,3.00007E+13,32.16480548,-98.34079266
223801,3.00007E+13,32.15534085,-98.30511845
223802,3.00007E+13,32.16163786,-98.31442167
223803,3.00007E+13,32.1634544,-98.31560422
223804,3.00007E+13,32.16550116,-98.31465518
223805,3.00007E+13,32.17067866,-98.31699278
223831,3.00007E+13,32.17067866,-98.31699278
223901,3.00007E+13,32.16486166,-98.30494676
223931,3.00007E+13,32.16486166,-98.30494676
224001,3.00007E+13,32.1344882,-98.28484343
224002,3.00007E+13,32.1355055,-98.28391413
224031,3.00007E+13,32.1355055,-98.28391413
224101,3.00007E+13,32.10855516,-98.30930099
224131,3.00007E+13,32.10855516,-98.30930099
224201,3.00007E+13,32.108792,-98.30777837
224202,3.00007E+13,32.10855516,-98.30930099
224231,3.00007E+13,32.10855516,-98.30930099
224301,3.00007E+13,32.10310263,-98.26628999
224302,3.00007E+13,32.10337117,-98.26719681
224331,3.00007E+13,32.10337117,-98.26719681
224401,3.00007E+13,32.08339609,-98.29427374
224431,3.00007E+13,32.08339609,-98.29427374
224501,3.00007E+13,32.08339609,-98.29427374
224502,3.00007E+13,32.08491167,-98.29212187
224531,3.00007E+13,32.08339609,-98.29427374
224601,3.00007E+13,32.07225298,-98.24956052
224602,3.00007E+13,32.07225298,-98.24956052
224631,3.00007E+13,32.07225298,-98.24956052
224701,3.00007E+13,32.04534594,-98.25825261
224702,3.00007E+13,32.04885225,-98.27032432
224731,3.00007E+13,32.04534594,-98.25825261
224732,3.00007E+13,32.04885225,-98.27032432
224801,3.00007E+13,32.04534999,-98.25855627
224831,3.00007E+13,32.04534999,-98.25855627
224901,3.00007E+13,32.04676071,-98.24851733
224902,3.00007E+13,32.04534999,-98.25855627
224931,3.00007E+13,32.04534999,-98.25855627
225001,3.00007E+13,32.03495802,-98.12132389
225101,3.00007E+13,32.01462217,-98.08563725
225201,3.00007E+13,31.9981206,-98.08354671
225202,3.00007E+13,32.00016121,-98.0822921
225331,3.00007E+13,31.99870123,-98.08808348
225401,3.00007E+13,31.98747083,-98.05950537
225402,3.00007E+13,31.99061686,-98.06338294
225403,3.00007E+13,31.99300461,-98.06818574
225404,3.00007E+13,31.99387461,-98.07483865
225405,3.00007E+13,31.98618745,-98.07711804
225406,3.00007E+13,31.98313998,-98.07990951
225501,3.00007E+13,31.99328792,-98.06999873
225502,3.00007E+13,31.99360364,-98.07393479
225801,3.00007E+13,31.98799387,-98.06010171
225901,3.00007E+13,31.98565652,-98.05863343
225903,3.00007E+13,31.98169812,-98.05204511
226001,3.00007E+13,31.97587844,-98.04155285
226101,3.00007E+13,31.97620679,-98.02911615
226201,3.00007E+13,31.96145102,-97.98971453
226202,3.00007E+13,31.96430427,-97.99116841
226301,3.00007E+13,31.95150061,-97.99538229
226401,3.00007E+13,31.95046214,-97.99479883
226404,3.00007E+13,31.95010674,-97.98844076
226405,3.00007E+13,31.95222103,-97.992033
226701,3.00007E+13,32.04606482,-98.00246968
226501,3.00007E+13,31.95235193,-97.96717523
226502,3.00007E+13,31.95016775,-97.97570947
226504,3.00007E+13,31.94973698,-97.98117404
226505,3.00007E+13,31.94975102,-97.98208273
226601,3.00007E+13,31.97362695,-97.89668109
226801,3.00007E+13,32.0439508,-97.99887361
226901,3.00007E+13,31.98715733,-97.85817191
227001,3.00007E+13,32.00520632,-97.87595888
227031,3.00007E+13,32.00520632,-97.87595888
227032,3.00007E+13,32.00935743,-97.87798803
227101,3.00007E+13,31.98864374,-97.83903556
227201,3.00007E+13,31.99004742,-97.83051244
227301,3.00007E+13,32.10864483,-97.85844178
227302,3.00007E+13,32.09410395,-97.8663614
227303,3.00007E+13,32.09680476,-97.87419409
227304,3.00007E+13,32.09881375,-97.87111207
227305,3.00007E+13,32.11432303,-97.8911048
227306,3.00007E+13,32.10483967,-97.87765584
227307,3.00007E+13,32.15413858,-97.88626341
227331,3.00007E+13,32.11432303,-97.8911048
227332,3.00007E+13,32.10483967,-97.87765584
227333,3.00007E+13,32.15413858,-97.88626341
227351,3.00007E+13,32.11432303,-97.8911048
227352,3.00007E+13,32.10483967,-97.87765584
227353,3.00007E+13,32.15413858,-97.88626341
227401,3.00007E+13,32.0625364,-97.85615339
227402,3.00007E+13,32.07534066,-97.85221934
227403,3.00007E+13,32.06545627,-97.83029128
227411,3.00007E+13,32.07020248,-97.83716209
227412,3.00007E+13,32.06545627,-97.83029128
227421,3.00007E+13,32.06304046,-97.85553428
227422,3.00007E+13,32.07531075,-97.85039823
227431,3.00007E+13,32.0625364,-97.85615339
227432,3.00007E+13,32.07534066,-97.85221934
227433,3.00007E+13,32.06545627,-97.83029128
227501,3.00007E+13,32.10150899,-97.84706796
227502,3.00007E+13,32.0971597,-97.84868448
227503,3.00007E+13,32.09471998,-97.8411517
227504,3.00007E+13,32.08540239,-97.8380268
227505,3.00007E+13,32.07576192,-97.81548446
227506,3.00007E+13,32.07288433,-97.79734038
227507,3.00007E+13,32.06545627,-97.83029128
227511,3.00007E+13,32.06823545,-97.8117134
227512,3.00007E+13,32.07165541,-97.81618617
227513,3.00007E+13,32.05856292,-97.80283497
227514,3.00007E+13,32.04058089,-97.78960097
227521,3.00007E+13,32.09689828,-97.84838787
227522,3.00007E+13,32.07473783,-97.81581209
227523,3.00007E+13,32.07263187,-97.79765014
227524,3.00007E+13,32.06518862,-97.82968981
227531,3.00007E+13,32.10150899,-97.84706796
227532,3.00007E+13,32.0971597,-97.84868448
227533,3.00007E+13,32.09471998,-97.8411517
227534,3.00007E+13,32.08540239,-97.8380268
227535,3.00007E+13,32.07576192,-97.81548446
227536,3.00007E+13,32.07288433,-97.79734038
227537,3.00007E+13,32.06545627,-97.83029128
227601,3.00007E+13,32.03888765,-97.78084295
227631,3.00007E+13,32.03888765,-97.78084295
227701,3.00007E+13,32.03754541,-97.77753751
227702,3.00007E+13,32.03393767,-97.77731898
227801,3.00007E+13,31.9731482,-97.72963794
227802,3.00007E+13,31.97256983,-97.72601354
227901,3.00007E+13,31.96398832,-97.70621224
228001,3.00007E+13,31.95137058,-97.7059126
228002,3.00007E+13,31.94824594,-97.70386719
228101,3.00007E+13,31.92470481,-97.6680769
228201,3.00007E+13,31.91539636,-97.65133837
228202,3.00007E+13,31.9059269,-97.65430159
228301,3.00007E+13,31.8877053,-97.64294122
228302,3.00007E+13,31.89105452,-97.64315941
228401,3.00007E+13,31.88372485,-97.63637596
228402,3.00007E+13,31.88447012,-97.63484368
228501,3.00007E+13,31.88237347,-97.63277491
228701,3.00007E+13,31.76124857,-97.84666202
228702,3.00007E+13,31.75952267,-97.85123865
228731,3.00007E+13,31.76124857,-97.84666202
228801,3.00007E+13,31.76272285,-97.84239251
228931,3.00007E+13,31.8864048,-97.69992045
229001,3.00007E+13,31.79860056,-97.58403541
229002,3.00007E+13,31.79705747,-97.58407492
229101,3.00007E+13,31.79484212,-97.57565791
229102,3.00007E+13,31.79218553,-97.57118712
229131,3.00007E+13,31.79484212,-97.57565791
229151,3.00007E+13,31.7945733,-97.57505889
229201,3.00007E+13,31.7807527,-97.56542962
229202,3.00007E+13,31.69417109,-97.51929268
229203,3.00007E+13,31.69231289,-97.51631774
229204,3.00007E+13,31.69100321,-97.51514296
229205,3.00007E+13,31.68692722,-97.51736722
229301,3.00007E+13,31.77920285,-97.5651667
229401,3.00007E+13,31.70609253,-97.53711933
229402,3.00007E+13,31.70505203,-97.53654243
229403,3.00007E+13,31.70241014,-97.53298326
229501,3.00007E+13,31.70158134,-97.52998087
229701,3.00007E+13,31.69103348,-97.83405567
229702,3.00007E+13,31.68584755,-97.83175642
229703,3.00007E+13,31.68634256,-97.83053597
229731,3.00007E+13,31.69103348,-97.83405567
229732,3.00007E+13,31.68584755,-97.83175642
229733,3.00007E+13,31.68634256,-97.83053597
229801,3.00007E+13,31.69158222,-97.80532595
229901,3.00007E+13,31.68203359,-97.51719323
229902,3.00007E+13,31.67812618,-97.50127562
230000,3.00007E+13,31.66541529,-97.45628002
230101,3.00007E+13,31.6667774,-97.43387887
230201,3.00007E+13,31.65889091,-97.37395515
230202,3.00007E+13,31.65401423,-97.37469442
230203,3.00007E+13,31.64939014,-97.3751254
230204,3.00007E+13,31.64771119,-97.38121554
230205,3.00007E+13,31.65450266,-97.38616497
230301,3.00007E+13,31.65326228,-97.36293011
230401,3.00007E+13,31.64613837,-97.36705747
230501,3.00007E+13,31.63737366,-97.36639557
230502,3.00007E+13,31.6402277,-97.36752464
230601,3.00007E+13,31.61620339,-97.31291536
230701,3.00007E+13,31.55246271,-97.44543248
230801,3.00007E+13,31.54160058,-97.41674987
230901,3.00007E+13,31.45004388,-97.29411054
231001,3.00007E+13,31.46635845,-97.3741682
231002,3.00007E+13,31.4630873,-97.37787795
231003,3.00007E+13,31.46184323,-97.38002315
231031,3.00007E+13,31.46635845,-97.3741682
231032,3.00007E+13,31.4630873,-97.37787795
231033,3.00007E+13,31.46184323,-97.38002315
231201,3.00007E+13,31.61838437,-97.4865436
231202,3.00007E+13,31.61895191,-97.48924752
231203,3.00007E+13,31.61872927,-97.49106523
231204,3.00007E+13,31.61984558,-97.49556777
231205,3.00007E+13,31.62221933,-97.49852507
231206,3.00007E+13,31.62356861,-97.50181202
231231,3.00007E+13,31.61838437,-97.4865436
231232,3.00007E+13,31.61895191,-97.48924752
231233,3.00007E+13,31.61872927,-97.49106523
231234,3.00007E+13,31.61984558,-97.49556777
231235,3.00007E+13,31.62221933,-97.49852507
231236,3.00007E+13,31.62356861,-97.50181202
231301,3.00007E+13,31.56433743,-97.36963705
231302,3.00007E+13,31.56461881,-97.37083686
231303,3.00007E+13,31.56542689,-97.37262521
231331,3.00007E+13,31.56365068,-97.37388218
231431,3.00007E+13,31.5032282,-97.21625655
231432,3.00007E+13,31.50399969,-97.21623386
231501,3.00007E+13,31.59192721,-97.21122886
231531,3.00007E+13,31.59192721,-97.21122886
231601,3.00007E+13,31.59932001,-97.19590985
231602,3.00007E+13,31.5938925,-97.19486276
231701,3.00007E+13,31.58980834,-97.16085857
231702,3.00007E+13,31.59148282,-97.16684715
231703,3.00007E+13,31.59902879,-97.17054777
231801,3.00007E+13,31.59902879,-97.17054777
W12251,3.00007E+13,31.49109418,-97.2630708
W12252,3.00007E+13,31.61090246,-97.28074569
W12261,3.00007E+13,32.11915628,-98.16032975
W12262,3.00007E+13,31.60140286,-97.29430838
W12461,3.00007E+13,31.59076991,-97.61954251
W12462,3.00007E+13,31.49119565,-97.26789479
W12551,3.00007E+13,32.12736442,-98.15834644
W12552,3.00007E+13,32.23824676,-98.21089617
CON071,3.00007E+13,31.98839229,-97.83934357
CON072,3.00007E+13,32.00332717,-97.77834533
CON074,3.00007E+13,31.80923742,-97.60174989
CON075,3.00007E+13,31.69995206,-97.52856166
CON077,3.00007E+13,31.49130979,-97.26804649
CON078,3.00007E+13,31.51470013,-97.24730075
CON079,3.00007E+13,31.9845239,-97.88612866
CON201,3.00007E+13,31.99300012,-98.06788225
CON202,3.00007E+13,31.99785857,-98.08324845
CON203,3.00007E+13,32.03543612,-98.10098829
CON204,3.00007E+13,32.03820713,-98.10875509
CON205,3.00007E+13,32.08846153,-98.15546557
CON206,3.00007E+13,32.1010857,-98.15643233
CON207,3.00007E+13,32.12736869,-98.15865036
CON208,3.00007E+13,32.22389499,-98.19657834
CON209,3.00007E+13,32.23841202,-98.21214723
CON210,3.00007E+13,32.2351751,-98.26962788
CON211,3.00007E+13,32.23721953,-98.28813596
CON212,3.00007E+13,31.79653675,-97.58378529
CON213,3.00007E+13,31.63501343,-97.53504508
CON214,3.00007E+13,31.56542689,-97.37262521
CON215,3.00007E+13,31.53425913,-97.41000903
NBHI35,3.00007E+13,31.97731813,-98.03454975
NBCL36,3.00007E+13,31.78593767,-97.56741375
NBVM37,3.00007E+13,31.66978462,-97.46915837
MBMG38,3.00007E+13,31.50916793,-97.36543796
HGCR39,3.00007E+13,31.55557221,-97.35629581
BOWA40,3.00007E+13,31.60106846,-97.19344168
102191,3.00007E+13,31.40785113,-97.37036522
102902,3.00007E+13,32.1969302,-98.18220599
1007,3.00002E+13,30.98478586,-97.40186029
382631,3.00002E+13,31.71660356,-98.01760238
P40121,3.00002E+13,31.00300775,-97.38635703
P40122,3.00002E+13,31.01849279,-97.38833298
401203,3.00002E+13,31.01932546,-97.39131125
421811,3.00002E+13,31.06706812,-97.59691731
421812,3.00002E+13,31.06494283,-97.59336731
421821,3.00002E+13,31.06875101,-97.60438314
421822,3.00002E+13,31.06706812,-97.59691731
P40241,3.00002E+13,31.08503941,-97.44657887
P40242,3.00002E+13,31.07960118,-97.44492341
402403,3.00002E+13,31.07492856,-97.44294686
508801,3.00002E+13,31.08706671,-97.64867687
508911,3.00002E+13,31.08597707,-97.63128281
508921,3.00002E+13,31.08828199,-97.63062396
P53301,3.00002E+13,31.10002074,-97.37197268
533002,3.00002E+13,31.10002074,-97.37197268
533003,3.00002E+13,31.09627141,-97.37748329
533031,3.00002E+13,31.10002074,-97.37197268
533032,3.00002E+13,31.09627141,-97.37748329
533051,3.00002E+13,31.09952445,-97.37288737
539001,3.00002E+13,32.02345353,-98.33600572
539031,3.00002E+13,32.02345353,-98.33600572
547211,3.00002E+13,31.01886532,-97.39402578
547221,3.00002E+13,31.01648553,-97.40369638
281301,3.00002E+13,31.35028564,-97.51895487
281302,3.00002E+13,31.35274504,-97.52642015
281401,3.00002E+13,31.87227945,-98.32777157
281411,3.00002E+13,31.85436544,-98.31567465
281421,3.00002E+13,31.85671396,-98.35862879
281501,3.00002E+13,31.85733772,-98.34680924
281502,3.00002E+13,31.85782875,-98.34498319
281503,3.00002E+13,31.86114714,-98.34280562
281601,3.00002E+13,31.85733772,-98.34680924
281602,3.00002E+13,31.85782875,-98.34498319
281603,3.00002E+13,31.86114714,-98.34280562
281701,3.00002E+13,31.85967115,-98.32799518
281801,3.00002E+13,31.85040826,-98.30817696
281901,3.00002E+13,31.85040826,-98.30817696
282001,3.00002E+13,31.84954619,-98.30122899
282002,3.00002E+13,31.84908217,-98.30517238
282101,3.00002E+13,31.85000896,-98.29728426
282102,3.00002E+13,31.84871143,-98.29639971
282103,3.00002E+13,31.84918197,-98.29306105
282104,3.00002E+13,31.84634,-98.29220321
282105,3.00002E+13,31.84400418,-98.29073273
282201,3.00002E+13,31.85000896,-98.29728426
282202,3.00002E+13,31.84871143,-98.29639971
282203,3.00002E+13,31.84918197,-98.29306105
282204,3.00002E+13,31.84634,-98.29220321
282205,3.00002E+13,31.84400418,-98.29073273
282301,3.00002E+13,31.8429154,-98.2862102
282401,3.00002E+13,31.84439213,-98.28103749
282501,3.00002E+13,31.84277585,-98.27561676
282502,3.00002E+13,31.84147018,-98.27412788
282503,3.00002E+13,31.83632409,-98.27422206
282504,3.00002E+13,31.83137548,-98.2697722
282601,3.00002E+13,31.83154347,-98.2631087
282701,3.00002E+13,31.8307517,-98.26161071
282801,3.00002E+13,31.8307517,-98.26161071
282901,3.00002E+13,31.82835491,-98.25560076
282902,3.00002E+13,31.8239654,-98.25447117
283001,3.00002E+13,31.82447945,-98.25446165
283002,3.00002E+13,31.80655917,-98.22331895
283101,3.00002E+13,31.82139989,-98.25512335
283102,3.00002E+13,31.8154498,-98.25281209
283201,3.00002E+13,31.81571144,-98.25311024
283202,3.00002E+13,31.81026724,-98.25018523
283203,3.00002E+13,31.80794017,-98.24931947
283301,3.00002E+13,31.81181973,-98.25076108
283401,3.00002E+13,31.80685405,-98.24510336
283501,3.00002E+13,31.80809006,-98.22238252
283502,3.00002E+13,31.80558347,-98.22727191
283503,3.00002E+13,31.80492557,-98.23575798
283504,3.00002E+13,31.80500727,-98.24180909
283601,3.00002E+13,31.80499502,-98.24090043
283602,3.00002E+13,31.80519542,-98.2366605
283701,3.00002E+13,31.80459533,-98.23031613
283702,3.00002E+13,31.80558347,-98.22727191
283801,3.00002E+13,31.80533412,-98.22788252
283901,3.00002E+13,31.80655917,-98.22331895
284001,3.00002E+13,31.80556702,-98.22606168
284031,3.00002E+13,31.80556702,-98.22606168
284101,3.00002E+13,32.05240574,-98.34611323
284131,3.00002E+13,32.05240574,-98.34611323
284201,3.00002E+13,32.05240574,-98.34611323
284231,3.00002E+13,32.05240574,-98.34611323
284301,3.00002E+13,32.0253415,-98.32262553
284331,3.00002E+13,32.0253415,-98.32262553
284401,3.00002E+13,32.0253415,-98.32262553
284431,3.00002E+13,32.0253415,-98.32262553
284501,3.00002E+13,32.01863257,-98.32122817
284531,3.00002E+13,32.01863257,-98.32122817
284601,3.00002E+13,32.01863257,-98.32122817
284602,3.00002E+13,32.01505693,-98.32341473
284631,3.00002E+13,32.01863257,-98.32122817
284632,3.00002E+13,32.01505693,-98.32341473
284701,3.00002E+13,32.00890874,-98.32564821
284731,3.00002E+13,32.00890874,-98.32564821
284801,3.00002E+13,31.99799724,-98.31765354
284831,3.00002E+13,31.99799724,-98.31765354
284901,3.00002E+13,31.99799724,-98.31765354
284931,3.00002E+13,31.99799724,-98.31765354
285001,3.00002E+13,31.96134393,-98.30921495
285002,3.00002E+13,31.9631644,-98.31069829
285003,3.00002E+13,31.96550672,-98.31277796
285004,3.00002E+13,31.96755344,-98.31183217
285005,3.00002E+13,31.96369804,-98.31220474
285031,3.00002E+13,31.96369804,-98.31220474
285101,3.00002E+13,31.95082541,-98.31182853
285102,3.00002E+13,31.94535502,-98.30677387
285131,3.00002E+13,31.95082541,-98.31182853
285132,3.00002E+13,31.94535502,-98.30677387
285201,3.00002E+13,31.87004283,-98.23605396
285202,3.00002E+13,31.86363449,-98.23799011
285203,3.00002E+13,31.86284242,-98.23649049
285301,3.00002E+13,31.83189348,-98.2316209
285302,3.00002E+13,31.82980633,-98.22954138
285401,3.00002E+13,31.80981243,-98.21660008
285501,3.00002E+13,31.81074216,-98.20931886
285502,3.00002E+13,31.80913654,-98.20480997
285601,3.00002E+13,31.81115329,-98.20174572
285602,3.00002E+13,31.8131072,-98.19414164
285701,3.00002E+13,31.81206961,-98.19355553
285702,3.00002E+13,31.8125669,-98.19233669
285703,3.00002E+13,31.81252493,-98.18931025
285801,3.00002E+13,31.80803802,-98.1812253
285802,3.00002E+13,31.8082776,-98.1800101
285901,3.00002E+13,31.80536301,-98.17401361
285902,3.00002E+13,31.8032919,-98.17314614
285903,3.00002E+13,31.80121655,-98.17197583
286001,3.00002E+13,31.79366649,-98.1657672
286002,3.00002E+13,31.77760363,-98.15821383
286003,3.00002E+13,31.77554095,-98.15795121
286101,3.00002E+13,31.69838164,-98.23593373
286131,3.00002E+13,31.69838164,-98.23593373
286201,3.00002E+13,31.78815823,-98.12230373
286202,3.00002E+13,31.78707237,-98.11839279
286203,3.00002E+13,31.78423688,-98.11814643
286251,3.00002E+13,31.78527044,-98.11842872
286311,3.00002E+13,31.78935082,-98.0980743
286321,3.00002E+13,31.7894345,-98.10382146
286401,3.00002E+13,31.78202714,-98.09005298
286402,3.00002E+13,31.7827848,-98.07158066
286501,3.00002E+13,31.7804174,-98.08554749
286502,3.00002E+13,31.78161522,-98.0794719
286503,3.00002E+13,31.78337143,-98.0764098
286504,3.00002E+13,31.78100189,-98.07282735
286505,3.00002E+13,31.78297521,-98.06703856
286601,3.00002E+13,31.77815554,-98.05443067
286701,3.00002E+13,31.76125229,-98.02574032
286801,3.00002E+13,31.75139312,-98.0205014
286802,3.00002E+13,31.74501094,-98.02396185
286803,3.00002E+13,31.74257118,-98.03278406
286901,3.00002E+13,31.71532713,-98.01823454
287001,3.00002E+13,31.70213474,-98.0825987
287031,3.00002E+13,31.70213474,-98.0825987
287101,3.00002E+13,31.70906814,-98.08155126
287102,3.00002E+13,31.71163609,-98.08119642
287103,3.00002E+13,31.71239103,-98.07997304
287131,3.00002E+13,31.70906814,-98.08155126
287132,3.00002E+13,31.71163609,-98.08119642
287133,3.00002E+13,31.71239103,-98.07997304
287201,3.00002E+13,31.70906814,-98.08155126
287202,3.00002E+13,31.71163609,-98.08119642
287203,3.00002E+13,31.71239103,-98.07997304
287231,3.00002E+13,31.70906814,-98.08155126
287232,3.00002E+13,31.71163609,-98.08119642
287233,3.00002E+13,31.71239103,-98.07997304
287311,3.00002E+13,31.71388612,-97.99135654
287321,3.00002E+13,31.71100751,-98.00502217
287401,3.00002E+13,31.69447742,-97.98451434
287402,3.00002E+13,31.70292045,-97.98131033
287411,3.00002E+13,31.69447742,-97.98451434
287421,3.00002E+13,31.70292045,-97.98131033
287431,3.00002E+13,31.69447742,-97.98451434
287501,3.00002E+13,31.7064057,-97.99030633
287502,3.00002E+13,31.69447742,-97.98451434
287531,3.00002E+13,31.69447742,-97.98451434
287601,3.00002E+13,31.69396695,-97.98482785
287602,3.00002E+13,31.69398097,-97.98573409
287603,3.00002E+13,31.69218953,-97.98637619
287604,3.00002E+13,31.68987008,-97.98612436
287701,3.00002E+13,31.67611156,-97.94561666
287702,3.00002E+13,31.68669368,-97.98044805
287711,3.00002E+13,31.67611156,-97.94561666
287721,3.00002E+13,31.68669368,-97.98044805
287801,3.00002E+13,31.67816994,-97.97851494
287802,3.00002E+13,31.68713737,-97.97590489
287803,3.00002E+13,31.68669368,-97.98044805
287901,3.00002E+13,31.68707629,-97.97197772
287902,3.00002E+13,31.68626233,-97.96927449
287903,3.00002E+13,31.68545303,-97.9668738
287904,3.00002E+13,31.67986269,-97.97152744
287931,3.00002E+13,31.67986269,-97.97152744
288001,3.00002E+13,31.64481472,-97.91971059
288002,3.00002E+13,31.64772287,-97.92448087
288101,3.00002E+13,31.64167525,-97.91645667
288102,3.00002E+13,31.64563564,-97.92271323
288201,3.00002E+13,31.6445483,-97.90309943
288202,3.00002E+13,31.64118004,-97.90166321
288203,3.00002E+13,31.63783987,-97.90203982
288204,3.00002E+13,31.6335337,-97.90636413
288205,3.00002E+13,31.63616055,-97.90963011
288206,3.00002E+13,31.6403595,-97.91467229
288301,3.00002E+13,31.6388152,-97.91470637
288411,3.00002E+13,31.65545057,-97.89288556
288501,3.00002E+13,31.64889681,-97.88547897
288502,3.00002E+13,31.64269734,-97.88410671
288601,3.00002E+13,31.57709654,-97.87017689
288701,3.00002E+13,31.57605752,-97.86959712
288702,3.00002E+13,31.5775963,-97.8692602
288703,3.00002E+13,31.57833878,-97.86743126
288704,3.00002E+13,31.58296009,-97.86672382
288705,3.00002E+13,31.58500793,-97.86607307
288801,3.00002E+13,31.57103559,-97.87725678
289001,3.00002E+13,31.55272231,-97.89064662
289002,3.00002E+13,31.55221263,-97.89096016
289003,3.00002E+13,31.55195996,-97.89126796
289101,3.00002E+13,31.5222305,-97.85179935
289102,3.00002E+13,31.52251794,-97.85360265
289103,3.00002E+13,31.52308228,-97.856608
289201,3.00002E+13,31.52216067,-97.84757583
289202,3.00002E+13,31.5224382,-97.8487765
289301,3.00002E+13,31.526324,-97.83480785
289401,3.00002E+13,31.51594255,-97.82961496
289402,3.00002E+13,31.52028594,-97.82770423
289501,3.00002E+13,31.5221213,-97.94051122
289502,3.00002E+13,31.52189772,-97.94262926
289503,3.00002E+13,31.53036424,-97.94093599
289601,3.00002E+13,31.51131025,-97.90816336
289602,3.00002E+13,31.51133451,-97.9096717
289603,3.00002E+13,31.51214971,-97.91236942
289604,3.00002E+13,31.51373216,-97.91474692
289605,3.00002E+13,31.51581467,-97.91620997
289606,3.00002E+13,31.52076089,-97.91972191
289607,3.00002E+13,31.52082838,-97.92394542
289608,3.00002E+13,31.52327882,-97.93233922
289609,3.00002E+13,31.52229279,-97.93507678
289701,3.00002E+13,31.50031862,-97.83419607
289801,3.00002E+13,31.48428945,-97.7992734
289802,3.00002E+13,31.48275595,-97.79991296
289901,3.00002E+13,31.46841648,-97.7441531
289902,3.00002E+13,31.47200802,-97.74346499
289903,3.00002E+13,31.47433376,-97.7440121
289904,3.00002E+13,31.47486925,-97.74520574
289905,3.00002E+13,31.47515763,-97.74700915
289906,3.00002E+13,31.47620244,-97.74788877
290001,3.00002E+13,31.45849757,-97.75102415
290002,3.00002E+13,31.46205782,-97.7485271
290101,3.00002E+13,31.4451656,-97.75405334
290102,3.00002E+13,31.44696688,-97.75401061
290201,3.00002E+13,31.35285329,-97.65714433
290401,3.00002E+13,31.34748482,-97.60276033
290402,3.00002E+13,31.3454988,-97.60672646
290501,3.00002E+13,31.43079686,-97.59823989
290601,3.00002E+13,31.36398987,-97.54932407
290701,3.00002E+13,31.34525503,-97.52511057
290801,3.00002E+13,31.35585475,-97.52754394
290901,3.00002E+13,31.33080209,-97.52307859
290902,3.00002E+13,31.33027028,-97.52218804
291001,3.00002E+13,31.3314822,-97.51824229
291101,3.00002E+13,31.3314534,-97.51673693
291401,3.00002E+13,31.31405733,-97.46901706
291511,3.00002E+13,31.24433609,-97.53767055
291521,3.00002E+13,31.25113951,-97.54351205
291611,3.00002E+13,31.64306554,-98.50462694
291621,3.00002E+13,31.63976636,-98.50860667
291701,3.00002E+13,31.66464851,-98.50156548
291731,3.00002E+13,31.66464851,-98.50156548
291811,3.00002E+13,31.67558609,-98.46845234
291821,3.00002E+13,31.67460297,-98.47239728
291831,3.00002E+13,31.67558609,-98.46845234
291832,3.00002E+13,31.67586854,-98.47056422
291901,3.00002E+13,31.64373383,-98.4734998
291902,3.00002E+13,31.64219053,-98.47352473
291903,3.00002E+13,31.64166827,-98.47292963
291931,3.00002E+13,31.64219053,-98.47352473
291932,3.00002E+13,31.64166827,-98.47292963
292001,3.00002E+13,31.64946307,-98.45739562
292002,3.00002E+13,31.64795195,-98.4601397
292031,3.00002E+13,31.64795195,-98.4601397
292101,3.00002E+13,31.6760291,-98.44064313
292102,3.00002E+13,31.67805862,-98.43819189
292103,3.00002E+13,31.68062753,-98.43784687
292201,3.00002E+13,31.67997052,-98.42607133
292202,3.00002E+13,31.67994861,-98.42425902
292301,3.00002E+13,31.6811365,-98.41607938
292401,3.00002E+13,31.68505404,-98.39969334
292402,3.00002E+13,31.68405818,-98.40242936
292431,3.00002E+13,31.68405818,-98.40242936
292611,3.00002E+13,31.69283742,-98.36328943
292621,3.00002E+13,31.69144807,-98.37570662
292711,3.00002E+13,31.68495873,-98.35073241
292721,3.00002E+13,31.68890203,-98.35731252
292801,3.00002E+13,31.65335775,-98.25611162
292901,3.00002E+13,31.64560674,-98.23480435
292902,3.00002E+13,31.645338,-98.23390334
292903,3.00002E+13,31.64337988,-98.22246022
293001,3.00002E+13,31.61014445,-98.16419473
293002,3.00002E+13,31.6077004,-98.15518141
293101,3.00002E+13,31.59805134,-98.14631112
293102,3.00002E+13,31.59571068,-98.14454587
293103,3.00002E+13,31.59311559,-98.14308668
293201,3.00002E+13,31.52675141,-98.09218769
293301,3.00002E+13,31.33796196,-97.89994181
293311,3.00002E+13,31.32488395,-97.90294182
293321,3.00002E+13,31.33903009,-97.90232743
293401,3.00002E+13,31.27815947,-97.9102953
293402,3.00002E+13,31.27829489,-97.91871809
293501,3.00002E+13,31.22024795,-97.92630753
293502,3.00002E+13,31.21520278,-97.93273416
293503,3.00002E+13,31.21368771,-97.93457107
293601,3.00002E+13,31.1059066,-97.47365938
293602,3.00002E+13,31.1059066,-97.47365938
293631,3.00002E+13,31.1059066,-97.47365938
293701,3.00002E+13,31.09939076,-97.4564085
293801,3.00002E+13,31.06461993,-97.44232347
293831,3.00002E+13,31.06461993,-97.44232347
293901,3.00002E+13,31.06590607,-97.44228888
293951,3.00002E+13,31.06590607,-97.44228888
294001,3.00002E+13,31.05611965,-97.41612642
294101,3.00002E+13,31.05377383,-97.41468841
294611,3.00002E+13,31.07659056,-97.52850048
294621,3.00002E+13,31.07876339,-97.53445114
294201,3.00002E+13,31.02184724,-97.42726298
294202,3.00002E+13,31.02317573,-97.42932935
294203,3.00002E+13,31.02820086,-97.43609789
294204,3.00002E+13,31.03362143,-97.4368521
294205,3.00002E+13,31.03851611,-97.43702076
294301,3.00002E+13,31.08529264,-97.67875644
294302,3.00002E+13,31.09932502,-97.6718053
294331,3.00002E+13,31.08529264,-97.67875644
294332,3.00002E+13,31.0838188,-97.68269749
294333,3.00002E+13,31.08246805,-97.67912609
294351,3.00002E+13,31.08246805,-97.67912609
294401,3.00002E+13,31.10623672,-97.59923277
294431,3.00002E+13,31.10623672,-97.59923277
294501,3.00002E+13,31.07176879,-97.55925795
294711,3.00002E+13,31.08117812,-97.48603056
294721,3.00002E+13,31.07981481,-97.49537754
294801,3.00002E+13,31.08212487,-97.49501598
294901,3.00002E+13,31.08173349,-97.48811813
295001,3.00002E+13,31.06185291,-97.47182614
295002,3.00002E+13,31.06343768,-97.47388718
295101,3.00002E+13,31.02316379,-97.42872864
295211,3.00002E+13,31.0201302,-97.41860522
295221,3.00002E+13,31.02095021,-97.42098442
295301,3.00002E+13,31.01933757,-97.39191193
295302,3.00002E+13,31.01742427,-97.39916851
347601,3.00002E+13,31.81926301,-98.41012801
362601,3.00002E+13,31.95763733,-98.46780705
362602,3.00002E+13,31.95870917,-98.47142701
362603,3.00002E+13,31.96000664,-98.47231499
362701,3.00002E+13,31.95868788,-98.469608
362901,3.00002E+13,32.03349155,-98.37708415
362931,3.00002E+13,32.03349155,-98.37708415
363001,3.00002E+13,31.95258806,-98.45425079
363101,3.00002E+13,31.93999138,-98.45536631
363201,3.00002E+13,31.92919089,-98.45614876
363301,3.00002E+13,31.92321205,-98.45109666
363401,3.00002E+13,31.89830181,-98.4339358
363501,3.00002E+13,31.90180892,-98.42600187
363601,3.00002E+13,31.89757112,-98.41607721
363701,3.00002E+13,31.89308621,-98.58577381
363702,3.00002E+13,31.89047308,-98.5821783
363703,3.00002E+13,31.89173361,-98.57973616
363731,3.00002E+13,31.89308621,-98.58577381
363732,3.00002E+13,31.89047308,-98.5821783
363733,3.00002E+13,31.89173361,-98.57973616
363801,3.00002E+13,31.90494412,-98.54076203
363831,3.00002E+13,31.90494412,-98.54076203
363901,3.00002E+13,31.90494412,-98.54076203
364001,3.00002E+13,31.90825572,-98.5149608
364002,3.00002E+13,31.90801533,-98.51647836
364003,3.00002E+13,31.9069964,-98.51740424
364031,3.00002E+13,31.90825572,-98.5149608
364032,3.00002E+13,31.90801533,-98.51647836
364033,3.00002E+13,31.9069964,-98.51740424
364131,3.00002E+13,31.895019,-98.50517298
364201,3.00002E+13,31.88349469,-98.46568086
364301,3.00002E+13,31.86648531,-98.50804792
364302,3.00002E+13,31.86723038,-98.50561356
364303,3.00002E+13,31.86745562,-98.50288426
364304,3.00002E+13,31.8687112,-98.50013988
364331,3.00002E+13,31.86648531,-98.50804792
364332,3.00002E+13,31.86723038,-98.50561356
364333,3.00002E+13,31.86745562,-98.50288426
364334,3.00002E+13,31.8687112,-98.50013988
364401,3.00002E+13,31.87401734,-98.49157585
364431,3.00002E+13,31.87401734,-98.49157585
364501,3.00002E+13,31.86283739,-98.48176172
364531,3.00002E+13,31.86283739,-98.48176172
364532,3.00002E+13,31.86233277,-98.48267926
364601,3.00002E+13,31.90044274,-98.41936087
364701,3.00002E+13,31.9035731,-98.40173841
364702,3.00002E+13,31.90664598,-98.40047449
364731,3.00002E+13,31.9035731,-98.40173841
364732,3.00002E+13,31.90664598,-98.40047449
364801,3.00002E+13,31.90210381,-98.40782207
364802,3.00002E+13,31.89160546,-98.41223939
364901,3.00002E+13,31.89134162,-98.41163737
365001,3.00002E+13,31.88895174,-98.40562107
365101,3.00002E+13,31.87249874,-98.40711069
365102,3.00002E+13,31.87697277,-98.41521187
365201,3.00002E+13,31.87233072,-98.41438039
365301,3.00002E+13,31.87117605,-98.40410399
365401,3.00002E+13,31.86852822,-98.39809223
365402,3.00002E+13,31.86771194,-98.39447217
365501,3.00002E+13,31.86497378,-98.38119611
365502,3.00002E+13,31.8657803,-98.38390666
365601,3.00002E+13,31.87350386,-98.3634852
365701,3.00002E+13,31.86362399,-98.35547968
365801,3.00002E+13,31.86285886,-98.35609931
365901,3.00002E+13,31.85276821,-98.61786538
365931,3.00002E+13,31.85276821,-98.61786538
366001,3.00002E+13,31.81184684,-98.61755732
366002,3.00002E+13,31.81184684,-98.61755732
366003,3.00002E+13,31.81184684,-98.61755732
366031,3.00002E+13,31.81184684,-98.61755732
366101,3.00002E+13,31.82630092,-98.59736884
366201,3.00002E+13,31.81888977,-98.57841159
366231,3.00002E+13,31.81888977,-98.57841159
366301,3.00002E+13,31.74867139,-98.51263219
366331,3.00002E+13,31.74867139,-98.51263219
293531,3.00002E+13,31.21368771,-97.93457107
515901,3.00002E+13,31.97163442,-98.47637125
515931,3.00002E+13,31.97163442,-98.47637125
515951,3.00002E+13,31.97060163,-98.47608447
516001,3.00002E+13,31.1059066,-97.47365938
516002,3.00002E+13,31.1059066,-97.47365938
516031,3.00002E+13,31.1059066,-97.47365938
283703,3.00002E+13,31.80809006,-98.22238252
288421,3.00002E+13,31.6489225,-97.90300236
290301,3.00002E+13,31.33871314,-97.61563218
290311,3.00002E+13,31.33871314,-97.61563218
290302,3.00002E+13,31.33376158,-97.6404511
290321,3.00002E+13,31.33376158,-97.6404511
W12181,3.00002E+13,31.11643922,-97.76662991
W12182,3.00002E+13,31.03722345,-97.43675503
W12192,3.00002E+13,31.10591247,-97.47396
W12201,3.00002E+13,31.10617531,-97.47425248
W12202,3.00002E+13,31.31991034,-97.46554879
W12212,3.00002E+13,31.31334444,-97.47204646
CON080,3.00002E+13,31.95466479,-98.45660185
CON081,3.00002E+13,31.90072118,-98.42117313
CON082,3.00002E+13,31.89690364,-98.41515604
CON083,3.00002E+13,31.85697536,-98.35892737
CON084,3.00002E+13,31.8091069,-98.22145576
CON085,3.00002E+13,31.79159107,-98.16459717
CON086,3.00002E+13,31.71412678,-98.01863377
CON088,3.00002E+13,31.49003264,-97.81934983
CON089,3.00002E+13,31.38508627,-97.59005776
CON090,3.00002E+13,31.20255138,-97.50627465
CON091,3.00002E+13,31.05121899,-97.41565968
CON092,3.00002E+13,31.24852727,-97.84535905
CON098,3.00002E+13,31.03786916,-97.43703939
CON087,3.00002E+13,31.67894492,-97.96217801
LEHS45,3.00002E+13,31.95753755,-98.4593215
LEHM46,3.00002E+13,31.78838855,-98.1204843
LEGT47,3.00002E+13,31.43294641,-97.7618801
COPI48,3.00002E+13,31.2859779,-97.88453836
LEBE49,3.00002E+13,31.0700167,-97.44187763
22331,3.00002E+13,31.11939393,-97.74402666
22334,3.00002E+13,31.15487359,-97.74168081
22335,3.00002E+13,31.14949684,-97.7433118
22336,3.00002E+13,31.1858952,-97.80949593
100455,3.00002E+13,31.1462402,-97.9017755
101551,3.00002E+13,31.09178463,-97.65336643
101761,3.00002E+13,31.42699956,-97.74544129
101762,3.00002E+13,31.43837763,-97.74848643
103511,3.00002E+13,31.12480184,-97.50561026
103513,3.00002E+13,31.10784812,-97.70224073
103512,3.00002E+13,31.10785343,-97.70254005
113181,3.00002E+13,31.04370882,-97.43928283
1008,3.00002E+13,30.84364687,-96.67997816
P37611,3.00002E+13,30.81405832,-96.98506536
376102,3.00002E+13,30.82041096,-96.97048459
376201,3.00002E+13,30.95105444,-97.32569228
P37631,3.00002E+13,30.9702171,-97.43285955
376302,3.00002E+13,30.97015157,-97.42956142
376331,3.00002E+13,30.9702171,-97.43285955
391301,3.00002E+13,30.64590085,-97.73757123
391331,3.00002E+13,30.64590085,-97.73757123
397131,3.00002E+13,30.52934709,-97.72659273
P40001,3.00002E+13,31.01243598,-97.45903259
P40021,3.00002E+13,31.0040853,-97.4532544
P40031,3.00002E+13,31.00749471,-97.45646431
400702,3.00002E+13,30.50382595,-97.78362088
400703,3.00002E+13,30.50764927,-97.76651592
400751,3.00002E+13,30.49570223,-97.80530193
P40151,3.00002E+13,30.85460625,-97.2441951
401502,3.00002E+13,30.85096587,-97.24250308
401503,3.00002E+13,30.85410585,-97.23282285
P40911,3.00002E+13,30.6273066,-97.48452276
4091P1,3.00002E+13,30.6273066,-97.48452276
409511,3.00002E+13,30.95346325,-97.3301239
409521,3.00002E+13,30.9570055,-97.33962408
410911,3.00002E+13,30.85951359,-97.2449519
410921,3.00002E+13,30.8688398,-97.24768002
P41301,3.00002E+13,31.0196567,-97.52607713
4130P1,3.00002E+13,31.0196567,-97.52607713
416611,3.00002E+13,30.53264857,-97.32275994
416621,3.00002E+13,30.52918259,-97.3294278
417131,3.00002E+13,30.48683886,-97.68163611
P42121,3.00002E+13,30.78196315,-96.98877551
421251,3.00002E+13,30.78196315,-96.98877551
421252,3.00002E+13,30.78272071,-96.98815202
427901,3.00002E+13,30.79489217,-97.12672901
427902,3.00002E+13,30.78836029,-97.12243411
427903,3.00002E+13,30.79133017,-97.12863386
427931,3.00002E+13,30.79133017,-97.12863386
427951,3.00002E+13,30.78966645,-97.12329279
507601,3.00002E+13,31.00583593,-97.47691624
507711,3.00002E+13,30.88499548,-96.88239462
507721,3.00002E+13,30.88149027,-96.89719752
511831,3.00002E+13,30.52901083,-97.72212045
518831,3.00002E+13,30.58668592,-97.42224563
522631,3.00002E+13,31.11565668,-97.33097512
522731,3.00002E+13,30.97071471,-97.2444336
550001,3.00002E+13,30.85384855,-97.22084361
550002,3.00002E+13,30.85005981,-97.23623621
553301,3.00002E+13,30.70921157,-97.72200932
553331,3.00002E+13,30.70921157,-97.72200932
553332,3.00002E+13,30.70732172,-97.73162809
554801,3.00002E+13,31.0403559,-97.27514241
559311,3.00002E+13,31.03184996,-97.99225104
559321,3.00002E+13,31.05078324,-97.98494605
559411,3.00002E+13,30.98987013,-97.84671379
559421,3.00002E+13,30.99732369,-97.86154987
293851,3.00002E+13,31.07803012,-97.3164137
295401,3.00002E+13,31.56667657,-98.37935901
295431,3.00002E+13,31.5660168,-98.3884255
295432,3.00002E+13,31.56648651,-98.38479514
295433,3.00002E+13,31.56667657,-98.37935901
295451,3.00002E+13,31.5660168,-98.3884255
295452,3.00002E+13,31.56648651,-98.38479514
295501,3.00002E+13,31.47586757,-98.42433874
295502,3.00002E+13,31.47590408,-98.4273532
295531,3.00002E+13,31.47590408,-98.4273532
295701,3.00002E+13,31.43727769,-98.34268683
295811,3.00002E+13,31.32156356,-98.17730785
295821,3.00002E+13,31.32363893,-98.17847236
295901,3.00002E+13,31.26929747,-98.17590449
295902,3.00002E+13,31.27087094,-98.17798174
296101,3.00002E+13,31.23262048,-98.11283992
296102,3.00002E+13,31.23473578,-98.11670753
296103,3.00002E+13,31.2365454,-98.11727393
296104,3.00002E+13,31.240396,-98.11659521
296105,3.00002E+13,31.24142961,-98.11687587
296211,3.00002E+13,31.2317377,-98.14083177
296221,3.00002E+13,31.22491107,-98.14938751
296301,3.00002E+13,31.22449936,-98.10307505
296302,3.00002E+13,31.22683685,-98.10453264
296303,3.00002E+13,31.2391695,-98.10308301
296304,3.00002E+13,31.23995489,-98.1039695
296305,3.00002E+13,31.24428925,-98.10117624
296331,3.00002E+13,31.2391695,-98.10308301
296332,3.00002E+13,31.23995489,-98.1039695
296333,3.00002E+13,31.24428925,-98.10117624
296501,3.00002E+13,31.13485443,-98.06309621
296502,3.00002E+13,31.13742305,-98.062743
296503,3.00002E+13,31.13921944,-98.06240553
296601,3.00002E+13,31.16460001,-98.17971929
296631,3.00002E+13,31.16460001,-98.17971929
296701,3.00002E+13,31.08597415,-98.03045399
296702,3.00002E+13,31.08597415,-98.03045399
296703,3.00002E+13,31.08597415,-98.03045399
296731,3.00002E+13,31.08597415,-98.03045399
296831,3.00002E+13,31.08781784,-98.26738695
296901,3.00002E+13,31.04528823,-98.18770661
296902,3.00002E+13,31.0465625,-98.18678199
297001,3.00002E+13,31.04573974,-98.18319505
297002,3.00002E+13,31.04907254,-98.18223103
297201,3.00002E+13,31.05550526,-98.18210807
297231,3.00002E+13,31.05550526,-98.18210807
297232,3.00002E+13,31.05879948,-98.17844197
297301,3.00002E+13,31.08383737,-98.20198803
297331,3.00002E+13,31.08383737,-98.20198803
297401,3.00002E+13,31.06999868,-98.16951852
297501,3.00002E+13,31.07100191,-98.16769807
297502,3.00002E+13,31.07354107,-98.16524668
297601,3.00002E+13,31.07427923,-98.16282996
297711,3.00002E+13,31.07023101,-98.14969509
297721,3.00002E+13,31.07109749,-98.15628418
297801,3.00002E+13,31.07633787,-98.14477117
297802,3.00002E+13,31.07303603,-98.14783932
297831,3.00002E+13,31.07633787,-98.14477117
297911,3.00002E+13,31.06066168,-98.1285626
297921,3.00002E+13,31.0614724,-98.13124941
298001,3.00002E+13,31.06368866,-98.12429979
298002,3.00002E+13,31.06574284,-98.12395866
298101,3.00002E+13,31.06675067,-98.08730422
298102,3.00002E+13,31.06929219,-98.08515134
298201,3.00002E+13,31.07029035,-98.08302946
298301,3.00002E+13,31.07053461,-98.08212396
298401,3.00002E+13,31.07078273,-98.08151769
298501,3.00002E+13,31.06993978,-98.0767299
298601,3.00002E+13,31.07701493,-98.06787841
298602,3.00002E+13,31.07492054,-98.06551844
298701,3.00002E+13,31.08412959,-98.04460817
298801,3.00002E+13,31.0821655,-98.01701721
298802,3.00002E+13,31.08087405,-98.01674348
298901,3.00002E+13,31.00980013,-97.96480664
299011,3.00002E+13,31.00855832,-97.95132914
299021,3.00002E+13,31.01341197,-97.96533028
299111,3.00002E+13,30.9611708,-97.94964899
299121,3.00002E+13,30.95355576,-97.956411
299201,3.00002E+13,30.96266234,-97.94631755
299231,3.00002E+13,30.96266234,-97.94631755
299301,3.00002E+13,30.97332577,-97.93708675
299302,3.00002E+13,30.97635129,-97.93312201
299311,3.00002E+13,30.97635129,-97.93312201
299321,3.00002E+13,30.97162041,-97.94312364
299331,3.00002E+13,30.97332577,-97.93708675
299332,3.00002E+13,30.97635129,-97.93312201
299411,3.00002E+13,30.96931441,-97.94377411
299421,3.00002E+13,30.96855171,-97.9443899
299501,3.00002E+13,30.9972436,-97.91976518
299502,3.00002E+13,30.99547162,-97.9216037
299503,3.00002E+13,30.99448092,-97.92402589
299601,3.00002E+13,31.00214325,-97.87284456
299711,3.00002E+13,30.96971435,-97.78117304
299721,3.00002E+13,30.97959814,-97.80224437
299801,3.00002E+13,30.97250382,-97.77870795
299802,3.00002E+13,30.96410993,-97.76960473
299901,3.00002E+13,30.9705992,-97.77275236
300001,3.00002E+13,30.96132603,-97.74267298
300002,3.00002E+13,30.95875297,-97.742734
300101,3.00002E+13,30.95321221,-97.72036949
300201,3.00002E+13,30.95487593,-97.71253146
300301,3.00002E+13,30.95676899,-97.70318748
300401,3.00002E+13,31.01334114,-97.50553189
300501,3.00002E+13,31.00698121,-97.4960944
300611,3.00002E+13,31.00228022,-97.4926167
300621,3.00002E+13,31.00671782,-97.49580087
300701,3.00002E+13,30.99752668,-97.48643947
300702,3.00002E+13,30.99564425,-97.48228848
300703,3.00002E+13,30.99353332,-97.47964319
300704,3.00002E+13,30.9866622,-97.47052333
300705,3.00002E+13,30.9964686,-97.47176348
300801,3.00002E+13,30.98829973,-97.47528101
300901,3.00002E+13,30.99939811,-97.47678783
300902,3.00002E+13,30.99650962,-97.47386276
300903,3.00002E+13,30.99593055,-97.47057737
301001,3.00002E+13,31.01097591,-97.47648077
301101,3.00002E+13,30.99486142,-97.44239734
301201,3.00002E+13,30.94392276,-97.53674345
301231,3.00002E+13,30.94392276,-97.53674345
301301,3.00002E+13,30.95218416,-97.52453137
301331,3.00002E+13,30.95218416,-97.52453137
301401,3.00002E+13,30.96273472,-97.48435894
301431,3.00002E+13,30.96334258,-97.4891428
301501,3.00002E+13,30.96889374,-97.44399485
301502,3.00002E+13,30.97081885,-97.45024394
372501,3.00002E+13,31.07387011,-97.33935675
372601,3.00002E+13,30.90150041,-97.47278497
372602,3.00002E+13,30.90074638,-97.47370405
372631,3.00002E+13,30.90150041,-97.47278497
372632,3.00002E+13,30.90074638,-97.47370405
372701,3.00002E+13,30.80598269,-97.28214069
372731,3.00002E+13,30.80598269,-97.28214069
372751,3.00002E+13,30.81382592,-97.27562646
372831,3.00002E+13,30.7952698,-97.27465889
372901,3.00002E+13,30.85790356,-97.12344272
372931,3.00002E+13,30.85790356,-97.12344272
373001,3.00002E+13,30.73375533,-97.89378943
373002,3.00002E+13,30.73476454,-97.89257014
373031,3.00002E+13,30.73375533,-97.89378943
373032,3.00002E+13,30.73476454,-97.89257014
373101,3.00002E+13,30.72356944,-97.90059639
373231,3.00002E+13,30.71853464,-97.90758848
377303,3.00002E+13,30.84860747,-96.8155597
377304,3.00002E+13,30.84637303,-96.81893045
377305,3.00002E+13,30.84946781,-96.82961574
373331,3.00002E+13,30.66285965,-97.71455377
373332,3.00002E+13,30.65366686,-97.69642392
373401,3.00002E+13,30.65080446,-97.6946983
373402,3.00002E+13,30.64618863,-97.69570765
373403,3.00002E+13,30.64525007,-97.70081204
373431,3.00002E+13,30.65080446,-97.6946983
373432,3.00002E+13,30.64618863,-97.69570765
373433,3.00002E+13,30.64525007,-97.70081204
373501,3.00002E+13,30.70356481,-98.03595131
373502,3.00002E+13,30.7048791,-98.03771853
373503,3.00002E+13,30.70668474,-98.0379809
373504,3.00002E+13,30.706956,-98.03887248
373601,3.00002E+13,30.65488946,-97.93559442
373701,3.00002E+13,30.62075129,-97.72740618
373831,3.00002E+13,30.6518102,-97.66477474
373901,3.00002E+13,30.65146755,-97.64594605
373951,3.00002E+13,30.65146755,-97.64594605
374001,3.00002E+13,30.67038253,-97.62454574
374101,3.00002E+13,30.66967461,-97.61409639
374201,3.00002E+13,30.67191823,-97.61015336
374202,3.00002E+13,30.68270959,-97.61066849
374211,3.00002E+13,30.67140911,-97.61046419
374221,3.00002E+13,30.67042415,-97.61288139
374301,3.00002E+13,30.67793599,-97.61538573
374302,3.00002E+13,30.67672703,-97.6196025
374303,3.00002E+13,30.67805201,-97.62166408
374304,3.00002E+13,30.6799307,-97.62580399
374401,3.00002E+13,30.66419489,-97.59629167
374402,3.00002E+13,30.66970416,-97.60183492
374501,3.00002E+13,30.65935065,-97.59880587
374502,3.00002E+13,30.66811014,-97.59918308
374503,3.00002E+13,30.66942487,-97.60064567
374601,3.00002E+13,30.63626477,-97.54856308
374701,3.00002E+13,30.62733466,-97.49917042
374801,3.00002E+13,30.64440535,-97.43772975
374901,3.00002E+13,30.71792649,-97.07009639
374902,3.00002E+13,30.71692452,-97.07132415
374903,3.00002E+13,30.7183057,-97.07547065
374904,3.00002E+13,30.71471102,-97.07588038
374905,3.00002E+13,30.7124426,-97.07804419
375001,3.00002E+13,30.72374701,-97.0543556
375002,3.00002E+13,30.72095755,-97.05623663
375003,3.00002E+13,30.71874463,-97.0607947
375004,3.00002E+13,30.71881957,-97.06408388
375005,3.00002E+13,30.71992358,-97.06734143
375101,3.00002E+13,30.5142651,-97.6326038
375231,3.00002E+13,30.58163489,-97.41431453
375301,3.00002E+13,30.55663251,-97.21544403
375331,3.00002E+13,30.55663251,-97.21544403
375332,3.00002E+13,30.55503048,-97.21280178
375351,3.00002E+13,30.55530045,-97.21339202
375401,3.00002E+13,30.604838,-97.23017847
375431,3.00002E+13,30.604838,-97.23017847
375501,3.00002E+13,30.63626419,-97.25497917
375502,3.00002E+13,30.63630874,-97.25707045
375503,3.00002E+13,30.62125184,-97.25122608
375504,3.00002E+13,30.6299781,-97.26203565
375505,3.00002E+13,30.62185564,-97.25539319
375506,3.00002E+13,30.62271911,-97.24759656
375531,3.00002E+13,30.6299781,-97.26203565
375532,3.00002E+13,30.62185564,-97.25539319
375533,3.00002E+13,30.62271911,-97.24759656
375601,3.00002E+13,30.59786821,-97.27760026
375701,3.00002E+13,30.62569116,-97.24212916
375731,3.00002E+13,30.62569116,-97.24212916
375801,3.00002E+13,30.76067196,-97.01429546
375901,3.00002E+13,30.8045534,-96.98596434
375902,3.00002E+13,30.80182457,-96.96838045
375903,3.00002E+13,30.80055956,-96.9693189
375931,3.00002E+13,30.80182457,-96.96838045
375932,3.00002E+13,30.80055956,-96.9693189
376001,3.00002E+13,30.83314744,-96.96468723
376101,3.00002E+13,30.84035105,-96.9644578
376131,3.00002E+13,30.84035105,-96.9644578
376231,3.00002E+13,30.70350563,-96.89400792
376301,3.00002E+13,30.85820184,-96.93541784
376501,3.00002E+13,30.88275661,-96.9286323
376502,3.00002E+13,30.884185,-96.93458193
376503,3.00002E+13,30.88512753,-96.94174648
376504,3.00002E+13,30.88030355,-96.94459962
376601,3.00002E+13,30.88398565,-96.9261944
376602,3.00002E+13,30.89346142,-96.92409038
376603,3.00002E+13,30.88637271,-96.91832345
376604,3.00002E+13,30.88189936,-96.91427192
376605,3.00002E+13,30.87796904,-96.91140091
376701,3.00002E+13,30.96992795,-97.25585692
376702,3.00002E+13,30.96338794,-97.25094628
376703,3.00002E+13,30.96229855,-97.24840433
376704,3.00002E+13,30.960481,-97.24743021
376705,3.00002E+13,30.96080236,-97.25042029
376731,3.00002E+13,30.96992795,-97.25585692
376732,3.00002E+13,30.96338794,-97.25094628
376733,3.00002E+13,30.96229855,-97.24840433
376734,3.00002E+13,30.960481,-97.24743021
376735,3.00002E+13,30.96080236,-97.25042029
376801,3.00002E+13,30.88155397,-96.99791713
376831,3.00002E+13,30.88155397,-96.99791713
376901,3.00002E+13,30.87478151,-96.90730832
377001,3.00002E+13,30.84210816,-96.8550319
377002,3.00002E+13,30.84241674,-96.857119
377101,3.00002E+13,30.84642459,-96.84200389
377102,3.00002E+13,30.84438112,-96.84267028
377103,3.00002E+13,30.84210265,-96.84424439
377201,3.00002E+13,30.8468878,-96.83988984
377202,3.00002E+13,30.84677047,-96.83510026
377203,3.00002E+13,30.84970329,-96.82870918
377302,3.00002E+13,30.85050235,-96.80890391
377306,3.00002E+13,30.84752049,-96.83417534
377307,3.00002E+13,30.8445214,-96.83787097
377332,3.00002E+13,30.84637303,-96.81893045
377401,3.00002E+13,30.84882139,-96.82424364
377501,3.00002E+13,30.85899713,-96.79842976
377502,3.00002E+13,30.85099467,-96.80798868
377503,3.00002E+13,30.84885706,-96.81525135
516101,3.00002E+13,31.02181764,-97.53142347
516102,3.00002E+13,31.02181764,-97.53142347
516131,3.00002E+13,31.02181764,-97.53142347
516201,3.00002E+13,30.66630243,-97.72662151
516202,3.00002E+13,30.66630243,-97.72662151
516231,3.00002E+13,30.66630243,-97.72662151
516251,3.00002E+13,30.66577196,-97.72573733
516301,3.00002E+13,30.70195748,-97.33057766
516302,3.00002E+13,30.70195748,-97.33057766
516331,3.00002E+13,30.70195748,-97.33057766
516351,3.00002E+13,30.70060309,-97.32732488
296001,3.00002E+13,31.26693114,-98.17233895
296401,3.00002E+13,31.16321188,-98.06612512
297101,3.00002E+13,31.05608306,-98.18660047
297102,3.00002E+13,31.05525608,-98.18271267
376401,3.00002E+13,30.87608798,-96.94053755
376402,3.00002E+13,30.87264382,-96.93645235
W12131,3.00002E+13,30.98402031,-97.40218159
W12141,3.00002E+13,30.70196365,-97.33087569
W12142,3.00002E+13,30.74866785,-97.02212142
W12151,3.00002E+13,31.02181764,-97.53142347
W12152,3.00002E+13,30.98428333,-97.40247349
W12161,3.00002E+13,30.99179967,-97.69003863
W12162,3.00002E+13,31.04052518,-97.52703581
W12171,3.00002E+13,30.94315685,-97.74880186
W12172,3.00002E+13,31.57634064,-98.37013589
W12191,3.00002E+13,30.98427732,-97.40217457
W12431,3.00002E+13,30.82787289,-97.69251421
W12432,3.00002E+13,30.97112074,-97.42093833
W12441,3.00002E+13,30.51912205,-97.74534758
W12442,3.00002E+13,30.7240974,-97.04716224
W12471,3.00002E+13,30.70254545,-97.42270697
W12472,3.00002E+13,30.71344288,-97.32576843
W12481,3.00002E+13,30.66734227,-97.72719421
W12482,3.00002E+13,30.64706936,-97.41642917
W12491,3.00002E+13,30.69254627,-97.81513357
W12492,3.00002E+13,30.66576667,-97.72543808
W12501,3.00002E+13,30.74827927,-98.17090236
W12502,3.00002E+13,30.63952525,-97.68301314
W12511,3.00002E+13,30.89788681,-98.230677
CON094,3.00002E+13,30.99477164,-97.92611972
CON095,3.00002E+13,30.9819149,-97.41274081
CON096,3.00002E+13,30.98402031,-97.40218159
CON099,3.00002E+13,30.86540227,-97.27984575
CON100,3.00002E+13,30.8039235,-97.12765491
CON101,3.00002E+13,30.80390351,-97.12675729
CON102,3.00002E+13,30.72407686,-97.04626539
CON103,3.00002E+13,30.65171169,-97.69414445
CON105,3.00002E+13,30.64653104,-97.67178025
CON106,3.00002E+13,30.67165507,-97.60986055
CON107,3.00002E+13,30.76042189,-97.01460301
CON108,3.00002E+13,30.83290061,-96.95420868
CON109,3.00002E+13,30.89255299,-96.92768841
CON110,3.00002E+13,30.88221417,-97.2958518
CON183,3.00002E+13,31.11255503,-98.05213478
CON184,3.00002E+13,31.22736025,-98.10512313
CON185,3.00002E+13,31.2365454,-98.11727393
CON186,3.00002E+13,31.26089293,-98.12792324
CON187,3.00002E+13,31.40683792,-98.20188553
CON188,3.00002E+13,31.0854458,-98.0295629
LAKE50,3.00002E+13,31.08165088,-98.01702795
LAYO51,3.00002E+13,30.95711706,-97.70827878
LABE52,3.00002E+13,31.00175399,-97.49202968
LRLR53,3.00002E+13,30.96666038,-97.3459539
NGGE54,3.00002E+13,30.66216233,-97.71087083
SGGE55,3.00002E+13,30.62602662,-97.69111192
GAGE56,3.00002E+13,30.65343749,-97.65516656
GALA57,3.00002E+13,30.69444363,-97.27903368
LRCA58,3.00002E+13,30.83151554,-96.95005765
104702,3.00002E+13,31.07592832,-97.31437083
104893,3.00002E+13,30.65355157,-97.66144335
123081,3.00002E+13,30.49619655,-97.80409654
102991,3.00002E+13,30.55794079,-97.38836948
100451,3.00002E+13,31.09279049,-97.90716129
104891,3.00002E+13,30.67452468,-97.61188196
100041,3.00002E+13,30.84158133,-96.96202143
102051,3.00002E+13,31.06999019,-98.16891875
102641,3.00002E+13,30.51460794,-97.66543702
102642,3.00002E+13,30.52685581,-97.61736055
104892,3.00002E+13,30.63085487,-97.63091029
114591,3.00002E+13,30.46672229,-97.7967158
126441,3.00002E+13,30.5817441,-97.83917848
1009,3.00002E+13,30.37927567,-96.299133
393601,3.00007E+13,31.45185969,-97.00154871
393602,3.00007E+13,31.46227564,-97.04042583
393603,3.00007E+13,31.46381228,-97.04007717
401311,3.00002E+13,31.31192705,-96.98399069
401312,3.00002E+13,31.2983406,-96.97539074
401321,3.00002E+13,31.31499305,-96.98299007
401322,3.00002E+13,31.30367557,-96.99449136
401411,3.00002E+13,31.30959201,-96.99430384
401421,3.00002E+13,31.35012997,-96.97735317
401622,3.00002E+13,30.39817581,-96.30257823
P40231,3.00002E+13,30.95017251,-96.75846306
P40421,3.00002E+13,31.38134798,-97.01372364
404202,3.00002E+13,31.37175388,-96.99956391
P40631,3.00002E+13,31.1481648,-96.85271444
407511,3.00002E+13,31.06449128,-96.789707
407521,3.00002E+13,31.06346876,-96.82127824
P40761,3.00002E+13,31.04778948,-96.78066092
407651,3.00002E+13,31.04716527,-96.76596784
P40781,3.00002E+13,31.0420659,-96.76794238
407802,3.00002E+13,31.02434615,-96.76974548
407803,3.00002E+13,31.00845728,-96.77268652
407851,3.00002E+13,31.00275292,-96.77107967
P40801,3.00002E+13,30.75005387,-96.62545672
P40802,3.00002E+13,30.74327247,-96.6319836
P40803,3.00002E+13,30.73221793,-96.62279525
408004,3.00002E+13,30.72876356,-96.61872638
408051,3.00002E+13,30.72925285,-96.60793474
P40891,3.00002E+13,31.38134798,-97.01372364
P40892,3.00002E+13,31.37175388,-96.99956391
P40171,3.00002E+13,30.43531365,-96.28652141
401702,3.00002E+13,30.40787939,-96.27296621
P41081,3.00002E+13,31.25795128,-96.93273967
P41082,3.00002E+13,31.2466383,-96.92102396
P41281,3.00002E+13,30.53392848,-96.39441472
P41401,3.00002E+13,30.44156603,-96.64498727
414051,3.00002E+13,30.44509016,-96.64188007
P41451,3.00002E+13,30.82693937,-96.65119885
414551,3.00002E+13,30.8216005,-96.64389586
424601,3.00002E+13,31.28683206,-96.96762962
500001,3.00007E+13,31.57273838,-96.91870146
500031,3.00007E+13,31.57273838,-96.91870146
508501,3.00007E+13,31.5213451,-97.06845531
508551,3.00007E+13,31.52081699,-97.06786743
508552,3.00007E+13,31.52001154,-97.06638444
510631,3.00002E+13,31.08801379,-96.67114299
511731,3.00002E+13,31.10973303,-96.65475526
511732,3.00002E+13,31.08209329,-96.6512219
514831,3.00002E+13,31.08366527,-96.69232491
514832,3.00002E+13,31.09757089,-96.69244123
514833,3.00002E+13,31.09730198,-96.68193429
5326P1,3.00002E+13,31.10973303,-96.65475526
5326P2,3.00002E+13,31.10409835,-96.64593928
P53491,3.00002E+13,30.62836868,-96.5325802
548231,3.00002E+13,31.08200783,-96.63800597
554031,3.00002E+13,30.60103778,-97.03126117
554032,3.00002E+13,30.58507752,-97.00942997
556311,3.00002E+13,31.33778442,-97.000036
559201,3.00002E+13,31.33634524,-96.9934556
560301,3.00002E+13,30.4501681,-96.34653384
560302,3.00002E+13,30.46498055,-96.33313223
375851,3.00002E+13,30.57403893,-97.04910874
433901,3.00007E+13,31.58449186,-97.15316587
434001,3.00007E+13,31.55081935,-97.09712589
434031,3.00007E+13,31.55081935,-97.09712589
434201,3.00007E+13,31.51796952,-97.0444173
434202,3.00007E+13,31.54864804,-96.97915974
434231,3.00007E+13,31.54864804,-96.97915974
434331,3.00007E+13,31.57328872,-97.00947448
434332,3.00007E+13,31.57328872,-97.00947448
434401,3.00007E+13,31.51511267,-97.04329944
434402,3.00007E+13,31.52328561,-97.05179656
434411,3.00007E+13,31.51925547,-97.04437712
434421,3.00007E+13,31.52291538,-97.03551159
434501,3.00007E+13,31.44449445,-96.99031314
434502,3.00007E+13,31.45456309,-96.98487624
434531,3.00007E+13,31.45456309,-96.98487624
434601,3.00002E+13,31.35087338,-96.97612444
434602,3.00002E+13,31.35263175,-96.97426143
434701,3.00002E+13,31.34568365,-97.32983447
434731,3.00002E+13,31.34568365,-97.32983447
434801,3.00002E+13,31.36860665,-97.30185831
434831,3.00002E+13,31.36860665,-97.30185831
434901,3.00002E+13,31.39514209,-97.29055484
434902,3.00002E+13,31.35943884,-97.2819351
434903,3.00002E+13,31.34653205,-97.28019697
434931,3.00002E+13,31.39514209,-97.29055484
434932,3.00002E+13,31.35943884,-97.2819351
434933,3.00002E+13,31.34653205,-97.28019697
435001,3.00002E+13,31.37895602,-97.24310857
435031,3.00002E+13,31.37895602,-97.24310857
435101,3.00002E+13,31.33324093,-97.16432491
435131,3.00002E+13,31.33324093,-97.16432491
435201,3.00002E+13,31.34210859,-97.08815539
435231,3.00002E+13,31.34210859,-97.08815539
435301,3.00002E+13,31.34301839,-97.04866732
435331,3.00002E+13,31.34301839,-97.04866732
435401,3.00002E+13,31.34301839,-97.04866732
435431,3.00002E+13,31.34301839,-97.04866732
435501,3.00002E+13,31.28838963,-96.9681826
435502,3.00002E+13,31.33445917,-96.85948144
435503,3.00002E+13,31.33951269,-96.77165829
435531,3.00002E+13,31.33445917,-96.85948144
435532,3.00002E+13,31.35069824,-96.87099395
435533,3.00002E+13,31.33951269,-96.77165829
435551,3.00002E+13,31.33445917,-96.85948144
435552,3.00002E+13,31.35069824,-96.87099395
435553,3.00002E+13,31.33951269,-96.77165829
435554,3.00002E+13,31.35044128,-96.87100243
435601,3.00002E+13,31.17496008,-96.9724048
435631,3.00002E+13,31.17496008,-96.9724048
435731,3.00002E+13,31.1623404,-96.88531736
435801,3.00002E+13,31.15523416,-96.85759149
435802,3.00002E+13,31.15389715,-96.85553025
435851,3.00002E+13,31.15472167,-96.85611291
435901,3.00002E+13,31.10819204,-96.82879653
435902,3.00002E+13,31.11050697,-96.82871928
436001,3.00002E+13,31.06862877,-97.00522579
436002,3.00002E+13,31.06867041,-97.00702598
436031,3.00002E+13,31.06867041,-97.00702598
436051,3.00002E+13,31.06867041,-97.00702598
436052,3.00002E+13,31.08064122,-96.97931441
436101,3.00002E+13,30.94210022,-96.75483786
436201,3.00002E+13,30.93184836,-96.75668737
436301,3.00002E+13,30.91633139,-96.73352413
436302,3.00002E+13,30.92002373,-96.74719406
436303,3.00002E+13,30.93273205,-96.71016629
436304,3.00002E+13,30.93394398,-96.7173234
436305,3.00002E+13,30.93394398,-96.7173234
436401,3.00002E+13,30.92092688,-96.74738514
436402,3.00002E+13,30.90524011,-96.7327051
436403,3.00002E+13,30.90728242,-96.73203594
436404,3.00002E+13,30.9093177,-96.73106679
436405,3.00002E+13,30.93411946,-96.69392121
436406,3.00002E+13,30.9306406,-96.69884119
436501,3.00002E+13,30.90656687,-96.70387326
436601,3.00002E+13,30.90919791,-96.69598595
436701,3.00002E+13,30.89668887,-96.69012289
436702,3.00002E+13,30.90399568,-96.68387162
436801,3.00002E+13,30.82133517,-96.64360526
436802,3.00002E+13,30.82372076,-96.64621813
436901,3.00002E+13,30.75362593,-96.7648426
436902,3.00002E+13,30.75334644,-96.76395425
436931,3.00002E+13,30.75362593,-96.7648426
436932,3.00002E+13,30.75334644,-96.76395425
437001,3.00002E+13,30.71254901,-96.58967472
437002,3.00002E+13,30.71174588,-96.58850634
437003,3.00002E+13,30.71334833,-96.58096685
437004,3.00002E+13,30.71282588,-96.58068597
437031,3.00002E+13,30.71334833,-96.58096685
437032,3.00002E+13,30.71282588,-96.58068597
437101,3.00002E+13,30.70464483,-96.57319928
437102,3.00002E+13,30.70545662,-96.57466671
437201,3.00002E+13,30.69215397,-96.5682626
437202,3.00002E+13,30.68774288,-96.55735059
437231,3.00002E+13,30.68774288,-96.55735059
437331,3.00002E+13,30.66160214,-96.79158891
437332,3.00002E+13,30.66144185,-96.79548286
437431,3.00002E+13,30.60663081,-96.6849269
437501,3.00002E+13,31.10010822,-96.68093518
437502,3.00002E+13,31.10260359,-96.67784376
437503,3.00002E+13,31.10562876,-96.67533398
437531,3.00002E+13,31.10260359,-96.67784376
437532,3.00002E+13,31.10562876,-96.67533398
437601,3.00002E+13,31.02120669,-96.51015302
437701,3.00002E+13,30.96502884,-96.54672091
437731,3.00002E+13,30.96410393,-96.55065435
437732,3.00002E+13,30.96502884,-96.54672091
437733,3.00002E+13,30.96670096,-96.54185904
437831,3.00002E+13,30.85009713,-96.45767899
516401,3.00002E+13,30.31936739,-96.52379326
516402,3.00002E+13,30.31936739,-96.52379326
516431,3.00002E+13,30.31936739,-96.52379326
516451,3.00002E+13,30.32349205,-96.52394072
526801,3.00002E+13,30.70989894,-96.45330644
526831,3.00002E+13,30.70989894,-96.45330644
526851,3.00002E+13,30.70989894,-96.45330644
526901,3.00002E+13,30.66462849,-96.41789672
526902,3.00002E+13,30.66034692,-96.43061985
527031,3.00002E+13,30.6338255,-96.41217312
527101,3.00002E+13,30.54961539,-96.42130928
527102,3.00002E+13,30.54329951,-96.43499006
527131,3.00002E+13,30.54380575,-96.4346721
527201,3.00002E+13,30.59296878,-97.04374369
527231,3.00002E+13,30.59296878,-97.04374369
527301,3.00002E+13,30.59870775,-97.03579459
527331,3.00002E+13,30.59870775,-97.03579459
527401,3.00002E+13,30.50637257,-96.99565991
527431,3.00002E+13,30.50637257,-96.99565991
527501,3.00002E+13,30.20827496,-96.91186233
527502,3.00002E+13,30.20827496,-96.91186233
527531,3.00002E+13,30.20827496,-96.91186233
527532,3.00002E+13,30.20827496,-96.91186233
527601,3.00002E+13,30.16468398,-96.6943375
527631,3.00002E+13,30.16468398,-96.6943375
527701,3.00002E+13,30.25687052,-96.69255066
527731,3.00002E+13,30.25687052,-96.69255066
527732,3.00002E+13,30.25956572,-96.69722331
527733,3.00002E+13,30.25966527,-96.70109226
527831,3.00002E+13,30.19425435,-96.66137332
527931,3.00002E+13,30.3125739,-96.63609288
527932,3.00002E+13,30.31329869,-96.63427996
527933,3.00002E+13,30.32207801,-96.63516383
528001,3.00002E+13,30.26073736,-96.55570396
528051,3.00002E+13,30.26203953,-96.55625228
528131,3.00002E+13,30.56918441,-96.76152514
528231,3.00002E+13,30.50388117,-96.76552722
528232,3.00002E+13,30.5113698,-96.77662118
528331,3.00002E+13,30.44414909,-96.56649043
528334,3.00002E+13,30.45263562,-96.54760361
528336,3.00002E+13,30.4497011,-96.55398384
528332,3.00002E+13,30.42809833,-96.57534459
528333,3.00002E+13,30.45416964,-96.55680043
528335,3.00002E+13,30.4559287,-96.56479556
528401,3.00002E+13,30.38723973,-96.38890155
528431,3.00002E+13,30.38723973,-96.38890155
528511,3.00002E+13,30.41552755,-96.28477355
528522,3.00002E+13,30.40447838,-96.29786015
547001,3.00002E+13,30.8798379,-96.68561296
556321,3.00002E+13,31.3431446,-96.99805963
W12111,3.00002E+13,30.31936739,-96.52379326
W12112,3.00002E+13,30.3797988,-96.29941137
W12121,3.00002E+13,30.30957366,-96.69907619
W12122,3.00002E+13,30.31936739,-96.52379326
W12132,3.00002E+13,30.84387303,-96.67877157
W12423,3.00002E+13,31.33476412,-96.85956012
W12424,3.00002E+13,31.36227372,-96.87061177
CON111,3.00002E+13,30.84387303,-96.67877157
CON112,3.00007E+13,31.51823391,-97.04471115
CON113,3.00002E+13,31.30917084,-96.99558837
CON114,3.00002E+13,31.20123744,-96.90780178
CON115,3.00002E+13,31.16472423,-96.87742102
CON116,3.00002E+13,31.15925329,-96.86407232
CON117,3.00002E+13,31.01776256,-96.77417276
CON118,3.00002E+13,30.77914682,-96.64509016
CON119,3.00002E+13,30.64049803,-96.60121834
CON120,3.00002E+13,30.62826382,-96.53826492
CON121,3.00002E+13,30.62804481,-96.51106432
CON122,3.00002E+13,30.58726496,-96.42318807
CON123,3.00002E+13,30.34354483,-96.45673225
CON124,3.00002E+13,30.31940183,-96.74105658
CON125,3.00002E+13,30.29574153,-96.681973
CON126,3.00002E+13,30.29443854,-96.64179497
CON128,3.00002E+13,30.30907531,-96.60105111
CON129,3.00002E+13,30.36480922,-96.36976916
CON130,3.00002E+13,30.37927567,-96.299133
CON216,3.00007E+13,31.52653082,-97.07010482
CON217,3.00007E+13,31.4454141,-96.98999247
CON218,3.00002E+13,31.14525504,-96.84950442
CON219,3.00002E+13,30.42509972,-96.54829802
CON220,3.00002E+13,30.42710037,-96.55568578
CON221,3.00002E+13,30.4289312,-96.56636056
CON222,3.00002E+13,30.43880605,-96.62807548
CON223,3.00002E+13,30.46405693,-96.65822739
CON224,3.00002E+13,30.52835807,-96.91283863
CON225,3.00002E+13,30.58468657,-97.0084385
CON226,3.00002E+13,30.57226445,-97.02795048
CON227,3.00002E+13,30.30115856,-96.62308515
BRWA41,3.00007E+13,31.5356157,-97.0734455
BRHB42,3.00002E+13,31.13382719,-96.82433518
BRBR59,3.00002E+13,30.61400214,-96.48706222
MYDB60,3.00002E+13,30.33940889,-96.90432014
EYDB61,3.00002E+13,30.40656156,-96.81773467
YCSO62,3.00002E+13,30.32175327,-96.50731384
DCLY63,3.00002E+13,30.41972968,-96.54013754
3954,3.00002E+13,30.62486071,-97.00045513
3953,3.00002E+13,30.55406592,-97.05390827
3957,3.00002E+13,30.5209499,-97.05821312
3958,3.00002E+13,30.44503287,-97.12828103
3951,3.00002E+13,30.57423842,-97.06912205
100462,3.00002E+13,30.85682954,-96.60279289
9541,3.00007E+13,31.46725666,-96.97723292
28813,3.00002E+13,31.11153339,-96.65469188
28818,3.00002E+13,31.10408277,-96.64533818
28811,3.00002E+13,31.07012053,-96.64623594
28815,3.00002E+13,31.09899254,-96.63770592
25851,3.00002E+13,30.58274904,-96.35401758
12671,3.00007E+13,31.57333336,-96.9339837
104262,3.00002E+13,30.66813019,-96.41417556
00395A,3.00002E+13,30.45511449,-97.13006717
9543,3.00007E+13,31.45914395,-96.98261948
21173,3.00002E+13,30.71123478,-96.45505182
3952,3.00002E+13,30.58837856,-97.04567813
3955,3.00002E+13,30.60221655,-96.99832503
3956,3.00002E+13,30.58468657,-97.0084385
28772,3.00002E+13,31.10117566,-96.68240067
28812,3.00002E+13,31.08461591,-96.66915795
28817,3.00002E+13,31.07872642,-96.6405254
28819,3.00002E+13,31.08461591,-96.66915795
02881A,3.00002E+13,31.08171969,-96.63681445
02881B,3.00002E+13,31.08221076,-96.6358961
28810,3.00002E+13,31.0703625,-96.64562727
28814,3.00002E+13,31.07847726,-96.64083495
38211,3.00002E+13,30.64297033,-96.41691405
101102,3.00002E+13,31.2574012,-96.93125231
109681,3.00002E+13,30.54661108,-96.37336736
110711,3.00007E+13,31.5197472,-97.06609052
1010,3.00002E+13,30.33149341,-96.15431048
P40161,3.00002E+13,30.3936682,-96.22728369
4016P1,3.00002E+13,30.3936682,-96.22728369
429601,3.00002E+13,31.12730918,-96.17380191
429602,3.00002E+13,31.12560598,-96.18589486
429603,3.00002E+13,31.12719258,-96.19605135
429631,3.00002E+13,31.12730918,-96.17380191
429632,3.00002E+13,31.12560598,-96.18589486
429633,3.00002E+13,31.12719258,-96.19605135
505331,3.00002E+13,30.58411428,-96.09333077
505332,3.00002E+13,30.57216717,-96.08156487
505333,3.00002E+13,30.57455464,-96.08385806
505334,3.00002E+13,30.58028029,-96.07734741
505335,3.00002E+13,30.58348195,-96.08947043
505336,3.00002E+13,30.58930115,-96.07757427
508131,3.00002E+13,30.54979968,-96.21185938
508132,3.00002E+13,30.54750864,-96.22151139
508133,3.00002E+13,30.54290084,-96.23125425
513201,3.00002E+13,30.53078363,-96.11821338
513231,3.00002E+13,30.54311628,-96.12577941
513232,3.00002E+13,30.53047441,-96.13593962
513233,3.00002E+13,30.57573801,-96.14866679
5160P1,3.00002E+13,31.2058959,-96.31774956
516032,3.00002E+13,31.21568344,-96.33602378
P53191,3.00002E+13,31.38414563,-96.2752548
P53192,3.00002E+13,31.40571024,-96.23732375
531903,3.00002E+13,31.37003645,-96.28605552
531904,3.00002E+13,31.40288501,-96.22869395
531905,3.00002E+13,31.42212154,-96.22611793
531906,3.00002E+13,31.35608017,-96.29323107
531907,3.00002E+13,31.40314705,-96.23772739
531908,3.00002E+13,31.33907521,-96.26587836
5319P1,3.00002E+13,31.41606229,-96.23312185
5319P2,3.00002E+13,31.40487329,-96.24399042
531933,3.00002E+13,31.38414563,-96.2752548
531934,3.00002E+13,31.40571024,-96.23732375
531935,3.00002E+13,31.38478087,-96.27944907
531936,3.00002E+13,31.38113008,-96.28682628
531937,3.00002E+13,31.37003645,-96.28605552
531938,3.00002E+13,31.40288501,-96.22869395
531939,3.00002E+13,31.42212154,-96.22611793
531930,3.00002E+13,31.41827272,-96.22657317
5319PA,3.00002E+13,31.35608017,-96.29323107
5319PB,3.00002E+13,31.35183656,-96.28887764
53193C,3.00002E+13,31.40314705,-96.23772739
53193D,3.00002E+13,31.39336747,-96.26464355
53193E,3.00002E+13,31.33907521,-96.26587836
P53291,3.00002E+13,30.59428268,-96.23580337
532902,3.00002E+13,30.57223038,-96.23906288
532903,3.00002E+13,30.58907193,-96.22494971
532931,3.00002E+13,30.57248791,-96.23905275
532951,3.00002E+13,30.59573004,-96.23245837
532952,3.00002E+13,30.57248791,-96.23905275
534531,3.00002E+13,30.59098004,-96.2816673
534532,3.00002E+13,30.58892266,-96.28174736
P53541,3.00002E+13,30.54899221,-96.09864968
535402,3.00002E+13,30.5594632,-96.07879881
535431,3.00002E+13,30.54899221,-96.09864968
535432,3.00002E+13,30.5594632,-96.07879881
535731,3.00002E+13,30.61821504,-96.30632066
538531,3.00002E+13,30.54403939,-96.24375728
542201,3.00002E+13,30.64966095,-96.37039041
542251,3.00002E+13,30.64914266,-96.37062452
545801,3.00002E+13,30.58993018,-96.05602645
545831,3.00002E+13,30.58993018,-96.05602645
547301,3.00002E+13,30.6253346,-96.02645458
547331,3.00002E+13,30.6253346,-96.02645458
556601,3.00002E+13,30.42132219,-96.08415921
557011,3.00002E+13,30.52580009,-96.14948342
557021,3.00002E+13,30.50905064,-96.14060024
530931,3.00002E+13,30.63979819,-96.35903616
516501,3.00002E+13,31.32483124,-96.31704479
516531,3.00002E+13,31.32483124,-96.31704479
528731,3.00002E+13,31.64351438,-96.5787399
528613,3.00002E+13,30.37037202,-96.1452943
528623,3.00002E+13,30.38394551,-96.13599355
528701,3.00002E+13,31.64351438,-96.5787399
528801,3.00002E+13,31.58835111,-96.52757736
528831,3.00002E+13,31.58835111,-96.52757736
528901,3.00002E+13,31.57399523,-96.52025184
528931,3.00002E+13,31.57399523,-96.52025184
529001,3.00002E+13,31.64878262,-96.46542181
529031,3.00002E+13,31.64878262,-96.46542181
529101,3.00002E+13,31.63565068,-96.32789806
529131,3.00002E+13,31.63565068,-96.32789806
529201,3.00002E+13,31.63128304,-96.30775732
529331,3.00002E+13,31.63128304,-96.30775732
529332,3.00002E+13,31.637736,-96.30152374
529431,3.00002E+13,31.55627282,-96.33430168
529531,3.00002E+13,31.49501227,-96.32581116
529731,3.00005E+13,29.20935053,-99.77835547
529801,3.00002E+13,31.19527457,-96.46516048
529831,3.00002E+13,31.19527457,-96.46516048
529931,3.00002E+13,31.16016184,-96.21397653
530031,3.00002E+13,31.03724468,-96.34223567
530131,3.00002E+13,31.06184628,-96.28668156
530231,3.00002E+13,31.0623796,-96.19864486
530232,3.00002E+13,31.06520702,-96.20724418
530233,3.00002E+13,31.06960557,-96.20796964
530234,3.00002E+13,31.07449271,-96.20777467
530235,3.00002E+13,31.07484107,-96.19333933
530331,3.00002E+13,31.02791321,-96.20873155
530431,3.00002E+13,30.86265624,-96.09839667
530531,3.00002E+13,30.77710413,-96.23517511
530631,3.00002E+13,30.73520237,-96.13324697
530701,3.00002E+13,30.65150675,-96.16774484
530731,3.00002E+13,30.65150675,-96.16774484
530751,3.00002E+13,30.64956575,-96.09454046
530801,3.00002E+13,30.67261271,-96.34460224
530831,3.00002E+13,30.67261271,-96.34460224
531031,3.00002E+13,30.59465747,-96.24864241
531101,3.00002E+13,30.61023076,-96.06296161
531131,3.00002E+13,30.61023076,-96.06296161
531151,3.00002E+13,30.61023076,-96.06296161
531201,3.00002E+13,30.60558744,-96.07959673
531231,3.00002E+13,30.60558744,-96.07959673
531331,3.00002E+13,30.5672389,-96.06353725
531431,3.00002E+13,30.51952446,-96.26861475
536731,3.00002E+13,31.21085768,-96.37502039
W12092,3.00002E+13,31.32534565,-96.31702481
W12101,3.00002E+13,31.65796887,-96.61962445
W12102,3.00002E+13,31.6437866,-96.57933383
W12521,3.00002E+13,31.32817457,-96.3169149
W12522,3.00002E+13,31.51125798,-96.3266897
W12531,3.00002E+13,31.48501516,-96.44779404
W12532,3.00002E+13,31.6440441,-96.5793245
CON131,3.00002E+13,31.54452157,-96.47912227
CON132,3.00002E+13,31.41518516,-96.34368256
CON133,3.00002E+13,31.34575755,-96.31954553
CON134,3.00002E+13,31.20673666,-96.31109751
CON135,3.00002E+13,31.10001433,-96.27978009
CON136,3.00002E+13,31.07704995,-96.26024982
CON137,3.00002E+13,31.04368482,-96.24624495
CON138,3.00002E+13,30.99444199,-96.23528018
CON139,3.00002E+13,30.82381457,-96.16860702
CON140,3.00002E+13,30.75022574,-96.17066508
CON141,3.00002E+13,30.68890163,-96.16953465
CON142,3.00002E+13,30.58142634,-96.1753365
CON143,3.00002E+13,30.5384948,-96.16062365
CON144,3.00002E+13,30.51487988,-96.14603982
CON145,3.00002E+13,30.50905064,-96.14060024
CON146,3.00002E+13,30.51071933,-96.14471376
CON229,3.00002E+13,31.57595875,-96.32024925
CON250,3.00002E+13,31.55593222,-96.32223637
CON230,3.00002E+13,31.36356382,-96.32096438
CON231,3.00002E+13,30.38453854,-96.14531997
CON247,3.00002E+13,30.61253327,-96.18216487
NAGR64,3.00002E+13,31.57425312,-96.52046557
BGFR65,3.00002E+13,31.50632039,-96.3250699
NAEA66,3.00002E+13,31.17486173,-96.29677525
NABR67,3.00002E+13,30.86932179,-96.19225877
26533,3.00002E+13,31.36980537,-96.28696837
26532,3.00002E+13,31.33984652,-96.26584798
13931,3.00002E+13,30.6536081,-96.37374463
102311,3.00002E+13,30.38420952,-96.10029342
24608,3.00002E+13,30.56172096,-96.08528012
24601,3.00002E+13,30.60376893,-96.07907275
100241,3.00002E+13,30.61453354,-96.27686324
21201,3.00002E+13,30.60704359,-96.05980441
19861,3.00002E+13,31.20595857,-96.49644184
24603,3.00002E+13,30.54236347,-96.10937727
24604,3.00002E+13,30.54311628,-96.12577941
24605,3.00002E+13,30.57380511,-96.15292831
24301,3.00002E+13,31.42467681,-96.24320494
24302,3.00002E+13,31.42815543,-96.23884439
24305,3.00002E+13,31.42189966,-96.24512372
24602,3.00002E+13,30.57269982,-96.08214144
26534,3.00002E+13,31.40324298,-96.24103957
26536,3.00002E+13,31.40228392,-96.24348948
26530,3.00002E+13,31.40324298,-96.24103957
26531,3.00002E+13,31.39038053,-96.28616192
02653A,3.00002E+13,31.40323429,-96.24073942
100243,3.00002E+13,30.56147449,-96.20601833
104261,3.00002E+13,30.64284782,-96.32121802
18711,3.00002E+13,28.97732129,-95.38587391
18714,3.00002E+13,28.97732129,-95.38587391
18716,3.00002E+13,28.97732129,-95.38587391
19611,3.00002E+13,28.97704216,-95.38529842
18612,3.00002E+13,28.97704216,-95.38529842
18611,3.00002E+13,28.97704216,-95.38529842
22161,3.00002E+13,28.97732129,-95.38587391
18061,3.00002E+13,28.97704216,-95.38529842
18781,3.00002E+13,28.97704216,-95.38529842
1011,3.00002E+13,28.87597697,-95.37863426
292501,3.00002E+13,29.66044522,-96.05345828
292502,3.00002E+13,29.67100501,-96.05332156
292531,3.00002E+13,29.66044522,-96.05345828
292551,3.00002E+13,29.66044522,-96.05345828
292552,3.00002E+13,29.66044522,-96.05345828
292553,3.00002E+13,29.6670072,-96.0490442
P40091,3.00002E+13,29.97839273,-96.09625457
400951,3.00002E+13,29.97944908,-96.09710247
400952,3.00002E+13,29.97324677,-96.09646341
401111,3.00002E+13,30.36870662,-96.24556355
401121,3.00002E+13,30.36754558,-96.25873091
401602,3.00002E+13,30.36964539,-96.23589399
401603,3.00002E+13,30.38277964,-96.2160803
401611,3.00002E+13,30.37841747,-96.20790134
401612,3.00002E+13,30.36431856,-96.28062546
401621,3.00002E+13,30.36894676,-96.24495833
401632,3.00002E+13,30.36964539,-96.23589399
401633,3.00002E+13,30.38277964,-96.2160803
P52901,3.00002E+13,30.31120984,-96.09670593
529002,3.00002E+13,30.31199945,-96.09727056
529003,3.00002E+13,30.26634828,-96.09525541
428001,3.00002E+13,29.83696721,-96.12185613
516604,3.00002E+13,29.68117827,-96.05734826
528512,3.00002E+13,30.36278794,-96.26338953
528521,3.00002E+13,30.3616855,-96.27864061
528611,3.00002E+13,30.39161164,-96.17516327
528612,3.00002E+13,30.36975242,-96.15038835
528621,3.00002E+13,30.3947874,-96.17802022
528622,3.00002E+13,30.37782615,-96.16199438
531631,3.00002E+13,30.17080829,-96.25122175
531632,3.00002E+13,30.17348151,-96.24576081
531633,3.00002E+13,30.17398736,-96.24544307
531634,3.00002E+13,30.17133608,-96.24286792
531635,3.00002E+13,30.16885432,-96.25486934
531831,3.00002E+13,30.14050457,-96.0152812
532301,3.00002E+13,29.3843071,-95.57168431
532701,3.00002E+13,29.30151348,-95.57753326
532901,3.00002E+13,29.07449981,-95.57286144
533001,3.00002E+13,29.06594391,-95.56412726
533201,3.00002E+13,28.91523304,-95.38734871
536501,3.00002E+13,29.15238361,-95.58845383
536531,3.00002E+13,29.15644454,-95.60888822
549201,3.00002E+13,29.22067487,-95.62917821
549231,3.00002E+13,29.22067487,-95.62917821
516602,3.00002E+13,29.50404599,-95.55378386
516601,3.00002E+13,29.45590338,-95.53324567
516603,3.00002E+13,29.5813353,-95.78009871
P41051,3.00002E+13,29.18217471,-95.60006356
423201,3.00002E+13,29.6578899,-95.988136
423202,3.00002E+13,29.6578899,-95.988136
423203,3.00002E+13,29.6578899,-95.988136
423204,3.00002E+13,29.6578899,-95.988136
423231,3.00002E+13,29.6578899,-95.988136
519901,3.00002E+13,29.53749702,-95.5522448
519951,3.00002E+13,29.52204809,-95.56744327
516802,3.00002E+13,29.64460163,-95.90254947
531902,3.00002E+13,29.90313118,-95.9951313
531901,3.00002E+13,29.89411665,-95.99520921
531951,3.00002E+13,29.90313118,-95.9951313
531931,3.00002E+13,29.90313118,-95.9951313
531932,3.00002E+13,29.89411665,-95.99520921
517351,3.00002E+13,29.55026354,-95.70633689
517301,3.00002E+13,29.55593418,-95.70638099
511051,3.00002E+13,29.56538038,-95.66573195
511002,3.00002E+13,29.55447656,-95.67095343
511032,3.00002E+13,29.55447656,-95.67095343
511001,3.00002E+13,29.55485411,-95.67448578
511031,3.00002E+13,29.55485411,-95.67448578
511501,3.00002E+13,29.44549658,-95.61927725
511551,3.00002E+13,29.40414184,-95.54921908
532601,3.00002E+13,29.39021563,-95.61570501
532633,3.00002E+13,29.37404634,-95.61852493
532631,3.00002E+13,29.37698389,-95.59829454
532632,3.00002E+13,29.37735552,-95.59414495
532001,3.00002E+13,29.5813353,-95.78009871
532051,3.00002E+13,29.51095297,-95.75597337
556721,3.00002E+13,29.58686498,-95.72186943
556711,3.00002E+13,29.57457069,-95.70880645
556751,3.00002E+13,29.57483625,-95.70801893
532201,3.00002E+13,29.45590338,-95.53324567
516701,3.00002E+13,29.50404599,-95.55378386
516702,3.00002E+13,29.64460163,-95.90254947
532802,3.00002E+13,29.0521263,-95.5524001
532854,3.00002E+13,29.06684089,-95.5164115
532804,3.00002E+13,29.04261098,-95.47310211
532831,3.00002E+13,29.04261098,-95.47310211
532801,3.00002E+13,29.24350599,-95.56249064
532851,3.00002E+13,29.06850015,-95.49779374
532852,3.00002E+13,29.06850015,-95.49779374
536601,3.00002E+13,29.24350599,-95.56249064
536602,3.00002E+13,29.0521263,-95.5524001
536604,3.00002E+13,29.04261098,-95.47310211
560651,3.00002E+13,29.5217746,-95.80250657
560601,3.00002E+13,29.52337711,-95.8042116
560602,3.00002E+13,29.52433279,-95.8081137
555211,3.00002E+13,29.50505536,-95.56053665
555221,3.00002E+13,29.5096149,-95.57303966
555201,3.00002E+13,29.51575635,-95.59404606
555251,3.00002E+13,29.51066476,-95.57358353
516801,3.00002E+13,29.50404599,-95.55378386
536654,3.00002E+13,29.06684089,-95.5164115
536651,3.00002E+13,29.06850015,-95.49779374
536652,3.00002E+13,29.06850015,-95.49779374
536631,3.00002E+13,29.04261098,-95.47310211
532531,3.00002E+13,29.48844931,-95.62425489
532505,3.00002E+13,29.48844931,-95.62425489
532504,3.00002E+13,29.48844931,-95.62425489
532503,3.00002E+13,29.48844931,-95.62425489
532502,3.00002E+13,29.48844931,-95.62425489
532501,3.00002E+13,29.48844931,-95.62425489
532431,3.00002E+13,29.4074665,-95.66778511
517101,3.00002E+13,29.64460163,-95.90254947
517102,3.00002E+13,29.50404599,-95.55378386
531531,3.00002E+13,30.35756283,-95.95495962
561631,3.00002E+13,30.23986413,-95.97183808
531731,3.00002E+13,30.16327922,-96.02723377
W12011,3.00002E+13,28.87831502,-95.37911139
W12012,3.00002E+13,29.05569932,-95.55871101
W12021,3.00002E+13,30.33048223,-96.15494795
W12091,3.00002E+13,30.33099675,-96.1549273
W12421,3.00002E+13,30.33100564,-96.15522409
W12451,3.00002E+13,29.64485868,-95.90253856
W12452,3.00002E+13,29.5076485,-95.55361816
CON147,3.00002E+13,30.33073977,-96.15493762
CON148,3.00002E+13,30.31067723,-96.09613216
CON149,3.00002E+13,30.13617339,-96.19241839
CON150,3.00002E+13,29.998289,-96.08980112
CON151,3.00002E+13,29.83980701,-96.12203873
CON153,3.00002E+13,29.63372865,-95.99002894
CON154,3.00002E+13,29.54999212,-95.63773451
CON155,3.00002E+13,29.5032743,-95.55381935
CON157,3.00002E+13,29.36801205,-95.57744856
CON158,3.00002E+13,29.14102875,-95.61045978
CON232,3.00002E+13,30.37865687,-96.20729599
CON233,3.00002E+13,29.66562909,-96.04614052
CON234,3.00002E+13,29.6482518,-95.90387502
CON235,3.00002E+13,29.57505548,-95.70789775
CON236,3.00002E+13,29.48286814,-95.81838123
CON237,3.00002E+13,29.50409758,-95.55525995
CON238,3.00002E+13,29.03041372,-95.47808295
CON240,3.00002E+13,29.45590338,-95.53324567
BRHE68,3.00002E+13,30.12899153,-96.18711208
MCBL69,3.00002E+13,29.88094957,-96.20524317
BRRI70,3.00002E+13,29.58238025,-95.75727254
BGNE71,3.00002E+13,29.47623075,-95.81246334
BRRO72,3.00002E+13,29.34936931,-95.58243149
BRGM73,3.00002E+13,28.87831502,-95.37911139
103881,3.00002E+13,30.17187757,-96.37795876
136281,3.00002E+13,29.57851666,-95.69591029
10382,3.00002E+13,29.46998933,-95.63454669
10381,3.00002E+13,29.48843918,-95.62396074
10384,3.00002E+13,29.49742185,-95.63035267
133551,3.00002E+13,29.54682358,-95.68844896
103121,3.00002E+13,29.13309059,-95.61936848
106072,3.00002E+13,29.52395018,-95.80596006
108821,3.00002E+13,28.94514634,-95.38034544
26241,3.00002E+13,29.71929806,-96.01550276
26651,3.00002E+13,29.74084205,-96.03713063
100471,3.00002E+13,29.02152468,-95.46025856
113171,3.00002E+13,29.59302752,-95.63016909
102761,3.00002E+13,29.74855384,-96.14585856
128331,3.00002E+13,29.55686518,-95.59039606
116551,3.00002E+13,29.6160306,-95.74632482
106073,3.00002E+13,29.5683807,-95.80137003
102581,3.00002E+13,29.58501261,-95.7589327
24431,3.00002E+13,29.59830904,-95.86545812
138731,3.00002E+13,29.54697635,-95.57280709
41,3.00002E+13,29.38183637,-95.69895004
42,3.00002E+13,29.38269415,-95.69723601
43,3.00002E+13,29.3826542,-95.69605681
71,3.00002E+13,28.97733197,-95.38616649
73,3.00002E+13,28.98122461,-95.39392101
74,3.00002E+13,28.98023774,-95.39514398
112751,3.00002E+13,30.09971339,-95.99585724
103851,3.00002E+13,29.94232631,-96.26873425
102582,3.00002E+13,29.56809941,-95.75405522
141001,3.00002E+13,29.53612756,-95.54994201
141401,3.00002E+13,29.54763177,-95.71236875
128332,3.00002E+13,29.60414935,-95.65393113
72,3.00002E+13,28.98097762,-95.39422709
18522,3.00002E+13,28.94054505,-95.38144545
579101,3.00002E+13,30.2341256,-96.91262595
579131,3.00002E+13,30.23944967,-96.91339855
579132,3.00002E+13,30.24458434,-96.90670441
566731,3.00002E+13,30.5627866,-97.67691023
566732,3.00002E+13,30.56459873,-97.68065205
566734,3.00002E+13,30.57290424,-97.65197714
299602,3.00002E+13,30.99776013,-97.93555744
299131,3.00002E+13,30.95636628,-97.95448283
576701,3.00007E+13,32.620876,-97.93920457
575203,3.00002E+13,30.44499125,-96.34426705
575201,3.00002E+13,30.46498441,-96.33385581
575202,3.00002E+13,30.45048303,-96.346809
574402,3.00007E+13,32.23801452,-97.74808535
574431,3.00007E+13,32.2574357,-97.76753651
574401,3.00007E+13,32.25747044,-97.76754589
574432,3.00007E+13,32.23801006,-97.74810724
569101,3.00002E+13,30.6809426,-96.49996681
569001,3.00002E+13,30.6301514,-96.56421103
566501,3.00002E+13,29.88147729,-96.09590805
566502,3.00002E+13,29.88923524,-96.10917819
431831,3.00007E+13,31.89305887,-97.63921489
574132,3.00002E+13,30.56087246,-96.11937065
573831,3.00002E+13,30.55517083,-96.12310591
580201,3.00007E+13,32.73146129,-99.30257542
532202,3.00002E+13,30.00458455,-96.08353784
577001,3.00002E+13,31.14242045,-96.59927971
401505,3.00002E+13,30.85376373,-97.22096478
A5759,3.00007E+13,32.80045235,-98.03044767
556741,3.00002E+13,29.55548122,-95.67223487
556722,3.00002E+13,29.56378462,-95.65686225
556712,3.00002E+13,29.54872352,-95.63450066
292503,3.00002E+13,29.65023669,-96.02623506
292504,3.00002E+13,29.67023606,-96.05323586
572941,3.00002E+13,31.38062301,-97.61078836
572901,3.00002E+13,31.35075328,-97.59915162
572962,3.00002E+13,31.38062301,-97.61078836
406202,3.00007E+13,32.53647135,-97.83999231
406203,3.00007E+13,32.52980894,-97.82990591
411402,3.00007E+13,32.53647135,-97.83999231
411403,3.00007E+13,32.52980894,-97.82990591
405202,3.00007E+13,32.59840579,-97.82753842
2925C,3.00002E+13,29.67023606,-96.05323586
400751,3.00002E+13,30.52619941,-97.6182833
417933,3.00007E+13,33.07910641,-99.54336281
417906,3.00007E+13,33.07910641,-99.54336281
416902,3.00005E+13,29.74618782,-99.9328424
377521,3.00002E+13,30.86418989,-96.80025651
377511,3.00002E+13,30.85519013,-96.80425663
569201,3.0001E+13,33.0115907,-100.1795278
569202,3.0001E+13,33.01215132,-100.1789703
569203,3.0001E+13,33.01263201,-100.1784745
569204,3.0001E+13,33.01303278,-100.1780404
516001,3.00002E+13,31.2058959,-96.31774957
227602,3.00007E+13,32.06242085,-97.85636261
227603,3.00007E+13,32.07553552,-97.85270162
227604,3.00007E+13,32.06529699,-97.83060388
227611,3.00007E+13,32.0701708,-97.83726912
227612,3.00007E+13,32.06530999,-97.83058288
227621,3.00007E+13,32.06284884,-97.8557366
227622,3.00007E+13,32.07534654,-97.85059856
227632,3.00007E+13,32.06242085,-97.85636261
227633,3.00007E+13,32.07553552,-97.85270162
227634,3.00007E+13,32.06529699,-97.83054988
227605,3.00007E+13,32.10162685,-97.84719169
227606,3.00007E+13,32.09737995,-97.8489137
227607,3.00007E+13,32.09469309,-97.84065743
227608,3.00007E+13,32.08591436,-97.83780727
227609,3.00007E+13,32.07497885,-97.8149645
22760A,3.00007E+13,32.07302906,-97.79765897
22760B,3.00007E+13,32.06531699,-97.83053388
227613,3.00007E+13,32.06823007,-97.81168234
227614,3.00007E+13,32.07136895,-97.8160335
227615,3.00007E+13,32.05868941,-97.802959
227616,3.00007E+13,32.04090102,-97.78965845
227623,3.00007E+13,32.09703196,-97.84874169
227624,3.00007E+13,32.07494485,-97.81587953
227625,3.00007E+13,32.07242807,-97.79784097
227626,3.00007E+13,32.065247,-97.83002286
227635,3.00007E+13,32.10162685,-97.84719169
227636,3.00007E+13,32.09737995,-97.8489137
227637,3.00007E+13,32.09469309,-97.84065743
227638,3.00007E+13,32.08591436,-97.83780727
227639,3.00007E+13,32.07497885,-97.8149645
22763A,3.00007E+13,32.07302906,-97.79765897
22763B,3.00007E+13,32.06531699,-97.83053388
2925D,3.00002E+13,29.67023606,-96.05323586
585831,3.00002E+13,30.60502678,-96.08318286
585832,3.00002E+13,30.56126273,-96.09414318
585834,3.00002E+13,30.5581633,-96.07582366
585835,3.00002E+13,30.58089764,-96.10268679
585836,3.00002E+13,30.59109683,-96.08447514
585837,3.00002E+13,30.54716338,-96.09157198
585839,3.00002E+13,30.54698647,-96.14427618
585830,3.00002E+13,30.57289021,-96.14248095
58583A,3.00002E+13,30.57352553,-96.12611875
4106C,3.00007E+13,32.23160621,-97.39620264
584001,3.00002E+13,31.41084417,-97.01752138
104263,3.00002E+13,30.6207094,-96.38842964
231131,3.00007E+13,31.65570485,-97.63773809
580332,3.00002E+13,30.58345295,-97.01021326
580331,3.00002E+13,30.56522136,-97.02982577
581601,3.00002E+13,30.48709935,-97.09947907
591201,3.00002E+13,28.94451719,-95.3805097
593103,3.00002E+13,31.31057347,-96.43767796
593105,3.00002E+13,31.26159428,-96.46718917
593101,3.00002E+13,31.30749775,-96.47030382
593102,3.00002E+13,31.3070487,-96.44997853
593104,3.00002E+13,31.26463668,-96.45989233
D34583,3.00007E+13,33.1251071,-98.61008839
419105,3.00007E+13,32.93100194,-98.91533055
365303,3.00002E+13,31.85436544,-98.31567465
565836,3.00002E+13,30.3354314,-96.74690427
565833,3.00002E+13,30.27701236,-96.70826976
565801,3.00002E+13,30.31990112,-96.70131877
565837,3.00002E+13,30.30044164,-96.68965369
578831,3.00002E+13,30.510147,-96.250262
2925A,3.00002E+13,29.67023606,-96.05323586
565834,3.00002E+13,30.31890979,-96.76893525
120231,3.00002E+13,30.62130771,-95.9985999
410602,3.00007E+13,32.23116418,-97.39713004
